protocol_id,training_source,held_out_source,image_id,absolute_path,class_label,is_shared_class,evaluation_eligibility,exclusion_reason
TURM_CROSS_B_TO_A,Turmeric Plant Disease Dataset Advancing AI (Original),Image Dataset for Turmeric Plant Leaf Disease Detection,TURM_03718,DATASET/Image Dataset for Turmeric Plant Leaf Disease Detection.zip#Image Dataset for Turmeric Plant Leaf Disease Detection/Original DataSet/Blotch/blotch_(10).jpg,Leaf Blotch,True,EVALUATE_SHARED,
TURM_CROSS_B_TO_A,Turmeric Plant Disease Dataset Advancing AI (Original),Image Dataset for Turmeric Plant Leaf Disease Detection,TURM_03719,DATASET/Image Dataset for Turmeric Plant Leaf Disease Detection.zip#Image Dataset for Turmeric Plant Leaf Disease Detection/Original DataSet/Blotch/blotch_(100).jpg,Leaf Blotch,True,EVALUATE_SHARED,
TURM_CROSS_B_TO_A,Turmeric Plant Disease Dataset Advancing AI (Original),Image Dataset for Turmeric Plant Leaf Disease Detection,TURM_03720,DATASET/Image Dataset for Turmeric Plant Leaf Disease Detection.zip#Image Dataset for Turmeric Plant Leaf Disease Detection/Original DataSet/Blotch/blotch_(1).jpg,Leaf Blotch,True,EVALUATE_SHARED,
TURM_CROSS_B_TO_A,Turmeric Plant Disease Dataset Advancing AI (Original),Image Dataset for Turmeric Plant Leaf Disease Detection,TURM_03721,DATASET/Image Dataset for Turmeric Plant Leaf Disease Detection.zip#Image Dataset for Turmeric Plant Leaf Disease Detection/Original DataSet/Blotch/blotch_(101).jpg,Leaf Blotch,True,EVALUATE_SHARED,
TURM_CROSS_B_TO_A,Turmeric Plant Disease Dataset Advancing AI (Original),Image Dataset for Turmeric Plant Leaf Disease Detection,TURM_03722,DATASET/Image Dataset for Turmeric Plant Leaf Disease Detection.zip#Image Dataset for Turmeric Plant Leaf Disease Detection/Original DataSet/Blotch/blotch_(102).jpg,Leaf Blotch,True,EVALUATE_SHARED,
TURM_CROSS_B_TO_A,Turmeric Plant Disease Dataset Advancing AI (Original),Image Dataset for Turmeric Plant Leaf Disease Detection,TURM_03723,DATASET/Image Dataset for Turmeric Plant Leaf Disease Detection.zip#Image Dataset for Turmeric Plant Leaf Disease Detection/Original DataSet/Blotch/blotch_(103).jpg,Leaf Blotch,True,EVALUATE_SHARED,
TURM_CROSS_B_TO_A,Turmeric Plant Disease Dataset Advancing AI (Original),Image Dataset for Turmeric Plant Leaf Disease Detection,TURM_03724,DATASET/Image Dataset for Turmeric Plant Leaf Disease Detection.zip#Image Dataset for Turmeric Plant Leaf Disease Detection/Original DataSet/Blotch/blotch_(104).jpg,Leaf Blotch,True,EVALUATE_SHARED,
TURM_CROSS_B_TO_A,Turmeric Plant Disease Dataset Advancing AI (Original),Image Dataset for Turmeric Plant Leaf Disease Detection,TURM_03725,DATASET/Image Dataset for Turmeric Plant Leaf Disease Detection.zip#Image Dataset for Turmeric Plant Leaf Disease Detection/Original DataSet/Blotch/blotch_(105).jpg,Leaf Blotch,True,EVALUATE_SHARED,
TURM_CROSS_B_TO_A,Turmeric Plant Disease Dataset Advancing AI (Original),Image Dataset for Turmeric Plant Leaf Disease Detection,TURM_03726,DATASET/Image Dataset for Turmeric Plant Leaf Disease Detection.zip#Image Dataset for Turmeric Plant Leaf Disease Detection/Original DataSet/Blotch/blotch_(106).jpg,Leaf Blotch,True,EVALUATE_SHARED,
TURM_CROSS_B_TO_A,Turmeric Plant Disease Dataset Advancing AI (Original),Image Dataset for Turmeric Plant Leaf Disease Detection,TURM_03727,DATASET/Image Dataset for Turmeric Plant Leaf Disease Detection.zip#Image Dataset for Turmeric Plant Leaf Disease Detection/Original DataSet/Blotch/blotch_(107).jpg,Leaf Blotch,True,EVALUATE_SHARED,
TURM_CROSS_B_TO_A,Turmeric Plant Disease Dataset Advancing AI (Original),Image Dataset for Turmeric Plant Leaf Disease Detection,TURM_03728,DATASET/Image Dataset for Turmeric Plant Leaf Disease Detection.zip#Image Dataset for Turmeric Plant Leaf Disease Detection/Original DataSet/Blotch/blotch_(109).jpg,Leaf Blotch,True,EVALUATE_SHARED,
TURM_CROSS_B_TO_A,Turmeric Plant Disease Dataset Advancing AI (Original),Image Dataset for Turmeric Plant Leaf Disease Detection,TURM_03729,DATASET/Image Dataset for Turmeric Plant Leaf Disease Detection.zip#Image Dataset for Turmeric Plant Leaf Disease Detection/Original DataSet/Blotch/blotch_(108).jpg,Leaf Blotch,True,EVALUATE_SHARED,
TURM_CROSS_B_TO_A,Turmeric Plant Disease Dataset Advancing AI (Original),Image Dataset for Turmeric Plant Leaf Disease Detection,TURM_03730,DATASET/Image Dataset for Turmeric Plant Leaf Disease Detection.zip#Image Dataset for Turmeric Plant Leaf Disease Detection/Original DataSet/Blotch/blotch_(11).jpg,Leaf Blotch,True,EVALUATE_SHARED,
TURM_CROSS_B_TO_A,Turmeric Plant Disease Dataset Advancing AI (Original),Image Dataset for Turmeric Plant Leaf Disease Detection,TURM_03731,DATASET/Image Dataset for Turmeric Plant Leaf Disease Detection.zip#Image Dataset for Turmeric Plant Leaf Disease Detection/Original DataSet/Blotch/blotch_(110).jpg,Leaf Blotch,True,EVALUATE_SHARED,
TURM_CROSS_B_TO_A,Turmeric Plant Disease Dataset Advancing AI (Original),Image Dataset for Turmeric Plant Leaf Disease Detection,TURM_03732,DATASET/Image Dataset for Turmeric Plant Leaf Disease Detection.zip#Image Dataset for Turmeric Plant Leaf Disease Detection/Original DataSet/Blotch/blotch_(111).jpg,Leaf Blotch,True,EVALUATE_SHARED,
TURM_CROSS_B_TO_A,Turmeric Plant Disease Dataset Advancing AI (Original),Image Dataset for Turmeric Plant Leaf Disease Detection,TURM_03733,DATASET/Image Dataset for Turmeric Plant Leaf Disease Detection.zip#Image Dataset for Turmeric Plant Leaf Disease Detection/Original DataSet/Blotch/blotch_(112).jpg,Leaf Blotch,True,EVALUATE_SHARED,
TURM_CROSS_B_TO_A,Turmeric Plant Disease Dataset Advancing AI (Original),Image Dataset for Turmeric Plant Leaf Disease Detection,TURM_03734,DATASET/Image Dataset for Turmeric Plant Leaf Disease Detection.zip#Image Dataset for Turmeric Plant Leaf Disease Detection/Original DataSet/Blotch/blotch_(113).jpg,Leaf Blotch,True,EVALUATE_SHARED,
TURM_CROSS_B_TO_A,Turmeric Plant Disease Dataset Advancing AI (Original),Image Dataset for Turmeric Plant Leaf Disease Detection,TURM_03735,DATASET/Image Dataset for Turmeric Plant Leaf Disease Detection.zip#Image Dataset for Turmeric Plant Leaf Disease Detection/Original DataSet/Blotch/blotch_(114).jpg,Leaf Blotch,True,EVALUATE_SHARED,
TURM_CROSS_B_TO_A,Turmeric Plant Disease Dataset Advancing AI (Original),Image Dataset for Turmeric Plant Leaf Disease Detection,TURM_03736,DATASET/Image Dataset for Turmeric Plant Leaf Disease Detection.zip#Image Dataset for Turmeric Plant Leaf Disease Detection/Original DataSet/Blotch/blotch_(115).jpg,Leaf Blotch,True,EVALUATE_SHARED,
TURM_CROSS_B_TO_A,Turmeric Plant Disease Dataset Advancing AI (Original),Image Dataset for Turmeric Plant Leaf Disease Detection,TURM_03737,DATASET/Image Dataset for Turmeric Plant Leaf Disease Detection.zip#Image Dataset for Turmeric Plant Leaf Disease Detection/Original DataSet/Blotch/blotch_(116).jpg,Leaf Blotch,True,EVALUATE_SHARED,
TURM_CROSS_B_TO_A,Turmeric Plant Disease Dataset Advancing AI (Original),Image Dataset for Turmeric Plant Leaf Disease Detection,TURM_03738,DATASET/Image Dataset for Turmeric Plant Leaf Disease Detection.zip#Image Dataset for Turmeric Plant Leaf Disease Detection/Original DataSet/Blotch/blotch_(117).jpg,Leaf Blotch,True,EVALUATE_SHARED,
TURM_CROSS_B_TO_A,Turmeric Plant Disease Dataset Advancing AI (Original),Image Dataset for Turmeric Plant Leaf Disease Detection,TURM_03739,DATASET/Image Dataset for Turmeric Plant Leaf Disease Detection.zip#Image Dataset for Turmeric Plant Leaf Disease Detection/Original DataSet/Blotch/blotch_(119).jpg,Leaf Blotch,True,EVALUATE_SHARED,
TURM_CROSS_B_TO_A,Turmeric Plant Disease Dataset Advancing AI (Original),Image Dataset for Turmeric Plant Leaf Disease Detection,TURM_03740,DATASET/Image Dataset for Turmeric Plant Leaf Disease Detection.zip#Image Dataset for Turmeric Plant Leaf Disease Detection/Original DataSet/Blotch/blotch_(118).jpg,Leaf Blotch,True,EVALUATE_SHARED,
TURM_CROSS_B_TO_A,Turmeric Plant Disease Dataset Advancing AI (Original),Image Dataset for Turmeric Plant Leaf Disease Detection,TURM_03741,DATASET/Image Dataset for Turmeric Plant Leaf Disease Detection.zip#Image Dataset for Turmeric Plant Leaf Disease Detection/Original DataSet/Blotch/blotch_(12).jpg,Leaf Blotch,True,EVALUATE_SHARED,
TURM_CROSS_B_TO_A,Turmeric Plant Disease Dataset Advancing AI (Original),Image Dataset for Turmeric Plant Leaf Disease Detection,TURM_03742,DATASET/Image Dataset for Turmeric Plant Leaf Disease Detection.zip#Image Dataset for Turmeric Plant Leaf Disease Detection/Original DataSet/Blotch/blotch_(120).jpg,Leaf Blotch,True,EVALUATE_SHARED,
TURM_CROSS_B_TO_A,Turmeric Plant Disease Dataset Advancing AI (Original),Image Dataset for Turmeric Plant Leaf Disease Detection,TURM_03743,DATASET/Image Dataset for Turmeric Plant Leaf Disease Detection.zip#Image Dataset for Turmeric Plant Leaf Disease Detection/Original DataSet/Blotch/blotch_(121).jpg,Leaf Blotch,True,EVALUATE_SHARED,
TURM_CROSS_B_TO_A,Turmeric Plant Disease Dataset Advancing AI (Original),Image Dataset for Turmeric Plant Leaf Disease Detection,TURM_03744,DATASET/Image Dataset for Turmeric Plant Leaf Disease Detection.zip#Image Dataset for Turmeric Plant Leaf Disease Detection/Original DataSet/Blotch/blotch_(122).jpg,Leaf Blotch,True,EVALUATE_SHARED,
TURM_CROSS_B_TO_A,Turmeric Plant Disease Dataset Advancing AI (Original),Image Dataset for Turmeric Plant Leaf Disease Detection,TURM_03745,DATASET/Image Dataset for Turmeric Plant Leaf Disease Detection.zip#Image Dataset for Turmeric Plant Leaf Disease Detection/Original DataSet/Blotch/blotch_(123).jpg,Leaf Blotch,True,EVALUATE_SHARED,
TURM_CROSS_B_TO_A,Turmeric Plant Disease Dataset Advancing AI (Original),Image Dataset for Turmeric Plant Leaf Disease Detection,TURM_03746,DATASET/Image Dataset for Turmeric Plant Leaf Disease Detection.zip#Image Dataset for Turmeric Plant Leaf Disease Detection/Original DataSet/Blotch/blotch_(124).jpg,Leaf Blotch,True,EVALUATE_SHARED,
TURM_CROSS_B_TO_A,Turmeric Plant Disease Dataset Advancing AI (Original),Image Dataset for Turmeric Plant Leaf Disease Detection,TURM_03747,DATASET/Image Dataset for Turmeric Plant Leaf Disease Detection.zip#Image Dataset for Turmeric Plant Leaf Disease Detection/Original DataSet/Blotch/blotch_(125).jpg,Leaf Blotch,True,EVALUATE_SHARED,
TURM_CROSS_B_TO_A,Turmeric Plant Disease Dataset Advancing AI (Original),Image Dataset for Turmeric Plant Leaf Disease Detection,TURM_03748,DATASET/Image Dataset for Turmeric Plant Leaf Disease Detection.zip#Image Dataset for Turmeric Plant Leaf Disease Detection/Original DataSet/Blotch/blotch_(126).jpg,Leaf Blotch,True,EVALUATE_SHARED,
TURM_CROSS_B_TO_A,Turmeric Plant Disease Dataset Advancing AI (Original),Image Dataset for Turmeric Plant Leaf Disease Detection,TURM_03749,DATASET/Image Dataset for Turmeric Plant Leaf Disease Detection.zip#Image Dataset for Turmeric Plant Leaf Disease Detection/Original DataSet/Blotch/blotch_(127).jpg,Leaf Blotch,True,EVALUATE_SHARED,
TURM_CROSS_B_TO_A,Turmeric Plant Disease Dataset Advancing AI (Original),Image Dataset for Turmeric Plant Leaf Disease Detection,TURM_03750,DATASET/Image Dataset for Turmeric Plant Leaf Disease Detection.zip#Image Dataset for Turmeric Plant Leaf Disease Detection/Original DataSet/Blotch/blotch_(129).jpg,Leaf Blotch,True,EVALUATE_SHARED,
TURM_CROSS_B_TO_A,Turmeric Plant Disease Dataset Advancing AI (Original),Image Dataset for Turmeric Plant Leaf Disease Detection,TURM_03751,DATASET/Image Dataset for Turmeric Plant Leaf Disease Detection.zip#Image Dataset for Turmeric Plant Leaf Disease Detection/Original DataSet/Blotch/blotch_(128).jpg,Leaf Blotch,True,EVALUATE_SHARED,
TURM_CROSS_B_TO_A,Turmeric Plant Disease Dataset Advancing AI (Original),Image Dataset for Turmeric Plant Leaf Disease Detection,TURM_03752,DATASET/Image Dataset for Turmeric Plant Leaf Disease Detection.zip#Image Dataset for Turmeric Plant Leaf Disease Detection/Original DataSet/Blotch/blotch_(13).jpg,Leaf Blotch,True,EVALUATE_SHARED,
TURM_CROSS_B_TO_A,Turmeric Plant Disease Dataset Advancing AI (Original),Image Dataset for Turmeric Plant Leaf Disease Detection,TURM_03753,DATASET/Image Dataset for Turmeric Plant Leaf Disease Detection.zip#Image Dataset for Turmeric Plant Leaf Disease Detection/Original DataSet/Blotch/blotch_(130).jpg,Leaf Blotch,True,EVALUATE_SHARED,
TURM_CROSS_B_TO_A,Turmeric Plant Disease Dataset Advancing AI (Original),Image Dataset for Turmeric Plant Leaf Disease Detection,TURM_03754,DATASET/Image Dataset for Turmeric Plant Leaf Disease Detection.zip#Image Dataset for Turmeric Plant Leaf Disease Detection/Original DataSet/Blotch/blotch_(131).jpg,Leaf Blotch,True,EVALUATE_SHARED,
TURM_CROSS_B_TO_A,Turmeric Plant Disease Dataset Advancing AI (Original),Image Dataset for Turmeric Plant Leaf Disease Detection,TURM_03755,DATASET/Image Dataset for Turmeric Plant Leaf Disease Detection.zip#Image Dataset for Turmeric Plant Leaf Disease Detection/Original DataSet/Blotch/blotch_(133).jpg,Leaf Blotch,True,EVALUATE_SHARED,
TURM_CROSS_B_TO_A,Turmeric Plant Disease Dataset Advancing AI (Original),Image Dataset for Turmeric Plant Leaf Disease Detection,TURM_03756,DATASET/Image Dataset for Turmeric Plant Leaf Disease Detection.zip#Image Dataset for Turmeric Plant Leaf Disease Detection/Original DataSet/Blotch/blotch_(132).jpg,Leaf Blotch,True,EVALUATE_SHARED,
TURM_CROSS_B_TO_A,Turmeric Plant Disease Dataset Advancing AI (Original),Image Dataset for Turmeric Plant Leaf Disease Detection,TURM_03757,DATASET/Image Dataset for Turmeric Plant Leaf Disease Detection.zip#Image Dataset for Turmeric Plant Leaf Disease Detection/Original DataSet/Blotch/blotch_(134).jpg,Leaf Blotch,True,EVALUATE_SHARED,
TURM_CROSS_B_TO_A,Turmeric Plant Disease Dataset Advancing AI (Original),Image Dataset for Turmeric Plant Leaf Disease Detection,TURM_03758,DATASET/Image Dataset for Turmeric Plant Leaf Disease Detection.zip#Image Dataset for Turmeric Plant Leaf Disease Detection/Original DataSet/Blotch/blotch_(135).jpg,Leaf Blotch,True,EVALUATE_SHARED,
TURM_CROSS_B_TO_A,Turmeric Plant Disease Dataset Advancing AI (Original),Image Dataset for Turmeric Plant Leaf Disease Detection,TURM_03759,DATASET/Image Dataset for Turmeric Plant Leaf Disease Detection.zip#Image Dataset for Turmeric Plant Leaf Disease Detection/Original DataSet/Blotch/blotch_(136).jpg,Leaf Blotch,True,EVALUATE_SHARED,
TURM_CROSS_B_TO_A,Turmeric Plant Disease Dataset Advancing AI (Original),Image Dataset for Turmeric Plant Leaf Disease Detection,TURM_03760,DATASET/Image Dataset for Turmeric Plant Leaf Disease Detection.zip#Image Dataset for Turmeric Plant Leaf Disease Detection/Original DataSet/Blotch/blotch_(137).jpg,Leaf Blotch,True,EVALUATE_SHARED,
TURM_CROSS_B_TO_A,Turmeric Plant Disease Dataset Advancing AI (Original),Image Dataset for Turmeric Plant Leaf Disease Detection,TURM_03761,DATASET/Image Dataset for Turmeric Plant Leaf Disease Detection.zip#Image Dataset for Turmeric Plant Leaf Disease Detection/Original DataSet/Blotch/blotch_(138).jpg,Leaf Blotch,True,EVALUATE_SHARED,
TURM_CROSS_B_TO_A,Turmeric Plant Disease Dataset Advancing AI (Original),Image Dataset for Turmeric Plant Leaf Disease Detection,TURM_03762,DATASET/Image Dataset for Turmeric Plant Leaf Disease Detection.zip#Image Dataset for Turmeric Plant Leaf Disease Detection/Original DataSet/Blotch/blotch_(14).jpg,Leaf Blotch,True,EVALUATE_SHARED,
TURM_CROSS_B_TO_A,Turmeric Plant Disease Dataset Advancing AI (Original),Image Dataset for Turmeric Plant Leaf Disease Detection,TURM_03763,DATASET/Image Dataset for Turmeric Plant Leaf Disease Detection.zip#Image Dataset for Turmeric Plant Leaf Disease Detection/Original DataSet/Blotch/blotch_(139).jpg,Leaf Blotch,True,EVALUATE_SHARED,
TURM_CROSS_B_TO_A,Turmeric Plant Disease Dataset Advancing AI (Original),Image Dataset for Turmeric Plant Leaf Disease Detection,TURM_03764,DATASET/Image Dataset for Turmeric Plant Leaf Disease Detection.zip#Image Dataset for Turmeric Plant Leaf Disease Detection/Original DataSet/Blotch/blotch_(140).jpg,Leaf Blotch,True,EVALUATE_SHARED,
TURM_CROSS_B_TO_A,Turmeric Plant Disease Dataset Advancing AI (Original),Image Dataset for Turmeric Plant Leaf Disease Detection,TURM_03765,DATASET/Image Dataset for Turmeric Plant Leaf Disease Detection.zip#Image Dataset for Turmeric Plant Leaf Disease Detection/Original DataSet/Blotch/blotch_(141).jpg,Leaf Blotch,True,EVALUATE_SHARED,
TURM_CROSS_B_TO_A,Turmeric Plant Disease Dataset Advancing AI (Original),Image Dataset for Turmeric Plant Leaf Disease Detection,TURM_03766,DATASET/Image Dataset for Turmeric Plant Leaf Disease Detection.zip#Image Dataset for Turmeric Plant Leaf Disease Detection/Original DataSet/Blotch/blotch_(142).jpg,Leaf Blotch,True,EVALUATE_SHARED,
TURM_CROSS_B_TO_A,Turmeric Plant Disease Dataset Advancing AI (Original),Image Dataset for Turmeric Plant Leaf Disease Detection,TURM_03767,DATASET/Image Dataset for Turmeric Plant Leaf Disease Detection.zip#Image Dataset for Turmeric Plant Leaf Disease Detection/Original DataSet/Blotch/blotch_(143).jpg,Leaf Blotch,True,EVALUATE_SHARED,
TURM_CROSS_B_TO_A,Turmeric Plant Disease Dataset Advancing AI (Original),Image Dataset for Turmeric Plant Leaf Disease Detection,TURM_03768,DATASET/Image Dataset for Turmeric Plant Leaf Disease Detection.zip#Image Dataset for Turmeric Plant Leaf Disease Detection/Original DataSet/Blotch/blotch_(144).jpg,Leaf Blotch,True,EVALUATE_SHARED,
TURM_CROSS_B_TO_A,Turmeric Plant Disease Dataset Advancing AI (Original),Image Dataset for Turmeric Plant Leaf Disease Detection,TURM_03769,DATASET/Image Dataset for Turmeric Plant Leaf Disease Detection.zip#Image Dataset for Turmeric Plant Leaf Disease Detection/Original DataSet/Blotch/blotch_(145).jpg,Leaf Blotch,True,EVALUATE_SHARED,
TURM_CROSS_B_TO_A,Turmeric Plant Disease Dataset Advancing AI (Original),Image Dataset for Turmeric Plant Leaf Disease Detection,TURM_03770,DATASET/Image Dataset for Turmeric Plant Leaf Disease Detection.zip#Image Dataset for Turmeric Plant Leaf Disease Detection/Original DataSet/Blotch/blotch_(146).jpg,Leaf Blotch,True,EVALUATE_SHARED,
TURM_CROSS_B_TO_A,Turmeric Plant Disease Dataset Advancing AI (Original),Image Dataset for Turmeric Plant Leaf Disease Detection,TURM_03771,DATASET/Image Dataset for Turmeric Plant Leaf Disease Detection.zip#Image Dataset for Turmeric Plant Leaf Disease Detection/Original DataSet/Blotch/blotch_(147).jpg,Leaf Blotch,True,EVALUATE_SHARED,
TURM_CROSS_B_TO_A,Turmeric Plant Disease Dataset Advancing AI (Original),Image Dataset for Turmeric Plant Leaf Disease Detection,TURM_03772,DATASET/Image Dataset for Turmeric Plant Leaf Disease Detection.zip#Image Dataset for Turmeric Plant Leaf Disease Detection/Original DataSet/Blotch/blotch_(150).jpg,Leaf Blotch,True,EVALUATE_SHARED,
TURM_CROSS_B_TO_A,Turmeric Plant Disease Dataset Advancing AI (Original),Image Dataset for Turmeric Plant Leaf Disease Detection,TURM_03773,DATASET/Image Dataset for Turmeric Plant Leaf Disease Detection.zip#Image Dataset for Turmeric Plant Leaf Disease Detection/Original DataSet/Blotch/blotch_(149).jpg,Leaf Blotch,True,EVALUATE_SHARED,
TURM_CROSS_B_TO_A,Turmeric Plant Disease Dataset Advancing AI (Original),Image Dataset for Turmeric Plant Leaf Disease Detection,TURM_03774,DATASET/Image Dataset for Turmeric Plant Leaf Disease Detection.zip#Image Dataset for Turmeric Plant Leaf Disease Detection/Original DataSet/Blotch/blotch_(154).jpg,Leaf Blotch,True,EVALUATE_SHARED,
TURM_CROSS_B_TO_A,Turmeric Plant Disease Dataset Advancing AI (Original),Image Dataset for Turmeric Plant Leaf Disease Detection,TURM_03775,DATASET/Image Dataset for Turmeric Plant Leaf Disease Detection.zip#Image Dataset for Turmeric Plant Leaf Disease Detection/Original DataSet/Blotch/blotch_(15).jpg,Leaf Blotch,True,EVALUATE_SHARED,
TURM_CROSS_B_TO_A,Turmeric Plant Disease Dataset Advancing AI (Original),Image Dataset for Turmeric Plant Leaf Disease Detection,TURM_03776,DATASET/Image Dataset for Turmeric Plant Leaf Disease Detection.zip#Image Dataset for Turmeric Plant Leaf Disease Detection/Original DataSet/Blotch/blotch_(153).jpg,Leaf Blotch,True,EVALUATE_SHARED,
TURM_CROSS_B_TO_A,Turmeric Plant Disease Dataset Advancing AI (Original),Image Dataset for Turmeric Plant Leaf Disease Detection,TURM_03777,DATASET/Image Dataset for Turmeric Plant Leaf Disease Detection.zip#Image Dataset for Turmeric Plant Leaf Disease Detection/Original DataSet/Blotch/blotch_(151).jpg,Leaf Blotch,True,EVALUATE_SHARED,
TURM_CROSS_B_TO_A,Turmeric Plant Disease Dataset Advancing AI (Original),Image Dataset for Turmeric Plant Leaf Disease Detection,TURM_03778,DATASET/Image Dataset for Turmeric Plant Leaf Disease Detection.zip#Image Dataset for Turmeric Plant Leaf Disease Detection/Original DataSet/Blotch/blotch_(152).jpg,Leaf Blotch,True,EVALUATE_SHARED,
TURM_CROSS_B_TO_A,Turmeric Plant Disease Dataset Advancing AI (Original),Image Dataset for Turmeric Plant Leaf Disease Detection,TURM_03779,DATASET/Image Dataset for Turmeric Plant Leaf Disease Detection.zip#Image Dataset for Turmeric Plant Leaf Disease Detection/Original DataSet/Blotch/blotch_(148).jpg,Leaf Blotch,True,EVALUATE_SHARED,
TURM_CROSS_B_TO_A,Turmeric Plant Disease Dataset Advancing AI (Original),Image Dataset for Turmeric Plant Leaf Disease Detection,TURM_03780,DATASET/Image Dataset for Turmeric Plant Leaf Disease Detection.zip#Image Dataset for Turmeric Plant Leaf Disease Detection/Original DataSet/Blotch/blotch_(155).jpg,Leaf Blotch,True,EVALUATE_SHARED,
TURM_CROSS_B_TO_A,Turmeric Plant Disease Dataset Advancing AI (Original),Image Dataset for Turmeric Plant Leaf Disease Detection,TURM_03781,DATASET/Image Dataset for Turmeric Plant Leaf Disease Detection.zip#Image Dataset for Turmeric Plant Leaf Disease Detection/Original DataSet/Blotch/blotch_(156).jpg,Leaf Blotch,True,EVALUATE_SHARED,
TURM_CROSS_B_TO_A,Turmeric Plant Disease Dataset Advancing AI (Original),Image Dataset for Turmeric Plant Leaf Disease Detection,TURM_03782,DATASET/Image Dataset for Turmeric Plant Leaf Disease Detection.zip#Image Dataset for Turmeric Plant Leaf Disease Detection/Original DataSet/Blotch/blotch_(157).jpg,Leaf Blotch,True,EVALUATE_SHARED,
TURM_CROSS_B_TO_A,Turmeric Plant Disease Dataset Advancing AI (Original),Image Dataset for Turmeric Plant Leaf Disease Detection,TURM_03783,DATASET/Image Dataset for Turmeric Plant Leaf Disease Detection.zip#Image Dataset for Turmeric Plant Leaf Disease Detection/Original DataSet/Blotch/blotch_(158).jpg,Leaf Blotch,True,EVALUATE_SHARED,
TURM_CROSS_B_TO_A,Turmeric Plant Disease Dataset Advancing AI (Original),Image Dataset for Turmeric Plant Leaf Disease Detection,TURM_03784,DATASET/Image Dataset for Turmeric Plant Leaf Disease Detection.zip#Image Dataset for Turmeric Plant Leaf Disease Detection/Original DataSet/Blotch/blotch_(162).jpg,Leaf Blotch,True,EVALUATE_SHARED,
TURM_CROSS_B_TO_A,Turmeric Plant Disease Dataset Advancing AI (Original),Image Dataset for Turmeric Plant Leaf Disease Detection,TURM_03785,DATASET/Image Dataset for Turmeric Plant Leaf Disease Detection.zip#Image Dataset for Turmeric Plant Leaf Disease Detection/Original DataSet/Blotch/blotch_(16).jpg,Leaf Blotch,True,EVALUATE_SHARED,
TURM_CROSS_B_TO_A,Turmeric Plant Disease Dataset Advancing AI (Original),Image Dataset for Turmeric Plant Leaf Disease Detection,TURM_03786,DATASET/Image Dataset for Turmeric Plant Leaf Disease Detection.zip#Image Dataset for Turmeric Plant Leaf Disease Detection/Original DataSet/Blotch/blotch_(164).jpg,Leaf Blotch,True,EVALUATE_SHARED,
TURM_CROSS_B_TO_A,Turmeric Plant Disease Dataset Advancing AI (Original),Image Dataset for Turmeric Plant Leaf Disease Detection,TURM_03787,DATASET/Image Dataset for Turmeric Plant Leaf Disease Detection.zip#Image Dataset for Turmeric Plant Leaf Disease Detection/Original DataSet/Blotch/blotch_(161).jpg,Leaf Blotch,True,EVALUATE_SHARED,
TURM_CROSS_B_TO_A,Turmeric Plant Disease Dataset Advancing AI (Original),Image Dataset for Turmeric Plant Leaf Disease Detection,TURM_03788,DATASET/Image Dataset for Turmeric Plant Leaf Disease Detection.zip#Image Dataset for Turmeric Plant Leaf Disease Detection/Original DataSet/Blotch/blotch_(160).jpg,Leaf Blotch,True,EVALUATE_SHARED,
TURM_CROSS_B_TO_A,Turmeric Plant Disease Dataset Advancing AI (Original),Image Dataset for Turmeric Plant Leaf Disease Detection,TURM_03789,DATASET/Image Dataset for Turmeric Plant Leaf Disease Detection.zip#Image Dataset for Turmeric Plant Leaf Disease Detection/Original DataSet/Blotch/blotch_(159).jpg,Leaf Blotch,True,EVALUATE_SHARED,
TURM_CROSS_B_TO_A,Turmeric Plant Disease Dataset Advancing AI (Original),Image Dataset for Turmeric Plant Leaf Disease Detection,TURM_03790,DATASET/Image Dataset for Turmeric Plant Leaf Disease Detection.zip#Image Dataset for Turmeric Plant Leaf Disease Detection/Original DataSet/Blotch/blotch_(163).jpg,Leaf Blotch,True,EVALUATE_SHARED,
TURM_CROSS_B_TO_A,Turmeric Plant Disease Dataset Advancing AI (Original),Image Dataset for Turmeric Plant Leaf Disease Detection,TURM_03791,DATASET/Image Dataset for Turmeric Plant Leaf Disease Detection.zip#Image Dataset for Turmeric Plant Leaf Disease Detection/Original DataSet/Blotch/blotch_(166).jpg,Leaf Blotch,True,EVALUATE_SHARED,
TURM_CROSS_B_TO_A,Turmeric Plant Disease Dataset Advancing AI (Original),Image Dataset for Turmeric Plant Leaf Disease Detection,TURM_03792,DATASET/Image Dataset for Turmeric Plant Leaf Disease Detection.zip#Image Dataset for Turmeric Plant Leaf Disease Detection/Original DataSet/Blotch/blotch_(165).jpg,Leaf Blotch,True,EVALUATE_SHARED,
TURM_CROSS_B_TO_A,Turmeric Plant Disease Dataset Advancing AI (Original),Image Dataset for Turmeric Plant Leaf Disease Detection,TURM_03793,DATASET/Image Dataset for Turmeric Plant Leaf Disease Detection.zip#Image Dataset for Turmeric Plant Leaf Disease Detection/Original DataSet/Blotch/blotch_(167).jpg,Leaf Blotch,True,EVALUATE_SHARED,
TURM_CROSS_B_TO_A,Turmeric Plant Disease Dataset Advancing AI (Original),Image Dataset for Turmeric Plant Leaf Disease Detection,TURM_03794,DATASET/Image Dataset for Turmeric Plant Leaf Disease Detection.zip#Image Dataset for Turmeric Plant Leaf Disease Detection/Original DataSet/Blotch/blotch_(171).jpg,Leaf Blotch,True,EVALUATE_SHARED,
TURM_CROSS_B_TO_A,Turmeric Plant Disease Dataset Advancing AI (Original),Image Dataset for Turmeric Plant Leaf Disease Detection,TURM_03795,DATASET/Image Dataset for Turmeric Plant Leaf Disease Detection.zip#Image Dataset for Turmeric Plant Leaf Disease Detection/Original DataSet/Blotch/blotch_(168).jpg,Leaf Blotch,True,EVALUATE_SHARED,
TURM_CROSS_B_TO_A,Turmeric Plant Disease Dataset Advancing AI (Original),Image Dataset for Turmeric Plant Leaf Disease Detection,TURM_03796,DATASET/Image Dataset for Turmeric Plant Leaf Disease Detection.zip#Image Dataset for Turmeric Plant Leaf Disease Detection/Original DataSet/Blotch/blotch_(170).jpg,Leaf Blotch,True,EVALUATE_SHARED,
TURM_CROSS_B_TO_A,Turmeric Plant Disease Dataset Advancing AI (Original),Image Dataset for Turmeric Plant Leaf Disease Detection,TURM_03797,DATASET/Image Dataset for Turmeric Plant Leaf Disease Detection.zip#Image Dataset for Turmeric Plant Leaf Disease Detection/Original DataSet/Blotch/blotch_(17).jpg,Leaf Blotch,True,EVALUATE_SHARED,
TURM_CROSS_B_TO_A,Turmeric Plant Disease Dataset Advancing AI (Original),Image Dataset for Turmeric Plant Leaf Disease Detection,TURM_03798,DATASET/Image Dataset for Turmeric Plant Leaf Disease Detection.zip#Image Dataset for Turmeric Plant Leaf Disease Detection/Original DataSet/Blotch/blotch_(169).jpg,Leaf Blotch,True,EVALUATE_SHARED,
TURM_CROSS_B_TO_A,Turmeric Plant Disease Dataset Advancing AI (Original),Image Dataset for Turmeric Plant Leaf Disease Detection,TURM_03799,DATASET/Image Dataset for Turmeric Plant Leaf Disease Detection.zip#Image Dataset for Turmeric Plant Leaf Disease Detection/Original DataSet/Blotch/blotch_(173).jpg,Leaf Blotch,True,EVALUATE_SHARED,
TURM_CROSS_B_TO_A,Turmeric Plant Disease Dataset Advancing AI (Original),Image Dataset for Turmeric Plant Leaf Disease Detection,TURM_03800,DATASET/Image Dataset for Turmeric Plant Leaf Disease Detection.zip#Image Dataset for Turmeric Plant Leaf Disease Detection/Original DataSet/Blotch/blotch_(172).jpg,Leaf Blotch,True,EVALUATE_SHARED,
TURM_CROSS_B_TO_A,Turmeric Plant Disease Dataset Advancing AI (Original),Image Dataset for Turmeric Plant Leaf Disease Detection,TURM_03801,DATASET/Image Dataset for Turmeric Plant Leaf Disease Detection.zip#Image Dataset for Turmeric Plant Leaf Disease Detection/Original DataSet/Blotch/blotch_(175).jpg,Leaf Blotch,True,EVALUATE_SHARED,
TURM_CROSS_B_TO_A,Turmeric Plant Disease Dataset Advancing AI (Original),Image Dataset for Turmeric Plant Leaf Disease Detection,TURM_03802,DATASET/Image Dataset for Turmeric Plant Leaf Disease Detection.zip#Image Dataset for Turmeric Plant Leaf Disease Detection/Original DataSet/Blotch/blotch_(174).jpg,Leaf Blotch,True,EVALUATE_SHARED,
TURM_CROSS_B_TO_A,Turmeric Plant Disease Dataset Advancing AI (Original),Image Dataset for Turmeric Plant Leaf Disease Detection,TURM_03803,DATASET/Image Dataset for Turmeric Plant Leaf Disease Detection.zip#Image Dataset for Turmeric Plant Leaf Disease Detection/Original DataSet/Blotch/blotch_(176).jpg,Leaf Blotch,True,EVALUATE_SHARED,
TURM_CROSS_B_TO_A,Turmeric Plant Disease Dataset Advancing AI (Original),Image Dataset for Turmeric Plant Leaf Disease Detection,TURM_03804,DATASET/Image Dataset for Turmeric Plant Leaf Disease Detection.zip#Image Dataset for Turmeric Plant Leaf Disease Detection/Original DataSet/Blotch/blotch_(177).jpg,Leaf Blotch,True,EVALUATE_SHARED,
TURM_CROSS_B_TO_A,Turmeric Plant Disease Dataset Advancing AI (Original),Image Dataset for Turmeric Plant Leaf Disease Detection,TURM_03805,DATASET/Image Dataset for Turmeric Plant Leaf Disease Detection.zip#Image Dataset for Turmeric Plant Leaf Disease Detection/Original DataSet/Blotch/blotch_(178).jpg,Leaf Blotch,True,EVALUATE_SHARED,
TURM_CROSS_B_TO_A,Turmeric Plant Disease Dataset Advancing AI (Original),Image Dataset for Turmeric Plant Leaf Disease Detection,TURM_03806,DATASET/Image Dataset for Turmeric Plant Leaf Disease Detection.zip#Image Dataset for Turmeric Plant Leaf Disease Detection/Original DataSet/Blotch/blotch_(181).jpg,Leaf Blotch,True,EVALUATE_SHARED,
TURM_CROSS_B_TO_A,Turmeric Plant Disease Dataset Advancing AI (Original),Image Dataset for Turmeric Plant Leaf Disease Detection,TURM_03807,DATASET/Image Dataset for Turmeric Plant Leaf Disease Detection.zip#Image Dataset for Turmeric Plant Leaf Disease Detection/Original DataSet/Blotch/blotch_(182).jpg,Leaf Blotch,True,EVALUATE_SHARED,
TURM_CROSS_B_TO_A,Turmeric Plant Disease Dataset Advancing AI (Original),Image Dataset for Turmeric Plant Leaf Disease Detection,TURM_03808,DATASET/Image Dataset for Turmeric Plant Leaf Disease Detection.zip#Image Dataset for Turmeric Plant Leaf Disease Detection/Original DataSet/Blotch/blotch_(18).jpg,Leaf Blotch,True,EVALUATE_SHARED,
TURM_CROSS_B_TO_A,Turmeric Plant Disease Dataset Advancing AI (Original),Image Dataset for Turmeric Plant Leaf Disease Detection,TURM_03809,DATASET/Image Dataset for Turmeric Plant Leaf Disease Detection.zip#Image Dataset for Turmeric Plant Leaf Disease Detection/Original DataSet/Blotch/blotch_(179).jpg,Leaf Blotch,True,EVALUATE_SHARED,
TURM_CROSS_B_TO_A,Turmeric Plant Disease Dataset Advancing AI (Original),Image Dataset for Turmeric Plant Leaf Disease Detection,TURM_03810,DATASET/Image Dataset for Turmeric Plant Leaf Disease Detection.zip#Image Dataset for Turmeric Plant Leaf Disease Detection/Original DataSet/Blotch/blotch_(180).jpg,Leaf Blotch,True,EVALUATE_SHARED,
TURM_CROSS_B_TO_A,Turmeric Plant Disease Dataset Advancing AI (Original),Image Dataset for Turmeric Plant Leaf Disease Detection,TURM_03811,DATASET/Image Dataset for Turmeric Plant Leaf Disease Detection.zip#Image Dataset for Turmeric Plant Leaf Disease Detection/Original DataSet/Blotch/blotch_(185).jpg,Leaf Blotch,True,EVALUATE_SHARED,
TURM_CROSS_B_TO_A,Turmeric Plant Disease Dataset Advancing AI (Original),Image Dataset for Turmeric Plant Leaf Disease Detection,TURM_03812,DATASET/Image Dataset for Turmeric Plant Leaf Disease Detection.zip#Image Dataset for Turmeric Plant Leaf Disease Detection/Original DataSet/Blotch/blotch_(184).jpg,Leaf Blotch,True,EVALUATE_SHARED,
TURM_CROSS_B_TO_A,Turmeric Plant Disease Dataset Advancing AI (Original),Image Dataset for Turmeric Plant Leaf Disease Detection,TURM_03813,DATASET/Image Dataset for Turmeric Plant Leaf Disease Detection.zip#Image Dataset for Turmeric Plant Leaf Disease Detection/Original DataSet/Blotch/blotch_(183).jpg,Leaf Blotch,True,EVALUATE_SHARED,
TURM_CROSS_B_TO_A,Turmeric Plant Disease Dataset Advancing AI (Original),Image Dataset for Turmeric Plant Leaf Disease Detection,TURM_03814,DATASET/Image Dataset for Turmeric Plant Leaf Disease Detection.zip#Image Dataset for Turmeric Plant Leaf Disease Detection/Original DataSet/Blotch/blotch_(186).jpg,Leaf Blotch,True,EVALUATE_SHARED,
TURM_CROSS_B_TO_A,Turmeric Plant Disease Dataset Advancing AI (Original),Image Dataset for Turmeric Plant Leaf Disease Detection,TURM_03815,DATASET/Image Dataset for Turmeric Plant Leaf Disease Detection.zip#Image Dataset for Turmeric Plant Leaf Disease Detection/Original DataSet/Blotch/blotch_(187).jpg,Leaf Blotch,True,EVALUATE_SHARED,
TURM_CROSS_B_TO_A,Turmeric Plant Disease Dataset Advancing AI (Original),Image Dataset for Turmeric Plant Leaf Disease Detection,TURM_03816,DATASET/Image Dataset for Turmeric Plant Leaf Disease Detection.zip#Image Dataset for Turmeric Plant Leaf Disease Detection/Original DataSet/Blotch/blotch_(188).jpg,Leaf Blotch,True,EVALUATE_SHARED,
TURM_CROSS_B_TO_A,Turmeric Plant Disease Dataset Advancing AI (Original),Image Dataset for Turmeric Plant Leaf Disease Detection,TURM_03817,DATASET/Image Dataset for Turmeric Plant Leaf Disease Detection.zip#Image Dataset for Turmeric Plant Leaf Disease Detection/Original DataSet/Blotch/blotch_(189).jpg,Leaf Blotch,True,EVALUATE_SHARED,
TURM_CROSS_B_TO_A,Turmeric Plant Disease Dataset Advancing AI (Original),Image Dataset for Turmeric Plant Leaf Disease Detection,TURM_03818,DATASET/Image Dataset for Turmeric Plant Leaf Disease Detection.zip#Image Dataset for Turmeric Plant Leaf Disease Detection/Original DataSet/Blotch/blotch_(19).jpg,Leaf Blotch,True,EVALUATE_SHARED,
TURM_CROSS_B_TO_A,Turmeric Plant Disease Dataset Advancing AI (Original),Image Dataset for Turmeric Plant Leaf Disease Detection,TURM_03819,DATASET/Image Dataset for Turmeric Plant Leaf Disease Detection.zip#Image Dataset for Turmeric Plant Leaf Disease Detection/Original DataSet/Blotch/blotch_(191).jpg,Leaf Blotch,True,EVALUATE_SHARED,
TURM_CROSS_B_TO_A,Turmeric Plant Disease Dataset Advancing AI (Original),Image Dataset for Turmeric Plant Leaf Disease Detection,TURM_03820,DATASET/Image Dataset for Turmeric Plant Leaf Disease Detection.zip#Image Dataset for Turmeric Plant Leaf Disease Detection/Original DataSet/Blotch/blotch_(190).jpg,Leaf Blotch,True,EVALUATE_SHARED,
TURM_CROSS_B_TO_A,Turmeric Plant Disease Dataset Advancing AI (Original),Image Dataset for Turmeric Plant Leaf Disease Detection,TURM_03821,DATASET/Image Dataset for Turmeric Plant Leaf Disease Detection.zip#Image Dataset for Turmeric Plant Leaf Disease Detection/Original DataSet/Blotch/blotch_(193).jpg,Leaf Blotch,True,EVALUATE_SHARED,
TURM_CROSS_B_TO_A,Turmeric Plant Disease Dataset Advancing AI (Original),Image Dataset for Turmeric Plant Leaf Disease Detection,TURM_03822,DATASET/Image Dataset for Turmeric Plant Leaf Disease Detection.zip#Image Dataset for Turmeric Plant Leaf Disease Detection/Original DataSet/Blotch/blotch_(194).jpg,Leaf Blotch,True,EVALUATE_SHARED,
TURM_CROSS_B_TO_A,Turmeric Plant Disease Dataset Advancing AI (Original),Image Dataset for Turmeric Plant Leaf Disease Detection,TURM_03823,DATASET/Image Dataset for Turmeric Plant Leaf Disease Detection.zip#Image Dataset for Turmeric Plant Leaf Disease Detection/Original DataSet/Blotch/blotch_(192).jpg,Leaf Blotch,True,EVALUATE_SHARED,
TURM_CROSS_B_TO_A,Turmeric Plant Disease Dataset Advancing AI (Original),Image Dataset for Turmeric Plant Leaf Disease Detection,TURM_03824,DATASET/Image Dataset for Turmeric Plant Leaf Disease Detection.zip#Image Dataset for Turmeric Plant Leaf Disease Detection/Original DataSet/Blotch/blotch_(195).jpg,Leaf Blotch,True,EVALUATE_SHARED,
TURM_CROSS_B_TO_A,Turmeric Plant Disease Dataset Advancing AI (Original),Image Dataset for Turmeric Plant Leaf Disease Detection,TURM_03825,DATASET/Image Dataset for Turmeric Plant Leaf Disease Detection.zip#Image Dataset for Turmeric Plant Leaf Disease Detection/Original DataSet/Blotch/blotch_(196).jpg,Leaf Blotch,True,EVALUATE_SHARED,
TURM_CROSS_B_TO_A,Turmeric Plant Disease Dataset Advancing AI (Original),Image Dataset for Turmeric Plant Leaf Disease Detection,TURM_03826,DATASET/Image Dataset for Turmeric Plant Leaf Disease Detection.zip#Image Dataset for Turmeric Plant Leaf Disease Detection/Original DataSet/Blotch/blotch_(197).jpg,Leaf Blotch,True,EVALUATE_SHARED,
TURM_CROSS_B_TO_A,Turmeric Plant Disease Dataset Advancing AI (Original),Image Dataset for Turmeric Plant Leaf Disease Detection,TURM_03827,DATASET/Image Dataset for Turmeric Plant Leaf Disease Detection.zip#Image Dataset for Turmeric Plant Leaf Disease Detection/Original DataSet/Blotch/blotch_(198).jpg,Leaf Blotch,True,EVALUATE_SHARED,
TURM_CROSS_B_TO_A,Turmeric Plant Disease Dataset Advancing AI (Original),Image Dataset for Turmeric Plant Leaf Disease Detection,TURM_03828,DATASET/Image Dataset for Turmeric Plant Leaf Disease Detection.zip#Image Dataset for Turmeric Plant Leaf Disease Detection/Original DataSet/Blotch/blotch_(199).jpg,Leaf Blotch,True,EVALUATE_SHARED,
TURM_CROSS_B_TO_A,Turmeric Plant Disease Dataset Advancing AI (Original),Image Dataset for Turmeric Plant Leaf Disease Detection,TURM_03829,DATASET/Image Dataset for Turmeric Plant Leaf Disease Detection.zip#Image Dataset for Turmeric Plant Leaf Disease Detection/Original DataSet/Blotch/blotch_(20).jpg,Leaf Blotch,True,EVALUATE_SHARED,
TURM_CROSS_B_TO_A,Turmeric Plant Disease Dataset Advancing AI (Original),Image Dataset for Turmeric Plant Leaf Disease Detection,TURM_03830,DATASET/Image Dataset for Turmeric Plant Leaf Disease Detection.zip#Image Dataset for Turmeric Plant Leaf Disease Detection/Original DataSet/Blotch/blotch_(2).jpg,Leaf Blotch,True,EVALUATE_SHARED,
TURM_CROSS_B_TO_A,Turmeric Plant Disease Dataset Advancing AI (Original),Image Dataset for Turmeric Plant Leaf Disease Detection,TURM_03831,DATASET/Image Dataset for Turmeric Plant Leaf Disease Detection.zip#Image Dataset for Turmeric Plant Leaf Disease Detection/Original DataSet/Blotch/blotch_(201).jpg,Leaf Blotch,True,EVALUATE_SHARED,
TURM_CROSS_B_TO_A,Turmeric Plant Disease Dataset Advancing AI (Original),Image Dataset for Turmeric Plant Leaf Disease Detection,TURM_03832,DATASET/Image Dataset for Turmeric Plant Leaf Disease Detection.zip#Image Dataset for Turmeric Plant Leaf Disease Detection/Original DataSet/Blotch/blotch_(200).jpg,Leaf Blotch,True,EVALUATE_SHARED,
TURM_CROSS_B_TO_A,Turmeric Plant Disease Dataset Advancing AI (Original),Image Dataset for Turmeric Plant Leaf Disease Detection,TURM_03833,DATASET/Image Dataset for Turmeric Plant Leaf Disease Detection.zip#Image Dataset for Turmeric Plant Leaf Disease Detection/Original DataSet/Blotch/blotch_(202).jpg,Leaf Blotch,True,EVALUATE_SHARED,
TURM_CROSS_B_TO_A,Turmeric Plant Disease Dataset Advancing AI (Original),Image Dataset for Turmeric Plant Leaf Disease Detection,TURM_03834,DATASET/Image Dataset for Turmeric Plant Leaf Disease Detection.zip#Image Dataset for Turmeric Plant Leaf Disease Detection/Original DataSet/Blotch/blotch_(204).jpg,Leaf Blotch,True,EVALUATE_SHARED,
TURM_CROSS_B_TO_A,Turmeric Plant Disease Dataset Advancing AI (Original),Image Dataset for Turmeric Plant Leaf Disease Detection,TURM_03835,DATASET/Image Dataset for Turmeric Plant Leaf Disease Detection.zip#Image Dataset for Turmeric Plant Leaf Disease Detection/Original DataSet/Blotch/blotch_(203).jpg,Leaf Blotch,True,EVALUATE_SHARED,
TURM_CROSS_B_TO_A,Turmeric Plant Disease Dataset Advancing AI (Original),Image Dataset for Turmeric Plant Leaf Disease Detection,TURM_03836,DATASET/Image Dataset for Turmeric Plant Leaf Disease Detection.zip#Image Dataset for Turmeric Plant Leaf Disease Detection/Original DataSet/Blotch/blotch_(205).jpg,Leaf Blotch,True,EVALUATE_SHARED,
TURM_CROSS_B_TO_A,Turmeric Plant Disease Dataset Advancing AI (Original),Image Dataset for Turmeric Plant Leaf Disease Detection,TURM_03837,DATASET/Image Dataset for Turmeric Plant Leaf Disease Detection.zip#Image Dataset for Turmeric Plant Leaf Disease Detection/Original DataSet/Blotch/blotch_(206).jpg,Leaf Blotch,True,EVALUATE_SHARED,
TURM_CROSS_B_TO_A,Turmeric Plant Disease Dataset Advancing AI (Original),Image Dataset for Turmeric Plant Leaf Disease Detection,TURM_03838,DATASET/Image Dataset for Turmeric Plant Leaf Disease Detection.zip#Image Dataset for Turmeric Plant Leaf Disease Detection/Original DataSet/Blotch/blotch_(207).jpg,Leaf Blotch,True,EVALUATE_SHARED,
TURM_CROSS_B_TO_A,Turmeric Plant Disease Dataset Advancing AI (Original),Image Dataset for Turmeric Plant Leaf Disease Detection,TURM_03839,DATASET/Image Dataset for Turmeric Plant Leaf Disease Detection.zip#Image Dataset for Turmeric Plant Leaf Disease Detection/Original DataSet/Blotch/blotch_(208).jpg,Leaf Blotch,True,EVALUATE_SHARED,
TURM_CROSS_B_TO_A,Turmeric Plant Disease Dataset Advancing AI (Original),Image Dataset for Turmeric Plant Leaf Disease Detection,TURM_03840,DATASET/Image Dataset for Turmeric Plant Leaf Disease Detection.zip#Image Dataset for Turmeric Plant Leaf Disease Detection/Original DataSet/Blotch/blotch_(209).jpg,Leaf Blotch,True,EVALUATE_SHARED,
TURM_CROSS_B_TO_A,Turmeric Plant Disease Dataset Advancing AI (Original),Image Dataset for Turmeric Plant Leaf Disease Detection,TURM_03841,DATASET/Image Dataset for Turmeric Plant Leaf Disease Detection.zip#Image Dataset for Turmeric Plant Leaf Disease Detection/Original DataSet/Blotch/blotch_(213).jpg,Leaf Blotch,True,EVALUATE_SHARED,
TURM_CROSS_B_TO_A,Turmeric Plant Disease Dataset Advancing AI (Original),Image Dataset for Turmeric Plant Leaf Disease Detection,TURM_03842,DATASET/Image Dataset for Turmeric Plant Leaf Disease Detection.zip#Image Dataset for Turmeric Plant Leaf Disease Detection/Original DataSet/Blotch/blotch_(210).jpg,Leaf Blotch,True,EVALUATE_SHARED,
TURM_CROSS_B_TO_A,Turmeric Plant Disease Dataset Advancing AI (Original),Image Dataset for Turmeric Plant Leaf Disease Detection,TURM_03843,DATASET/Image Dataset for Turmeric Plant Leaf Disease Detection.zip#Image Dataset for Turmeric Plant Leaf Disease Detection/Original DataSet/Blotch/blotch_(21).jpg,Leaf Blotch,True,EVALUATE_SHARED,
TURM_CROSS_B_TO_A,Turmeric Plant Disease Dataset Advancing AI (Original),Image Dataset for Turmeric Plant Leaf Disease Detection,TURM_03844,DATASET/Image Dataset for Turmeric Plant Leaf Disease Detection.zip#Image Dataset for Turmeric Plant Leaf Disease Detection/Original DataSet/Blotch/blotch_(215).jpg,Leaf Blotch,True,EVALUATE_SHARED,
TURM_CROSS_B_TO_A,Turmeric Plant Disease Dataset Advancing AI (Original),Image Dataset for Turmeric Plant Leaf Disease Detection,TURM_03845,DATASET/Image Dataset for Turmeric Plant Leaf Disease Detection.zip#Image Dataset for Turmeric Plant Leaf Disease Detection/Original DataSet/Blotch/blotch_(212).jpg,Leaf Blotch,True,EVALUATE_SHARED,
TURM_CROSS_B_TO_A,Turmeric Plant Disease Dataset Advancing AI (Original),Image Dataset for Turmeric Plant Leaf Disease Detection,TURM_03846,DATASET/Image Dataset for Turmeric Plant Leaf Disease Detection.zip#Image Dataset for Turmeric Plant Leaf Disease Detection/Original DataSet/Blotch/blotch_(214).jpg,Leaf Blotch,True,EVALUATE_SHARED,
TURM_CROSS_B_TO_A,Turmeric Plant Disease Dataset Advancing AI (Original),Image Dataset for Turmeric Plant Leaf Disease Detection,TURM_03847,DATASET/Image Dataset for Turmeric Plant Leaf Disease Detection.zip#Image Dataset for Turmeric Plant Leaf Disease Detection/Original DataSet/Blotch/blotch_(216).jpg,Leaf Blotch,True,EVALUATE_SHARED,
TURM_CROSS_B_TO_A,Turmeric Plant Disease Dataset Advancing AI (Original),Image Dataset for Turmeric Plant Leaf Disease Detection,TURM_03848,DATASET/Image Dataset for Turmeric Plant Leaf Disease Detection.zip#Image Dataset for Turmeric Plant Leaf Disease Detection/Original DataSet/Blotch/blotch_(211).jpg,Leaf Blotch,True,EVALUATE_SHARED,
TURM_CROSS_B_TO_A,Turmeric Plant Disease Dataset Advancing AI (Original),Image Dataset for Turmeric Plant Leaf Disease Detection,TURM_03849,DATASET/Image Dataset for Turmeric Plant Leaf Disease Detection.zip#Image Dataset for Turmeric Plant Leaf Disease Detection/Original DataSet/Blotch/blotch_(217).jpg,Leaf Blotch,True,EVALUATE_SHARED,
TURM_CROSS_B_TO_A,Turmeric Plant Disease Dataset Advancing AI (Original),Image Dataset for Turmeric Plant Leaf Disease Detection,TURM_03850,DATASET/Image Dataset for Turmeric Plant Leaf Disease Detection.zip#Image Dataset for Turmeric Plant Leaf Disease Detection/Original DataSet/Blotch/blotch_(218).jpg,Leaf Blotch,True,EVALUATE_SHARED,
TURM_CROSS_B_TO_A,Turmeric Plant Disease Dataset Advancing AI (Original),Image Dataset for Turmeric Plant Leaf Disease Detection,TURM_03851,DATASET/Image Dataset for Turmeric Plant Leaf Disease Detection.zip#Image Dataset for Turmeric Plant Leaf Disease Detection/Original DataSet/Blotch/blotch_(219).jpg,Leaf Blotch,True,EVALUATE_SHARED,
TURM_CROSS_B_TO_A,Turmeric Plant Disease Dataset Advancing AI (Original),Image Dataset for Turmeric Plant Leaf Disease Detection,TURM_03852,DATASET/Image Dataset for Turmeric Plant Leaf Disease Detection.zip#Image Dataset for Turmeric Plant Leaf Disease Detection/Original DataSet/Blotch/blotch_(22).jpg,Leaf Blotch,True,EVALUATE_SHARED,
TURM_CROSS_B_TO_A,Turmeric Plant Disease Dataset Advancing AI (Original),Image Dataset for Turmeric Plant Leaf Disease Detection,TURM_03853,DATASET/Image Dataset for Turmeric Plant Leaf Disease Detection.zip#Image Dataset for Turmeric Plant Leaf Disease Detection/Original DataSet/Blotch/blotch_(220).jpg,Leaf Blotch,True,EVALUATE_SHARED,
TURM_CROSS_B_TO_A,Turmeric Plant Disease Dataset Advancing AI (Original),Image Dataset for Turmeric Plant Leaf Disease Detection,TURM_03854,DATASET/Image Dataset for Turmeric Plant Leaf Disease Detection.zip#Image Dataset for Turmeric Plant Leaf Disease Detection/Original DataSet/Blotch/blotch_(222).jpg,Leaf Blotch,True,EVALUATE_SHARED,
TURM_CROSS_B_TO_A,Turmeric Plant Disease Dataset Advancing AI (Original),Image Dataset for Turmeric Plant Leaf Disease Detection,TURM_03855,DATASET/Image Dataset for Turmeric Plant Leaf Disease Detection.zip#Image Dataset for Turmeric Plant Leaf Disease Detection/Original DataSet/Blotch/blotch_(221).jpg,Leaf Blotch,True,EVALUATE_SHARED,
TURM_CROSS_B_TO_A,Turmeric Plant Disease Dataset Advancing AI (Original),Image Dataset for Turmeric Plant Leaf Disease Detection,TURM_03856,DATASET/Image Dataset for Turmeric Plant Leaf Disease Detection.zip#Image Dataset for Turmeric Plant Leaf Disease Detection/Original DataSet/Blotch/blotch_(223).jpg,Leaf Blotch,True,EVALUATE_SHARED,
TURM_CROSS_B_TO_A,Turmeric Plant Disease Dataset Advancing AI (Original),Image Dataset for Turmeric Plant Leaf Disease Detection,TURM_03857,DATASET/Image Dataset for Turmeric Plant Leaf Disease Detection.zip#Image Dataset for Turmeric Plant Leaf Disease Detection/Original DataSet/Blotch/blotch_(224).jpg,Leaf Blotch,True,EVALUATE_SHARED,
TURM_CROSS_B_TO_A,Turmeric Plant Disease Dataset Advancing AI (Original),Image Dataset for Turmeric Plant Leaf Disease Detection,TURM_03858,DATASET/Image Dataset for Turmeric Plant Leaf Disease Detection.zip#Image Dataset for Turmeric Plant Leaf Disease Detection/Original DataSet/Blotch/blotch_(225).jpg,Leaf Blotch,True,EVALUATE_SHARED,
TURM_CROSS_B_TO_A,Turmeric Plant Disease Dataset Advancing AI (Original),Image Dataset for Turmeric Plant Leaf Disease Detection,TURM_03859,DATASET/Image Dataset for Turmeric Plant Leaf Disease Detection.zip#Image Dataset for Turmeric Plant Leaf Disease Detection/Original DataSet/Blotch/blotch_(226).jpg,Leaf Blotch,True,EVALUATE_SHARED,
TURM_CROSS_B_TO_A,Turmeric Plant Disease Dataset Advancing AI (Original),Image Dataset for Turmeric Plant Leaf Disease Detection,TURM_03860,DATASET/Image Dataset for Turmeric Plant Leaf Disease Detection.zip#Image Dataset for Turmeric Plant Leaf Disease Detection/Original DataSet/Blotch/blotch_(227).jpg,Leaf Blotch,True,EVALUATE_SHARED,
TURM_CROSS_B_TO_A,Turmeric Plant Disease Dataset Advancing AI (Original),Image Dataset for Turmeric Plant Leaf Disease Detection,TURM_03861,DATASET/Image Dataset for Turmeric Plant Leaf Disease Detection.zip#Image Dataset for Turmeric Plant Leaf Disease Detection/Original DataSet/Blotch/blotch_(228).jpg,Leaf Blotch,True,EVALUATE_SHARED,
TURM_CROSS_B_TO_A,Turmeric Plant Disease Dataset Advancing AI (Original),Image Dataset for Turmeric Plant Leaf Disease Detection,TURM_03862,DATASET/Image Dataset for Turmeric Plant Leaf Disease Detection.zip#Image Dataset for Turmeric Plant Leaf Disease Detection/Original DataSet/Blotch/blotch_(229).jpg,Leaf Blotch,True,EVALUATE_SHARED,
TURM_CROSS_B_TO_A,Turmeric Plant Disease Dataset Advancing AI (Original),Image Dataset for Turmeric Plant Leaf Disease Detection,TURM_03863,DATASET/Image Dataset for Turmeric Plant Leaf Disease Detection.zip#Image Dataset for Turmeric Plant Leaf Disease Detection/Original DataSet/Blotch/blotch_(23).jpg,Leaf Blotch,True,EVALUATE_SHARED,
TURM_CROSS_B_TO_A,Turmeric Plant Disease Dataset Advancing AI (Original),Image Dataset for Turmeric Plant Leaf Disease Detection,TURM_03864,DATASET/Image Dataset for Turmeric Plant Leaf Disease Detection.zip#Image Dataset for Turmeric Plant Leaf Disease Detection/Original DataSet/Blotch/blotch_(232).jpg,Leaf Blotch,True,EVALUATE_SHARED,
TURM_CROSS_B_TO_A,Turmeric Plant Disease Dataset Advancing AI (Original),Image Dataset for Turmeric Plant Leaf Disease Detection,TURM_03865,DATASET/Image Dataset for Turmeric Plant Leaf Disease Detection.zip#Image Dataset for Turmeric Plant Leaf Disease Detection/Original DataSet/Blotch/blotch_(230).jpg,Leaf Blotch,True,EVALUATE_SHARED,
TURM_CROSS_B_TO_A,Turmeric Plant Disease Dataset Advancing AI (Original),Image Dataset for Turmeric Plant Leaf Disease Detection,TURM_03866,DATASET/Image Dataset for Turmeric Plant Leaf Disease Detection.zip#Image Dataset for Turmeric Plant Leaf Disease Detection/Original DataSet/Blotch/blotch_(233).jpg,Leaf Blotch,True,EVALUATE_SHARED,
TURM_CROSS_B_TO_A,Turmeric Plant Disease Dataset Advancing AI (Original),Image Dataset for Turmeric Plant Leaf Disease Detection,TURM_03867,DATASET/Image Dataset for Turmeric Plant Leaf Disease Detection.zip#Image Dataset for Turmeric Plant Leaf Disease Detection/Original DataSet/Blotch/blotch_(231).jpg,Leaf Blotch,True,EVALUATE_SHARED,
TURM_CROSS_B_TO_A,Turmeric Plant Disease Dataset Advancing AI (Original),Image Dataset for Turmeric Plant Leaf Disease Detection,TURM_03868,DATASET/Image Dataset for Turmeric Plant Leaf Disease Detection.zip#Image Dataset for Turmeric Plant Leaf Disease Detection/Original DataSet/Blotch/blotch_(234).jpg,Leaf Blotch,True,EVALUATE_SHARED,
TURM_CROSS_B_TO_A,Turmeric Plant Disease Dataset Advancing AI (Original),Image Dataset for Turmeric Plant Leaf Disease Detection,TURM_03869,DATASET/Image Dataset for Turmeric Plant Leaf Disease Detection.zip#Image Dataset for Turmeric Plant Leaf Disease Detection/Original DataSet/Blotch/blotch_(236).jpg,Leaf Blotch,True,EVALUATE_SHARED,
TURM_CROSS_B_TO_A,Turmeric Plant Disease Dataset Advancing AI (Original),Image Dataset for Turmeric Plant Leaf Disease Detection,TURM_03870,DATASET/Image Dataset for Turmeric Plant Leaf Disease Detection.zip#Image Dataset for Turmeric Plant Leaf Disease Detection/Original DataSet/Blotch/blotch_(237).jpg,Leaf Blotch,True,EVALUATE_SHARED,
TURM_CROSS_B_TO_A,Turmeric Plant Disease Dataset Advancing AI (Original),Image Dataset for Turmeric Plant Leaf Disease Detection,TURM_03871,DATASET/Image Dataset for Turmeric Plant Leaf Disease Detection.zip#Image Dataset for Turmeric Plant Leaf Disease Detection/Original DataSet/Blotch/blotch_(235).jpg,Leaf Blotch,True,EVALUATE_SHARED,
TURM_CROSS_B_TO_A,Turmeric Plant Disease Dataset Advancing AI (Original),Image Dataset for Turmeric Plant Leaf Disease Detection,TURM_03872,DATASET/Image Dataset for Turmeric Plant Leaf Disease Detection.zip#Image Dataset for Turmeric Plant Leaf Disease Detection/Original DataSet/Blotch/blotch_(238).jpg,Leaf Blotch,True,EVALUATE_SHARED,
TURM_CROSS_B_TO_A,Turmeric Plant Disease Dataset Advancing AI (Original),Image Dataset for Turmeric Plant Leaf Disease Detection,TURM_03873,DATASET/Image Dataset for Turmeric Plant Leaf Disease Detection.zip#Image Dataset for Turmeric Plant Leaf Disease Detection/Original DataSet/Blotch/blotch_(24).jpg,Leaf Blotch,True,EVALUATE_SHARED,
TURM_CROSS_B_TO_A,Turmeric Plant Disease Dataset Advancing AI (Original),Image Dataset for Turmeric Plant Leaf Disease Detection,TURM_03874,DATASET/Image Dataset for Turmeric Plant Leaf Disease Detection.zip#Image Dataset for Turmeric Plant Leaf Disease Detection/Original DataSet/Blotch/blotch_(25).jpg,Leaf Blotch,True,EVALUATE_SHARED,
TURM_CROSS_B_TO_A,Turmeric Plant Disease Dataset Advancing AI (Original),Image Dataset for Turmeric Plant Leaf Disease Detection,TURM_03875,DATASET/Image Dataset for Turmeric Plant Leaf Disease Detection.zip#Image Dataset for Turmeric Plant Leaf Disease Detection/Original DataSet/Blotch/blotch_(26).jpg,Leaf Blotch,True,EVALUATE_SHARED,
TURM_CROSS_B_TO_A,Turmeric Plant Disease Dataset Advancing AI (Original),Image Dataset for Turmeric Plant Leaf Disease Detection,TURM_03876,DATASET/Image Dataset for Turmeric Plant Leaf Disease Detection.zip#Image Dataset for Turmeric Plant Leaf Disease Detection/Original DataSet/Blotch/blotch_(28).jpg,Leaf Blotch,True,EVALUATE_SHARED,
TURM_CROSS_B_TO_A,Turmeric Plant Disease Dataset Advancing AI (Original),Image Dataset for Turmeric Plant Leaf Disease Detection,TURM_03877,DATASET/Image Dataset for Turmeric Plant Leaf Disease Detection.zip#Image Dataset for Turmeric Plant Leaf Disease Detection/Original DataSet/Blotch/blotch_(27).jpg,Leaf Blotch,True,EVALUATE_SHARED,
TURM_CROSS_B_TO_A,Turmeric Plant Disease Dataset Advancing AI (Original),Image Dataset for Turmeric Plant Leaf Disease Detection,TURM_03878,DATASET/Image Dataset for Turmeric Plant Leaf Disease Detection.zip#Image Dataset for Turmeric Plant Leaf Disease Detection/Original DataSet/Blotch/blotch_(29).jpg,Leaf Blotch,True,EVALUATE_SHARED,
TURM_CROSS_B_TO_A,Turmeric Plant Disease Dataset Advancing AI (Original),Image Dataset for Turmeric Plant Leaf Disease Detection,TURM_03879,DATASET/Image Dataset for Turmeric Plant Leaf Disease Detection.zip#Image Dataset for Turmeric Plant Leaf Disease Detection/Original DataSet/Blotch/blotch_(31).jpg,Leaf Blotch,True,EVALUATE_SHARED,
TURM_CROSS_B_TO_A,Turmeric Plant Disease Dataset Advancing AI (Original),Image Dataset for Turmeric Plant Leaf Disease Detection,TURM_03880,DATASET/Image Dataset for Turmeric Plant Leaf Disease Detection.zip#Image Dataset for Turmeric Plant Leaf Disease Detection/Original DataSet/Blotch/blotch_(30).jpg,Leaf Blotch,True,EVALUATE_SHARED,
TURM_CROSS_B_TO_A,Turmeric Plant Disease Dataset Advancing AI (Original),Image Dataset for Turmeric Plant Leaf Disease Detection,TURM_03881,DATASET/Image Dataset for Turmeric Plant Leaf Disease Detection.zip#Image Dataset for Turmeric Plant Leaf Disease Detection/Original DataSet/Blotch/blotch_(32).jpg,Leaf Blotch,True,EVALUATE_SHARED,
TURM_CROSS_B_TO_A,Turmeric Plant Disease Dataset Advancing AI (Original),Image Dataset for Turmeric Plant Leaf Disease Detection,TURM_03882,DATASET/Image Dataset for Turmeric Plant Leaf Disease Detection.zip#Image Dataset for Turmeric Plant Leaf Disease Detection/Original DataSet/Blotch/blotch_(3).jpg,Leaf Blotch,True,EVALUATE_SHARED,
TURM_CROSS_B_TO_A,Turmeric Plant Disease Dataset Advancing AI (Original),Image Dataset for Turmeric Plant Leaf Disease Detection,TURM_03883,DATASET/Image Dataset for Turmeric Plant Leaf Disease Detection.zip#Image Dataset for Turmeric Plant Leaf Disease Detection/Original DataSet/Blotch/blotch_(33).jpg,Leaf Blotch,True,EVALUATE_SHARED,
TURM_CROSS_B_TO_A,Turmeric Plant Disease Dataset Advancing AI (Original),Image Dataset for Turmeric Plant Leaf Disease Detection,TURM_03884,DATASET/Image Dataset for Turmeric Plant Leaf Disease Detection.zip#Image Dataset for Turmeric Plant Leaf Disease Detection/Original DataSet/Blotch/blotch_(34).jpg,Leaf Blotch,True,EVALUATE_SHARED,
TURM_CROSS_B_TO_A,Turmeric Plant Disease Dataset Advancing AI (Original),Image Dataset for Turmeric Plant Leaf Disease Detection,TURM_03885,DATASET/Image Dataset for Turmeric Plant Leaf Disease Detection.zip#Image Dataset for Turmeric Plant Leaf Disease Detection/Original DataSet/Blotch/blotch_(35).jpg,Leaf Blotch,True,EVALUATE_SHARED,
TURM_CROSS_B_TO_A,Turmeric Plant Disease Dataset Advancing AI (Original),Image Dataset for Turmeric Plant Leaf Disease Detection,TURM_03886,DATASET/Image Dataset for Turmeric Plant Leaf Disease Detection.zip#Image Dataset for Turmeric Plant Leaf Disease Detection/Original DataSet/Blotch/blotch_(36).jpg,Leaf Blotch,True,EVALUATE_SHARED,
TURM_CROSS_B_TO_A,Turmeric Plant Disease Dataset Advancing AI (Original),Image Dataset for Turmeric Plant Leaf Disease Detection,TURM_03887,DATASET/Image Dataset for Turmeric Plant Leaf Disease Detection.zip#Image Dataset for Turmeric Plant Leaf Disease Detection/Original DataSet/Blotch/blotch_(37).jpg,Leaf Blotch,True,EVALUATE_SHARED,
TURM_CROSS_B_TO_A,Turmeric Plant Disease Dataset Advancing AI (Original),Image Dataset for Turmeric Plant Leaf Disease Detection,TURM_03888,DATASET/Image Dataset for Turmeric Plant Leaf Disease Detection.zip#Image Dataset for Turmeric Plant Leaf Disease Detection/Original DataSet/Blotch/blotch_(38).jpg,Leaf Blotch,True,EVALUATE_SHARED,
TURM_CROSS_B_TO_A,Turmeric Plant Disease Dataset Advancing AI (Original),Image Dataset for Turmeric Plant Leaf Disease Detection,TURM_03889,DATASET/Image Dataset for Turmeric Plant Leaf Disease Detection.zip#Image Dataset for Turmeric Plant Leaf Disease Detection/Original DataSet/Blotch/blotch_(39).jpg,Leaf Blotch,True,EVALUATE_SHARED,
TURM_CROSS_B_TO_A,Turmeric Plant Disease Dataset Advancing AI (Original),Image Dataset for Turmeric Plant Leaf Disease Detection,TURM_03890,DATASET/Image Dataset for Turmeric Plant Leaf Disease Detection.zip#Image Dataset for Turmeric Plant Leaf Disease Detection/Original DataSet/Blotch/blotch_(4).jpg,Leaf Blotch,True,EVALUATE_SHARED,
TURM_CROSS_B_TO_A,Turmeric Plant Disease Dataset Advancing AI (Original),Image Dataset for Turmeric Plant Leaf Disease Detection,TURM_03891,DATASET/Image Dataset for Turmeric Plant Leaf Disease Detection.zip#Image Dataset for Turmeric Plant Leaf Disease Detection/Original DataSet/Blotch/blotch_(40).jpg,Leaf Blotch,True,EVALUATE_SHARED,
TURM_CROSS_B_TO_A,Turmeric Plant Disease Dataset Advancing AI (Original),Image Dataset for Turmeric Plant Leaf Disease Detection,TURM_03892,DATASET/Image Dataset for Turmeric Plant Leaf Disease Detection.zip#Image Dataset for Turmeric Plant Leaf Disease Detection/Original DataSet/Blotch/blotch_(42).jpg,Leaf Blotch,True,EVALUATE_SHARED,
TURM_CROSS_B_TO_A,Turmeric Plant Disease Dataset Advancing AI (Original),Image Dataset for Turmeric Plant Leaf Disease Detection,TURM_03893,DATASET/Image Dataset for Turmeric Plant Leaf Disease Detection.zip#Image Dataset for Turmeric Plant Leaf Disease Detection/Original DataSet/Blotch/blotch_(41).jpg,Leaf Blotch,True,EVALUATE_SHARED,
TURM_CROSS_B_TO_A,Turmeric Plant Disease Dataset Advancing AI (Original),Image Dataset for Turmeric Plant Leaf Disease Detection,TURM_03894,DATASET/Image Dataset for Turmeric Plant Leaf Disease Detection.zip#Image Dataset for Turmeric Plant Leaf Disease Detection/Original DataSet/Blotch/blotch_(43).jpg,Leaf Blotch,True,EVALUATE_SHARED,
TURM_CROSS_B_TO_A,Turmeric Plant Disease Dataset Advancing AI (Original),Image Dataset for Turmeric Plant Leaf Disease Detection,TURM_03895,DATASET/Image Dataset for Turmeric Plant Leaf Disease Detection.zip#Image Dataset for Turmeric Plant Leaf Disease Detection/Original DataSet/Blotch/blotch_(44).jpg,Leaf Blotch,True,EVALUATE_SHARED,
TURM_CROSS_B_TO_A,Turmeric Plant Disease Dataset Advancing AI (Original),Image Dataset for Turmeric Plant Leaf Disease Detection,TURM_03896,DATASET/Image Dataset for Turmeric Plant Leaf Disease Detection.zip#Image Dataset for Turmeric Plant Leaf Disease Detection/Original DataSet/Blotch/blotch_(45).jpg,Leaf Blotch,True,EVALUATE_SHARED,
TURM_CROSS_B_TO_A,Turmeric Plant Disease Dataset Advancing AI (Original),Image Dataset for Turmeric Plant Leaf Disease Detection,TURM_03897,DATASET/Image Dataset for Turmeric Plant Leaf Disease Detection.zip#Image Dataset for Turmeric Plant Leaf Disease Detection/Original DataSet/Blotch/blotch_(46).jpg,Leaf Blotch,True,EVALUATE_SHARED,
TURM_CROSS_B_TO_A,Turmeric Plant Disease Dataset Advancing AI (Original),Image Dataset for Turmeric Plant Leaf Disease Detection,TURM_03898,DATASET/Image Dataset for Turmeric Plant Leaf Disease Detection.zip#Image Dataset for Turmeric Plant Leaf Disease Detection/Original DataSet/Blotch/blotch_(47).jpg,Leaf Blotch,True,EVALUATE_SHARED,
TURM_CROSS_B_TO_A,Turmeric Plant Disease Dataset Advancing AI (Original),Image Dataset for Turmeric Plant Leaf Disease Detection,TURM_03899,DATASET/Image Dataset for Turmeric Plant Leaf Disease Detection.zip#Image Dataset for Turmeric Plant Leaf Disease Detection/Original DataSet/Blotch/blotch_(48).jpg,Leaf Blotch,True,EVALUATE_SHARED,
TURM_CROSS_B_TO_A,Turmeric Plant Disease Dataset Advancing AI (Original),Image Dataset for Turmeric Plant Leaf Disease Detection,TURM_03900,DATASET/Image Dataset for Turmeric Plant Leaf Disease Detection.zip#Image Dataset for Turmeric Plant Leaf Disease Detection/Original DataSet/Blotch/blotch_(5).jpg,Leaf Blotch,True,EVALUATE_SHARED,
TURM_CROSS_B_TO_A,Turmeric Plant Disease Dataset Advancing AI (Original),Image Dataset for Turmeric Plant Leaf Disease Detection,TURM_03901,DATASET/Image Dataset for Turmeric Plant Leaf Disease Detection.zip#Image Dataset for Turmeric Plant Leaf Disease Detection/Original DataSet/Blotch/blotch_(49).jpg,Leaf Blotch,True,EVALUATE_SHARED,
TURM_CROSS_B_TO_A,Turmeric Plant Disease Dataset Advancing AI (Original),Image Dataset for Turmeric Plant Leaf Disease Detection,TURM_03902,DATASET/Image Dataset for Turmeric Plant Leaf Disease Detection.zip#Image Dataset for Turmeric Plant Leaf Disease Detection/Original DataSet/Blotch/blotch_(50).jpg,Leaf Blotch,True,EVALUATE_SHARED,
TURM_CROSS_B_TO_A,Turmeric Plant Disease Dataset Advancing AI (Original),Image Dataset for Turmeric Plant Leaf Disease Detection,TURM_03903,DATASET/Image Dataset for Turmeric Plant Leaf Disease Detection.zip#Image Dataset for Turmeric Plant Leaf Disease Detection/Original DataSet/Blotch/blotch_(51).jpg,Leaf Blotch,True,EVALUATE_SHARED,
TURM_CROSS_B_TO_A,Turmeric Plant Disease Dataset Advancing AI (Original),Image Dataset for Turmeric Plant Leaf Disease Detection,TURM_03904,DATASET/Image Dataset for Turmeric Plant Leaf Disease Detection.zip#Image Dataset for Turmeric Plant Leaf Disease Detection/Original DataSet/Blotch/blotch_(52).jpg,Leaf Blotch,True,EVALUATE_SHARED,
TURM_CROSS_B_TO_A,Turmeric Plant Disease Dataset Advancing AI (Original),Image Dataset for Turmeric Plant Leaf Disease Detection,TURM_03905,DATASET/Image Dataset for Turmeric Plant Leaf Disease Detection.zip#Image Dataset for Turmeric Plant Leaf Disease Detection/Original DataSet/Blotch/blotch_(54).jpg,Leaf Blotch,True,EVALUATE_SHARED,
TURM_CROSS_B_TO_A,Turmeric Plant Disease Dataset Advancing AI (Original),Image Dataset for Turmeric Plant Leaf Disease Detection,TURM_03906,DATASET/Image Dataset for Turmeric Plant Leaf Disease Detection.zip#Image Dataset for Turmeric Plant Leaf Disease Detection/Original DataSet/Blotch/blotch_(55).jpg,Leaf Blotch,True,EVALUATE_SHARED,
TURM_CROSS_B_TO_A,Turmeric Plant Disease Dataset Advancing AI (Original),Image Dataset for Turmeric Plant Leaf Disease Detection,TURM_03907,DATASET/Image Dataset for Turmeric Plant Leaf Disease Detection.zip#Image Dataset for Turmeric Plant Leaf Disease Detection/Original DataSet/Blotch/blotch_(53).jpg,Leaf Blotch,True,EVALUATE_SHARED,
TURM_CROSS_B_TO_A,Turmeric Plant Disease Dataset Advancing AI (Original),Image Dataset for Turmeric Plant Leaf Disease Detection,TURM_03908,DATASET/Image Dataset for Turmeric Plant Leaf Disease Detection.zip#Image Dataset for Turmeric Plant Leaf Disease Detection/Original DataSet/Blotch/blotch_(56).jpg,Leaf Blotch,True,EVALUATE_SHARED,
TURM_CROSS_B_TO_A,Turmeric Plant Disease Dataset Advancing AI (Original),Image Dataset for Turmeric Plant Leaf Disease Detection,TURM_03909,DATASET/Image Dataset for Turmeric Plant Leaf Disease Detection.zip#Image Dataset for Turmeric Plant Leaf Disease Detection/Original DataSet/Blotch/blotch_(57).jpg,Leaf Blotch,True,EVALUATE_SHARED,
TURM_CROSS_B_TO_A,Turmeric Plant Disease Dataset Advancing AI (Original),Image Dataset for Turmeric Plant Leaf Disease Detection,TURM_03910,DATASET/Image Dataset for Turmeric Plant Leaf Disease Detection.zip#Image Dataset for Turmeric Plant Leaf Disease Detection/Original DataSet/Blotch/blotch_(59).jpg,Leaf Blotch,True,EVALUATE_SHARED,
TURM_CROSS_B_TO_A,Turmeric Plant Disease Dataset Advancing AI (Original),Image Dataset for Turmeric Plant Leaf Disease Detection,TURM_03911,DATASET/Image Dataset for Turmeric Plant Leaf Disease Detection.zip#Image Dataset for Turmeric Plant Leaf Disease Detection/Original DataSet/Blotch/blotch_(58).jpg,Leaf Blotch,True,EVALUATE_SHARED,
TURM_CROSS_B_TO_A,Turmeric Plant Disease Dataset Advancing AI (Original),Image Dataset for Turmeric Plant Leaf Disease Detection,TURM_03912,DATASET/Image Dataset for Turmeric Plant Leaf Disease Detection.zip#Image Dataset for Turmeric Plant Leaf Disease Detection/Original DataSet/Blotch/blotch_(6).jpg,Leaf Blotch,True,EVALUATE_SHARED,
TURM_CROSS_B_TO_A,Turmeric Plant Disease Dataset Advancing AI (Original),Image Dataset for Turmeric Plant Leaf Disease Detection,TURM_03913,DATASET/Image Dataset for Turmeric Plant Leaf Disease Detection.zip#Image Dataset for Turmeric Plant Leaf Disease Detection/Original DataSet/Blotch/blotch_(60).jpg,Leaf Blotch,True,EVALUATE_SHARED,
TURM_CROSS_B_TO_A,Turmeric Plant Disease Dataset Advancing AI (Original),Image Dataset for Turmeric Plant Leaf Disease Detection,TURM_03914,DATASET/Image Dataset for Turmeric Plant Leaf Disease Detection.zip#Image Dataset for Turmeric Plant Leaf Disease Detection/Original DataSet/Blotch/blotch_(62).jpg,Leaf Blotch,True,EVALUATE_SHARED,
TURM_CROSS_B_TO_A,Turmeric Plant Disease Dataset Advancing AI (Original),Image Dataset for Turmeric Plant Leaf Disease Detection,TURM_03915,DATASET/Image Dataset for Turmeric Plant Leaf Disease Detection.zip#Image Dataset for Turmeric Plant Leaf Disease Detection/Original DataSet/Blotch/blotch_(61).jpg,Leaf Blotch,True,EVALUATE_SHARED,
TURM_CROSS_B_TO_A,Turmeric Plant Disease Dataset Advancing AI (Original),Image Dataset for Turmeric Plant Leaf Disease Detection,TURM_03916,DATASET/Image Dataset for Turmeric Plant Leaf Disease Detection.zip#Image Dataset for Turmeric Plant Leaf Disease Detection/Original DataSet/Blotch/blotch_(63).jpg,Leaf Blotch,True,EVALUATE_SHARED,
TURM_CROSS_B_TO_A,Turmeric Plant Disease Dataset Advancing AI (Original),Image Dataset for Turmeric Plant Leaf Disease Detection,TURM_03917,DATASET/Image Dataset for Turmeric Plant Leaf Disease Detection.zip#Image Dataset for Turmeric Plant Leaf Disease Detection/Original DataSet/Blotch/blotch_(64).jpg,Leaf Blotch,True,EVALUATE_SHARED,
TURM_CROSS_B_TO_A,Turmeric Plant Disease Dataset Advancing AI (Original),Image Dataset for Turmeric Plant Leaf Disease Detection,TURM_03918,DATASET/Image Dataset for Turmeric Plant Leaf Disease Detection.zip#Image Dataset for Turmeric Plant Leaf Disease Detection/Original DataSet/Blotch/blotch_(65).jpg,Leaf Blotch,True,EVALUATE_SHARED,
TURM_CROSS_B_TO_A,Turmeric Plant Disease Dataset Advancing AI (Original),Image Dataset for Turmeric Plant Leaf Disease Detection,TURM_03919,DATASET/Image Dataset for Turmeric Plant Leaf Disease Detection.zip#Image Dataset for Turmeric Plant Leaf Disease Detection/Original DataSet/Blotch/blotch_(66).jpg,Leaf Blotch,True,EVALUATE_SHARED,
TURM_CROSS_B_TO_A,Turmeric Plant Disease Dataset Advancing AI (Original),Image Dataset for Turmeric Plant Leaf Disease Detection,TURM_03920,DATASET/Image Dataset for Turmeric Plant Leaf Disease Detection.zip#Image Dataset for Turmeric Plant Leaf Disease Detection/Original DataSet/Blotch/blotch_(67).jpg,Leaf Blotch,True,EVALUATE_SHARED,
TURM_CROSS_B_TO_A,Turmeric Plant Disease Dataset Advancing AI (Original),Image Dataset for Turmeric Plant Leaf Disease Detection,TURM_03921,DATASET/Image Dataset for Turmeric Plant Leaf Disease Detection.zip#Image Dataset for Turmeric Plant Leaf Disease Detection/Original DataSet/Blotch/blotch_(68).jpg,Leaf Blotch,True,EVALUATE_SHARED,
TURM_CROSS_B_TO_A,Turmeric Plant Disease Dataset Advancing AI (Original),Image Dataset for Turmeric Plant Leaf Disease Detection,TURM_03922,DATASET/Image Dataset for Turmeric Plant Leaf Disease Detection.zip#Image Dataset for Turmeric Plant Leaf Disease Detection/Original DataSet/Blotch/blotch_(69).jpg,Leaf Blotch,True,EVALUATE_SHARED,
TURM_CROSS_B_TO_A,Turmeric Plant Disease Dataset Advancing AI (Original),Image Dataset for Turmeric Plant Leaf Disease Detection,TURM_03923,DATASET/Image Dataset for Turmeric Plant Leaf Disease Detection.zip#Image Dataset for Turmeric Plant Leaf Disease Detection/Original DataSet/Blotch/blotch_(7).jpg,Leaf Blotch,True,EVALUATE_SHARED,
TURM_CROSS_B_TO_A,Turmeric Plant Disease Dataset Advancing AI (Original),Image Dataset for Turmeric Plant Leaf Disease Detection,TURM_03924,DATASET/Image Dataset for Turmeric Plant Leaf Disease Detection.zip#Image Dataset for Turmeric Plant Leaf Disease Detection/Original DataSet/Blotch/blotch_(70).jpg,Leaf Blotch,True,EVALUATE_SHARED,
TURM_CROSS_B_TO_A,Turmeric Plant Disease Dataset Advancing AI (Original),Image Dataset for Turmeric Plant Leaf Disease Detection,TURM_03925,DATASET/Image Dataset for Turmeric Plant Leaf Disease Detection.zip#Image Dataset for Turmeric Plant Leaf Disease Detection/Original DataSet/Blotch/blotch_(72).jpg,Leaf Blotch,True,EVALUATE_SHARED,
TURM_CROSS_B_TO_A,Turmeric Plant Disease Dataset Advancing AI (Original),Image Dataset for Turmeric Plant Leaf Disease Detection,TURM_03926,DATASET/Image Dataset for Turmeric Plant Leaf Disease Detection.zip#Image Dataset for Turmeric Plant Leaf Disease Detection/Original DataSet/Blotch/blotch_(71).jpg,Leaf Blotch,True,EVALUATE_SHARED,
TURM_CROSS_B_TO_A,Turmeric Plant Disease Dataset Advancing AI (Original),Image Dataset for Turmeric Plant Leaf Disease Detection,TURM_03927,DATASET/Image Dataset for Turmeric Plant Leaf Disease Detection.zip#Image Dataset for Turmeric Plant Leaf Disease Detection/Original DataSet/Blotch/blotch_(73).jpg,Leaf Blotch,True,EVALUATE_SHARED,
TURM_CROSS_B_TO_A,Turmeric Plant Disease Dataset Advancing AI (Original),Image Dataset for Turmeric Plant Leaf Disease Detection,TURM_03928,DATASET/Image Dataset for Turmeric Plant Leaf Disease Detection.zip#Image Dataset for Turmeric Plant Leaf Disease Detection/Original DataSet/Blotch/blotch_(74).jpg,Leaf Blotch,True,EVALUATE_SHARED,
TURM_CROSS_B_TO_A,Turmeric Plant Disease Dataset Advancing AI (Original),Image Dataset for Turmeric Plant Leaf Disease Detection,TURM_03929,DATASET/Image Dataset for Turmeric Plant Leaf Disease Detection.zip#Image Dataset for Turmeric Plant Leaf Disease Detection/Original DataSet/Blotch/blotch_(75).jpg,Leaf Blotch,True,EVALUATE_SHARED,
TURM_CROSS_B_TO_A,Turmeric Plant Disease Dataset Advancing AI (Original),Image Dataset for Turmeric Plant Leaf Disease Detection,TURM_03930,DATASET/Image Dataset for Turmeric Plant Leaf Disease Detection.zip#Image Dataset for Turmeric Plant Leaf Disease Detection/Original DataSet/Blotch/blotch_(76).jpg,Leaf Blotch,True,EVALUATE_SHARED,
TURM_CROSS_B_TO_A,Turmeric Plant Disease Dataset Advancing AI (Original),Image Dataset for Turmeric Plant Leaf Disease Detection,TURM_03931,DATASET/Image Dataset for Turmeric Plant Leaf Disease Detection.zip#Image Dataset for Turmeric Plant Leaf Disease Detection/Original DataSet/Blotch/blotch_(77).jpg,Leaf Blotch,True,EVALUATE_SHARED,
TURM_CROSS_B_TO_A,Turmeric Plant Disease Dataset Advancing AI (Original),Image Dataset for Turmeric Plant Leaf Disease Detection,TURM_03932,DATASET/Image Dataset for Turmeric Plant Leaf Disease Detection.zip#Image Dataset for Turmeric Plant Leaf Disease Detection/Original DataSet/Blotch/blotch_(78).jpg,Leaf Blotch,True,EVALUATE_SHARED,
TURM_CROSS_B_TO_A,Turmeric Plant Disease Dataset Advancing AI (Original),Image Dataset for Turmeric Plant Leaf Disease Detection,TURM_03933,DATASET/Image Dataset for Turmeric Plant Leaf Disease Detection.zip#Image Dataset for Turmeric Plant Leaf Disease Detection/Original DataSet/Blotch/blotch_(79).jpg,Leaf Blotch,True,EVALUATE_SHARED,
TURM_CROSS_B_TO_A,Turmeric Plant Disease Dataset Advancing AI (Original),Image Dataset for Turmeric Plant Leaf Disease Detection,TURM_03934,DATASET/Image Dataset for Turmeric Plant Leaf Disease Detection.zip#Image Dataset for Turmeric Plant Leaf Disease Detection/Original DataSet/Blotch/blotch_(81).jpg,Leaf Blotch,True,EVALUATE_SHARED,
TURM_CROSS_B_TO_A,Turmeric Plant Disease Dataset Advancing AI (Original),Image Dataset for Turmeric Plant Leaf Disease Detection,TURM_03935,DATASET/Image Dataset for Turmeric Plant Leaf Disease Detection.zip#Image Dataset for Turmeric Plant Leaf Disease Detection/Original DataSet/Blotch/blotch_(80).jpg,Leaf Blotch,True,EVALUATE_SHARED,
TURM_CROSS_B_TO_A,Turmeric Plant Disease Dataset Advancing AI (Original),Image Dataset for Turmeric Plant Leaf Disease Detection,TURM_03936,DATASET/Image Dataset for Turmeric Plant Leaf Disease Detection.zip#Image Dataset for Turmeric Plant Leaf Disease Detection/Original DataSet/Blotch/blotch_(8).jpg,Leaf Blotch,True,EVALUATE_SHARED,
TURM_CROSS_B_TO_A,Turmeric Plant Disease Dataset Advancing AI (Original),Image Dataset for Turmeric Plant Leaf Disease Detection,TURM_03937,DATASET/Image Dataset for Turmeric Plant Leaf Disease Detection.zip#Image Dataset for Turmeric Plant Leaf Disease Detection/Original DataSet/Blotch/blotch_(82).jpg,Leaf Blotch,True,EVALUATE_SHARED,
TURM_CROSS_B_TO_A,Turmeric Plant Disease Dataset Advancing AI (Original),Image Dataset for Turmeric Plant Leaf Disease Detection,TURM_03938,DATASET/Image Dataset for Turmeric Plant Leaf Disease Detection.zip#Image Dataset for Turmeric Plant Leaf Disease Detection/Original DataSet/Blotch/blotch_(83).jpg,Leaf Blotch,True,EVALUATE_SHARED,
TURM_CROSS_B_TO_A,Turmeric Plant Disease Dataset Advancing AI (Original),Image Dataset for Turmeric Plant Leaf Disease Detection,TURM_03939,DATASET/Image Dataset for Turmeric Plant Leaf Disease Detection.zip#Image Dataset for Turmeric Plant Leaf Disease Detection/Original DataSet/Blotch/blotch_(84).jpg,Leaf Blotch,True,EVALUATE_SHARED,
TURM_CROSS_B_TO_A,Turmeric Plant Disease Dataset Advancing AI (Original),Image Dataset for Turmeric Plant Leaf Disease Detection,TURM_03940,DATASET/Image Dataset for Turmeric Plant Leaf Disease Detection.zip#Image Dataset for Turmeric Plant Leaf Disease Detection/Original DataSet/Blotch/blotch_(85).jpg,Leaf Blotch,True,EVALUATE_SHARED,
TURM_CROSS_B_TO_A,Turmeric Plant Disease Dataset Advancing AI (Original),Image Dataset for Turmeric Plant Leaf Disease Detection,TURM_03941,DATASET/Image Dataset for Turmeric Plant Leaf Disease Detection.zip#Image Dataset for Turmeric Plant Leaf Disease Detection/Original DataSet/Blotch/blotch_(86).jpg,Leaf Blotch,True,EVALUATE_SHARED,
TURM_CROSS_B_TO_A,Turmeric Plant Disease Dataset Advancing AI (Original),Image Dataset for Turmeric Plant Leaf Disease Detection,TURM_03942,DATASET/Image Dataset for Turmeric Plant Leaf Disease Detection.zip#Image Dataset for Turmeric Plant Leaf Disease Detection/Original DataSet/Blotch/blotch_(87).jpg,Leaf Blotch,True,EVALUATE_SHARED,
TURM_CROSS_B_TO_A,Turmeric Plant Disease Dataset Advancing AI (Original),Image Dataset for Turmeric Plant Leaf Disease Detection,TURM_03943,DATASET/Image Dataset for Turmeric Plant Leaf Disease Detection.zip#Image Dataset for Turmeric Plant Leaf Disease Detection/Original DataSet/Blotch/blotch_(88).jpg,Leaf Blotch,True,EVALUATE_SHARED,
TURM_CROSS_B_TO_A,Turmeric Plant Disease Dataset Advancing AI (Original),Image Dataset for Turmeric Plant Leaf Disease Detection,TURM_03944,DATASET/Image Dataset for Turmeric Plant Leaf Disease Detection.zip#Image Dataset for Turmeric Plant Leaf Disease Detection/Original DataSet/Blotch/blotch_(89).jpg,Leaf Blotch,True,EVALUATE_SHARED,
TURM_CROSS_B_TO_A,Turmeric Plant Disease Dataset Advancing AI (Original),Image Dataset for Turmeric Plant Leaf Disease Detection,TURM_03945,DATASET/Image Dataset for Turmeric Plant Leaf Disease Detection.zip#Image Dataset for Turmeric Plant Leaf Disease Detection/Original DataSet/Blotch/blotch_(9).jpg,Leaf Blotch,True,EVALUATE_SHARED,
TURM_CROSS_B_TO_A,Turmeric Plant Disease Dataset Advancing AI (Original),Image Dataset for Turmeric Plant Leaf Disease Detection,TURM_03946,DATASET/Image Dataset for Turmeric Plant Leaf Disease Detection.zip#Image Dataset for Turmeric Plant Leaf Disease Detection/Original DataSet/Blotch/blotch_(90).jpg,Leaf Blotch,True,EVALUATE_SHARED,
TURM_CROSS_B_TO_A,Turmeric Plant Disease Dataset Advancing AI (Original),Image Dataset for Turmeric Plant Leaf Disease Detection,TURM_03947,DATASET/Image Dataset for Turmeric Plant Leaf Disease Detection.zip#Image Dataset for Turmeric Plant Leaf Disease Detection/Original DataSet/Blotch/blotch_(91).jpg,Leaf Blotch,True,EVALUATE_SHARED,
TURM_CROSS_B_TO_A,Turmeric Plant Disease Dataset Advancing AI (Original),Image Dataset for Turmeric Plant Leaf Disease Detection,TURM_03948,DATASET/Image Dataset for Turmeric Plant Leaf Disease Detection.zip#Image Dataset for Turmeric Plant Leaf Disease Detection/Original DataSet/Blotch/blotch_(92).jpg,Leaf Blotch,True,EVALUATE_SHARED,
TURM_CROSS_B_TO_A,Turmeric Plant Disease Dataset Advancing AI (Original),Image Dataset for Turmeric Plant Leaf Disease Detection,TURM_03949,DATASET/Image Dataset for Turmeric Plant Leaf Disease Detection.zip#Image Dataset for Turmeric Plant Leaf Disease Detection/Original DataSet/Blotch/blotch_(93).jpg,Leaf Blotch,True,EVALUATE_SHARED,
TURM_CROSS_B_TO_A,Turmeric Plant Disease Dataset Advancing AI (Original),Image Dataset for Turmeric Plant Leaf Disease Detection,TURM_03950,DATASET/Image Dataset for Turmeric Plant Leaf Disease Detection.zip#Image Dataset for Turmeric Plant Leaf Disease Detection/Original DataSet/Blotch/blotch_(94).jpg,Leaf Blotch,True,EVALUATE_SHARED,
TURM_CROSS_B_TO_A,Turmeric Plant Disease Dataset Advancing AI (Original),Image Dataset for Turmeric Plant Leaf Disease Detection,TURM_03951,DATASET/Image Dataset for Turmeric Plant Leaf Disease Detection.zip#Image Dataset for Turmeric Plant Leaf Disease Detection/Original DataSet/Blotch/blotch_(95).jpg,Leaf Blotch,True,EVALUATE_SHARED,
TURM_CROSS_B_TO_A,Turmeric Plant Disease Dataset Advancing AI (Original),Image Dataset for Turmeric Plant Leaf Disease Detection,TURM_03952,DATASET/Image Dataset for Turmeric Plant Leaf Disease Detection.zip#Image Dataset for Turmeric Plant Leaf Disease Detection/Original DataSet/Blotch/blotch_(96).jpg,Leaf Blotch,True,EVALUATE_SHARED,
TURM_CROSS_B_TO_A,Turmeric Plant Disease Dataset Advancing AI (Original),Image Dataset for Turmeric Plant Leaf Disease Detection,TURM_03953,DATASET/Image Dataset for Turmeric Plant Leaf Disease Detection.zip#Image Dataset for Turmeric Plant Leaf Disease Detection/Original DataSet/Blotch/blotch_(97).jpg,Leaf Blotch,True,EVALUATE_SHARED,
TURM_CROSS_B_TO_A,Turmeric Plant Disease Dataset Advancing AI (Original),Image Dataset for Turmeric Plant Leaf Disease Detection,TURM_03954,DATASET/Image Dataset for Turmeric Plant Leaf Disease Detection.zip#Image Dataset for Turmeric Plant Leaf Disease Detection/Original DataSet/Blotch/blotch_(98).jpg,Leaf Blotch,True,EVALUATE_SHARED,
TURM_CROSS_B_TO_A,Turmeric Plant Disease Dataset Advancing AI (Original),Image Dataset for Turmeric Plant Leaf Disease Detection,TURM_03955,DATASET/Image Dataset for Turmeric Plant Leaf Disease Detection.zip#Image Dataset for Turmeric Plant Leaf Disease Detection/Original DataSet/Blotch/blotch_(99).jpg,Leaf Blotch,True,EVALUATE_SHARED,
TURM_CROSS_B_TO_A,Turmeric Plant Disease Dataset Advancing AI (Original),Image Dataset for Turmeric Plant Leaf Disease Detection,TURM_03956,DATASET/Image Dataset for Turmeric Plant Leaf Disease Detection.zip#Image Dataset for Turmeric Plant Leaf Disease Detection/Original DataSet/Healthy_Leaf/healthy_(1).jpg,Healthy,True,EVALUATE_SHARED,
TURM_CROSS_B_TO_A,Turmeric Plant Disease Dataset Advancing AI (Original),Image Dataset for Turmeric Plant Leaf Disease Detection,TURM_03957,DATASET/Image Dataset for Turmeric Plant Leaf Disease Detection.zip#Image Dataset for Turmeric Plant Leaf Disease Detection/Original DataSet/Healthy_Leaf/healthy_(10).jpg,Healthy,True,EVALUATE_SHARED,
TURM_CROSS_B_TO_A,Turmeric Plant Disease Dataset Advancing AI (Original),Image Dataset for Turmeric Plant Leaf Disease Detection,TURM_03958,DATASET/Image Dataset for Turmeric Plant Leaf Disease Detection.zip#Image Dataset for Turmeric Plant Leaf Disease Detection/Original DataSet/Healthy_Leaf/healthy_(101).jpg,Healthy,True,EVALUATE_SHARED,
TURM_CROSS_B_TO_A,Turmeric Plant Disease Dataset Advancing AI (Original),Image Dataset for Turmeric Plant Leaf Disease Detection,TURM_03959,DATASET/Image Dataset for Turmeric Plant Leaf Disease Detection.zip#Image Dataset for Turmeric Plant Leaf Disease Detection/Original DataSet/Healthy_Leaf/healthy_(100).jpg,Healthy,True,EVALUATE_SHARED,
TURM_CROSS_B_TO_A,Turmeric Plant Disease Dataset Advancing AI (Original),Image Dataset for Turmeric Plant Leaf Disease Detection,TURM_03960,DATASET/Image Dataset for Turmeric Plant Leaf Disease Detection.zip#Image Dataset for Turmeric Plant Leaf Disease Detection/Original DataSet/Healthy_Leaf/healthy_(103).jpg,Healthy,True,EVALUATE_SHARED,
TURM_CROSS_B_TO_A,Turmeric Plant Disease Dataset Advancing AI (Original),Image Dataset for Turmeric Plant Leaf Disease Detection,TURM_03961,DATASET/Image Dataset for Turmeric Plant Leaf Disease Detection.zip#Image Dataset for Turmeric Plant Leaf Disease Detection/Original DataSet/Healthy_Leaf/healthy_(102).jpg,Healthy,True,EVALUATE_SHARED,
TURM_CROSS_B_TO_A,Turmeric Plant Disease Dataset Advancing AI (Original),Image Dataset for Turmeric Plant Leaf Disease Detection,TURM_03962,DATASET/Image Dataset for Turmeric Plant Leaf Disease Detection.zip#Image Dataset for Turmeric Plant Leaf Disease Detection/Original DataSet/Healthy_Leaf/healthy_(104).jpg,Healthy,True,EVALUATE_SHARED,
TURM_CROSS_B_TO_A,Turmeric Plant Disease Dataset Advancing AI (Original),Image Dataset for Turmeric Plant Leaf Disease Detection,TURM_03963,DATASET/Image Dataset for Turmeric Plant Leaf Disease Detection.zip#Image Dataset for Turmeric Plant Leaf Disease Detection/Original DataSet/Healthy_Leaf/healthy_(105).jpg,Healthy,True,EVALUATE_SHARED,
TURM_CROSS_B_TO_A,Turmeric Plant Disease Dataset Advancing AI (Original),Image Dataset for Turmeric Plant Leaf Disease Detection,TURM_03964,DATASET/Image Dataset for Turmeric Plant Leaf Disease Detection.zip#Image Dataset for Turmeric Plant Leaf Disease Detection/Original DataSet/Healthy_Leaf/healthy_(107).jpg,Healthy,True,EVALUATE_SHARED,
TURM_CROSS_B_TO_A,Turmeric Plant Disease Dataset Advancing AI (Original),Image Dataset for Turmeric Plant Leaf Disease Detection,TURM_03965,DATASET/Image Dataset for Turmeric Plant Leaf Disease Detection.zip#Image Dataset for Turmeric Plant Leaf Disease Detection/Original DataSet/Healthy_Leaf/healthy_(106).jpg,Healthy,True,EVALUATE_SHARED,
TURM_CROSS_B_TO_A,Turmeric Plant Disease Dataset Advancing AI (Original),Image Dataset for Turmeric Plant Leaf Disease Detection,TURM_03966,DATASET/Image Dataset for Turmeric Plant Leaf Disease Detection.zip#Image Dataset for Turmeric Plant Leaf Disease Detection/Original DataSet/Healthy_Leaf/healthy_(108).jpg,Healthy,True,EVALUATE_SHARED,
TURM_CROSS_B_TO_A,Turmeric Plant Disease Dataset Advancing AI (Original),Image Dataset for Turmeric Plant Leaf Disease Detection,TURM_03967,DATASET/Image Dataset for Turmeric Plant Leaf Disease Detection.zip#Image Dataset for Turmeric Plant Leaf Disease Detection/Original DataSet/Healthy_Leaf/healthy_(109).jpg,Healthy,True,EVALUATE_SHARED,
TURM_CROSS_B_TO_A,Turmeric Plant Disease Dataset Advancing AI (Original),Image Dataset for Turmeric Plant Leaf Disease Detection,TURM_03968,DATASET/Image Dataset for Turmeric Plant Leaf Disease Detection.zip#Image Dataset for Turmeric Plant Leaf Disease Detection/Original DataSet/Healthy_Leaf/healthy_(11).jpg,Healthy,True,EVALUATE_SHARED,
TURM_CROSS_B_TO_A,Turmeric Plant Disease Dataset Advancing AI (Original),Image Dataset for Turmeric Plant Leaf Disease Detection,TURM_03969,DATASET/Image Dataset for Turmeric Plant Leaf Disease Detection.zip#Image Dataset for Turmeric Plant Leaf Disease Detection/Original DataSet/Healthy_Leaf/healthy_(110).jpg,Healthy,True,EVALUATE_SHARED,
TURM_CROSS_B_TO_A,Turmeric Plant Disease Dataset Advancing AI (Original),Image Dataset for Turmeric Plant Leaf Disease Detection,TURM_03970,DATASET/Image Dataset for Turmeric Plant Leaf Disease Detection.zip#Image Dataset for Turmeric Plant Leaf Disease Detection/Original DataSet/Healthy_Leaf/healthy_(111).jpg,Healthy,True,EVALUATE_SHARED,
TURM_CROSS_B_TO_A,Turmeric Plant Disease Dataset Advancing AI (Original),Image Dataset for Turmeric Plant Leaf Disease Detection,TURM_03971,DATASET/Image Dataset for Turmeric Plant Leaf Disease Detection.zip#Image Dataset for Turmeric Plant Leaf Disease Detection/Original DataSet/Healthy_Leaf/healthy_(112).jpg,Healthy,True,EVALUATE_SHARED,
TURM_CROSS_B_TO_A,Turmeric Plant Disease Dataset Advancing AI (Original),Image Dataset for Turmeric Plant Leaf Disease Detection,TURM_03972,DATASET/Image Dataset for Turmeric Plant Leaf Disease Detection.zip#Image Dataset for Turmeric Plant Leaf Disease Detection/Original DataSet/Healthy_Leaf/healthy_(114).jpg,Healthy,True,EVALUATE_SHARED,
TURM_CROSS_B_TO_A,Turmeric Plant Disease Dataset Advancing AI (Original),Image Dataset for Turmeric Plant Leaf Disease Detection,TURM_03973,DATASET/Image Dataset for Turmeric Plant Leaf Disease Detection.zip#Image Dataset for Turmeric Plant Leaf Disease Detection/Original DataSet/Healthy_Leaf/healthy_(113).jpg,Healthy,True,EVALUATE_SHARED,
TURM_CROSS_B_TO_A,Turmeric Plant Disease Dataset Advancing AI (Original),Image Dataset for Turmeric Plant Leaf Disease Detection,TURM_03974,DATASET/Image Dataset for Turmeric Plant Leaf Disease Detection.zip#Image Dataset for Turmeric Plant Leaf Disease Detection/Original DataSet/Healthy_Leaf/healthy_(115).jpg,Healthy,True,EVALUATE_SHARED,
TURM_CROSS_B_TO_A,Turmeric Plant Disease Dataset Advancing AI (Original),Image Dataset for Turmeric Plant Leaf Disease Detection,TURM_03975,DATASET/Image Dataset for Turmeric Plant Leaf Disease Detection.zip#Image Dataset for Turmeric Plant Leaf Disease Detection/Original DataSet/Healthy_Leaf/healthy_(116).jpg,Healthy,True,EVALUATE_SHARED,
TURM_CROSS_B_TO_A,Turmeric Plant Disease Dataset Advancing AI (Original),Image Dataset for Turmeric Plant Leaf Disease Detection,TURM_03976,DATASET/Image Dataset for Turmeric Plant Leaf Disease Detection.zip#Image Dataset for Turmeric Plant Leaf Disease Detection/Original DataSet/Healthy_Leaf/healthy_(117).jpg,Healthy,True,EVALUATE_SHARED,
TURM_CROSS_B_TO_A,Turmeric Plant Disease Dataset Advancing AI (Original),Image Dataset for Turmeric Plant Leaf Disease Detection,TURM_03977,DATASET/Image Dataset for Turmeric Plant Leaf Disease Detection.zip#Image Dataset for Turmeric Plant Leaf Disease Detection/Original DataSet/Healthy_Leaf/healthy_(118).jpg,Healthy,True,EVALUATE_SHARED,
TURM_CROSS_B_TO_A,Turmeric Plant Disease Dataset Advancing AI (Original),Image Dataset for Turmeric Plant Leaf Disease Detection,TURM_03978,DATASET/Image Dataset for Turmeric Plant Leaf Disease Detection.zip#Image Dataset for Turmeric Plant Leaf Disease Detection/Original DataSet/Healthy_Leaf/healthy_(119).jpg,Healthy,True,EVALUATE_SHARED,
TURM_CROSS_B_TO_A,Turmeric Plant Disease Dataset Advancing AI (Original),Image Dataset for Turmeric Plant Leaf Disease Detection,TURM_03979,DATASET/Image Dataset for Turmeric Plant Leaf Disease Detection.zip#Image Dataset for Turmeric Plant Leaf Disease Detection/Original DataSet/Healthy_Leaf/healthy_(12).jpg,Healthy,True,EVALUATE_SHARED,
TURM_CROSS_B_TO_A,Turmeric Plant Disease Dataset Advancing AI (Original),Image Dataset for Turmeric Plant Leaf Disease Detection,TURM_03980,DATASET/Image Dataset for Turmeric Plant Leaf Disease Detection.zip#Image Dataset for Turmeric Plant Leaf Disease Detection/Original DataSet/Healthy_Leaf/healthy_(120).jpg,Healthy,True,EVALUATE_SHARED,
TURM_CROSS_B_TO_A,Turmeric Plant Disease Dataset Advancing AI (Original),Image Dataset for Turmeric Plant Leaf Disease Detection,TURM_03981,DATASET/Image Dataset for Turmeric Plant Leaf Disease Detection.zip#Image Dataset for Turmeric Plant Leaf Disease Detection/Original DataSet/Healthy_Leaf/healthy_(121).jpg,Healthy,True,EVALUATE_SHARED,
TURM_CROSS_B_TO_A,Turmeric Plant Disease Dataset Advancing AI (Original),Image Dataset for Turmeric Plant Leaf Disease Detection,TURM_03982,DATASET/Image Dataset for Turmeric Plant Leaf Disease Detection.zip#Image Dataset for Turmeric Plant Leaf Disease Detection/Original DataSet/Healthy_Leaf/healthy_(122).jpg,Healthy,True,EVALUATE_SHARED,
TURM_CROSS_B_TO_A,Turmeric Plant Disease Dataset Advancing AI (Original),Image Dataset for Turmeric Plant Leaf Disease Detection,TURM_03983,DATASET/Image Dataset for Turmeric Plant Leaf Disease Detection.zip#Image Dataset for Turmeric Plant Leaf Disease Detection/Original DataSet/Healthy_Leaf/healthy_(123).jpg,Healthy,True,EVALUATE_SHARED,
TURM_CROSS_B_TO_A,Turmeric Plant Disease Dataset Advancing AI (Original),Image Dataset for Turmeric Plant Leaf Disease Detection,TURM_03984,DATASET/Image Dataset for Turmeric Plant Leaf Disease Detection.zip#Image Dataset for Turmeric Plant Leaf Disease Detection/Original DataSet/Healthy_Leaf/healthy_(124).jpg,Healthy,True,EVALUATE_SHARED,
TURM_CROSS_B_TO_A,Turmeric Plant Disease Dataset Advancing AI (Original),Image Dataset for Turmeric Plant Leaf Disease Detection,TURM_03985,DATASET/Image Dataset for Turmeric Plant Leaf Disease Detection.zip#Image Dataset for Turmeric Plant Leaf Disease Detection/Original DataSet/Healthy_Leaf/healthy_(125).jpg,Healthy,True,EVALUATE_SHARED,
TURM_CROSS_B_TO_A,Turmeric Plant Disease Dataset Advancing AI (Original),Image Dataset for Turmeric Plant Leaf Disease Detection,TURM_03986,DATASET/Image Dataset for Turmeric Plant Leaf Disease Detection.zip#Image Dataset for Turmeric Plant Leaf Disease Detection/Original DataSet/Healthy_Leaf/healthy_(126).jpg,Healthy,True,EVALUATE_SHARED,
TURM_CROSS_B_TO_A,Turmeric Plant Disease Dataset Advancing AI (Original),Image Dataset for Turmeric Plant Leaf Disease Detection,TURM_03987,DATASET/Image Dataset for Turmeric Plant Leaf Disease Detection.zip#Image Dataset for Turmeric Plant Leaf Disease Detection/Original DataSet/Healthy_Leaf/healthy_(127).jpg,Healthy,True,EVALUATE_SHARED,
TURM_CROSS_B_TO_A,Turmeric Plant Disease Dataset Advancing AI (Original),Image Dataset for Turmeric Plant Leaf Disease Detection,TURM_03988,DATASET/Image Dataset for Turmeric Plant Leaf Disease Detection.zip#Image Dataset for Turmeric Plant Leaf Disease Detection/Original DataSet/Healthy_Leaf/healthy_(128).jpg,Healthy,True,EVALUATE_SHARED,
TURM_CROSS_B_TO_A,Turmeric Plant Disease Dataset Advancing AI (Original),Image Dataset for Turmeric Plant Leaf Disease Detection,TURM_03989,DATASET/Image Dataset for Turmeric Plant Leaf Disease Detection.zip#Image Dataset for Turmeric Plant Leaf Disease Detection/Original DataSet/Healthy_Leaf/healthy_(13).jpg,Healthy,True,EVALUATE_SHARED,
TURM_CROSS_B_TO_A,Turmeric Plant Disease Dataset Advancing AI (Original),Image Dataset for Turmeric Plant Leaf Disease Detection,TURM_03990,DATASET/Image Dataset for Turmeric Plant Leaf Disease Detection.zip#Image Dataset for Turmeric Plant Leaf Disease Detection/Original DataSet/Healthy_Leaf/healthy_(129).jpg,Healthy,True,EVALUATE_SHARED,
TURM_CROSS_B_TO_A,Turmeric Plant Disease Dataset Advancing AI (Original),Image Dataset for Turmeric Plant Leaf Disease Detection,TURM_03991,DATASET/Image Dataset for Turmeric Plant Leaf Disease Detection.zip#Image Dataset for Turmeric Plant Leaf Disease Detection/Original DataSet/Healthy_Leaf/healthy_(130).jpg,Healthy,True,EVALUATE_SHARED,
TURM_CROSS_B_TO_A,Turmeric Plant Disease Dataset Advancing AI (Original),Image Dataset for Turmeric Plant Leaf Disease Detection,TURM_03992,DATASET/Image Dataset for Turmeric Plant Leaf Disease Detection.zip#Image Dataset for Turmeric Plant Leaf Disease Detection/Original DataSet/Healthy_Leaf/healthy_(131).jpg,Healthy,True,EVALUATE_SHARED,
TURM_CROSS_B_TO_A,Turmeric Plant Disease Dataset Advancing AI (Original),Image Dataset for Turmeric Plant Leaf Disease Detection,TURM_03993,DATASET/Image Dataset for Turmeric Plant Leaf Disease Detection.zip#Image Dataset for Turmeric Plant Leaf Disease Detection/Original DataSet/Healthy_Leaf/healthy_(132).jpg,Healthy,True,EVALUATE_SHARED,
TURM_CROSS_B_TO_A,Turmeric Plant Disease Dataset Advancing AI (Original),Image Dataset for Turmeric Plant Leaf Disease Detection,TURM_03994,DATASET/Image Dataset for Turmeric Plant Leaf Disease Detection.zip#Image Dataset for Turmeric Plant Leaf Disease Detection/Original DataSet/Healthy_Leaf/healthy_(135).jpg,Healthy,True,EVALUATE_SHARED,
TURM_CROSS_B_TO_A,Turmeric Plant Disease Dataset Advancing AI (Original),Image Dataset for Turmeric Plant Leaf Disease Detection,TURM_03995,DATASET/Image Dataset for Turmeric Plant Leaf Disease Detection.zip#Image Dataset for Turmeric Plant Leaf Disease Detection/Original DataSet/Healthy_Leaf/healthy_(133).jpg,Healthy,True,EVALUATE_SHARED,
TURM_CROSS_B_TO_A,Turmeric Plant Disease Dataset Advancing AI (Original),Image Dataset for Turmeric Plant Leaf Disease Detection,TURM_03996,DATASET/Image Dataset for Turmeric Plant Leaf Disease Detection.zip#Image Dataset for Turmeric Plant Leaf Disease Detection/Original DataSet/Healthy_Leaf/healthy_(134).jpg,Healthy,True,EVALUATE_SHARED,
TURM_CROSS_B_TO_A,Turmeric Plant Disease Dataset Advancing AI (Original),Image Dataset for Turmeric Plant Leaf Disease Detection,TURM_03997,DATASET/Image Dataset for Turmeric Plant Leaf Disease Detection.zip#Image Dataset for Turmeric Plant Leaf Disease Detection/Original DataSet/Healthy_Leaf/healthy_(136).jpg,Healthy,True,EVALUATE_SHARED,
TURM_CROSS_B_TO_A,Turmeric Plant Disease Dataset Advancing AI (Original),Image Dataset for Turmeric Plant Leaf Disease Detection,TURM_03998,DATASET/Image Dataset for Turmeric Plant Leaf Disease Detection.zip#Image Dataset for Turmeric Plant Leaf Disease Detection/Original DataSet/Healthy_Leaf/healthy_(137).jpg,Healthy,True,EVALUATE_SHARED,
TURM_CROSS_B_TO_A,Turmeric Plant Disease Dataset Advancing AI (Original),Image Dataset for Turmeric Plant Leaf Disease Detection,TURM_03999,DATASET/Image Dataset for Turmeric Plant Leaf Disease Detection.zip#Image Dataset for Turmeric Plant Leaf Disease Detection/Original DataSet/Healthy_Leaf/healthy_(14).jpg,Healthy,True,EVALUATE_SHARED,
TURM_CROSS_B_TO_A,Turmeric Plant Disease Dataset Advancing AI (Original),Image Dataset for Turmeric Plant Leaf Disease Detection,TURM_04000,DATASET/Image Dataset for Turmeric Plant Leaf Disease Detection.zip#Image Dataset for Turmeric Plant Leaf Disease Detection/Original DataSet/Healthy_Leaf/healthy_(138).jpg,Healthy,True,EVALUATE_SHARED,
TURM_CROSS_B_TO_A,Turmeric Plant Disease Dataset Advancing AI (Original),Image Dataset for Turmeric Plant Leaf Disease Detection,TURM_04001,DATASET/Image Dataset for Turmeric Plant Leaf Disease Detection.zip#Image Dataset for Turmeric Plant Leaf Disease Detection/Original DataSet/Healthy_Leaf/healthy_(139).jpg,Healthy,True,EVALUATE_SHARED,
TURM_CROSS_B_TO_A,Turmeric Plant Disease Dataset Advancing AI (Original),Image Dataset for Turmeric Plant Leaf Disease Detection,TURM_04002,DATASET/Image Dataset for Turmeric Plant Leaf Disease Detection.zip#Image Dataset for Turmeric Plant Leaf Disease Detection/Original DataSet/Healthy_Leaf/healthy_(141).jpg,Healthy,True,EVALUATE_SHARED,
TURM_CROSS_B_TO_A,Turmeric Plant Disease Dataset Advancing AI (Original),Image Dataset for Turmeric Plant Leaf Disease Detection,TURM_04003,DATASET/Image Dataset for Turmeric Plant Leaf Disease Detection.zip#Image Dataset for Turmeric Plant Leaf Disease Detection/Original DataSet/Healthy_Leaf/healthy_(140).jpg,Healthy,True,EVALUATE_SHARED,
TURM_CROSS_B_TO_A,Turmeric Plant Disease Dataset Advancing AI (Original),Image Dataset for Turmeric Plant Leaf Disease Detection,TURM_04004,DATASET/Image Dataset for Turmeric Plant Leaf Disease Detection.zip#Image Dataset for Turmeric Plant Leaf Disease Detection/Original DataSet/Healthy_Leaf/healthy_(145).jpg,Healthy,True,EVALUATE_SHARED,
TURM_CROSS_B_TO_A,Turmeric Plant Disease Dataset Advancing AI (Original),Image Dataset for Turmeric Plant Leaf Disease Detection,TURM_04005,DATASET/Image Dataset for Turmeric Plant Leaf Disease Detection.zip#Image Dataset for Turmeric Plant Leaf Disease Detection/Original DataSet/Healthy_Leaf/healthy_(143).jpg,Healthy,True,EVALUATE_SHARED,
TURM_CROSS_B_TO_A,Turmeric Plant Disease Dataset Advancing AI (Original),Image Dataset for Turmeric Plant Leaf Disease Detection,TURM_04006,DATASET/Image Dataset for Turmeric Plant Leaf Disease Detection.zip#Image Dataset for Turmeric Plant Leaf Disease Detection/Original DataSet/Healthy_Leaf/healthy_(144).jpg,Healthy,True,EVALUATE_SHARED,
TURM_CROSS_B_TO_A,Turmeric Plant Disease Dataset Advancing AI (Original),Image Dataset for Turmeric Plant Leaf Disease Detection,TURM_04007,DATASET/Image Dataset for Turmeric Plant Leaf Disease Detection.zip#Image Dataset for Turmeric Plant Leaf Disease Detection/Original DataSet/Healthy_Leaf/healthy_(142).jpg,Healthy,True,EVALUATE_SHARED,
TURM_CROSS_B_TO_A,Turmeric Plant Disease Dataset Advancing AI (Original),Image Dataset for Turmeric Plant Leaf Disease Detection,TURM_04008,DATASET/Image Dataset for Turmeric Plant Leaf Disease Detection.zip#Image Dataset for Turmeric Plant Leaf Disease Detection/Original DataSet/Healthy_Leaf/healthy_(146).jpg,Healthy,True,EVALUATE_SHARED,
TURM_CROSS_B_TO_A,Turmeric Plant Disease Dataset Advancing AI (Original),Image Dataset for Turmeric Plant Leaf Disease Detection,TURM_04009,DATASET/Image Dataset for Turmeric Plant Leaf Disease Detection.zip#Image Dataset for Turmeric Plant Leaf Disease Detection/Original DataSet/Healthy_Leaf/healthy_(148).jpg,Healthy,True,EVALUATE_SHARED,
TURM_CROSS_B_TO_A,Turmeric Plant Disease Dataset Advancing AI (Original),Image Dataset for Turmeric Plant Leaf Disease Detection,TURM_04010,DATASET/Image Dataset for Turmeric Plant Leaf Disease Detection.zip#Image Dataset for Turmeric Plant Leaf Disease Detection/Original DataSet/Healthy_Leaf/healthy_(149).jpg,Healthy,True,EVALUATE_SHARED,
TURM_CROSS_B_TO_A,Turmeric Plant Disease Dataset Advancing AI (Original),Image Dataset for Turmeric Plant Leaf Disease Detection,TURM_04011,DATASET/Image Dataset for Turmeric Plant Leaf Disease Detection.zip#Image Dataset for Turmeric Plant Leaf Disease Detection/Original DataSet/Healthy_Leaf/healthy_(147).jpg,Healthy,True,EVALUATE_SHARED,
TURM_CROSS_B_TO_A,Turmeric Plant Disease Dataset Advancing AI (Original),Image Dataset for Turmeric Plant Leaf Disease Detection,TURM_04012,DATASET/Image Dataset for Turmeric Plant Leaf Disease Detection.zip#Image Dataset for Turmeric Plant Leaf Disease Detection/Original DataSet/Healthy_Leaf/healthy_(15).jpg,Healthy,True,EVALUATE_SHARED,
TURM_CROSS_B_TO_A,Turmeric Plant Disease Dataset Advancing AI (Original),Image Dataset for Turmeric Plant Leaf Disease Detection,TURM_04013,DATASET/Image Dataset for Turmeric Plant Leaf Disease Detection.zip#Image Dataset for Turmeric Plant Leaf Disease Detection/Original DataSet/Healthy_Leaf/healthy_(150).jpg,Healthy,True,EVALUATE_SHARED,
TURM_CROSS_B_TO_A,Turmeric Plant Disease Dataset Advancing AI (Original),Image Dataset for Turmeric Plant Leaf Disease Detection,TURM_04014,DATASET/Image Dataset for Turmeric Plant Leaf Disease Detection.zip#Image Dataset for Turmeric Plant Leaf Disease Detection/Original DataSet/Healthy_Leaf/healthy_(151).jpg,Healthy,True,EVALUATE_SHARED,
TURM_CROSS_B_TO_A,Turmeric Plant Disease Dataset Advancing AI (Original),Image Dataset for Turmeric Plant Leaf Disease Detection,TURM_04015,DATASET/Image Dataset for Turmeric Plant Leaf Disease Detection.zip#Image Dataset for Turmeric Plant Leaf Disease Detection/Original DataSet/Healthy_Leaf/healthy_(153).jpg,Healthy,True,EVALUATE_SHARED,
TURM_CROSS_B_TO_A,Turmeric Plant Disease Dataset Advancing AI (Original),Image Dataset for Turmeric Plant Leaf Disease Detection,TURM_04016,DATASET/Image Dataset for Turmeric Plant Leaf Disease Detection.zip#Image Dataset for Turmeric Plant Leaf Disease Detection/Original DataSet/Healthy_Leaf/healthy_(154).jpg,Healthy,True,EVALUATE_SHARED,
TURM_CROSS_B_TO_A,Turmeric Plant Disease Dataset Advancing AI (Original),Image Dataset for Turmeric Plant Leaf Disease Detection,TURM_04017,DATASET/Image Dataset for Turmeric Plant Leaf Disease Detection.zip#Image Dataset for Turmeric Plant Leaf Disease Detection/Original DataSet/Healthy_Leaf/healthy_(152).jpg,Healthy,True,EVALUATE_SHARED,
TURM_CROSS_B_TO_A,Turmeric Plant Disease Dataset Advancing AI (Original),Image Dataset for Turmeric Plant Leaf Disease Detection,TURM_04018,DATASET/Image Dataset for Turmeric Plant Leaf Disease Detection.zip#Image Dataset for Turmeric Plant Leaf Disease Detection/Original DataSet/Healthy_Leaf/healthy_(155).jpg,Healthy,True,EVALUATE_SHARED,
TURM_CROSS_B_TO_A,Turmeric Plant Disease Dataset Advancing AI (Original),Image Dataset for Turmeric Plant Leaf Disease Detection,TURM_04019,DATASET/Image Dataset for Turmeric Plant Leaf Disease Detection.zip#Image Dataset for Turmeric Plant Leaf Disease Detection/Original DataSet/Healthy_Leaf/healthy_(156).jpg,Healthy,True,EVALUATE_SHARED,
TURM_CROSS_B_TO_A,Turmeric Plant Disease Dataset Advancing AI (Original),Image Dataset for Turmeric Plant Leaf Disease Detection,TURM_04020,DATASET/Image Dataset for Turmeric Plant Leaf Disease Detection.zip#Image Dataset for Turmeric Plant Leaf Disease Detection/Original DataSet/Healthy_Leaf/healthy_(16).jpg,Healthy,True,EVALUATE_SHARED,
TURM_CROSS_B_TO_A,Turmeric Plant Disease Dataset Advancing AI (Original),Image Dataset for Turmeric Plant Leaf Disease Detection,TURM_04021,DATASET/Image Dataset for Turmeric Plant Leaf Disease Detection.zip#Image Dataset for Turmeric Plant Leaf Disease Detection/Original DataSet/Healthy_Leaf/healthy_(157).jpg,Healthy,True,EVALUATE_SHARED,
TURM_CROSS_B_TO_A,Turmeric Plant Disease Dataset Advancing AI (Original),Image Dataset for Turmeric Plant Leaf Disease Detection,TURM_04022,DATASET/Image Dataset for Turmeric Plant Leaf Disease Detection.zip#Image Dataset for Turmeric Plant Leaf Disease Detection/Original DataSet/Healthy_Leaf/healthy_(158).jpg,Healthy,True,EVALUATE_SHARED,
TURM_CROSS_B_TO_A,Turmeric Plant Disease Dataset Advancing AI (Original),Image Dataset for Turmeric Plant Leaf Disease Detection,TURM_04023,DATASET/Image Dataset for Turmeric Plant Leaf Disease Detection.zip#Image Dataset for Turmeric Plant Leaf Disease Detection/Original DataSet/Healthy_Leaf/healthy_(159).jpg,Healthy,True,EVALUATE_SHARED,
TURM_CROSS_B_TO_A,Turmeric Plant Disease Dataset Advancing AI (Original),Image Dataset for Turmeric Plant Leaf Disease Detection,TURM_04024,DATASET/Image Dataset for Turmeric Plant Leaf Disease Detection.zip#Image Dataset for Turmeric Plant Leaf Disease Detection/Original DataSet/Healthy_Leaf/healthy_(160).jpg,Healthy,True,EVALUATE_SHARED,
TURM_CROSS_B_TO_A,Turmeric Plant Disease Dataset Advancing AI (Original),Image Dataset for Turmeric Plant Leaf Disease Detection,TURM_04025,DATASET/Image Dataset for Turmeric Plant Leaf Disease Detection.zip#Image Dataset for Turmeric Plant Leaf Disease Detection/Original DataSet/Healthy_Leaf/healthy_(163).jpg,Healthy,True,EVALUATE_SHARED,
TURM_CROSS_B_TO_A,Turmeric Plant Disease Dataset Advancing AI (Original),Image Dataset for Turmeric Plant Leaf Disease Detection,TURM_04026,DATASET/Image Dataset for Turmeric Plant Leaf Disease Detection.zip#Image Dataset for Turmeric Plant Leaf Disease Detection/Original DataSet/Healthy_Leaf/healthy_(161).jpg,Healthy,True,EVALUATE_SHARED,
TURM_CROSS_B_TO_A,Turmeric Plant Disease Dataset Advancing AI (Original),Image Dataset for Turmeric Plant Leaf Disease Detection,TURM_04027,DATASET/Image Dataset for Turmeric Plant Leaf Disease Detection.zip#Image Dataset for Turmeric Plant Leaf Disease Detection/Original DataSet/Healthy_Leaf/healthy_(162).jpg,Healthy,True,EVALUATE_SHARED,
TURM_CROSS_B_TO_A,Turmeric Plant Disease Dataset Advancing AI (Original),Image Dataset for Turmeric Plant Leaf Disease Detection,TURM_04028,DATASET/Image Dataset for Turmeric Plant Leaf Disease Detection.zip#Image Dataset for Turmeric Plant Leaf Disease Detection/Original DataSet/Healthy_Leaf/healthy_(164).jpg,Healthy,True,EVALUATE_SHARED,
TURM_CROSS_B_TO_A,Turmeric Plant Disease Dataset Advancing AI (Original),Image Dataset for Turmeric Plant Leaf Disease Detection,TURM_04029,DATASET/Image Dataset for Turmeric Plant Leaf Disease Detection.zip#Image Dataset for Turmeric Plant Leaf Disease Detection/Original DataSet/Healthy_Leaf/healthy_(165).jpg,Healthy,True,EVALUATE_SHARED,
TURM_CROSS_B_TO_A,Turmeric Plant Disease Dataset Advancing AI (Original),Image Dataset for Turmeric Plant Leaf Disease Detection,TURM_04030,DATASET/Image Dataset for Turmeric Plant Leaf Disease Detection.zip#Image Dataset for Turmeric Plant Leaf Disease Detection/Original DataSet/Healthy_Leaf/healthy_(166).jpg,Healthy,True,EVALUATE_SHARED,
TURM_CROSS_B_TO_A,Turmeric Plant Disease Dataset Advancing AI (Original),Image Dataset for Turmeric Plant Leaf Disease Detection,TURM_04031,DATASET/Image Dataset for Turmeric Plant Leaf Disease Detection.zip#Image Dataset for Turmeric Plant Leaf Disease Detection/Original DataSet/Healthy_Leaf/healthy_(168).jpg,Healthy,True,EVALUATE_SHARED,
TURM_CROSS_B_TO_A,Turmeric Plant Disease Dataset Advancing AI (Original),Image Dataset for Turmeric Plant Leaf Disease Detection,TURM_04032,DATASET/Image Dataset for Turmeric Plant Leaf Disease Detection.zip#Image Dataset for Turmeric Plant Leaf Disease Detection/Original DataSet/Healthy_Leaf/healthy_(167).jpg,Healthy,True,EVALUATE_SHARED,
TURM_CROSS_B_TO_A,Turmeric Plant Disease Dataset Advancing AI (Original),Image Dataset for Turmeric Plant Leaf Disease Detection,TURM_04033,DATASET/Image Dataset for Turmeric Plant Leaf Disease Detection.zip#Image Dataset for Turmeric Plant Leaf Disease Detection/Original DataSet/Healthy_Leaf/healthy_(169).jpg,Healthy,True,EVALUATE_SHARED,
TURM_CROSS_B_TO_A,Turmeric Plant Disease Dataset Advancing AI (Original),Image Dataset for Turmeric Plant Leaf Disease Detection,TURM_04034,DATASET/Image Dataset for Turmeric Plant Leaf Disease Detection.zip#Image Dataset for Turmeric Plant Leaf Disease Detection/Original DataSet/Healthy_Leaf/healthy_(17).jpg,Healthy,True,EVALUATE_SHARED,
TURM_CROSS_B_TO_A,Turmeric Plant Disease Dataset Advancing AI (Original),Image Dataset for Turmeric Plant Leaf Disease Detection,TURM_04035,DATASET/Image Dataset for Turmeric Plant Leaf Disease Detection.zip#Image Dataset for Turmeric Plant Leaf Disease Detection/Original DataSet/Healthy_Leaf/healthy_(170).jpg,Healthy,True,EVALUATE_SHARED,
TURM_CROSS_B_TO_A,Turmeric Plant Disease Dataset Advancing AI (Original),Image Dataset for Turmeric Plant Leaf Disease Detection,TURM_04036,DATASET/Image Dataset for Turmeric Plant Leaf Disease Detection.zip#Image Dataset for Turmeric Plant Leaf Disease Detection/Original DataSet/Healthy_Leaf/healthy_(171).jpg,Healthy,True,EVALUATE_SHARED,
TURM_CROSS_B_TO_A,Turmeric Plant Disease Dataset Advancing AI (Original),Image Dataset for Turmeric Plant Leaf Disease Detection,TURM_04037,DATASET/Image Dataset for Turmeric Plant Leaf Disease Detection.zip#Image Dataset for Turmeric Plant Leaf Disease Detection/Original DataSet/Healthy_Leaf/healthy_(172).jpg,Healthy,True,EVALUATE_SHARED,
TURM_CROSS_B_TO_A,Turmeric Plant Disease Dataset Advancing AI (Original),Image Dataset for Turmeric Plant Leaf Disease Detection,TURM_04038,DATASET/Image Dataset for Turmeric Plant Leaf Disease Detection.zip#Image Dataset for Turmeric Plant Leaf Disease Detection/Original DataSet/Healthy_Leaf/healthy_(173).jpg,Healthy,True,EVALUATE_SHARED,
TURM_CROSS_B_TO_A,Turmeric Plant Disease Dataset Advancing AI (Original),Image Dataset for Turmeric Plant Leaf Disease Detection,TURM_04039,DATASET/Image Dataset for Turmeric Plant Leaf Disease Detection.zip#Image Dataset for Turmeric Plant Leaf Disease Detection/Original DataSet/Healthy_Leaf/healthy_(174).jpg,Healthy,True,EVALUATE_SHARED,
TURM_CROSS_B_TO_A,Turmeric Plant Disease Dataset Advancing AI (Original),Image Dataset for Turmeric Plant Leaf Disease Detection,TURM_04040,DATASET/Image Dataset for Turmeric Plant Leaf Disease Detection.zip#Image Dataset for Turmeric Plant Leaf Disease Detection/Original DataSet/Healthy_Leaf/healthy_(175).jpg,Healthy,True,EVALUATE_SHARED,
TURM_CROSS_B_TO_A,Turmeric Plant Disease Dataset Advancing AI (Original),Image Dataset for Turmeric Plant Leaf Disease Detection,TURM_04041,DATASET/Image Dataset for Turmeric Plant Leaf Disease Detection.zip#Image Dataset for Turmeric Plant Leaf Disease Detection/Original DataSet/Healthy_Leaf/healthy_(176).jpg,Healthy,True,EVALUATE_SHARED,
TURM_CROSS_B_TO_A,Turmeric Plant Disease Dataset Advancing AI (Original),Image Dataset for Turmeric Plant Leaf Disease Detection,TURM_04042,DATASET/Image Dataset for Turmeric Plant Leaf Disease Detection.zip#Image Dataset for Turmeric Plant Leaf Disease Detection/Original DataSet/Healthy_Leaf/healthy_(177).jpg,Healthy,True,EVALUATE_SHARED,
TURM_CROSS_B_TO_A,Turmeric Plant Disease Dataset Advancing AI (Original),Image Dataset for Turmeric Plant Leaf Disease Detection,TURM_04043,DATASET/Image Dataset for Turmeric Plant Leaf Disease Detection.zip#Image Dataset for Turmeric Plant Leaf Disease Detection/Original DataSet/Healthy_Leaf/healthy_(178).jpg,Healthy,True,EVALUATE_SHARED,
TURM_CROSS_B_TO_A,Turmeric Plant Disease Dataset Advancing AI (Original),Image Dataset for Turmeric Plant Leaf Disease Detection,TURM_04044,DATASET/Image Dataset for Turmeric Plant Leaf Disease Detection.zip#Image Dataset for Turmeric Plant Leaf Disease Detection/Original DataSet/Healthy_Leaf/healthy_(179).jpg,Healthy,True,EVALUATE_SHARED,
TURM_CROSS_B_TO_A,Turmeric Plant Disease Dataset Advancing AI (Original),Image Dataset for Turmeric Plant Leaf Disease Detection,TURM_04045,DATASET/Image Dataset for Turmeric Plant Leaf Disease Detection.zip#Image Dataset for Turmeric Plant Leaf Disease Detection/Original DataSet/Healthy_Leaf/healthy_(18).jpg,Healthy,True,EVALUATE_SHARED,
TURM_CROSS_B_TO_A,Turmeric Plant Disease Dataset Advancing AI (Original),Image Dataset for Turmeric Plant Leaf Disease Detection,TURM_04046,DATASET/Image Dataset for Turmeric Plant Leaf Disease Detection.zip#Image Dataset for Turmeric Plant Leaf Disease Detection/Original DataSet/Healthy_Leaf/healthy_(180).jpg,Healthy,True,EVALUATE_SHARED,
TURM_CROSS_B_TO_A,Turmeric Plant Disease Dataset Advancing AI (Original),Image Dataset for Turmeric Plant Leaf Disease Detection,TURM_04047,DATASET/Image Dataset for Turmeric Plant Leaf Disease Detection.zip#Image Dataset for Turmeric Plant Leaf Disease Detection/Original DataSet/Healthy_Leaf/healthy_(181).jpg,Healthy,True,EVALUATE_SHARED,
TURM_CROSS_B_TO_A,Turmeric Plant Disease Dataset Advancing AI (Original),Image Dataset for Turmeric Plant Leaf Disease Detection,TURM_04048,DATASET/Image Dataset for Turmeric Plant Leaf Disease Detection.zip#Image Dataset for Turmeric Plant Leaf Disease Detection/Original DataSet/Healthy_Leaf/healthy_(182).jpg,Healthy,True,EVALUATE_SHARED,
TURM_CROSS_B_TO_A,Turmeric Plant Disease Dataset Advancing AI (Original),Image Dataset for Turmeric Plant Leaf Disease Detection,TURM_04049,DATASET/Image Dataset for Turmeric Plant Leaf Disease Detection.zip#Image Dataset for Turmeric Plant Leaf Disease Detection/Original DataSet/Healthy_Leaf/healthy_(183).jpg,Healthy,True,EVALUATE_SHARED,
TURM_CROSS_B_TO_A,Turmeric Plant Disease Dataset Advancing AI (Original),Image Dataset for Turmeric Plant Leaf Disease Detection,TURM_04050,DATASET/Image Dataset for Turmeric Plant Leaf Disease Detection.zip#Image Dataset for Turmeric Plant Leaf Disease Detection/Original DataSet/Healthy_Leaf/healthy_(184).jpg,Healthy,True,EVALUATE_SHARED,
TURM_CROSS_B_TO_A,Turmeric Plant Disease Dataset Advancing AI (Original),Image Dataset for Turmeric Plant Leaf Disease Detection,TURM_04051,DATASET/Image Dataset for Turmeric Plant Leaf Disease Detection.zip#Image Dataset for Turmeric Plant Leaf Disease Detection/Original DataSet/Healthy_Leaf/healthy_(185).jpg,Healthy,True,EVALUATE_SHARED,
TURM_CROSS_B_TO_A,Turmeric Plant Disease Dataset Advancing AI (Original),Image Dataset for Turmeric Plant Leaf Disease Detection,TURM_04052,DATASET/Image Dataset for Turmeric Plant Leaf Disease Detection.zip#Image Dataset for Turmeric Plant Leaf Disease Detection/Original DataSet/Healthy_Leaf/healthy_(186).jpg,Healthy,True,EVALUATE_SHARED,
TURM_CROSS_B_TO_A,Turmeric Plant Disease Dataset Advancing AI (Original),Image Dataset for Turmeric Plant Leaf Disease Detection,TURM_04053,DATASET/Image Dataset for Turmeric Plant Leaf Disease Detection.zip#Image Dataset for Turmeric Plant Leaf Disease Detection/Original DataSet/Healthy_Leaf/healthy_(187).jpg,Healthy,True,EVALUATE_SHARED,
TURM_CROSS_B_TO_A,Turmeric Plant Disease Dataset Advancing AI (Original),Image Dataset for Turmeric Plant Leaf Disease Detection,TURM_04054,DATASET/Image Dataset for Turmeric Plant Leaf Disease Detection.zip#Image Dataset for Turmeric Plant Leaf Disease Detection/Original DataSet/Healthy_Leaf/healthy_(188).jpg,Healthy,True,EVALUATE_SHARED,
TURM_CROSS_B_TO_A,Turmeric Plant Disease Dataset Advancing AI (Original),Image Dataset for Turmeric Plant Leaf Disease Detection,TURM_04055,DATASET/Image Dataset for Turmeric Plant Leaf Disease Detection.zip#Image Dataset for Turmeric Plant Leaf Disease Detection/Original DataSet/Healthy_Leaf/healthy_(19).jpg,Healthy,True,EVALUATE_SHARED,
TURM_CROSS_B_TO_A,Turmeric Plant Disease Dataset Advancing AI (Original),Image Dataset for Turmeric Plant Leaf Disease Detection,TURM_04056,DATASET/Image Dataset for Turmeric Plant Leaf Disease Detection.zip#Image Dataset for Turmeric Plant Leaf Disease Detection/Original DataSet/Healthy_Leaf/healthy_(189).jpg,Healthy,True,EVALUATE_SHARED,
TURM_CROSS_B_TO_A,Turmeric Plant Disease Dataset Advancing AI (Original),Image Dataset for Turmeric Plant Leaf Disease Detection,TURM_04057,DATASET/Image Dataset for Turmeric Plant Leaf Disease Detection.zip#Image Dataset for Turmeric Plant Leaf Disease Detection/Original DataSet/Healthy_Leaf/healthy_(191).jpg,Healthy,True,EVALUATE_SHARED,
TURM_CROSS_B_TO_A,Turmeric Plant Disease Dataset Advancing AI (Original),Image Dataset for Turmeric Plant Leaf Disease Detection,TURM_04058,DATASET/Image Dataset for Turmeric Plant Leaf Disease Detection.zip#Image Dataset for Turmeric Plant Leaf Disease Detection/Original DataSet/Healthy_Leaf/healthy_(190).jpg,Healthy,True,EVALUATE_SHARED,
TURM_CROSS_B_TO_A,Turmeric Plant Disease Dataset Advancing AI (Original),Image Dataset for Turmeric Plant Leaf Disease Detection,TURM_04059,DATASET/Image Dataset for Turmeric Plant Leaf Disease Detection.zip#Image Dataset for Turmeric Plant Leaf Disease Detection/Original DataSet/Healthy_Leaf/healthy_(192).jpg,Healthy,True,EVALUATE_SHARED,
TURM_CROSS_B_TO_A,Turmeric Plant Disease Dataset Advancing AI (Original),Image Dataset for Turmeric Plant Leaf Disease Detection,TURM_04060,DATASET/Image Dataset for Turmeric Plant Leaf Disease Detection.zip#Image Dataset for Turmeric Plant Leaf Disease Detection/Original DataSet/Healthy_Leaf/healthy_(193).jpg,Healthy,True,EVALUATE_SHARED,
TURM_CROSS_B_TO_A,Turmeric Plant Disease Dataset Advancing AI (Original),Image Dataset for Turmeric Plant Leaf Disease Detection,TURM_04061,DATASET/Image Dataset for Turmeric Plant Leaf Disease Detection.zip#Image Dataset for Turmeric Plant Leaf Disease Detection/Original DataSet/Healthy_Leaf/healthy_(194).jpg,Healthy,True,EVALUATE_SHARED,
TURM_CROSS_B_TO_A,Turmeric Plant Disease Dataset Advancing AI (Original),Image Dataset for Turmeric Plant Leaf Disease Detection,TURM_04062,DATASET/Image Dataset for Turmeric Plant Leaf Disease Detection.zip#Image Dataset for Turmeric Plant Leaf Disease Detection/Original DataSet/Healthy_Leaf/healthy_(195).jpg,Healthy,True,EVALUATE_SHARED,
TURM_CROSS_B_TO_A,Turmeric Plant Disease Dataset Advancing AI (Original),Image Dataset for Turmeric Plant Leaf Disease Detection,TURM_04063,DATASET/Image Dataset for Turmeric Plant Leaf Disease Detection.zip#Image Dataset for Turmeric Plant Leaf Disease Detection/Original DataSet/Healthy_Leaf/healthy_(196).jpg,Healthy,True,EVALUATE_SHARED,
TURM_CROSS_B_TO_A,Turmeric Plant Disease Dataset Advancing AI (Original),Image Dataset for Turmeric Plant Leaf Disease Detection,TURM_04064,DATASET/Image Dataset for Turmeric Plant Leaf Disease Detection.zip#Image Dataset for Turmeric Plant Leaf Disease Detection/Original DataSet/Healthy_Leaf/healthy_(197).jpg,Healthy,True,EVALUATE_SHARED,
TURM_CROSS_B_TO_A,Turmeric Plant Disease Dataset Advancing AI (Original),Image Dataset for Turmeric Plant Leaf Disease Detection,TURM_04065,DATASET/Image Dataset for Turmeric Plant Leaf Disease Detection.zip#Image Dataset for Turmeric Plant Leaf Disease Detection/Original DataSet/Healthy_Leaf/healthy_(198).jpg,Healthy,True,EVALUATE_SHARED,
TURM_CROSS_B_TO_A,Turmeric Plant Disease Dataset Advancing AI (Original),Image Dataset for Turmeric Plant Leaf Disease Detection,TURM_04066,DATASET/Image Dataset for Turmeric Plant Leaf Disease Detection.zip#Image Dataset for Turmeric Plant Leaf Disease Detection/Original DataSet/Healthy_Leaf/healthy_(199).jpg,Healthy,True,EVALUATE_SHARED,
TURM_CROSS_B_TO_A,Turmeric Plant Disease Dataset Advancing AI (Original),Image Dataset for Turmeric Plant Leaf Disease Detection,TURM_04067,DATASET/Image Dataset for Turmeric Plant Leaf Disease Detection.zip#Image Dataset for Turmeric Plant Leaf Disease Detection/Original DataSet/Healthy_Leaf/healthy_(20).jpg,Healthy,True,EVALUATE_SHARED,
TURM_CROSS_B_TO_A,Turmeric Plant Disease Dataset Advancing AI (Original),Image Dataset for Turmeric Plant Leaf Disease Detection,TURM_04068,DATASET/Image Dataset for Turmeric Plant Leaf Disease Detection.zip#Image Dataset for Turmeric Plant Leaf Disease Detection/Original DataSet/Healthy_Leaf/healthy_(200).jpg,Healthy,True,EVALUATE_SHARED,
TURM_CROSS_B_TO_A,Turmeric Plant Disease Dataset Advancing AI (Original),Image Dataset for Turmeric Plant Leaf Disease Detection,TURM_04069,DATASET/Image Dataset for Turmeric Plant Leaf Disease Detection.zip#Image Dataset for Turmeric Plant Leaf Disease Detection/Original DataSet/Healthy_Leaf/healthy_(2).jpg,Healthy,True,EVALUATE_SHARED,
TURM_CROSS_B_TO_A,Turmeric Plant Disease Dataset Advancing AI (Original),Image Dataset for Turmeric Plant Leaf Disease Detection,TURM_04070,DATASET/Image Dataset for Turmeric Plant Leaf Disease Detection.zip#Image Dataset for Turmeric Plant Leaf Disease Detection/Original DataSet/Healthy_Leaf/healthy_(201).jpg,Healthy,True,EVALUATE_SHARED,
TURM_CROSS_B_TO_A,Turmeric Plant Disease Dataset Advancing AI (Original),Image Dataset for Turmeric Plant Leaf Disease Detection,TURM_04071,DATASET/Image Dataset for Turmeric Plant Leaf Disease Detection.zip#Image Dataset for Turmeric Plant Leaf Disease Detection/Original DataSet/Healthy_Leaf/healthy_(204).jpg,Healthy,True,EVALUATE_SHARED,
TURM_CROSS_B_TO_A,Turmeric Plant Disease Dataset Advancing AI (Original),Image Dataset for Turmeric Plant Leaf Disease Detection,TURM_04072,DATASET/Image Dataset for Turmeric Plant Leaf Disease Detection.zip#Image Dataset for Turmeric Plant Leaf Disease Detection/Original DataSet/Healthy_Leaf/healthy_(203).jpg,Healthy,True,EVALUATE_SHARED,
TURM_CROSS_B_TO_A,Turmeric Plant Disease Dataset Advancing AI (Original),Image Dataset for Turmeric Plant Leaf Disease Detection,TURM_04073,DATASET/Image Dataset for Turmeric Plant Leaf Disease Detection.zip#Image Dataset for Turmeric Plant Leaf Disease Detection/Original DataSet/Healthy_Leaf/healthy_(202).jpg,Healthy,True,EVALUATE_SHARED,
TURM_CROSS_B_TO_A,Turmeric Plant Disease Dataset Advancing AI (Original),Image Dataset for Turmeric Plant Leaf Disease Detection,TURM_04074,DATASET/Image Dataset for Turmeric Plant Leaf Disease Detection.zip#Image Dataset for Turmeric Plant Leaf Disease Detection/Original DataSet/Healthy_Leaf/healthy_(205).jpg,Healthy,True,EVALUATE_SHARED,
TURM_CROSS_B_TO_A,Turmeric Plant Disease Dataset Advancing AI (Original),Image Dataset for Turmeric Plant Leaf Disease Detection,TURM_04075,DATASET/Image Dataset for Turmeric Plant Leaf Disease Detection.zip#Image Dataset for Turmeric Plant Leaf Disease Detection/Original DataSet/Healthy_Leaf/healthy_(206).jpg,Healthy,True,EVALUATE_SHARED,
TURM_CROSS_B_TO_A,Turmeric Plant Disease Dataset Advancing AI (Original),Image Dataset for Turmeric Plant Leaf Disease Detection,TURM_04076,DATASET/Image Dataset for Turmeric Plant Leaf Disease Detection.zip#Image Dataset for Turmeric Plant Leaf Disease Detection/Original DataSet/Healthy_Leaf/healthy_(207).jpg,Healthy,True,EVALUATE_SHARED,
TURM_CROSS_B_TO_A,Turmeric Plant Disease Dataset Advancing AI (Original),Image Dataset for Turmeric Plant Leaf Disease Detection,TURM_04077,DATASET/Image Dataset for Turmeric Plant Leaf Disease Detection.zip#Image Dataset for Turmeric Plant Leaf Disease Detection/Original DataSet/Healthy_Leaf/healthy_(210).jpg,Healthy,True,EVALUATE_SHARED,
TURM_CROSS_B_TO_A,Turmeric Plant Disease Dataset Advancing AI (Original),Image Dataset for Turmeric Plant Leaf Disease Detection,TURM_04078,DATASET/Image Dataset for Turmeric Plant Leaf Disease Detection.zip#Image Dataset for Turmeric Plant Leaf Disease Detection/Original DataSet/Healthy_Leaf/healthy_(209).jpg,Healthy,True,EVALUATE_SHARED,
TURM_CROSS_B_TO_A,Turmeric Plant Disease Dataset Advancing AI (Original),Image Dataset for Turmeric Plant Leaf Disease Detection,TURM_04079,DATASET/Image Dataset for Turmeric Plant Leaf Disease Detection.zip#Image Dataset for Turmeric Plant Leaf Disease Detection/Original DataSet/Healthy_Leaf/healthy_(208).jpg,Healthy,True,EVALUATE_SHARED,
TURM_CROSS_B_TO_A,Turmeric Plant Disease Dataset Advancing AI (Original),Image Dataset for Turmeric Plant Leaf Disease Detection,TURM_04080,DATASET/Image Dataset for Turmeric Plant Leaf Disease Detection.zip#Image Dataset for Turmeric Plant Leaf Disease Detection/Original DataSet/Healthy_Leaf/healthy_(21).jpg,Healthy,True,EVALUATE_SHARED,
TURM_CROSS_B_TO_A,Turmeric Plant Disease Dataset Advancing AI (Original),Image Dataset for Turmeric Plant Leaf Disease Detection,TURM_04081,DATASET/Image Dataset for Turmeric Plant Leaf Disease Detection.zip#Image Dataset for Turmeric Plant Leaf Disease Detection/Original DataSet/Healthy_Leaf/healthy_(211).jpg,Healthy,True,EVALUATE_SHARED,
TURM_CROSS_B_TO_A,Turmeric Plant Disease Dataset Advancing AI (Original),Image Dataset for Turmeric Plant Leaf Disease Detection,TURM_04082,DATASET/Image Dataset for Turmeric Plant Leaf Disease Detection.zip#Image Dataset for Turmeric Plant Leaf Disease Detection/Original DataSet/Healthy_Leaf/healthy_(213).jpg,Healthy,True,EVALUATE_SHARED,
TURM_CROSS_B_TO_A,Turmeric Plant Disease Dataset Advancing AI (Original),Image Dataset for Turmeric Plant Leaf Disease Detection,TURM_04083,DATASET/Image Dataset for Turmeric Plant Leaf Disease Detection.zip#Image Dataset for Turmeric Plant Leaf Disease Detection/Original DataSet/Healthy_Leaf/healthy_(212).jpg,Healthy,True,EVALUATE_SHARED,
TURM_CROSS_B_TO_A,Turmeric Plant Disease Dataset Advancing AI (Original),Image Dataset for Turmeric Plant Leaf Disease Detection,TURM_04084,DATASET/Image Dataset for Turmeric Plant Leaf Disease Detection.zip#Image Dataset for Turmeric Plant Leaf Disease Detection/Original DataSet/Healthy_Leaf/healthy_(22).jpg,Healthy,True,EVALUATE_SHARED,
TURM_CROSS_B_TO_A,Turmeric Plant Disease Dataset Advancing AI (Original),Image Dataset for Turmeric Plant Leaf Disease Detection,TURM_04085,DATASET/Image Dataset for Turmeric Plant Leaf Disease Detection.zip#Image Dataset for Turmeric Plant Leaf Disease Detection/Original DataSet/Healthy_Leaf/healthy_(24).jpg,Healthy,True,EVALUATE_SHARED,
TURM_CROSS_B_TO_A,Turmeric Plant Disease Dataset Advancing AI (Original),Image Dataset for Turmeric Plant Leaf Disease Detection,TURM_04086,DATASET/Image Dataset for Turmeric Plant Leaf Disease Detection.zip#Image Dataset for Turmeric Plant Leaf Disease Detection/Original DataSet/Healthy_Leaf/healthy_(23).jpg,Healthy,True,EVALUATE_SHARED,
TURM_CROSS_B_TO_A,Turmeric Plant Disease Dataset Advancing AI (Original),Image Dataset for Turmeric Plant Leaf Disease Detection,TURM_04087,DATASET/Image Dataset for Turmeric Plant Leaf Disease Detection.zip#Image Dataset for Turmeric Plant Leaf Disease Detection/Original DataSet/Healthy_Leaf/healthy_(25).jpg,Healthy,True,EVALUATE_SHARED,
TURM_CROSS_B_TO_A,Turmeric Plant Disease Dataset Advancing AI (Original),Image Dataset for Turmeric Plant Leaf Disease Detection,TURM_04088,DATASET/Image Dataset for Turmeric Plant Leaf Disease Detection.zip#Image Dataset for Turmeric Plant Leaf Disease Detection/Original DataSet/Healthy_Leaf/healthy_(27).jpg,Healthy,True,EVALUATE_SHARED,
TURM_CROSS_B_TO_A,Turmeric Plant Disease Dataset Advancing AI (Original),Image Dataset for Turmeric Plant Leaf Disease Detection,TURM_04089,DATASET/Image Dataset for Turmeric Plant Leaf Disease Detection.zip#Image Dataset for Turmeric Plant Leaf Disease Detection/Original DataSet/Healthy_Leaf/healthy_(26).jpg,Healthy,True,EVALUATE_SHARED,
TURM_CROSS_B_TO_A,Turmeric Plant Disease Dataset Advancing AI (Original),Image Dataset for Turmeric Plant Leaf Disease Detection,TURM_04090,DATASET/Image Dataset for Turmeric Plant Leaf Disease Detection.zip#Image Dataset for Turmeric Plant Leaf Disease Detection/Original DataSet/Healthy_Leaf/healthy_(28).jpg,Healthy,True,EVALUATE_SHARED,
TURM_CROSS_B_TO_A,Turmeric Plant Disease Dataset Advancing AI (Original),Image Dataset for Turmeric Plant Leaf Disease Detection,TURM_04091,DATASET/Image Dataset for Turmeric Plant Leaf Disease Detection.zip#Image Dataset for Turmeric Plant Leaf Disease Detection/Original DataSet/Healthy_Leaf/healthy_(29).jpg,Healthy,True,EVALUATE_SHARED,
TURM_CROSS_B_TO_A,Turmeric Plant Disease Dataset Advancing AI (Original),Image Dataset for Turmeric Plant Leaf Disease Detection,TURM_04092,DATASET/Image Dataset for Turmeric Plant Leaf Disease Detection.zip#Image Dataset for Turmeric Plant Leaf Disease Detection/Original DataSet/Healthy_Leaf/healthy_(30).jpg,Healthy,True,EVALUATE_SHARED,
TURM_CROSS_B_TO_A,Turmeric Plant Disease Dataset Advancing AI (Original),Image Dataset for Turmeric Plant Leaf Disease Detection,TURM_04093,DATASET/Image Dataset for Turmeric Plant Leaf Disease Detection.zip#Image Dataset for Turmeric Plant Leaf Disease Detection/Original DataSet/Healthy_Leaf/healthy_(31).jpg,Healthy,True,EVALUATE_SHARED,
TURM_CROSS_B_TO_A,Turmeric Plant Disease Dataset Advancing AI (Original),Image Dataset for Turmeric Plant Leaf Disease Detection,TURM_04094,DATASET/Image Dataset for Turmeric Plant Leaf Disease Detection.zip#Image Dataset for Turmeric Plant Leaf Disease Detection/Original DataSet/Healthy_Leaf/healthy_(3).jpg,Healthy,True,EVALUATE_SHARED,
TURM_CROSS_B_TO_A,Turmeric Plant Disease Dataset Advancing AI (Original),Image Dataset for Turmeric Plant Leaf Disease Detection,TURM_04095,DATASET/Image Dataset for Turmeric Plant Leaf Disease Detection.zip#Image Dataset for Turmeric Plant Leaf Disease Detection/Original DataSet/Healthy_Leaf/healthy_(32).jpg,Healthy,True,EVALUATE_SHARED,
TURM_CROSS_B_TO_A,Turmeric Plant Disease Dataset Advancing AI (Original),Image Dataset for Turmeric Plant Leaf Disease Detection,TURM_04096,DATASET/Image Dataset for Turmeric Plant Leaf Disease Detection.zip#Image Dataset for Turmeric Plant Leaf Disease Detection/Original DataSet/Healthy_Leaf/healthy_(33).jpg,Healthy,True,EVALUATE_SHARED,
TURM_CROSS_B_TO_A,Turmeric Plant Disease Dataset Advancing AI (Original),Image Dataset for Turmeric Plant Leaf Disease Detection,TURM_04097,DATASET/Image Dataset for Turmeric Plant Leaf Disease Detection.zip#Image Dataset for Turmeric Plant Leaf Disease Detection/Original DataSet/Healthy_Leaf/healthy_(34).jpg,Healthy,True,EVALUATE_SHARED,
TURM_CROSS_B_TO_A,Turmeric Plant Disease Dataset Advancing AI (Original),Image Dataset for Turmeric Plant Leaf Disease Detection,TURM_04098,DATASET/Image Dataset for Turmeric Plant Leaf Disease Detection.zip#Image Dataset for Turmeric Plant Leaf Disease Detection/Original DataSet/Healthy_Leaf/healthy_(36).jpg,Healthy,True,EVALUATE_SHARED,
TURM_CROSS_B_TO_A,Turmeric Plant Disease Dataset Advancing AI (Original),Image Dataset for Turmeric Plant Leaf Disease Detection,TURM_04099,DATASET/Image Dataset for Turmeric Plant Leaf Disease Detection.zip#Image Dataset for Turmeric Plant Leaf Disease Detection/Original DataSet/Healthy_Leaf/healthy_(35).jpg,Healthy,True,EVALUATE_SHARED,
TURM_CROSS_B_TO_A,Turmeric Plant Disease Dataset Advancing AI (Original),Image Dataset for Turmeric Plant Leaf Disease Detection,TURM_04100,DATASET/Image Dataset for Turmeric Plant Leaf Disease Detection.zip#Image Dataset for Turmeric Plant Leaf Disease Detection/Original DataSet/Healthy_Leaf/healthy_(37).jpg,Healthy,True,EVALUATE_SHARED,
TURM_CROSS_B_TO_A,Turmeric Plant Disease Dataset Advancing AI (Original),Image Dataset for Turmeric Plant Leaf Disease Detection,TURM_04101,DATASET/Image Dataset for Turmeric Plant Leaf Disease Detection.zip#Image Dataset for Turmeric Plant Leaf Disease Detection/Original DataSet/Healthy_Leaf/healthy_(38).jpg,Healthy,True,EVALUATE_SHARED,
TURM_CROSS_B_TO_A,Turmeric Plant Disease Dataset Advancing AI (Original),Image Dataset for Turmeric Plant Leaf Disease Detection,TURM_04102,DATASET/Image Dataset for Turmeric Plant Leaf Disease Detection.zip#Image Dataset for Turmeric Plant Leaf Disease Detection/Original DataSet/Healthy_Leaf/healthy_(39).jpg,Healthy,True,EVALUATE_SHARED,
TURM_CROSS_B_TO_A,Turmeric Plant Disease Dataset Advancing AI (Original),Image Dataset for Turmeric Plant Leaf Disease Detection,TURM_04103,DATASET/Image Dataset for Turmeric Plant Leaf Disease Detection.zip#Image Dataset for Turmeric Plant Leaf Disease Detection/Original DataSet/Healthy_Leaf/healthy_(40).jpg,Healthy,True,EVALUATE_SHARED,
TURM_CROSS_B_TO_A,Turmeric Plant Disease Dataset Advancing AI (Original),Image Dataset for Turmeric Plant Leaf Disease Detection,TURM_04104,DATASET/Image Dataset for Turmeric Plant Leaf Disease Detection.zip#Image Dataset for Turmeric Plant Leaf Disease Detection/Original DataSet/Healthy_Leaf/healthy_(4).jpg,Healthy,True,EVALUATE_SHARED,
TURM_CROSS_B_TO_A,Turmeric Plant Disease Dataset Advancing AI (Original),Image Dataset for Turmeric Plant Leaf Disease Detection,TURM_04105,DATASET/Image Dataset for Turmeric Plant Leaf Disease Detection.zip#Image Dataset for Turmeric Plant Leaf Disease Detection/Original DataSet/Healthy_Leaf/healthy_(41).jpg,Healthy,True,EVALUATE_SHARED,
TURM_CROSS_B_TO_A,Turmeric Plant Disease Dataset Advancing AI (Original),Image Dataset for Turmeric Plant Leaf Disease Detection,TURM_04106,DATASET/Image Dataset for Turmeric Plant Leaf Disease Detection.zip#Image Dataset for Turmeric Plant Leaf Disease Detection/Original DataSet/Healthy_Leaf/healthy_(42).jpg,Healthy,True,EVALUATE_SHARED,
TURM_CROSS_B_TO_A,Turmeric Plant Disease Dataset Advancing AI (Original),Image Dataset for Turmeric Plant Leaf Disease Detection,TURM_04107,DATASET/Image Dataset for Turmeric Plant Leaf Disease Detection.zip#Image Dataset for Turmeric Plant Leaf Disease Detection/Original DataSet/Healthy_Leaf/healthy_(43).jpg,Healthy,True,EVALUATE_SHARED,
TURM_CROSS_B_TO_A,Turmeric Plant Disease Dataset Advancing AI (Original),Image Dataset for Turmeric Plant Leaf Disease Detection,TURM_04108,DATASET/Image Dataset for Turmeric Plant Leaf Disease Detection.zip#Image Dataset for Turmeric Plant Leaf Disease Detection/Original DataSet/Healthy_Leaf/healthy_(44).jpg,Healthy,True,EVALUATE_SHARED,
TURM_CROSS_B_TO_A,Turmeric Plant Disease Dataset Advancing AI (Original),Image Dataset for Turmeric Plant Leaf Disease Detection,TURM_04109,DATASET/Image Dataset for Turmeric Plant Leaf Disease Detection.zip#Image Dataset for Turmeric Plant Leaf Disease Detection/Original DataSet/Healthy_Leaf/healthy_(45).jpg,Healthy,True,EVALUATE_SHARED,
TURM_CROSS_B_TO_A,Turmeric Plant Disease Dataset Advancing AI (Original),Image Dataset for Turmeric Plant Leaf Disease Detection,TURM_04110,DATASET/Image Dataset for Turmeric Plant Leaf Disease Detection.zip#Image Dataset for Turmeric Plant Leaf Disease Detection/Original DataSet/Healthy_Leaf/healthy_(46).jpg,Healthy,True,EVALUATE_SHARED,
TURM_CROSS_B_TO_A,Turmeric Plant Disease Dataset Advancing AI (Original),Image Dataset for Turmeric Plant Leaf Disease Detection,TURM_04111,DATASET/Image Dataset for Turmeric Plant Leaf Disease Detection.zip#Image Dataset for Turmeric Plant Leaf Disease Detection/Original DataSet/Healthy_Leaf/healthy_(47).jpg,Healthy,True,EVALUATE_SHARED,
TURM_CROSS_B_TO_A,Turmeric Plant Disease Dataset Advancing AI (Original),Image Dataset for Turmeric Plant Leaf Disease Detection,TURM_04112,DATASET/Image Dataset for Turmeric Plant Leaf Disease Detection.zip#Image Dataset for Turmeric Plant Leaf Disease Detection/Original DataSet/Healthy_Leaf/healthy_(49).jpg,Healthy,True,EVALUATE_SHARED,
TURM_CROSS_B_TO_A,Turmeric Plant Disease Dataset Advancing AI (Original),Image Dataset for Turmeric Plant Leaf Disease Detection,TURM_04113,DATASET/Image Dataset for Turmeric Plant Leaf Disease Detection.zip#Image Dataset for Turmeric Plant Leaf Disease Detection/Original DataSet/Healthy_Leaf/healthy_(5).jpg,Healthy,True,EVALUATE_SHARED,
TURM_CROSS_B_TO_A,Turmeric Plant Disease Dataset Advancing AI (Original),Image Dataset for Turmeric Plant Leaf Disease Detection,TURM_04114,DATASET/Image Dataset for Turmeric Plant Leaf Disease Detection.zip#Image Dataset for Turmeric Plant Leaf Disease Detection/Original DataSet/Healthy_Leaf/healthy_(48).jpg,Healthy,True,EVALUATE_SHARED,
TURM_CROSS_B_TO_A,Turmeric Plant Disease Dataset Advancing AI (Original),Image Dataset for Turmeric Plant Leaf Disease Detection,TURM_04115,DATASET/Image Dataset for Turmeric Plant Leaf Disease Detection.zip#Image Dataset for Turmeric Plant Leaf Disease Detection/Original DataSet/Healthy_Leaf/healthy_(50).jpg,Healthy,True,EVALUATE_SHARED,
TURM_CROSS_B_TO_A,Turmeric Plant Disease Dataset Advancing AI (Original),Image Dataset for Turmeric Plant Leaf Disease Detection,TURM_04116,DATASET/Image Dataset for Turmeric Plant Leaf Disease Detection.zip#Image Dataset for Turmeric Plant Leaf Disease Detection/Original DataSet/Healthy_Leaf/healthy_(51).jpg,Healthy,True,EVALUATE_SHARED,
TURM_CROSS_B_TO_A,Turmeric Plant Disease Dataset Advancing AI (Original),Image Dataset for Turmeric Plant Leaf Disease Detection,TURM_04117,DATASET/Image Dataset for Turmeric Plant Leaf Disease Detection.zip#Image Dataset for Turmeric Plant Leaf Disease Detection/Original DataSet/Healthy_Leaf/healthy_(52).jpg,Healthy,True,EVALUATE_SHARED,
TURM_CROSS_B_TO_A,Turmeric Plant Disease Dataset Advancing AI (Original),Image Dataset for Turmeric Plant Leaf Disease Detection,TURM_04118,DATASET/Image Dataset for Turmeric Plant Leaf Disease Detection.zip#Image Dataset for Turmeric Plant Leaf Disease Detection/Original DataSet/Healthy_Leaf/healthy_(53).jpg,Healthy,True,EVALUATE_SHARED,
TURM_CROSS_B_TO_A,Turmeric Plant Disease Dataset Advancing AI (Original),Image Dataset for Turmeric Plant Leaf Disease Detection,TURM_04119,DATASET/Image Dataset for Turmeric Plant Leaf Disease Detection.zip#Image Dataset for Turmeric Plant Leaf Disease Detection/Original DataSet/Healthy_Leaf/healthy_(54).jpg,Healthy,True,EVALUATE_SHARED,
TURM_CROSS_B_TO_A,Turmeric Plant Disease Dataset Advancing AI (Original),Image Dataset for Turmeric Plant Leaf Disease Detection,TURM_04120,DATASET/Image Dataset for Turmeric Plant Leaf Disease Detection.zip#Image Dataset for Turmeric Plant Leaf Disease Detection/Original DataSet/Healthy_Leaf/healthy_(55).jpg,Healthy,True,EVALUATE_SHARED,
TURM_CROSS_B_TO_A,Turmeric Plant Disease Dataset Advancing AI (Original),Image Dataset for Turmeric Plant Leaf Disease Detection,TURM_04121,DATASET/Image Dataset for Turmeric Plant Leaf Disease Detection.zip#Image Dataset for Turmeric Plant Leaf Disease Detection/Original DataSet/Healthy_Leaf/healthy_(56).jpg,Healthy,True,EVALUATE_SHARED,
TURM_CROSS_B_TO_A,Turmeric Plant Disease Dataset Advancing AI (Original),Image Dataset for Turmeric Plant Leaf Disease Detection,TURM_04122,DATASET/Image Dataset for Turmeric Plant Leaf Disease Detection.zip#Image Dataset for Turmeric Plant Leaf Disease Detection/Original DataSet/Healthy_Leaf/healthy_(58).jpg,Healthy,True,EVALUATE_SHARED,
TURM_CROSS_B_TO_A,Turmeric Plant Disease Dataset Advancing AI (Original),Image Dataset for Turmeric Plant Leaf Disease Detection,TURM_04123,DATASET/Image Dataset for Turmeric Plant Leaf Disease Detection.zip#Image Dataset for Turmeric Plant Leaf Disease Detection/Original DataSet/Healthy_Leaf/healthy_(57).jpg,Healthy,True,EVALUATE_SHARED,
TURM_CROSS_B_TO_A,Turmeric Plant Disease Dataset Advancing AI (Original),Image Dataset for Turmeric Plant Leaf Disease Detection,TURM_04124,DATASET/Image Dataset for Turmeric Plant Leaf Disease Detection.zip#Image Dataset for Turmeric Plant Leaf Disease Detection/Original DataSet/Healthy_Leaf/healthy_(6).jpg,Healthy,True,EVALUATE_SHARED,
TURM_CROSS_B_TO_A,Turmeric Plant Disease Dataset Advancing AI (Original),Image Dataset for Turmeric Plant Leaf Disease Detection,TURM_04125,DATASET/Image Dataset for Turmeric Plant Leaf Disease Detection.zip#Image Dataset for Turmeric Plant Leaf Disease Detection/Original DataSet/Healthy_Leaf/healthy_(59).jpg,Healthy,True,EVALUATE_SHARED,
TURM_CROSS_B_TO_A,Turmeric Plant Disease Dataset Advancing AI (Original),Image Dataset for Turmeric Plant Leaf Disease Detection,TURM_04126,DATASET/Image Dataset for Turmeric Plant Leaf Disease Detection.zip#Image Dataset for Turmeric Plant Leaf Disease Detection/Original DataSet/Healthy_Leaf/healthy_(60).jpg,Healthy,True,EVALUATE_SHARED,
TURM_CROSS_B_TO_A,Turmeric Plant Disease Dataset Advancing AI (Original),Image Dataset for Turmeric Plant Leaf Disease Detection,TURM_04127,DATASET/Image Dataset for Turmeric Plant Leaf Disease Detection.zip#Image Dataset for Turmeric Plant Leaf Disease Detection/Original DataSet/Healthy_Leaf/healthy_(61).jpg,Healthy,True,EVALUATE_SHARED,
TURM_CROSS_B_TO_A,Turmeric Plant Disease Dataset Advancing AI (Original),Image Dataset for Turmeric Plant Leaf Disease Detection,TURM_04128,DATASET/Image Dataset for Turmeric Plant Leaf Disease Detection.zip#Image Dataset for Turmeric Plant Leaf Disease Detection/Original DataSet/Healthy_Leaf/healthy_(64).jpg,Healthy,True,EVALUATE_SHARED,
TURM_CROSS_B_TO_A,Turmeric Plant Disease Dataset Advancing AI (Original),Image Dataset for Turmeric Plant Leaf Disease Detection,TURM_04129,DATASET/Image Dataset for Turmeric Plant Leaf Disease Detection.zip#Image Dataset for Turmeric Plant Leaf Disease Detection/Original DataSet/Healthy_Leaf/healthy_(63).jpg,Healthy,True,EVALUATE_SHARED,
TURM_CROSS_B_TO_A,Turmeric Plant Disease Dataset Advancing AI (Original),Image Dataset for Turmeric Plant Leaf Disease Detection,TURM_04130,DATASET/Image Dataset for Turmeric Plant Leaf Disease Detection.zip#Image Dataset for Turmeric Plant Leaf Disease Detection/Original DataSet/Healthy_Leaf/healthy_(62).jpg,Healthy,True,EVALUATE_SHARED,
TURM_CROSS_B_TO_A,Turmeric Plant Disease Dataset Advancing AI (Original),Image Dataset for Turmeric Plant Leaf Disease Detection,TURM_04131,DATASET/Image Dataset for Turmeric Plant Leaf Disease Detection.zip#Image Dataset for Turmeric Plant Leaf Disease Detection/Original DataSet/Healthy_Leaf/healthy_(65).jpg,Healthy,True,EVALUATE_SHARED,
TURM_CROSS_B_TO_A,Turmeric Plant Disease Dataset Advancing AI (Original),Image Dataset for Turmeric Plant Leaf Disease Detection,TURM_04132,DATASET/Image Dataset for Turmeric Plant Leaf Disease Detection.zip#Image Dataset for Turmeric Plant Leaf Disease Detection/Original DataSet/Healthy_Leaf/healthy_(66).jpg,Healthy,True,EVALUATE_SHARED,
TURM_CROSS_B_TO_A,Turmeric Plant Disease Dataset Advancing AI (Original),Image Dataset for Turmeric Plant Leaf Disease Detection,TURM_04133,DATASET/Image Dataset for Turmeric Plant Leaf Disease Detection.zip#Image Dataset for Turmeric Plant Leaf Disease Detection/Original DataSet/Healthy_Leaf/healthy_(69).jpg,Healthy,True,EVALUATE_SHARED,
TURM_CROSS_B_TO_A,Turmeric Plant Disease Dataset Advancing AI (Original),Image Dataset for Turmeric Plant Leaf Disease Detection,TURM_04134,DATASET/Image Dataset for Turmeric Plant Leaf Disease Detection.zip#Image Dataset for Turmeric Plant Leaf Disease Detection/Original DataSet/Healthy_Leaf/healthy_(67).jpg,Healthy,True,EVALUATE_SHARED,
TURM_CROSS_B_TO_A,Turmeric Plant Disease Dataset Advancing AI (Original),Image Dataset for Turmeric Plant Leaf Disease Detection,TURM_04135,DATASET/Image Dataset for Turmeric Plant Leaf Disease Detection.zip#Image Dataset for Turmeric Plant Leaf Disease Detection/Original DataSet/Healthy_Leaf/healthy_(68).jpg,Healthy,True,EVALUATE_SHARED,
TURM_CROSS_B_TO_A,Turmeric Plant Disease Dataset Advancing AI (Original),Image Dataset for Turmeric Plant Leaf Disease Detection,TURM_04136,DATASET/Image Dataset for Turmeric Plant Leaf Disease Detection.zip#Image Dataset for Turmeric Plant Leaf Disease Detection/Original DataSet/Healthy_Leaf/healthy_(7).jpg,Healthy,True,EVALUATE_SHARED,
TURM_CROSS_B_TO_A,Turmeric Plant Disease Dataset Advancing AI (Original),Image Dataset for Turmeric Plant Leaf Disease Detection,TURM_04137,DATASET/Image Dataset for Turmeric Plant Leaf Disease Detection.zip#Image Dataset for Turmeric Plant Leaf Disease Detection/Original DataSet/Healthy_Leaf/healthy_(70).jpg,Healthy,True,EVALUATE_SHARED,
TURM_CROSS_B_TO_A,Turmeric Plant Disease Dataset Advancing AI (Original),Image Dataset for Turmeric Plant Leaf Disease Detection,TURM_04138,DATASET/Image Dataset for Turmeric Plant Leaf Disease Detection.zip#Image Dataset for Turmeric Plant Leaf Disease Detection/Original DataSet/Healthy_Leaf/healthy_(71).jpg,Healthy,True,EVALUATE_SHARED,
TURM_CROSS_B_TO_A,Turmeric Plant Disease Dataset Advancing AI (Original),Image Dataset for Turmeric Plant Leaf Disease Detection,TURM_04139,DATASET/Image Dataset for Turmeric Plant Leaf Disease Detection.zip#Image Dataset for Turmeric Plant Leaf Disease Detection/Original DataSet/Healthy_Leaf/healthy_(72).jpg,Healthy,True,EVALUATE_SHARED,
TURM_CROSS_B_TO_A,Turmeric Plant Disease Dataset Advancing AI (Original),Image Dataset for Turmeric Plant Leaf Disease Detection,TURM_04140,DATASET/Image Dataset for Turmeric Plant Leaf Disease Detection.zip#Image Dataset for Turmeric Plant Leaf Disease Detection/Original DataSet/Healthy_Leaf/healthy_(73).jpg,Healthy,True,EVALUATE_SHARED,
TURM_CROSS_B_TO_A,Turmeric Plant Disease Dataset Advancing AI (Original),Image Dataset for Turmeric Plant Leaf Disease Detection,TURM_04141,DATASET/Image Dataset for Turmeric Plant Leaf Disease Detection.zip#Image Dataset for Turmeric Plant Leaf Disease Detection/Original DataSet/Healthy_Leaf/healthy_(74).jpg,Healthy,True,EVALUATE_SHARED,
TURM_CROSS_B_TO_A,Turmeric Plant Disease Dataset Advancing AI (Original),Image Dataset for Turmeric Plant Leaf Disease Detection,TURM_04142,DATASET/Image Dataset for Turmeric Plant Leaf Disease Detection.zip#Image Dataset for Turmeric Plant Leaf Disease Detection/Original DataSet/Healthy_Leaf/healthy_(78).jpg,Healthy,True,EVALUATE_SHARED,
TURM_CROSS_B_TO_A,Turmeric Plant Disease Dataset Advancing AI (Original),Image Dataset for Turmeric Plant Leaf Disease Detection,TURM_04143,DATASET/Image Dataset for Turmeric Plant Leaf Disease Detection.zip#Image Dataset for Turmeric Plant Leaf Disease Detection/Original DataSet/Healthy_Leaf/healthy_(75).jpg,Healthy,True,EVALUATE_SHARED,
TURM_CROSS_B_TO_A,Turmeric Plant Disease Dataset Advancing AI (Original),Image Dataset for Turmeric Plant Leaf Disease Detection,TURM_04144,DATASET/Image Dataset for Turmeric Plant Leaf Disease Detection.zip#Image Dataset for Turmeric Plant Leaf Disease Detection/Original DataSet/Healthy_Leaf/healthy_(76).jpg,Healthy,True,EVALUATE_SHARED,
TURM_CROSS_B_TO_A,Turmeric Plant Disease Dataset Advancing AI (Original),Image Dataset for Turmeric Plant Leaf Disease Detection,TURM_04145,DATASET/Image Dataset for Turmeric Plant Leaf Disease Detection.zip#Image Dataset for Turmeric Plant Leaf Disease Detection/Original DataSet/Healthy_Leaf/healthy_(77).jpg,Healthy,True,EVALUATE_SHARED,
TURM_CROSS_B_TO_A,Turmeric Plant Disease Dataset Advancing AI (Original),Image Dataset for Turmeric Plant Leaf Disease Detection,TURM_04146,DATASET/Image Dataset for Turmeric Plant Leaf Disease Detection.zip#Image Dataset for Turmeric Plant Leaf Disease Detection/Original DataSet/Healthy_Leaf/healthy_(79).jpg,Healthy,True,EVALUATE_SHARED,
TURM_CROSS_B_TO_A,Turmeric Plant Disease Dataset Advancing AI (Original),Image Dataset for Turmeric Plant Leaf Disease Detection,TURM_04147,DATASET/Image Dataset for Turmeric Plant Leaf Disease Detection.zip#Image Dataset for Turmeric Plant Leaf Disease Detection/Original DataSet/Healthy_Leaf/healthy_(8).jpg,Healthy,True,EVALUATE_SHARED,
TURM_CROSS_B_TO_A,Turmeric Plant Disease Dataset Advancing AI (Original),Image Dataset for Turmeric Plant Leaf Disease Detection,TURM_04148,DATASET/Image Dataset for Turmeric Plant Leaf Disease Detection.zip#Image Dataset for Turmeric Plant Leaf Disease Detection/Original DataSet/Healthy_Leaf/healthy_(80).jpg,Healthy,True,EVALUATE_SHARED,
TURM_CROSS_B_TO_A,Turmeric Plant Disease Dataset Advancing AI (Original),Image Dataset for Turmeric Plant Leaf Disease Detection,TURM_04149,DATASET/Image Dataset for Turmeric Plant Leaf Disease Detection.zip#Image Dataset for Turmeric Plant Leaf Disease Detection/Original DataSet/Healthy_Leaf/healthy_(81).jpg,Healthy,True,EVALUATE_SHARED,
TURM_CROSS_B_TO_A,Turmeric Plant Disease Dataset Advancing AI (Original),Image Dataset for Turmeric Plant Leaf Disease Detection,TURM_04150,DATASET/Image Dataset for Turmeric Plant Leaf Disease Detection.zip#Image Dataset for Turmeric Plant Leaf Disease Detection/Original DataSet/Healthy_Leaf/healthy_(82).jpg,Healthy,True,EVALUATE_SHARED,
TURM_CROSS_B_TO_A,Turmeric Plant Disease Dataset Advancing AI (Original),Image Dataset for Turmeric Plant Leaf Disease Detection,TURM_04151,DATASET/Image Dataset for Turmeric Plant Leaf Disease Detection.zip#Image Dataset for Turmeric Plant Leaf Disease Detection/Original DataSet/Healthy_Leaf/healthy_(83).jpg,Healthy,True,EVALUATE_SHARED,
TURM_CROSS_B_TO_A,Turmeric Plant Disease Dataset Advancing AI (Original),Image Dataset for Turmeric Plant Leaf Disease Detection,TURM_04152,DATASET/Image Dataset for Turmeric Plant Leaf Disease Detection.zip#Image Dataset for Turmeric Plant Leaf Disease Detection/Original DataSet/Healthy_Leaf/healthy_(85).jpg,Healthy,True,EVALUATE_SHARED,
TURM_CROSS_B_TO_A,Turmeric Plant Disease Dataset Advancing AI (Original),Image Dataset for Turmeric Plant Leaf Disease Detection,TURM_04153,DATASET/Image Dataset for Turmeric Plant Leaf Disease Detection.zip#Image Dataset for Turmeric Plant Leaf Disease Detection/Original DataSet/Healthy_Leaf/healthy_(84).jpg,Healthy,True,EVALUATE_SHARED,
TURM_CROSS_B_TO_A,Turmeric Plant Disease Dataset Advancing AI (Original),Image Dataset for Turmeric Plant Leaf Disease Detection,TURM_04154,DATASET/Image Dataset for Turmeric Plant Leaf Disease Detection.zip#Image Dataset for Turmeric Plant Leaf Disease Detection/Original DataSet/Healthy_Leaf/healthy_(86).jpg,Healthy,True,EVALUATE_SHARED,
TURM_CROSS_B_TO_A,Turmeric Plant Disease Dataset Advancing AI (Original),Image Dataset for Turmeric Plant Leaf Disease Detection,TURM_04155,DATASET/Image Dataset for Turmeric Plant Leaf Disease Detection.zip#Image Dataset for Turmeric Plant Leaf Disease Detection/Original DataSet/Healthy_Leaf/healthy_(87).jpg,Healthy,True,EVALUATE_SHARED,
TURM_CROSS_B_TO_A,Turmeric Plant Disease Dataset Advancing AI (Original),Image Dataset for Turmeric Plant Leaf Disease Detection,TURM_04156,DATASET/Image Dataset for Turmeric Plant Leaf Disease Detection.zip#Image Dataset for Turmeric Plant Leaf Disease Detection/Original DataSet/Healthy_Leaf/healthy_(88).jpg,Healthy,True,EVALUATE_SHARED,
TURM_CROSS_B_TO_A,Turmeric Plant Disease Dataset Advancing AI (Original),Image Dataset for Turmeric Plant Leaf Disease Detection,TURM_04157,DATASET/Image Dataset for Turmeric Plant Leaf Disease Detection.zip#Image Dataset for Turmeric Plant Leaf Disease Detection/Original DataSet/Healthy_Leaf/healthy_(89).jpg,Healthy,True,EVALUATE_SHARED,
TURM_CROSS_B_TO_A,Turmeric Plant Disease Dataset Advancing AI (Original),Image Dataset for Turmeric Plant Leaf Disease Detection,TURM_04158,DATASET/Image Dataset for Turmeric Plant Leaf Disease Detection.zip#Image Dataset for Turmeric Plant Leaf Disease Detection/Original DataSet/Healthy_Leaf/healthy_(9).jpg,Healthy,True,EVALUATE_SHARED,
TURM_CROSS_B_TO_A,Turmeric Plant Disease Dataset Advancing AI (Original),Image Dataset for Turmeric Plant Leaf Disease Detection,TURM_04159,DATASET/Image Dataset for Turmeric Plant Leaf Disease Detection.zip#Image Dataset for Turmeric Plant Leaf Disease Detection/Original DataSet/Healthy_Leaf/healthy_(90).jpg,Healthy,True,EVALUATE_SHARED,
TURM_CROSS_B_TO_A,Turmeric Plant Disease Dataset Advancing AI (Original),Image Dataset for Turmeric Plant Leaf Disease Detection,TURM_04160,DATASET/Image Dataset for Turmeric Plant Leaf Disease Detection.zip#Image Dataset for Turmeric Plant Leaf Disease Detection/Original DataSet/Healthy_Leaf/healthy_(91).jpg,Healthy,True,EVALUATE_SHARED,
TURM_CROSS_B_TO_A,Turmeric Plant Disease Dataset Advancing AI (Original),Image Dataset for Turmeric Plant Leaf Disease Detection,TURM_04161,DATASET/Image Dataset for Turmeric Plant Leaf Disease Detection.zip#Image Dataset for Turmeric Plant Leaf Disease Detection/Original DataSet/Healthy_Leaf/healthy_(92).jpg,Healthy,True,EVALUATE_SHARED,
TURM_CROSS_B_TO_A,Turmeric Plant Disease Dataset Advancing AI (Original),Image Dataset for Turmeric Plant Leaf Disease Detection,TURM_04162,DATASET/Image Dataset for Turmeric Plant Leaf Disease Detection.zip#Image Dataset for Turmeric Plant Leaf Disease Detection/Original DataSet/Healthy_Leaf/healthy_(93).jpg,Healthy,True,EVALUATE_SHARED,
TURM_CROSS_B_TO_A,Turmeric Plant Disease Dataset Advancing AI (Original),Image Dataset for Turmeric Plant Leaf Disease Detection,TURM_04163,DATASET/Image Dataset for Turmeric Plant Leaf Disease Detection.zip#Image Dataset for Turmeric Plant Leaf Disease Detection/Original DataSet/Healthy_Leaf/healthy_(94).jpg,Healthy,True,EVALUATE_SHARED,
TURM_CROSS_B_TO_A,Turmeric Plant Disease Dataset Advancing AI (Original),Image Dataset for Turmeric Plant Leaf Disease Detection,TURM_04164,DATASET/Image Dataset for Turmeric Plant Leaf Disease Detection.zip#Image Dataset for Turmeric Plant Leaf Disease Detection/Original DataSet/Healthy_Leaf/healthy_(96).jpg,Healthy,True,EVALUATE_SHARED,
TURM_CROSS_B_TO_A,Turmeric Plant Disease Dataset Advancing AI (Original),Image Dataset for Turmeric Plant Leaf Disease Detection,TURM_04165,DATASET/Image Dataset for Turmeric Plant Leaf Disease Detection.zip#Image Dataset for Turmeric Plant Leaf Disease Detection/Original DataSet/Healthy_Leaf/healthy_(97).jpg,Healthy,True,EVALUATE_SHARED,
TURM_CROSS_B_TO_A,Turmeric Plant Disease Dataset Advancing AI (Original),Image Dataset for Turmeric Plant Leaf Disease Detection,TURM_04166,DATASET/Image Dataset for Turmeric Plant Leaf Disease Detection.zip#Image Dataset for Turmeric Plant Leaf Disease Detection/Original DataSet/Healthy_Leaf/healthy_(98).jpg,Healthy,True,EVALUATE_SHARED,
TURM_CROSS_B_TO_A,Turmeric Plant Disease Dataset Advancing AI (Original),Image Dataset for Turmeric Plant Leaf Disease Detection,TURM_04167,DATASET/Image Dataset for Turmeric Plant Leaf Disease Detection.zip#Image Dataset for Turmeric Plant Leaf Disease Detection/Original DataSet/Healthy_Leaf/healthy_(95).jpg,Healthy,True,EVALUATE_SHARED,
TURM_CROSS_B_TO_A,Turmeric Plant Disease Dataset Advancing AI (Original),Image Dataset for Turmeric Plant Leaf Disease Detection,TURM_04168,DATASET/Image Dataset for Turmeric Plant Leaf Disease Detection.zip#Image Dataset for Turmeric Plant Leaf Disease Detection/Original DataSet/Healthy_Leaf/healthy_(99).jpg,Healthy,True,EVALUATE_SHARED,
TURM_CROSS_B_TO_A,Turmeric Plant Disease Dataset Advancing AI (Original),Image Dataset for Turmeric Plant Leaf Disease Detection,TURM_04169,DATASET/Image Dataset for Turmeric Plant Leaf Disease Detection.zip#Image Dataset for Turmeric Plant Leaf Disease Detection/Original DataSet/Leaf_Spot/leaf_spot_(1).jpg,Leaf Spot,False,EXCLUDE_OOD,Class 'Leaf Spot' does not exist in training source (Turmeric Plant Disease Dataset Advancing AI (Original))
TURM_CROSS_B_TO_A,Turmeric Plant Disease Dataset Advancing AI (Original),Image Dataset for Turmeric Plant Leaf Disease Detection,TURM_04170,DATASET/Image Dataset for Turmeric Plant Leaf Disease Detection.zip#Image Dataset for Turmeric Plant Leaf Disease Detection/Original DataSet/Leaf_Spot/leaf_spot_(10).jpg,Leaf Spot,False,EXCLUDE_OOD,Class 'Leaf Spot' does not exist in training source (Turmeric Plant Disease Dataset Advancing AI (Original))
TURM_CROSS_B_TO_A,Turmeric Plant Disease Dataset Advancing AI (Original),Image Dataset for Turmeric Plant Leaf Disease Detection,TURM_04171,DATASET/Image Dataset for Turmeric Plant Leaf Disease Detection.zip#Image Dataset for Turmeric Plant Leaf Disease Detection/Original DataSet/Leaf_Spot/leaf_spot_(100).jpg,Leaf Spot,False,EXCLUDE_OOD,Class 'Leaf Spot' does not exist in training source (Turmeric Plant Disease Dataset Advancing AI (Original))
TURM_CROSS_B_TO_A,Turmeric Plant Disease Dataset Advancing AI (Original),Image Dataset for Turmeric Plant Leaf Disease Detection,TURM_04172,DATASET/Image Dataset for Turmeric Plant Leaf Disease Detection.zip#Image Dataset for Turmeric Plant Leaf Disease Detection/Original DataSet/Leaf_Spot/leaf_spot_(101).jpg,Leaf Spot,False,EXCLUDE_OOD,Class 'Leaf Spot' does not exist in training source (Turmeric Plant Disease Dataset Advancing AI (Original))
TURM_CROSS_B_TO_A,Turmeric Plant Disease Dataset Advancing AI (Original),Image Dataset for Turmeric Plant Leaf Disease Detection,TURM_04173,DATASET/Image Dataset for Turmeric Plant Leaf Disease Detection.zip#Image Dataset for Turmeric Plant Leaf Disease Detection/Original DataSet/Leaf_Spot/leaf_spot_(102).jpg,Leaf Spot,False,EXCLUDE_OOD,Class 'Leaf Spot' does not exist in training source (Turmeric Plant Disease Dataset Advancing AI (Original))
TURM_CROSS_B_TO_A,Turmeric Plant Disease Dataset Advancing AI (Original),Image Dataset for Turmeric Plant Leaf Disease Detection,TURM_04174,DATASET/Image Dataset for Turmeric Plant Leaf Disease Detection.zip#Image Dataset for Turmeric Plant Leaf Disease Detection/Original DataSet/Leaf_Spot/leaf_spot_(103).jpg,Leaf Spot,False,EXCLUDE_OOD,Class 'Leaf Spot' does not exist in training source (Turmeric Plant Disease Dataset Advancing AI (Original))
TURM_CROSS_B_TO_A,Turmeric Plant Disease Dataset Advancing AI (Original),Image Dataset for Turmeric Plant Leaf Disease Detection,TURM_04175,DATASET/Image Dataset for Turmeric Plant Leaf Disease Detection.zip#Image Dataset for Turmeric Plant Leaf Disease Detection/Original DataSet/Leaf_Spot/leaf_spot_(104).jpg,Leaf Spot,False,EXCLUDE_OOD,Class 'Leaf Spot' does not exist in training source (Turmeric Plant Disease Dataset Advancing AI (Original))
TURM_CROSS_B_TO_A,Turmeric Plant Disease Dataset Advancing AI (Original),Image Dataset for Turmeric Plant Leaf Disease Detection,TURM_04176,DATASET/Image Dataset for Turmeric Plant Leaf Disease Detection.zip#Image Dataset for Turmeric Plant Leaf Disease Detection/Original DataSet/Leaf_Spot/leaf_spot_(106).jpg,Leaf Spot,False,EXCLUDE_OOD,Class 'Leaf Spot' does not exist in training source (Turmeric Plant Disease Dataset Advancing AI (Original))
TURM_CROSS_B_TO_A,Turmeric Plant Disease Dataset Advancing AI (Original),Image Dataset for Turmeric Plant Leaf Disease Detection,TURM_04177,DATASET/Image Dataset for Turmeric Plant Leaf Disease Detection.zip#Image Dataset for Turmeric Plant Leaf Disease Detection/Original DataSet/Leaf_Spot/leaf_spot_(105).jpg,Leaf Spot,False,EXCLUDE_OOD,Class 'Leaf Spot' does not exist in training source (Turmeric Plant Disease Dataset Advancing AI (Original))
TURM_CROSS_B_TO_A,Turmeric Plant Disease Dataset Advancing AI (Original),Image Dataset for Turmeric Plant Leaf Disease Detection,TURM_04178,DATASET/Image Dataset for Turmeric Plant Leaf Disease Detection.zip#Image Dataset for Turmeric Plant Leaf Disease Detection/Original DataSet/Leaf_Spot/leaf_spot_(107).jpg,Leaf Spot,False,EXCLUDE_OOD,Class 'Leaf Spot' does not exist in training source (Turmeric Plant Disease Dataset Advancing AI (Original))
TURM_CROSS_B_TO_A,Turmeric Plant Disease Dataset Advancing AI (Original),Image Dataset for Turmeric Plant Leaf Disease Detection,TURM_04179,DATASET/Image Dataset for Turmeric Plant Leaf Disease Detection.zip#Image Dataset for Turmeric Plant Leaf Disease Detection/Original DataSet/Leaf_Spot/leaf_spot_(109).jpg,Leaf Spot,False,EXCLUDE_OOD,Class 'Leaf Spot' does not exist in training source (Turmeric Plant Disease Dataset Advancing AI (Original))
TURM_CROSS_B_TO_A,Turmeric Plant Disease Dataset Advancing AI (Original),Image Dataset for Turmeric Plant Leaf Disease Detection,TURM_04180,DATASET/Image Dataset for Turmeric Plant Leaf Disease Detection.zip#Image Dataset for Turmeric Plant Leaf Disease Detection/Original DataSet/Leaf_Spot/leaf_spot_(108).jpg,Leaf Spot,False,EXCLUDE_OOD,Class 'Leaf Spot' does not exist in training source (Turmeric Plant Disease Dataset Advancing AI (Original))
TURM_CROSS_B_TO_A,Turmeric Plant Disease Dataset Advancing AI (Original),Image Dataset for Turmeric Plant Leaf Disease Detection,TURM_04181,DATASET/Image Dataset for Turmeric Plant Leaf Disease Detection.zip#Image Dataset for Turmeric Plant Leaf Disease Detection/Original DataSet/Leaf_Spot/leaf_spot_(11).jpg,Leaf Spot,False,EXCLUDE_OOD,Class 'Leaf Spot' does not exist in training source (Turmeric Plant Disease Dataset Advancing AI (Original))
TURM_CROSS_B_TO_A,Turmeric Plant Disease Dataset Advancing AI (Original),Image Dataset for Turmeric Plant Leaf Disease Detection,TURM_04182,DATASET/Image Dataset for Turmeric Plant Leaf Disease Detection.zip#Image Dataset for Turmeric Plant Leaf Disease Detection/Original DataSet/Leaf_Spot/leaf_spot_(110).jpg,Leaf Spot,False,EXCLUDE_OOD,Class 'Leaf Spot' does not exist in training source (Turmeric Plant Disease Dataset Advancing AI (Original))
TURM_CROSS_B_TO_A,Turmeric Plant Disease Dataset Advancing AI (Original),Image Dataset for Turmeric Plant Leaf Disease Detection,TURM_04183,DATASET/Image Dataset for Turmeric Plant Leaf Disease Detection.zip#Image Dataset for Turmeric Plant Leaf Disease Detection/Original DataSet/Leaf_Spot/leaf_spot_(111).jpg,Leaf Spot,False,EXCLUDE_OOD,Class 'Leaf Spot' does not exist in training source (Turmeric Plant Disease Dataset Advancing AI (Original))
TURM_CROSS_B_TO_A,Turmeric Plant Disease Dataset Advancing AI (Original),Image Dataset for Turmeric Plant Leaf Disease Detection,TURM_04184,DATASET/Image Dataset for Turmeric Plant Leaf Disease Detection.zip#Image Dataset for Turmeric Plant Leaf Disease Detection/Original DataSet/Leaf_Spot/leaf_spot_(112).jpg,Leaf Spot,False,EXCLUDE_OOD,Class 'Leaf Spot' does not exist in training source (Turmeric Plant Disease Dataset Advancing AI (Original))
TURM_CROSS_B_TO_A,Turmeric Plant Disease Dataset Advancing AI (Original),Image Dataset for Turmeric Plant Leaf Disease Detection,TURM_04185,DATASET/Image Dataset for Turmeric Plant Leaf Disease Detection.zip#Image Dataset for Turmeric Plant Leaf Disease Detection/Original DataSet/Leaf_Spot/leaf_spot_(113).jpg,Leaf Spot,False,EXCLUDE_OOD,Class 'Leaf Spot' does not exist in training source (Turmeric Plant Disease Dataset Advancing AI (Original))
TURM_CROSS_B_TO_A,Turmeric Plant Disease Dataset Advancing AI (Original),Image Dataset for Turmeric Plant Leaf Disease Detection,TURM_04186,DATASET/Image Dataset for Turmeric Plant Leaf Disease Detection.zip#Image Dataset for Turmeric Plant Leaf Disease Detection/Original DataSet/Leaf_Spot/leaf_spot_(114).jpg,Leaf Spot,False,EXCLUDE_OOD,Class 'Leaf Spot' does not exist in training source (Turmeric Plant Disease Dataset Advancing AI (Original))
TURM_CROSS_B_TO_A,Turmeric Plant Disease Dataset Advancing AI (Original),Image Dataset for Turmeric Plant Leaf Disease Detection,TURM_04187,DATASET/Image Dataset for Turmeric Plant Leaf Disease Detection.zip#Image Dataset for Turmeric Plant Leaf Disease Detection/Original DataSet/Leaf_Spot/leaf_spot_(115).jpg,Leaf Spot,False,EXCLUDE_OOD,Class 'Leaf Spot' does not exist in training source (Turmeric Plant Disease Dataset Advancing AI (Original))
TURM_CROSS_B_TO_A,Turmeric Plant Disease Dataset Advancing AI (Original),Image Dataset for Turmeric Plant Leaf Disease Detection,TURM_04188,DATASET/Image Dataset for Turmeric Plant Leaf Disease Detection.zip#Image Dataset for Turmeric Plant Leaf Disease Detection/Original DataSet/Leaf_Spot/leaf_spot_(116).jpg,Leaf Spot,False,EXCLUDE_OOD,Class 'Leaf Spot' does not exist in training source (Turmeric Plant Disease Dataset Advancing AI (Original))
TURM_CROSS_B_TO_A,Turmeric Plant Disease Dataset Advancing AI (Original),Image Dataset for Turmeric Plant Leaf Disease Detection,TURM_04189,DATASET/Image Dataset for Turmeric Plant Leaf Disease Detection.zip#Image Dataset for Turmeric Plant Leaf Disease Detection/Original DataSet/Leaf_Spot/leaf_spot_(117).jpg,Leaf Spot,False,EXCLUDE_OOD,Class 'Leaf Spot' does not exist in training source (Turmeric Plant Disease Dataset Advancing AI (Original))
TURM_CROSS_B_TO_A,Turmeric Plant Disease Dataset Advancing AI (Original),Image Dataset for Turmeric Plant Leaf Disease Detection,TURM_04190,DATASET/Image Dataset for Turmeric Plant Leaf Disease Detection.zip#Image Dataset for Turmeric Plant Leaf Disease Detection/Original DataSet/Leaf_Spot/leaf_spot_(118).jpg,Leaf Spot,False,EXCLUDE_OOD,Class 'Leaf Spot' does not exist in training source (Turmeric Plant Disease Dataset Advancing AI (Original))
TURM_CROSS_B_TO_A,Turmeric Plant Disease Dataset Advancing AI (Original),Image Dataset for Turmeric Plant Leaf Disease Detection,TURM_04191,DATASET/Image Dataset for Turmeric Plant Leaf Disease Detection.zip#Image Dataset for Turmeric Plant Leaf Disease Detection/Original DataSet/Leaf_Spot/leaf_spot_(119).jpg,Leaf Spot,False,EXCLUDE_OOD,Class 'Leaf Spot' does not exist in training source (Turmeric Plant Disease Dataset Advancing AI (Original))
TURM_CROSS_B_TO_A,Turmeric Plant Disease Dataset Advancing AI (Original),Image Dataset for Turmeric Plant Leaf Disease Detection,TURM_04192,DATASET/Image Dataset for Turmeric Plant Leaf Disease Detection.zip#Image Dataset for Turmeric Plant Leaf Disease Detection/Original DataSet/Leaf_Spot/leaf_spot_(12).jpg,Leaf Spot,False,EXCLUDE_OOD,Class 'Leaf Spot' does not exist in training source (Turmeric Plant Disease Dataset Advancing AI (Original))
TURM_CROSS_B_TO_A,Turmeric Plant Disease Dataset Advancing AI (Original),Image Dataset for Turmeric Plant Leaf Disease Detection,TURM_04193,DATASET/Image Dataset for Turmeric Plant Leaf Disease Detection.zip#Image Dataset for Turmeric Plant Leaf Disease Detection/Original DataSet/Leaf_Spot/leaf_spot_(120).jpg,Leaf Spot,False,EXCLUDE_OOD,Class 'Leaf Spot' does not exist in training source (Turmeric Plant Disease Dataset Advancing AI (Original))
TURM_CROSS_B_TO_A,Turmeric Plant Disease Dataset Advancing AI (Original),Image Dataset for Turmeric Plant Leaf Disease Detection,TURM_04194,DATASET/Image Dataset for Turmeric Plant Leaf Disease Detection.zip#Image Dataset for Turmeric Plant Leaf Disease Detection/Original DataSet/Leaf_Spot/leaf_spot_(121).jpg,Leaf Spot,False,EXCLUDE_OOD,Class 'Leaf Spot' does not exist in training source (Turmeric Plant Disease Dataset Advancing AI (Original))
TURM_CROSS_B_TO_A,Turmeric Plant Disease Dataset Advancing AI (Original),Image Dataset for Turmeric Plant Leaf Disease Detection,TURM_04195,DATASET/Image Dataset for Turmeric Plant Leaf Disease Detection.zip#Image Dataset for Turmeric Plant Leaf Disease Detection/Original DataSet/Leaf_Spot/leaf_spot_(122).jpg,Leaf Spot,False,EXCLUDE_OOD,Class 'Leaf Spot' does not exist in training source (Turmeric Plant Disease Dataset Advancing AI (Original))
TURM_CROSS_B_TO_A,Turmeric Plant Disease Dataset Advancing AI (Original),Image Dataset for Turmeric Plant Leaf Disease Detection,TURM_04196,DATASET/Image Dataset for Turmeric Plant Leaf Disease Detection.zip#Image Dataset for Turmeric Plant Leaf Disease Detection/Original DataSet/Leaf_Spot/leaf_spot_(123).jpg,Leaf Spot,False,EXCLUDE_OOD,Class 'Leaf Spot' does not exist in training source (Turmeric Plant Disease Dataset Advancing AI (Original))
TURM_CROSS_B_TO_A,Turmeric Plant Disease Dataset Advancing AI (Original),Image Dataset for Turmeric Plant Leaf Disease Detection,TURM_04197,DATASET/Image Dataset for Turmeric Plant Leaf Disease Detection.zip#Image Dataset for Turmeric Plant Leaf Disease Detection/Original DataSet/Leaf_Spot/leaf_spot_(124).jpg,Leaf Spot,False,EXCLUDE_OOD,Class 'Leaf Spot' does not exist in training source (Turmeric Plant Disease Dataset Advancing AI (Original))
TURM_CROSS_B_TO_A,Turmeric Plant Disease Dataset Advancing AI (Original),Image Dataset for Turmeric Plant Leaf Disease Detection,TURM_04198,DATASET/Image Dataset for Turmeric Plant Leaf Disease Detection.zip#Image Dataset for Turmeric Plant Leaf Disease Detection/Original DataSet/Leaf_Spot/leaf_spot_(125).jpg,Leaf Spot,False,EXCLUDE_OOD,Class 'Leaf Spot' does not exist in training source (Turmeric Plant Disease Dataset Advancing AI (Original))
TURM_CROSS_B_TO_A,Turmeric Plant Disease Dataset Advancing AI (Original),Image Dataset for Turmeric Plant Leaf Disease Detection,TURM_04199,DATASET/Image Dataset for Turmeric Plant Leaf Disease Detection.zip#Image Dataset for Turmeric Plant Leaf Disease Detection/Original DataSet/Leaf_Spot/leaf_spot_(126).jpg,Leaf Spot,False,EXCLUDE_OOD,Class 'Leaf Spot' does not exist in training source (Turmeric Plant Disease Dataset Advancing AI (Original))
TURM_CROSS_B_TO_A,Turmeric Plant Disease Dataset Advancing AI (Original),Image Dataset for Turmeric Plant Leaf Disease Detection,TURM_04200,DATASET/Image Dataset for Turmeric Plant Leaf Disease Detection.zip#Image Dataset for Turmeric Plant Leaf Disease Detection/Original DataSet/Leaf_Spot/leaf_spot_(128).jpg,Leaf Spot,False,EXCLUDE_OOD,Class 'Leaf Spot' does not exist in training source (Turmeric Plant Disease Dataset Advancing AI (Original))
TURM_CROSS_B_TO_A,Turmeric Plant Disease Dataset Advancing AI (Original),Image Dataset for Turmeric Plant Leaf Disease Detection,TURM_04201,DATASET/Image Dataset for Turmeric Plant Leaf Disease Detection.zip#Image Dataset for Turmeric Plant Leaf Disease Detection/Original DataSet/Leaf_Spot/leaf_spot_(127).jpg,Leaf Spot,False,EXCLUDE_OOD,Class 'Leaf Spot' does not exist in training source (Turmeric Plant Disease Dataset Advancing AI (Original))
TURM_CROSS_B_TO_A,Turmeric Plant Disease Dataset Advancing AI (Original),Image Dataset for Turmeric Plant Leaf Disease Detection,TURM_04202,DATASET/Image Dataset for Turmeric Plant Leaf Disease Detection.zip#Image Dataset for Turmeric Plant Leaf Disease Detection/Original DataSet/Leaf_Spot/leaf_spot_(13).jpg,Leaf Spot,False,EXCLUDE_OOD,Class 'Leaf Spot' does not exist in training source (Turmeric Plant Disease Dataset Advancing AI (Original))
TURM_CROSS_B_TO_A,Turmeric Plant Disease Dataset Advancing AI (Original),Image Dataset for Turmeric Plant Leaf Disease Detection,TURM_04203,DATASET/Image Dataset for Turmeric Plant Leaf Disease Detection.zip#Image Dataset for Turmeric Plant Leaf Disease Detection/Original DataSet/Leaf_Spot/leaf_spot_(129).jpg,Leaf Spot,False,EXCLUDE_OOD,Class 'Leaf Spot' does not exist in training source (Turmeric Plant Disease Dataset Advancing AI (Original))
TURM_CROSS_B_TO_A,Turmeric Plant Disease Dataset Advancing AI (Original),Image Dataset for Turmeric Plant Leaf Disease Detection,TURM_04204,DATASET/Image Dataset for Turmeric Plant Leaf Disease Detection.zip#Image Dataset for Turmeric Plant Leaf Disease Detection/Original DataSet/Leaf_Spot/leaf_spot_(130).jpg,Leaf Spot,False,EXCLUDE_OOD,Class 'Leaf Spot' does not exist in training source (Turmeric Plant Disease Dataset Advancing AI (Original))
TURM_CROSS_B_TO_A,Turmeric Plant Disease Dataset Advancing AI (Original),Image Dataset for Turmeric Plant Leaf Disease Detection,TURM_04205,DATASET/Image Dataset for Turmeric Plant Leaf Disease Detection.zip#Image Dataset for Turmeric Plant Leaf Disease Detection/Original DataSet/Leaf_Spot/leaf_spot_(131).jpg,Leaf Spot,False,EXCLUDE_OOD,Class 'Leaf Spot' does not exist in training source (Turmeric Plant Disease Dataset Advancing AI (Original))
TURM_CROSS_B_TO_A,Turmeric Plant Disease Dataset Advancing AI (Original),Image Dataset for Turmeric Plant Leaf Disease Detection,TURM_04206,DATASET/Image Dataset for Turmeric Plant Leaf Disease Detection.zip#Image Dataset for Turmeric Plant Leaf Disease Detection/Original DataSet/Leaf_Spot/leaf_spot_(132).jpg,Leaf Spot,False,EXCLUDE_OOD,Class 'Leaf Spot' does not exist in training source (Turmeric Plant Disease Dataset Advancing AI (Original))
TURM_CROSS_B_TO_A,Turmeric Plant Disease Dataset Advancing AI (Original),Image Dataset for Turmeric Plant Leaf Disease Detection,TURM_04207,DATASET/Image Dataset for Turmeric Plant Leaf Disease Detection.zip#Image Dataset for Turmeric Plant Leaf Disease Detection/Original DataSet/Leaf_Spot/leaf_spot_(133).jpg,Leaf Spot,False,EXCLUDE_OOD,Class 'Leaf Spot' does not exist in training source (Turmeric Plant Disease Dataset Advancing AI (Original))
TURM_CROSS_B_TO_A,Turmeric Plant Disease Dataset Advancing AI (Original),Image Dataset for Turmeric Plant Leaf Disease Detection,TURM_04208,DATASET/Image Dataset for Turmeric Plant Leaf Disease Detection.zip#Image Dataset for Turmeric Plant Leaf Disease Detection/Original DataSet/Leaf_Spot/leaf_spot_(134).jpg,Leaf Spot,False,EXCLUDE_OOD,Class 'Leaf Spot' does not exist in training source (Turmeric Plant Disease Dataset Advancing AI (Original))
TURM_CROSS_B_TO_A,Turmeric Plant Disease Dataset Advancing AI (Original),Image Dataset for Turmeric Plant Leaf Disease Detection,TURM_04209,DATASET/Image Dataset for Turmeric Plant Leaf Disease Detection.zip#Image Dataset for Turmeric Plant Leaf Disease Detection/Original DataSet/Leaf_Spot/leaf_spot_(135).jpg,Leaf Spot,False,EXCLUDE_OOD,Class 'Leaf Spot' does not exist in training source (Turmeric Plant Disease Dataset Advancing AI (Original))
TURM_CROSS_B_TO_A,Turmeric Plant Disease Dataset Advancing AI (Original),Image Dataset for Turmeric Plant Leaf Disease Detection,TURM_04210,DATASET/Image Dataset for Turmeric Plant Leaf Disease Detection.zip#Image Dataset for Turmeric Plant Leaf Disease Detection/Original DataSet/Leaf_Spot/leaf_spot_(136).jpg,Leaf Spot,False,EXCLUDE_OOD,Class 'Leaf Spot' does not exist in training source (Turmeric Plant Disease Dataset Advancing AI (Original))
TURM_CROSS_B_TO_A,Turmeric Plant Disease Dataset Advancing AI (Original),Image Dataset for Turmeric Plant Leaf Disease Detection,TURM_04211,DATASET/Image Dataset for Turmeric Plant Leaf Disease Detection.zip#Image Dataset for Turmeric Plant Leaf Disease Detection/Original DataSet/Leaf_Spot/leaf_spot_(137).jpg,Leaf Spot,False,EXCLUDE_OOD,Class 'Leaf Spot' does not exist in training source (Turmeric Plant Disease Dataset Advancing AI (Original))
TURM_CROSS_B_TO_A,Turmeric Plant Disease Dataset Advancing AI (Original),Image Dataset for Turmeric Plant Leaf Disease Detection,TURM_04212,DATASET/Image Dataset for Turmeric Plant Leaf Disease Detection.zip#Image Dataset for Turmeric Plant Leaf Disease Detection/Original DataSet/Leaf_Spot/leaf_spot_(138).jpg,Leaf Spot,False,EXCLUDE_OOD,Class 'Leaf Spot' does not exist in training source (Turmeric Plant Disease Dataset Advancing AI (Original))
TURM_CROSS_B_TO_A,Turmeric Plant Disease Dataset Advancing AI (Original),Image Dataset for Turmeric Plant Leaf Disease Detection,TURM_04213,DATASET/Image Dataset for Turmeric Plant Leaf Disease Detection.zip#Image Dataset for Turmeric Plant Leaf Disease Detection/Original DataSet/Leaf_Spot/leaf_spot_(139).jpg,Leaf Spot,False,EXCLUDE_OOD,Class 'Leaf Spot' does not exist in training source (Turmeric Plant Disease Dataset Advancing AI (Original))
TURM_CROSS_B_TO_A,Turmeric Plant Disease Dataset Advancing AI (Original),Image Dataset for Turmeric Plant Leaf Disease Detection,TURM_04214,DATASET/Image Dataset for Turmeric Plant Leaf Disease Detection.zip#Image Dataset for Turmeric Plant Leaf Disease Detection/Original DataSet/Leaf_Spot/leaf_spot_(14).jpg,Leaf Spot,False,EXCLUDE_OOD,Class 'Leaf Spot' does not exist in training source (Turmeric Plant Disease Dataset Advancing AI (Original))
TURM_CROSS_B_TO_A,Turmeric Plant Disease Dataset Advancing AI (Original),Image Dataset for Turmeric Plant Leaf Disease Detection,TURM_04215,DATASET/Image Dataset for Turmeric Plant Leaf Disease Detection.zip#Image Dataset for Turmeric Plant Leaf Disease Detection/Original DataSet/Leaf_Spot/leaf_spot_(140).jpg,Leaf Spot,False,EXCLUDE_OOD,Class 'Leaf Spot' does not exist in training source (Turmeric Plant Disease Dataset Advancing AI (Original))
TURM_CROSS_B_TO_A,Turmeric Plant Disease Dataset Advancing AI (Original),Image Dataset for Turmeric Plant Leaf Disease Detection,TURM_04216,DATASET/Image Dataset for Turmeric Plant Leaf Disease Detection.zip#Image Dataset for Turmeric Plant Leaf Disease Detection/Original DataSet/Leaf_Spot/leaf_spot_(141).jpg,Leaf Spot,False,EXCLUDE_OOD,Class 'Leaf Spot' does not exist in training source (Turmeric Plant Disease Dataset Advancing AI (Original))
TURM_CROSS_B_TO_A,Turmeric Plant Disease Dataset Advancing AI (Original),Image Dataset for Turmeric Plant Leaf Disease Detection,TURM_04217,DATASET/Image Dataset for Turmeric Plant Leaf Disease Detection.zip#Image Dataset for Turmeric Plant Leaf Disease Detection/Original DataSet/Leaf_Spot/leaf_spot_(142).jpg,Leaf Spot,False,EXCLUDE_OOD,Class 'Leaf Spot' does not exist in training source (Turmeric Plant Disease Dataset Advancing AI (Original))
TURM_CROSS_B_TO_A,Turmeric Plant Disease Dataset Advancing AI (Original),Image Dataset for Turmeric Plant Leaf Disease Detection,TURM_04218,DATASET/Image Dataset for Turmeric Plant Leaf Disease Detection.zip#Image Dataset for Turmeric Plant Leaf Disease Detection/Original DataSet/Leaf_Spot/leaf_spot_(143).jpg,Leaf Spot,False,EXCLUDE_OOD,Class 'Leaf Spot' does not exist in training source (Turmeric Plant Disease Dataset Advancing AI (Original))
TURM_CROSS_B_TO_A,Turmeric Plant Disease Dataset Advancing AI (Original),Image Dataset for Turmeric Plant Leaf Disease Detection,TURM_04219,DATASET/Image Dataset for Turmeric Plant Leaf Disease Detection.zip#Image Dataset for Turmeric Plant Leaf Disease Detection/Original DataSet/Leaf_Spot/leaf_spot_(144).jpg,Leaf Spot,False,EXCLUDE_OOD,Class 'Leaf Spot' does not exist in training source (Turmeric Plant Disease Dataset Advancing AI (Original))
TURM_CROSS_B_TO_A,Turmeric Plant Disease Dataset Advancing AI (Original),Image Dataset for Turmeric Plant Leaf Disease Detection,TURM_04220,DATASET/Image Dataset for Turmeric Plant Leaf Disease Detection.zip#Image Dataset for Turmeric Plant Leaf Disease Detection/Original DataSet/Leaf_Spot/leaf_spot_(145).jpg,Leaf Spot,False,EXCLUDE_OOD,Class 'Leaf Spot' does not exist in training source (Turmeric Plant Disease Dataset Advancing AI (Original))
TURM_CROSS_B_TO_A,Turmeric Plant Disease Dataset Advancing AI (Original),Image Dataset for Turmeric Plant Leaf Disease Detection,TURM_04221,DATASET/Image Dataset for Turmeric Plant Leaf Disease Detection.zip#Image Dataset for Turmeric Plant Leaf Disease Detection/Original DataSet/Leaf_Spot/leaf_spot_(146).jpg,Leaf Spot,False,EXCLUDE_OOD,Class 'Leaf Spot' does not exist in training source (Turmeric Plant Disease Dataset Advancing AI (Original))
TURM_CROSS_B_TO_A,Turmeric Plant Disease Dataset Advancing AI (Original),Image Dataset for Turmeric Plant Leaf Disease Detection,TURM_04222,DATASET/Image Dataset for Turmeric Plant Leaf Disease Detection.zip#Image Dataset for Turmeric Plant Leaf Disease Detection/Original DataSet/Leaf_Spot/leaf_spot_(148).jpg,Leaf Spot,False,EXCLUDE_OOD,Class 'Leaf Spot' does not exist in training source (Turmeric Plant Disease Dataset Advancing AI (Original))
TURM_CROSS_B_TO_A,Turmeric Plant Disease Dataset Advancing AI (Original),Image Dataset for Turmeric Plant Leaf Disease Detection,TURM_04223,DATASET/Image Dataset for Turmeric Plant Leaf Disease Detection.zip#Image Dataset for Turmeric Plant Leaf Disease Detection/Original DataSet/Leaf_Spot/leaf_spot_(147).jpg,Leaf Spot,False,EXCLUDE_OOD,Class 'Leaf Spot' does not exist in training source (Turmeric Plant Disease Dataset Advancing AI (Original))
TURM_CROSS_B_TO_A,Turmeric Plant Disease Dataset Advancing AI (Original),Image Dataset for Turmeric Plant Leaf Disease Detection,TURM_04224,DATASET/Image Dataset for Turmeric Plant Leaf Disease Detection.zip#Image Dataset for Turmeric Plant Leaf Disease Detection/Original DataSet/Leaf_Spot/leaf_spot_(149).jpg,Leaf Spot,False,EXCLUDE_OOD,Class 'Leaf Spot' does not exist in training source (Turmeric Plant Disease Dataset Advancing AI (Original))
TURM_CROSS_B_TO_A,Turmeric Plant Disease Dataset Advancing AI (Original),Image Dataset for Turmeric Plant Leaf Disease Detection,TURM_04225,DATASET/Image Dataset for Turmeric Plant Leaf Disease Detection.zip#Image Dataset for Turmeric Plant Leaf Disease Detection/Original DataSet/Leaf_Spot/leaf_spot_(15).jpg,Leaf Spot,False,EXCLUDE_OOD,Class 'Leaf Spot' does not exist in training source (Turmeric Plant Disease Dataset Advancing AI (Original))
TURM_CROSS_B_TO_A,Turmeric Plant Disease Dataset Advancing AI (Original),Image Dataset for Turmeric Plant Leaf Disease Detection,TURM_04226,DATASET/Image Dataset for Turmeric Plant Leaf Disease Detection.zip#Image Dataset for Turmeric Plant Leaf Disease Detection/Original DataSet/Leaf_Spot/leaf_spot_(150).jpg,Leaf Spot,False,EXCLUDE_OOD,Class 'Leaf Spot' does not exist in training source (Turmeric Plant Disease Dataset Advancing AI (Original))
TURM_CROSS_B_TO_A,Turmeric Plant Disease Dataset Advancing AI (Original),Image Dataset for Turmeric Plant Leaf Disease Detection,TURM_04227,DATASET/Image Dataset for Turmeric Plant Leaf Disease Detection.zip#Image Dataset for Turmeric Plant Leaf Disease Detection/Original DataSet/Leaf_Spot/leaf_spot_(151).jpg,Leaf Spot,False,EXCLUDE_OOD,Class 'Leaf Spot' does not exist in training source (Turmeric Plant Disease Dataset Advancing AI (Original))
TURM_CROSS_B_TO_A,Turmeric Plant Disease Dataset Advancing AI (Original),Image Dataset for Turmeric Plant Leaf Disease Detection,TURM_04228,DATASET/Image Dataset for Turmeric Plant Leaf Disease Detection.zip#Image Dataset for Turmeric Plant Leaf Disease Detection/Original DataSet/Leaf_Spot/leaf_spot_(152).jpg,Leaf Spot,False,EXCLUDE_OOD,Class 'Leaf Spot' does not exist in training source (Turmeric Plant Disease Dataset Advancing AI (Original))
TURM_CROSS_B_TO_A,Turmeric Plant Disease Dataset Advancing AI (Original),Image Dataset for Turmeric Plant Leaf Disease Detection,TURM_04229,DATASET/Image Dataset for Turmeric Plant Leaf Disease Detection.zip#Image Dataset for Turmeric Plant Leaf Disease Detection/Original DataSet/Leaf_Spot/leaf_spot_(153).jpg,Leaf Spot,False,EXCLUDE_OOD,Class 'Leaf Spot' does not exist in training source (Turmeric Plant Disease Dataset Advancing AI (Original))
TURM_CROSS_B_TO_A,Turmeric Plant Disease Dataset Advancing AI (Original),Image Dataset for Turmeric Plant Leaf Disease Detection,TURM_04230,DATASET/Image Dataset for Turmeric Plant Leaf Disease Detection.zip#Image Dataset for Turmeric Plant Leaf Disease Detection/Original DataSet/Leaf_Spot/leaf_spot_(154).jpg,Leaf Spot,False,EXCLUDE_OOD,Class 'Leaf Spot' does not exist in training source (Turmeric Plant Disease Dataset Advancing AI (Original))
TURM_CROSS_B_TO_A,Turmeric Plant Disease Dataset Advancing AI (Original),Image Dataset for Turmeric Plant Leaf Disease Detection,TURM_04231,DATASET/Image Dataset for Turmeric Plant Leaf Disease Detection.zip#Image Dataset for Turmeric Plant Leaf Disease Detection/Original DataSet/Leaf_Spot/leaf_spot_(155).jpg,Leaf Spot,False,EXCLUDE_OOD,Class 'Leaf Spot' does not exist in training source (Turmeric Plant Disease Dataset Advancing AI (Original))
TURM_CROSS_B_TO_A,Turmeric Plant Disease Dataset Advancing AI (Original),Image Dataset for Turmeric Plant Leaf Disease Detection,TURM_04232,DATASET/Image Dataset for Turmeric Plant Leaf Disease Detection.zip#Image Dataset for Turmeric Plant Leaf Disease Detection/Original DataSet/Leaf_Spot/leaf_spot_(158).jpg,Leaf Spot,False,EXCLUDE_OOD,Class 'Leaf Spot' does not exist in training source (Turmeric Plant Disease Dataset Advancing AI (Original))
TURM_CROSS_B_TO_A,Turmeric Plant Disease Dataset Advancing AI (Original),Image Dataset for Turmeric Plant Leaf Disease Detection,TURM_04233,DATASET/Image Dataset for Turmeric Plant Leaf Disease Detection.zip#Image Dataset for Turmeric Plant Leaf Disease Detection/Original DataSet/Leaf_Spot/leaf_spot_(157).jpg,Leaf Spot,False,EXCLUDE_OOD,Class 'Leaf Spot' does not exist in training source (Turmeric Plant Disease Dataset Advancing AI (Original))
TURM_CROSS_B_TO_A,Turmeric Plant Disease Dataset Advancing AI (Original),Image Dataset for Turmeric Plant Leaf Disease Detection,TURM_04234,DATASET/Image Dataset for Turmeric Plant Leaf Disease Detection.zip#Image Dataset for Turmeric Plant Leaf Disease Detection/Original DataSet/Leaf_Spot/leaf_spot_(159).jpg,Leaf Spot,False,EXCLUDE_OOD,Class 'Leaf Spot' does not exist in training source (Turmeric Plant Disease Dataset Advancing AI (Original))
TURM_CROSS_B_TO_A,Turmeric Plant Disease Dataset Advancing AI (Original),Image Dataset for Turmeric Plant Leaf Disease Detection,TURM_04235,DATASET/Image Dataset for Turmeric Plant Leaf Disease Detection.zip#Image Dataset for Turmeric Plant Leaf Disease Detection/Original DataSet/Leaf_Spot/leaf_spot_(156).jpg,Leaf Spot,False,EXCLUDE_OOD,Class 'Leaf Spot' does not exist in training source (Turmeric Plant Disease Dataset Advancing AI (Original))
TURM_CROSS_B_TO_A,Turmeric Plant Disease Dataset Advancing AI (Original),Image Dataset for Turmeric Plant Leaf Disease Detection,TURM_04236,DATASET/Image Dataset for Turmeric Plant Leaf Disease Detection.zip#Image Dataset for Turmeric Plant Leaf Disease Detection/Original DataSet/Leaf_Spot/leaf_spot_(16).jpg,Leaf Spot,False,EXCLUDE_OOD,Class 'Leaf Spot' does not exist in training source (Turmeric Plant Disease Dataset Advancing AI (Original))
TURM_CROSS_B_TO_A,Turmeric Plant Disease Dataset Advancing AI (Original),Image Dataset for Turmeric Plant Leaf Disease Detection,TURM_04237,DATASET/Image Dataset for Turmeric Plant Leaf Disease Detection.zip#Image Dataset for Turmeric Plant Leaf Disease Detection/Original DataSet/Leaf_Spot/leaf_spot_(160).jpg,Leaf Spot,False,EXCLUDE_OOD,Class 'Leaf Spot' does not exist in training source (Turmeric Plant Disease Dataset Advancing AI (Original))
TURM_CROSS_B_TO_A,Turmeric Plant Disease Dataset Advancing AI (Original),Image Dataset for Turmeric Plant Leaf Disease Detection,TURM_04238,DATASET/Image Dataset for Turmeric Plant Leaf Disease Detection.zip#Image Dataset for Turmeric Plant Leaf Disease Detection/Original DataSet/Leaf_Spot/leaf_spot_(161).jpg,Leaf Spot,False,EXCLUDE_OOD,Class 'Leaf Spot' does not exist in training source (Turmeric Plant Disease Dataset Advancing AI (Original))
TURM_CROSS_B_TO_A,Turmeric Plant Disease Dataset Advancing AI (Original),Image Dataset for Turmeric Plant Leaf Disease Detection,TURM_04239,DATASET/Image Dataset for Turmeric Plant Leaf Disease Detection.zip#Image Dataset for Turmeric Plant Leaf Disease Detection/Original DataSet/Leaf_Spot/leaf_spot_(163).jpg,Leaf Spot,False,EXCLUDE_OOD,Class 'Leaf Spot' does not exist in training source (Turmeric Plant Disease Dataset Advancing AI (Original))
TURM_CROSS_B_TO_A,Turmeric Plant Disease Dataset Advancing AI (Original),Image Dataset for Turmeric Plant Leaf Disease Detection,TURM_04240,DATASET/Image Dataset for Turmeric Plant Leaf Disease Detection.zip#Image Dataset for Turmeric Plant Leaf Disease Detection/Original DataSet/Leaf_Spot/leaf_spot_(162).jpg,Leaf Spot,False,EXCLUDE_OOD,Class 'Leaf Spot' does not exist in training source (Turmeric Plant Disease Dataset Advancing AI (Original))
TURM_CROSS_B_TO_A,Turmeric Plant Disease Dataset Advancing AI (Original),Image Dataset for Turmeric Plant Leaf Disease Detection,TURM_04241,DATASET/Image Dataset for Turmeric Plant Leaf Disease Detection.zip#Image Dataset for Turmeric Plant Leaf Disease Detection/Original DataSet/Leaf_Spot/leaf_spot_(164).jpg,Leaf Spot,False,EXCLUDE_OOD,Class 'Leaf Spot' does not exist in training source (Turmeric Plant Disease Dataset Advancing AI (Original))
TURM_CROSS_B_TO_A,Turmeric Plant Disease Dataset Advancing AI (Original),Image Dataset for Turmeric Plant Leaf Disease Detection,TURM_04242,DATASET/Image Dataset for Turmeric Plant Leaf Disease Detection.zip#Image Dataset for Turmeric Plant Leaf Disease Detection/Original DataSet/Leaf_Spot/leaf_spot_(168).jpg,Leaf Spot,False,EXCLUDE_OOD,Class 'Leaf Spot' does not exist in training source (Turmeric Plant Disease Dataset Advancing AI (Original))
TURM_CROSS_B_TO_A,Turmeric Plant Disease Dataset Advancing AI (Original),Image Dataset for Turmeric Plant Leaf Disease Detection,TURM_04243,DATASET/Image Dataset for Turmeric Plant Leaf Disease Detection.zip#Image Dataset for Turmeric Plant Leaf Disease Detection/Original DataSet/Leaf_Spot/leaf_spot_(165).jpg,Leaf Spot,False,EXCLUDE_OOD,Class 'Leaf Spot' does not exist in training source (Turmeric Plant Disease Dataset Advancing AI (Original))
TURM_CROSS_B_TO_A,Turmeric Plant Disease Dataset Advancing AI (Original),Image Dataset for Turmeric Plant Leaf Disease Detection,TURM_04244,DATASET/Image Dataset for Turmeric Plant Leaf Disease Detection.zip#Image Dataset for Turmeric Plant Leaf Disease Detection/Original DataSet/Leaf_Spot/leaf_spot_(166).jpg,Leaf Spot,False,EXCLUDE_OOD,Class 'Leaf Spot' does not exist in training source (Turmeric Plant Disease Dataset Advancing AI (Original))
TURM_CROSS_B_TO_A,Turmeric Plant Disease Dataset Advancing AI (Original),Image Dataset for Turmeric Plant Leaf Disease Detection,TURM_04245,DATASET/Image Dataset for Turmeric Plant Leaf Disease Detection.zip#Image Dataset for Turmeric Plant Leaf Disease Detection/Original DataSet/Leaf_Spot/leaf_spot_(167).jpg,Leaf Spot,False,EXCLUDE_OOD,Class 'Leaf Spot' does not exist in training source (Turmeric Plant Disease Dataset Advancing AI (Original))
TURM_CROSS_B_TO_A,Turmeric Plant Disease Dataset Advancing AI (Original),Image Dataset for Turmeric Plant Leaf Disease Detection,TURM_04246,DATASET/Image Dataset for Turmeric Plant Leaf Disease Detection.zip#Image Dataset for Turmeric Plant Leaf Disease Detection/Original DataSet/Leaf_Spot/leaf_spot_(169).jpg,Leaf Spot,False,EXCLUDE_OOD,Class 'Leaf Spot' does not exist in training source (Turmeric Plant Disease Dataset Advancing AI (Original))
TURM_CROSS_B_TO_A,Turmeric Plant Disease Dataset Advancing AI (Original),Image Dataset for Turmeric Plant Leaf Disease Detection,TURM_04247,DATASET/Image Dataset for Turmeric Plant Leaf Disease Detection.zip#Image Dataset for Turmeric Plant Leaf Disease Detection/Original DataSet/Leaf_Spot/leaf_spot_(17).jpg,Leaf Spot,False,EXCLUDE_OOD,Class 'Leaf Spot' does not exist in training source (Turmeric Plant Disease Dataset Advancing AI (Original))
TURM_CROSS_B_TO_A,Turmeric Plant Disease Dataset Advancing AI (Original),Image Dataset for Turmeric Plant Leaf Disease Detection,TURM_04248,DATASET/Image Dataset for Turmeric Plant Leaf Disease Detection.zip#Image Dataset for Turmeric Plant Leaf Disease Detection/Original DataSet/Leaf_Spot/leaf_spot_(170).jpg,Leaf Spot,False,EXCLUDE_OOD,Class 'Leaf Spot' does not exist in training source (Turmeric Plant Disease Dataset Advancing AI (Original))
TURM_CROSS_B_TO_A,Turmeric Plant Disease Dataset Advancing AI (Original),Image Dataset for Turmeric Plant Leaf Disease Detection,TURM_04249,DATASET/Image Dataset for Turmeric Plant Leaf Disease Detection.zip#Image Dataset for Turmeric Plant Leaf Disease Detection/Original DataSet/Leaf_Spot/leaf_spot_(171).jpg,Leaf Spot,False,EXCLUDE_OOD,Class 'Leaf Spot' does not exist in training source (Turmeric Plant Disease Dataset Advancing AI (Original))
TURM_CROSS_B_TO_A,Turmeric Plant Disease Dataset Advancing AI (Original),Image Dataset for Turmeric Plant Leaf Disease Detection,TURM_04250,DATASET/Image Dataset for Turmeric Plant Leaf Disease Detection.zip#Image Dataset for Turmeric Plant Leaf Disease Detection/Original DataSet/Leaf_Spot/leaf_spot_(172).jpg,Leaf Spot,False,EXCLUDE_OOD,Class 'Leaf Spot' does not exist in training source (Turmeric Plant Disease Dataset Advancing AI (Original))
TURM_CROSS_B_TO_A,Turmeric Plant Disease Dataset Advancing AI (Original),Image Dataset for Turmeric Plant Leaf Disease Detection,TURM_04251,DATASET/Image Dataset for Turmeric Plant Leaf Disease Detection.zip#Image Dataset for Turmeric Plant Leaf Disease Detection/Original DataSet/Leaf_Spot/leaf_spot_(173).jpg,Leaf Spot,False,EXCLUDE_OOD,Class 'Leaf Spot' does not exist in training source (Turmeric Plant Disease Dataset Advancing AI (Original))
TURM_CROSS_B_TO_A,Turmeric Plant Disease Dataset Advancing AI (Original),Image Dataset for Turmeric Plant Leaf Disease Detection,TURM_04252,DATASET/Image Dataset for Turmeric Plant Leaf Disease Detection.zip#Image Dataset for Turmeric Plant Leaf Disease Detection/Original DataSet/Leaf_Spot/leaf_spot_(174).jpg,Leaf Spot,False,EXCLUDE_OOD,Class 'Leaf Spot' does not exist in training source (Turmeric Plant Disease Dataset Advancing AI (Original))
TURM_CROSS_B_TO_A,Turmeric Plant Disease Dataset Advancing AI (Original),Image Dataset for Turmeric Plant Leaf Disease Detection,TURM_04253,DATASET/Image Dataset for Turmeric Plant Leaf Disease Detection.zip#Image Dataset for Turmeric Plant Leaf Disease Detection/Original DataSet/Leaf_Spot/leaf_spot_(179).jpg,Leaf Spot,False,EXCLUDE_OOD,Class 'Leaf Spot' does not exist in training source (Turmeric Plant Disease Dataset Advancing AI (Original))
TURM_CROSS_B_TO_A,Turmeric Plant Disease Dataset Advancing AI (Original),Image Dataset for Turmeric Plant Leaf Disease Detection,TURM_04254,DATASET/Image Dataset for Turmeric Plant Leaf Disease Detection.zip#Image Dataset for Turmeric Plant Leaf Disease Detection/Original DataSet/Leaf_Spot/leaf_spot_(175).jpg,Leaf Spot,False,EXCLUDE_OOD,Class 'Leaf Spot' does not exist in training source (Turmeric Plant Disease Dataset Advancing AI (Original))
TURM_CROSS_B_TO_A,Turmeric Plant Disease Dataset Advancing AI (Original),Image Dataset for Turmeric Plant Leaf Disease Detection,TURM_04255,DATASET/Image Dataset for Turmeric Plant Leaf Disease Detection.zip#Image Dataset for Turmeric Plant Leaf Disease Detection/Original DataSet/Leaf_Spot/leaf_spot_(177).jpg,Leaf Spot,False,EXCLUDE_OOD,Class 'Leaf Spot' does not exist in training source (Turmeric Plant Disease Dataset Advancing AI (Original))
TURM_CROSS_B_TO_A,Turmeric Plant Disease Dataset Advancing AI (Original),Image Dataset for Turmeric Plant Leaf Disease Detection,TURM_04256,DATASET/Image Dataset for Turmeric Plant Leaf Disease Detection.zip#Image Dataset for Turmeric Plant Leaf Disease Detection/Original DataSet/Leaf_Spot/leaf_spot_(176).jpg,Leaf Spot,False,EXCLUDE_OOD,Class 'Leaf Spot' does not exist in training source (Turmeric Plant Disease Dataset Advancing AI (Original))
TURM_CROSS_B_TO_A,Turmeric Plant Disease Dataset Advancing AI (Original),Image Dataset for Turmeric Plant Leaf Disease Detection,TURM_04257,DATASET/Image Dataset for Turmeric Plant Leaf Disease Detection.zip#Image Dataset for Turmeric Plant Leaf Disease Detection/Original DataSet/Leaf_Spot/leaf_spot_(178).jpg,Leaf Spot,False,EXCLUDE_OOD,Class 'Leaf Spot' does not exist in training source (Turmeric Plant Disease Dataset Advancing AI (Original))
TURM_CROSS_B_TO_A,Turmeric Plant Disease Dataset Advancing AI (Original),Image Dataset for Turmeric Plant Leaf Disease Detection,TURM_04258,DATASET/Image Dataset for Turmeric Plant Leaf Disease Detection.zip#Image Dataset for Turmeric Plant Leaf Disease Detection/Original DataSet/Leaf_Spot/leaf_spot_(18).jpg,Leaf Spot,False,EXCLUDE_OOD,Class 'Leaf Spot' does not exist in training source (Turmeric Plant Disease Dataset Advancing AI (Original))
TURM_CROSS_B_TO_A,Turmeric Plant Disease Dataset Advancing AI (Original),Image Dataset for Turmeric Plant Leaf Disease Detection,TURM_04259,DATASET/Image Dataset for Turmeric Plant Leaf Disease Detection.zip#Image Dataset for Turmeric Plant Leaf Disease Detection/Original DataSet/Leaf_Spot/leaf_spot_(180).jpg,Leaf Spot,False,EXCLUDE_OOD,Class 'Leaf Spot' does not exist in training source (Turmeric Plant Disease Dataset Advancing AI (Original))
TURM_CROSS_B_TO_A,Turmeric Plant Disease Dataset Advancing AI (Original),Image Dataset for Turmeric Plant Leaf Disease Detection,TURM_04260,DATASET/Image Dataset for Turmeric Plant Leaf Disease Detection.zip#Image Dataset for Turmeric Plant Leaf Disease Detection/Original DataSet/Leaf_Spot/leaf_spot_(181).jpg,Leaf Spot,False,EXCLUDE_OOD,Class 'Leaf Spot' does not exist in training source (Turmeric Plant Disease Dataset Advancing AI (Original))
TURM_CROSS_B_TO_A,Turmeric Plant Disease Dataset Advancing AI (Original),Image Dataset for Turmeric Plant Leaf Disease Detection,TURM_04261,DATASET/Image Dataset for Turmeric Plant Leaf Disease Detection.zip#Image Dataset for Turmeric Plant Leaf Disease Detection/Original DataSet/Leaf_Spot/leaf_spot_(182).jpg,Leaf Spot,False,EXCLUDE_OOD,Class 'Leaf Spot' does not exist in training source (Turmeric Plant Disease Dataset Advancing AI (Original))
TURM_CROSS_B_TO_A,Turmeric Plant Disease Dataset Advancing AI (Original),Image Dataset for Turmeric Plant Leaf Disease Detection,TURM_04262,DATASET/Image Dataset for Turmeric Plant Leaf Disease Detection.zip#Image Dataset for Turmeric Plant Leaf Disease Detection/Original DataSet/Leaf_Spot/leaf_spot_(183).jpg,Leaf Spot,False,EXCLUDE_OOD,Class 'Leaf Spot' does not exist in training source (Turmeric Plant Disease Dataset Advancing AI (Original))
TURM_CROSS_B_TO_A,Turmeric Plant Disease Dataset Advancing AI (Original),Image Dataset for Turmeric Plant Leaf Disease Detection,TURM_04263,DATASET/Image Dataset for Turmeric Plant Leaf Disease Detection.zip#Image Dataset for Turmeric Plant Leaf Disease Detection/Original DataSet/Leaf_Spot/leaf_spot_(185).jpg,Leaf Spot,False,EXCLUDE_OOD,Class 'Leaf Spot' does not exist in training source (Turmeric Plant Disease Dataset Advancing AI (Original))
TURM_CROSS_B_TO_A,Turmeric Plant Disease Dataset Advancing AI (Original),Image Dataset for Turmeric Plant Leaf Disease Detection,TURM_04264,DATASET/Image Dataset for Turmeric Plant Leaf Disease Detection.zip#Image Dataset for Turmeric Plant Leaf Disease Detection/Original DataSet/Leaf_Spot/leaf_spot_(184).jpg,Leaf Spot,False,EXCLUDE_OOD,Class 'Leaf Spot' does not exist in training source (Turmeric Plant Disease Dataset Advancing AI (Original))
TURM_CROSS_B_TO_A,Turmeric Plant Disease Dataset Advancing AI (Original),Image Dataset for Turmeric Plant Leaf Disease Detection,TURM_04265,DATASET/Image Dataset for Turmeric Plant Leaf Disease Detection.zip#Image Dataset for Turmeric Plant Leaf Disease Detection/Original DataSet/Leaf_Spot/leaf_spot_(187).jpg,Leaf Spot,False,EXCLUDE_OOD,Class 'Leaf Spot' does not exist in training source (Turmeric Plant Disease Dataset Advancing AI (Original))
TURM_CROSS_B_TO_A,Turmeric Plant Disease Dataset Advancing AI (Original),Image Dataset for Turmeric Plant Leaf Disease Detection,TURM_04266,DATASET/Image Dataset for Turmeric Plant Leaf Disease Detection.zip#Image Dataset for Turmeric Plant Leaf Disease Detection/Original DataSet/Leaf_Spot/leaf_spot_(186).jpg,Leaf Spot,False,EXCLUDE_OOD,Class 'Leaf Spot' does not exist in training source (Turmeric Plant Disease Dataset Advancing AI (Original))
TURM_CROSS_B_TO_A,Turmeric Plant Disease Dataset Advancing AI (Original),Image Dataset for Turmeric Plant Leaf Disease Detection,TURM_04267,DATASET/Image Dataset for Turmeric Plant Leaf Disease Detection.zip#Image Dataset for Turmeric Plant Leaf Disease Detection/Original DataSet/Leaf_Spot/leaf_spot_(188).jpg,Leaf Spot,False,EXCLUDE_OOD,Class 'Leaf Spot' does not exist in training source (Turmeric Plant Disease Dataset Advancing AI (Original))
TURM_CROSS_B_TO_A,Turmeric Plant Disease Dataset Advancing AI (Original),Image Dataset for Turmeric Plant Leaf Disease Detection,TURM_04268,DATASET/Image Dataset for Turmeric Plant Leaf Disease Detection.zip#Image Dataset for Turmeric Plant Leaf Disease Detection/Original DataSet/Leaf_Spot/leaf_spot_(189).jpg,Leaf Spot,False,EXCLUDE_OOD,Class 'Leaf Spot' does not exist in training source (Turmeric Plant Disease Dataset Advancing AI (Original))
TURM_CROSS_B_TO_A,Turmeric Plant Disease Dataset Advancing AI (Original),Image Dataset for Turmeric Plant Leaf Disease Detection,TURM_04269,DATASET/Image Dataset for Turmeric Plant Leaf Disease Detection.zip#Image Dataset for Turmeric Plant Leaf Disease Detection/Original DataSet/Leaf_Spot/leaf_spot_(19).jpg,Leaf Spot,False,EXCLUDE_OOD,Class 'Leaf Spot' does not exist in training source (Turmeric Plant Disease Dataset Advancing AI (Original))
TURM_CROSS_B_TO_A,Turmeric Plant Disease Dataset Advancing AI (Original),Image Dataset for Turmeric Plant Leaf Disease Detection,TURM_04270,DATASET/Image Dataset for Turmeric Plant Leaf Disease Detection.zip#Image Dataset for Turmeric Plant Leaf Disease Detection/Original DataSet/Leaf_Spot/leaf_spot_(190).jpg,Leaf Spot,False,EXCLUDE_OOD,Class 'Leaf Spot' does not exist in training source (Turmeric Plant Disease Dataset Advancing AI (Original))
TURM_CROSS_B_TO_A,Turmeric Plant Disease Dataset Advancing AI (Original),Image Dataset for Turmeric Plant Leaf Disease Detection,TURM_04271,DATASET/Image Dataset for Turmeric Plant Leaf Disease Detection.zip#Image Dataset for Turmeric Plant Leaf Disease Detection/Original DataSet/Leaf_Spot/leaf_spot_(191).jpg,Leaf Spot,False,EXCLUDE_OOD,Class 'Leaf Spot' does not exist in training source (Turmeric Plant Disease Dataset Advancing AI (Original))
TURM_CROSS_B_TO_A,Turmeric Plant Disease Dataset Advancing AI (Original),Image Dataset for Turmeric Plant Leaf Disease Detection,TURM_04272,DATASET/Image Dataset for Turmeric Plant Leaf Disease Detection.zip#Image Dataset for Turmeric Plant Leaf Disease Detection/Original DataSet/Leaf_Spot/leaf_spot_(192).jpg,Leaf Spot,False,EXCLUDE_OOD,Class 'Leaf Spot' does not exist in training source (Turmeric Plant Disease Dataset Advancing AI (Original))
TURM_CROSS_B_TO_A,Turmeric Plant Disease Dataset Advancing AI (Original),Image Dataset for Turmeric Plant Leaf Disease Detection,TURM_04273,DATASET/Image Dataset for Turmeric Plant Leaf Disease Detection.zip#Image Dataset for Turmeric Plant Leaf Disease Detection/Original DataSet/Leaf_Spot/leaf_spot_(193).jpg,Leaf Spot,False,EXCLUDE_OOD,Class 'Leaf Spot' does not exist in training source (Turmeric Plant Disease Dataset Advancing AI (Original))
TURM_CROSS_B_TO_A,Turmeric Plant Disease Dataset Advancing AI (Original),Image Dataset for Turmeric Plant Leaf Disease Detection,TURM_04274,DATASET/Image Dataset for Turmeric Plant Leaf Disease Detection.zip#Image Dataset for Turmeric Plant Leaf Disease Detection/Original DataSet/Leaf_Spot/leaf_spot_(20).jpg,Leaf Spot,False,EXCLUDE_OOD,Class 'Leaf Spot' does not exist in training source (Turmeric Plant Disease Dataset Advancing AI (Original))
TURM_CROSS_B_TO_A,Turmeric Plant Disease Dataset Advancing AI (Original),Image Dataset for Turmeric Plant Leaf Disease Detection,TURM_04275,DATASET/Image Dataset for Turmeric Plant Leaf Disease Detection.zip#Image Dataset for Turmeric Plant Leaf Disease Detection/Original DataSet/Leaf_Spot/leaf_spot_(21).jpg,Leaf Spot,False,EXCLUDE_OOD,Class 'Leaf Spot' does not exist in training source (Turmeric Plant Disease Dataset Advancing AI (Original))
TURM_CROSS_B_TO_A,Turmeric Plant Disease Dataset Advancing AI (Original),Image Dataset for Turmeric Plant Leaf Disease Detection,TURM_04276,DATASET/Image Dataset for Turmeric Plant Leaf Disease Detection.zip#Image Dataset for Turmeric Plant Leaf Disease Detection/Original DataSet/Leaf_Spot/leaf_spot_(22).jpg,Leaf Spot,False,EXCLUDE_OOD,Class 'Leaf Spot' does not exist in training source (Turmeric Plant Disease Dataset Advancing AI (Original))
TURM_CROSS_B_TO_A,Turmeric Plant Disease Dataset Advancing AI (Original),Image Dataset for Turmeric Plant Leaf Disease Detection,TURM_04277,DATASET/Image Dataset for Turmeric Plant Leaf Disease Detection.zip#Image Dataset for Turmeric Plant Leaf Disease Detection/Original DataSet/Leaf_Spot/leaf_spot_(2).jpg,Leaf Spot,False,EXCLUDE_OOD,Class 'Leaf Spot' does not exist in training source (Turmeric Plant Disease Dataset Advancing AI (Original))
TURM_CROSS_B_TO_A,Turmeric Plant Disease Dataset Advancing AI (Original),Image Dataset for Turmeric Plant Leaf Disease Detection,TURM_04278,DATASET/Image Dataset for Turmeric Plant Leaf Disease Detection.zip#Image Dataset for Turmeric Plant Leaf Disease Detection/Original DataSet/Leaf_Spot/leaf_spot_(23).jpg,Leaf Spot,False,EXCLUDE_OOD,Class 'Leaf Spot' does not exist in training source (Turmeric Plant Disease Dataset Advancing AI (Original))
TURM_CROSS_B_TO_A,Turmeric Plant Disease Dataset Advancing AI (Original),Image Dataset for Turmeric Plant Leaf Disease Detection,TURM_04279,DATASET/Image Dataset for Turmeric Plant Leaf Disease Detection.zip#Image Dataset for Turmeric Plant Leaf Disease Detection/Original DataSet/Leaf_Spot/leaf_spot_(25).jpg,Leaf Spot,False,EXCLUDE_OOD,Class 'Leaf Spot' does not exist in training source (Turmeric Plant Disease Dataset Advancing AI (Original))
TURM_CROSS_B_TO_A,Turmeric Plant Disease Dataset Advancing AI (Original),Image Dataset for Turmeric Plant Leaf Disease Detection,TURM_04280,DATASET/Image Dataset for Turmeric Plant Leaf Disease Detection.zip#Image Dataset for Turmeric Plant Leaf Disease Detection/Original DataSet/Leaf_Spot/leaf_spot_(26).jpg,Leaf Spot,False,EXCLUDE_OOD,Class 'Leaf Spot' does not exist in training source (Turmeric Plant Disease Dataset Advancing AI (Original))
TURM_CROSS_B_TO_A,Turmeric Plant Disease Dataset Advancing AI (Original),Image Dataset for Turmeric Plant Leaf Disease Detection,TURM_04281,DATASET/Image Dataset for Turmeric Plant Leaf Disease Detection.zip#Image Dataset for Turmeric Plant Leaf Disease Detection/Original DataSet/Leaf_Spot/leaf_spot_(24).jpg,Leaf Spot,False,EXCLUDE_OOD,Class 'Leaf Spot' does not exist in training source (Turmeric Plant Disease Dataset Advancing AI (Original))
TURM_CROSS_B_TO_A,Turmeric Plant Disease Dataset Advancing AI (Original),Image Dataset for Turmeric Plant Leaf Disease Detection,TURM_04282,DATASET/Image Dataset for Turmeric Plant Leaf Disease Detection.zip#Image Dataset for Turmeric Plant Leaf Disease Detection/Original DataSet/Leaf_Spot/leaf_spot_(27).jpg,Leaf Spot,False,EXCLUDE_OOD,Class 'Leaf Spot' does not exist in training source (Turmeric Plant Disease Dataset Advancing AI (Original))
TURM_CROSS_B_TO_A,Turmeric Plant Disease Dataset Advancing AI (Original),Image Dataset for Turmeric Plant Leaf Disease Detection,TURM_04283,DATASET/Image Dataset for Turmeric Plant Leaf Disease Detection.zip#Image Dataset for Turmeric Plant Leaf Disease Detection/Original DataSet/Leaf_Spot/leaf_spot_(28).jpg,Leaf Spot,False,EXCLUDE_OOD,Class 'Leaf Spot' does not exist in training source (Turmeric Plant Disease Dataset Advancing AI (Original))
TURM_CROSS_B_TO_A,Turmeric Plant Disease Dataset Advancing AI (Original),Image Dataset for Turmeric Plant Leaf Disease Detection,TURM_04284,DATASET/Image Dataset for Turmeric Plant Leaf Disease Detection.zip#Image Dataset for Turmeric Plant Leaf Disease Detection/Original DataSet/Leaf_Spot/leaf_spot_(29).jpg,Leaf Spot,False,EXCLUDE_OOD,Class 'Leaf Spot' does not exist in training source (Turmeric Plant Disease Dataset Advancing AI (Original))
TURM_CROSS_B_TO_A,Turmeric Plant Disease Dataset Advancing AI (Original),Image Dataset for Turmeric Plant Leaf Disease Detection,TURM_04285,DATASET/Image Dataset for Turmeric Plant Leaf Disease Detection.zip#Image Dataset for Turmeric Plant Leaf Disease Detection/Original DataSet/Leaf_Spot/leaf_spot_(3).jpg,Leaf Spot,False,EXCLUDE_OOD,Class 'Leaf Spot' does not exist in training source (Turmeric Plant Disease Dataset Advancing AI (Original))
TURM_CROSS_B_TO_A,Turmeric Plant Disease Dataset Advancing AI (Original),Image Dataset for Turmeric Plant Leaf Disease Detection,TURM_04286,DATASET/Image Dataset for Turmeric Plant Leaf Disease Detection.zip#Image Dataset for Turmeric Plant Leaf Disease Detection/Original DataSet/Leaf_Spot/leaf_spot_(30).jpg,Leaf Spot,False,EXCLUDE_OOD,Class 'Leaf Spot' does not exist in training source (Turmeric Plant Disease Dataset Advancing AI (Original))
TURM_CROSS_B_TO_A,Turmeric Plant Disease Dataset Advancing AI (Original),Image Dataset for Turmeric Plant Leaf Disease Detection,TURM_04287,DATASET/Image Dataset for Turmeric Plant Leaf Disease Detection.zip#Image Dataset for Turmeric Plant Leaf Disease Detection/Original DataSet/Leaf_Spot/leaf_spot_(31).jpg,Leaf Spot,False,EXCLUDE_OOD,Class 'Leaf Spot' does not exist in training source (Turmeric Plant Disease Dataset Advancing AI (Original))
TURM_CROSS_B_TO_A,Turmeric Plant Disease Dataset Advancing AI (Original),Image Dataset for Turmeric Plant Leaf Disease Detection,TURM_04288,DATASET/Image Dataset for Turmeric Plant Leaf Disease Detection.zip#Image Dataset for Turmeric Plant Leaf Disease Detection/Original DataSet/Leaf_Spot/leaf_spot_(32).jpg,Leaf Spot,False,EXCLUDE_OOD,Class 'Leaf Spot' does not exist in training source (Turmeric Plant Disease Dataset Advancing AI (Original))
TURM_CROSS_B_TO_A,Turmeric Plant Disease Dataset Advancing AI (Original),Image Dataset for Turmeric Plant Leaf Disease Detection,TURM_04289,DATASET/Image Dataset for Turmeric Plant Leaf Disease Detection.zip#Image Dataset for Turmeric Plant Leaf Disease Detection/Original DataSet/Leaf_Spot/leaf_spot_(34).jpg,Leaf Spot,False,EXCLUDE_OOD,Class 'Leaf Spot' does not exist in training source (Turmeric Plant Disease Dataset Advancing AI (Original))
TURM_CROSS_B_TO_A,Turmeric Plant Disease Dataset Advancing AI (Original),Image Dataset for Turmeric Plant Leaf Disease Detection,TURM_04290,DATASET/Image Dataset for Turmeric Plant Leaf Disease Detection.zip#Image Dataset for Turmeric Plant Leaf Disease Detection/Original DataSet/Leaf_Spot/leaf_spot_(33).jpg,Leaf Spot,False,EXCLUDE_OOD,Class 'Leaf Spot' does not exist in training source (Turmeric Plant Disease Dataset Advancing AI (Original))
TURM_CROSS_B_TO_A,Turmeric Plant Disease Dataset Advancing AI (Original),Image Dataset for Turmeric Plant Leaf Disease Detection,TURM_04291,DATASET/Image Dataset for Turmeric Plant Leaf Disease Detection.zip#Image Dataset for Turmeric Plant Leaf Disease Detection/Original DataSet/Leaf_Spot/leaf_spot_(36).jpg,Leaf Spot,False,EXCLUDE_OOD,Class 'Leaf Spot' does not exist in training source (Turmeric Plant Disease Dataset Advancing AI (Original))
TURM_CROSS_B_TO_A,Turmeric Plant Disease Dataset Advancing AI (Original),Image Dataset for Turmeric Plant Leaf Disease Detection,TURM_04292,DATASET/Image Dataset for Turmeric Plant Leaf Disease Detection.zip#Image Dataset for Turmeric Plant Leaf Disease Detection/Original DataSet/Leaf_Spot/leaf_spot_(35).jpg,Leaf Spot,False,EXCLUDE_OOD,Class 'Leaf Spot' does not exist in training source (Turmeric Plant Disease Dataset Advancing AI (Original))
TURM_CROSS_B_TO_A,Turmeric Plant Disease Dataset Advancing AI (Original),Image Dataset for Turmeric Plant Leaf Disease Detection,TURM_04293,DATASET/Image Dataset for Turmeric Plant Leaf Disease Detection.zip#Image Dataset for Turmeric Plant Leaf Disease Detection/Original DataSet/Leaf_Spot/leaf_spot_(37).jpg,Leaf Spot,False,EXCLUDE_OOD,Class 'Leaf Spot' does not exist in training source (Turmeric Plant Disease Dataset Advancing AI (Original))
TURM_CROSS_B_TO_A,Turmeric Plant Disease Dataset Advancing AI (Original),Image Dataset for Turmeric Plant Leaf Disease Detection,TURM_04294,DATASET/Image Dataset for Turmeric Plant Leaf Disease Detection.zip#Image Dataset for Turmeric Plant Leaf Disease Detection/Original DataSet/Leaf_Spot/leaf_spot_(38).jpg,Leaf Spot,False,EXCLUDE_OOD,Class 'Leaf Spot' does not exist in training source (Turmeric Plant Disease Dataset Advancing AI (Original))
TURM_CROSS_B_TO_A,Turmeric Plant Disease Dataset Advancing AI (Original),Image Dataset for Turmeric Plant Leaf Disease Detection,TURM_04295,DATASET/Image Dataset for Turmeric Plant Leaf Disease Detection.zip#Image Dataset for Turmeric Plant Leaf Disease Detection/Original DataSet/Leaf_Spot/leaf_spot_(39).jpg,Leaf Spot,False,EXCLUDE_OOD,Class 'Leaf Spot' does not exist in training source (Turmeric Plant Disease Dataset Advancing AI (Original))
TURM_CROSS_B_TO_A,Turmeric Plant Disease Dataset Advancing AI (Original),Image Dataset for Turmeric Plant Leaf Disease Detection,TURM_04296,DATASET/Image Dataset for Turmeric Plant Leaf Disease Detection.zip#Image Dataset for Turmeric Plant Leaf Disease Detection/Original DataSet/Leaf_Spot/leaf_spot_(4).jpg,Leaf Spot,False,EXCLUDE_OOD,Class 'Leaf Spot' does not exist in training source (Turmeric Plant Disease Dataset Advancing AI (Original))
TURM_CROSS_B_TO_A,Turmeric Plant Disease Dataset Advancing AI (Original),Image Dataset for Turmeric Plant Leaf Disease Detection,TURM_04297,DATASET/Image Dataset for Turmeric Plant Leaf Disease Detection.zip#Image Dataset for Turmeric Plant Leaf Disease Detection/Original DataSet/Leaf_Spot/leaf_spot_(40).jpg,Leaf Spot,False,EXCLUDE_OOD,Class 'Leaf Spot' does not exist in training source (Turmeric Plant Disease Dataset Advancing AI (Original))
TURM_CROSS_B_TO_A,Turmeric Plant Disease Dataset Advancing AI (Original),Image Dataset for Turmeric Plant Leaf Disease Detection,TURM_04298,DATASET/Image Dataset for Turmeric Plant Leaf Disease Detection.zip#Image Dataset for Turmeric Plant Leaf Disease Detection/Original DataSet/Leaf_Spot/leaf_spot_(41).jpg,Leaf Spot,False,EXCLUDE_OOD,Class 'Leaf Spot' does not exist in training source (Turmeric Plant Disease Dataset Advancing AI (Original))
TURM_CROSS_B_TO_A,Turmeric Plant Disease Dataset Advancing AI (Original),Image Dataset for Turmeric Plant Leaf Disease Detection,TURM_04299,DATASET/Image Dataset for Turmeric Plant Leaf Disease Detection.zip#Image Dataset for Turmeric Plant Leaf Disease Detection/Original DataSet/Leaf_Spot/leaf_spot_(42).jpg,Leaf Spot,False,EXCLUDE_OOD,Class 'Leaf Spot' does not exist in training source (Turmeric Plant Disease Dataset Advancing AI (Original))
TURM_CROSS_B_TO_A,Turmeric Plant Disease Dataset Advancing AI (Original),Image Dataset for Turmeric Plant Leaf Disease Detection,TURM_04300,DATASET/Image Dataset for Turmeric Plant Leaf Disease Detection.zip#Image Dataset for Turmeric Plant Leaf Disease Detection/Original DataSet/Leaf_Spot/leaf_spot_(44).jpg,Leaf Spot,False,EXCLUDE_OOD,Class 'Leaf Spot' does not exist in training source (Turmeric Plant Disease Dataset Advancing AI (Original))
TURM_CROSS_B_TO_A,Turmeric Plant Disease Dataset Advancing AI (Original),Image Dataset for Turmeric Plant Leaf Disease Detection,TURM_04301,DATASET/Image Dataset for Turmeric Plant Leaf Disease Detection.zip#Image Dataset for Turmeric Plant Leaf Disease Detection/Original DataSet/Leaf_Spot/leaf_spot_(43).jpg,Leaf Spot,False,EXCLUDE_OOD,Class 'Leaf Spot' does not exist in training source (Turmeric Plant Disease Dataset Advancing AI (Original))
TURM_CROSS_B_TO_A,Turmeric Plant Disease Dataset Advancing AI (Original),Image Dataset for Turmeric Plant Leaf Disease Detection,TURM_04302,DATASET/Image Dataset for Turmeric Plant Leaf Disease Detection.zip#Image Dataset for Turmeric Plant Leaf Disease Detection/Original DataSet/Leaf_Spot/leaf_spot_(45).jpg,Leaf Spot,False,EXCLUDE_OOD,Class 'Leaf Spot' does not exist in training source (Turmeric Plant Disease Dataset Advancing AI (Original))
TURM_CROSS_B_TO_A,Turmeric Plant Disease Dataset Advancing AI (Original),Image Dataset for Turmeric Plant Leaf Disease Detection,TURM_04303,DATASET/Image Dataset for Turmeric Plant Leaf Disease Detection.zip#Image Dataset for Turmeric Plant Leaf Disease Detection/Original DataSet/Leaf_Spot/leaf_spot_(47).jpg,Leaf Spot,False,EXCLUDE_OOD,Class 'Leaf Spot' does not exist in training source (Turmeric Plant Disease Dataset Advancing AI (Original))
TURM_CROSS_B_TO_A,Turmeric Plant Disease Dataset Advancing AI (Original),Image Dataset for Turmeric Plant Leaf Disease Detection,TURM_04304,DATASET/Image Dataset for Turmeric Plant Leaf Disease Detection.zip#Image Dataset for Turmeric Plant Leaf Disease Detection/Original DataSet/Leaf_Spot/leaf_spot_(46).jpg,Leaf Spot,False,EXCLUDE_OOD,Class 'Leaf Spot' does not exist in training source (Turmeric Plant Disease Dataset Advancing AI (Original))
TURM_CROSS_B_TO_A,Turmeric Plant Disease Dataset Advancing AI (Original),Image Dataset for Turmeric Plant Leaf Disease Detection,TURM_04305,DATASET/Image Dataset for Turmeric Plant Leaf Disease Detection.zip#Image Dataset for Turmeric Plant Leaf Disease Detection/Original DataSet/Leaf_Spot/leaf_spot_(48).jpg,Leaf Spot,False,EXCLUDE_OOD,Class 'Leaf Spot' does not exist in training source (Turmeric Plant Disease Dataset Advancing AI (Original))
TURM_CROSS_B_TO_A,Turmeric Plant Disease Dataset Advancing AI (Original),Image Dataset for Turmeric Plant Leaf Disease Detection,TURM_04306,DATASET/Image Dataset for Turmeric Plant Leaf Disease Detection.zip#Image Dataset for Turmeric Plant Leaf Disease Detection/Original DataSet/Leaf_Spot/leaf_spot_(49).jpg,Leaf Spot,False,EXCLUDE_OOD,Class 'Leaf Spot' does not exist in training source (Turmeric Plant Disease Dataset Advancing AI (Original))
TURM_CROSS_B_TO_A,Turmeric Plant Disease Dataset Advancing AI (Original),Image Dataset for Turmeric Plant Leaf Disease Detection,TURM_04307,DATASET/Image Dataset for Turmeric Plant Leaf Disease Detection.zip#Image Dataset for Turmeric Plant Leaf Disease Detection/Original DataSet/Leaf_Spot/leaf_spot_(5).jpg,Leaf Spot,False,EXCLUDE_OOD,Class 'Leaf Spot' does not exist in training source (Turmeric Plant Disease Dataset Advancing AI (Original))
TURM_CROSS_B_TO_A,Turmeric Plant Disease Dataset Advancing AI (Original),Image Dataset for Turmeric Plant Leaf Disease Detection,TURM_04308,DATASET/Image Dataset for Turmeric Plant Leaf Disease Detection.zip#Image Dataset for Turmeric Plant Leaf Disease Detection/Original DataSet/Leaf_Spot/leaf_spot_(50).jpg,Leaf Spot,False,EXCLUDE_OOD,Class 'Leaf Spot' does not exist in training source (Turmeric Plant Disease Dataset Advancing AI (Original))
TURM_CROSS_B_TO_A,Turmeric Plant Disease Dataset Advancing AI (Original),Image Dataset for Turmeric Plant Leaf Disease Detection,TURM_04309,DATASET/Image Dataset for Turmeric Plant Leaf Disease Detection.zip#Image Dataset for Turmeric Plant Leaf Disease Detection/Original DataSet/Leaf_Spot/leaf_spot_(56).jpg,Leaf Spot,False,EXCLUDE_OOD,Class 'Leaf Spot' does not exist in training source (Turmeric Plant Disease Dataset Advancing AI (Original))
TURM_CROSS_B_TO_A,Turmeric Plant Disease Dataset Advancing AI (Original),Image Dataset for Turmeric Plant Leaf Disease Detection,TURM_04310,DATASET/Image Dataset for Turmeric Plant Leaf Disease Detection.zip#Image Dataset for Turmeric Plant Leaf Disease Detection/Original DataSet/Leaf_Spot/leaf_spot_(55).jpg,Leaf Spot,False,EXCLUDE_OOD,Class 'Leaf Spot' does not exist in training source (Turmeric Plant Disease Dataset Advancing AI (Original))
TURM_CROSS_B_TO_A,Turmeric Plant Disease Dataset Advancing AI (Original),Image Dataset for Turmeric Plant Leaf Disease Detection,TURM_04311,DATASET/Image Dataset for Turmeric Plant Leaf Disease Detection.zip#Image Dataset for Turmeric Plant Leaf Disease Detection/Original DataSet/Leaf_Spot/leaf_spot_(54).jpg,Leaf Spot,False,EXCLUDE_OOD,Class 'Leaf Spot' does not exist in training source (Turmeric Plant Disease Dataset Advancing AI (Original))
TURM_CROSS_B_TO_A,Turmeric Plant Disease Dataset Advancing AI (Original),Image Dataset for Turmeric Plant Leaf Disease Detection,TURM_04312,DATASET/Image Dataset for Turmeric Plant Leaf Disease Detection.zip#Image Dataset for Turmeric Plant Leaf Disease Detection/Original DataSet/Leaf_Spot/leaf_spot_(53).jpg,Leaf Spot,False,EXCLUDE_OOD,Class 'Leaf Spot' does not exist in training source (Turmeric Plant Disease Dataset Advancing AI (Original))
TURM_CROSS_B_TO_A,Turmeric Plant Disease Dataset Advancing AI (Original),Image Dataset for Turmeric Plant Leaf Disease Detection,TURM_04313,DATASET/Image Dataset for Turmeric Plant Leaf Disease Detection.zip#Image Dataset for Turmeric Plant Leaf Disease Detection/Original DataSet/Leaf_Spot/leaf_spot_(52).jpg,Leaf Spot,False,EXCLUDE_OOD,Class 'Leaf Spot' does not exist in training source (Turmeric Plant Disease Dataset Advancing AI (Original))
TURM_CROSS_B_TO_A,Turmeric Plant Disease Dataset Advancing AI (Original),Image Dataset for Turmeric Plant Leaf Disease Detection,TURM_04314,DATASET/Image Dataset for Turmeric Plant Leaf Disease Detection.zip#Image Dataset for Turmeric Plant Leaf Disease Detection/Original DataSet/Leaf_Spot/leaf_spot_(51).jpg,Leaf Spot,False,EXCLUDE_OOD,Class 'Leaf Spot' does not exist in training source (Turmeric Plant Disease Dataset Advancing AI (Original))
TURM_CROSS_B_TO_A,Turmeric Plant Disease Dataset Advancing AI (Original),Image Dataset for Turmeric Plant Leaf Disease Detection,TURM_04315,DATASET/Image Dataset for Turmeric Plant Leaf Disease Detection.zip#Image Dataset for Turmeric Plant Leaf Disease Detection/Original DataSet/Leaf_Spot/leaf_spot_(58).jpg,Leaf Spot,False,EXCLUDE_OOD,Class 'Leaf Spot' does not exist in training source (Turmeric Plant Disease Dataset Advancing AI (Original))
TURM_CROSS_B_TO_A,Turmeric Plant Disease Dataset Advancing AI (Original),Image Dataset for Turmeric Plant Leaf Disease Detection,TURM_04316,DATASET/Image Dataset for Turmeric Plant Leaf Disease Detection.zip#Image Dataset for Turmeric Plant Leaf Disease Detection/Original DataSet/Leaf_Spot/leaf_spot_(57).jpg,Leaf Spot,False,EXCLUDE_OOD,Class 'Leaf Spot' does not exist in training source (Turmeric Plant Disease Dataset Advancing AI (Original))
TURM_CROSS_B_TO_A,Turmeric Plant Disease Dataset Advancing AI (Original),Image Dataset for Turmeric Plant Leaf Disease Detection,TURM_04317,DATASET/Image Dataset for Turmeric Plant Leaf Disease Detection.zip#Image Dataset for Turmeric Plant Leaf Disease Detection/Original DataSet/Leaf_Spot/leaf_spot_(59).jpg,Leaf Spot,False,EXCLUDE_OOD,Class 'Leaf Spot' does not exist in training source (Turmeric Plant Disease Dataset Advancing AI (Original))
TURM_CROSS_B_TO_A,Turmeric Plant Disease Dataset Advancing AI (Original),Image Dataset for Turmeric Plant Leaf Disease Detection,TURM_04318,DATASET/Image Dataset for Turmeric Plant Leaf Disease Detection.zip#Image Dataset for Turmeric Plant Leaf Disease Detection/Original DataSet/Leaf_Spot/leaf_spot_(60).jpg,Leaf Spot,False,EXCLUDE_OOD,Class 'Leaf Spot' does not exist in training source (Turmeric Plant Disease Dataset Advancing AI (Original))
TURM_CROSS_B_TO_A,Turmeric Plant Disease Dataset Advancing AI (Original),Image Dataset for Turmeric Plant Leaf Disease Detection,TURM_04319,DATASET/Image Dataset for Turmeric Plant Leaf Disease Detection.zip#Image Dataset for Turmeric Plant Leaf Disease Detection/Original DataSet/Leaf_Spot/leaf_spot_(6).jpg,Leaf Spot,False,EXCLUDE_OOD,Class 'Leaf Spot' does not exist in training source (Turmeric Plant Disease Dataset Advancing AI (Original))
TURM_CROSS_B_TO_A,Turmeric Plant Disease Dataset Advancing AI (Original),Image Dataset for Turmeric Plant Leaf Disease Detection,TURM_04320,DATASET/Image Dataset for Turmeric Plant Leaf Disease Detection.zip#Image Dataset for Turmeric Plant Leaf Disease Detection/Original DataSet/Leaf_Spot/leaf_spot_(61).jpg,Leaf Spot,False,EXCLUDE_OOD,Class 'Leaf Spot' does not exist in training source (Turmeric Plant Disease Dataset Advancing AI (Original))
TURM_CROSS_B_TO_A,Turmeric Plant Disease Dataset Advancing AI (Original),Image Dataset for Turmeric Plant Leaf Disease Detection,TURM_04321,DATASET/Image Dataset for Turmeric Plant Leaf Disease Detection.zip#Image Dataset for Turmeric Plant Leaf Disease Detection/Original DataSet/Leaf_Spot/leaf_spot_(62).jpg,Leaf Spot,False,EXCLUDE_OOD,Class 'Leaf Spot' does not exist in training source (Turmeric Plant Disease Dataset Advancing AI (Original))
TURM_CROSS_B_TO_A,Turmeric Plant Disease Dataset Advancing AI (Original),Image Dataset for Turmeric Plant Leaf Disease Detection,TURM_04322,DATASET/Image Dataset for Turmeric Plant Leaf Disease Detection.zip#Image Dataset for Turmeric Plant Leaf Disease Detection/Original DataSet/Leaf_Spot/leaf_spot_(63).jpg,Leaf Spot,False,EXCLUDE_OOD,Class 'Leaf Spot' does not exist in training source (Turmeric Plant Disease Dataset Advancing AI (Original))
TURM_CROSS_B_TO_A,Turmeric Plant Disease Dataset Advancing AI (Original),Image Dataset for Turmeric Plant Leaf Disease Detection,TURM_04323,DATASET/Image Dataset for Turmeric Plant Leaf Disease Detection.zip#Image Dataset for Turmeric Plant Leaf Disease Detection/Original DataSet/Leaf_Spot/leaf_spot_(7).jpg,Leaf Spot,False,EXCLUDE_OOD,Class 'Leaf Spot' does not exist in training source (Turmeric Plant Disease Dataset Advancing AI (Original))
TURM_CROSS_B_TO_A,Turmeric Plant Disease Dataset Advancing AI (Original),Image Dataset for Turmeric Plant Leaf Disease Detection,TURM_04324,DATASET/Image Dataset for Turmeric Plant Leaf Disease Detection.zip#Image Dataset for Turmeric Plant Leaf Disease Detection/Original DataSet/Leaf_Spot/leaf_spot_(67).jpg,Leaf Spot,False,EXCLUDE_OOD,Class 'Leaf Spot' does not exist in training source (Turmeric Plant Disease Dataset Advancing AI (Original))
TURM_CROSS_B_TO_A,Turmeric Plant Disease Dataset Advancing AI (Original),Image Dataset for Turmeric Plant Leaf Disease Detection,TURM_04325,DATASET/Image Dataset for Turmeric Plant Leaf Disease Detection.zip#Image Dataset for Turmeric Plant Leaf Disease Detection/Original DataSet/Leaf_Spot/leaf_spot_(69).jpg,Leaf Spot,False,EXCLUDE_OOD,Class 'Leaf Spot' does not exist in training source (Turmeric Plant Disease Dataset Advancing AI (Original))
TURM_CROSS_B_TO_A,Turmeric Plant Disease Dataset Advancing AI (Original),Image Dataset for Turmeric Plant Leaf Disease Detection,TURM_04326,DATASET/Image Dataset for Turmeric Plant Leaf Disease Detection.zip#Image Dataset for Turmeric Plant Leaf Disease Detection/Original DataSet/Leaf_Spot/leaf_spot_(68).jpg,Leaf Spot,False,EXCLUDE_OOD,Class 'Leaf Spot' does not exist in training source (Turmeric Plant Disease Dataset Advancing AI (Original))
TURM_CROSS_B_TO_A,Turmeric Plant Disease Dataset Advancing AI (Original),Image Dataset for Turmeric Plant Leaf Disease Detection,TURM_04327,DATASET/Image Dataset for Turmeric Plant Leaf Disease Detection.zip#Image Dataset for Turmeric Plant Leaf Disease Detection/Original DataSet/Leaf_Spot/leaf_spot_(65).jpg,Leaf Spot,False,EXCLUDE_OOD,Class 'Leaf Spot' does not exist in training source (Turmeric Plant Disease Dataset Advancing AI (Original))
TURM_CROSS_B_TO_A,Turmeric Plant Disease Dataset Advancing AI (Original),Image Dataset for Turmeric Plant Leaf Disease Detection,TURM_04328,DATASET/Image Dataset for Turmeric Plant Leaf Disease Detection.zip#Image Dataset for Turmeric Plant Leaf Disease Detection/Original DataSet/Leaf_Spot/leaf_spot_(64).jpg,Leaf Spot,False,EXCLUDE_OOD,Class 'Leaf Spot' does not exist in training source (Turmeric Plant Disease Dataset Advancing AI (Original))
TURM_CROSS_B_TO_A,Turmeric Plant Disease Dataset Advancing AI (Original),Image Dataset for Turmeric Plant Leaf Disease Detection,TURM_04329,DATASET/Image Dataset for Turmeric Plant Leaf Disease Detection.zip#Image Dataset for Turmeric Plant Leaf Disease Detection/Original DataSet/Leaf_Spot/leaf_spot_(66).jpg,Leaf Spot,False,EXCLUDE_OOD,Class 'Leaf Spot' does not exist in training source (Turmeric Plant Disease Dataset Advancing AI (Original))
TURM_CROSS_B_TO_A,Turmeric Plant Disease Dataset Advancing AI (Original),Image Dataset for Turmeric Plant Leaf Disease Detection,TURM_04330,DATASET/Image Dataset for Turmeric Plant Leaf Disease Detection.zip#Image Dataset for Turmeric Plant Leaf Disease Detection/Original DataSet/Leaf_Spot/leaf_spot_(70).jpg,Leaf Spot,False,EXCLUDE_OOD,Class 'Leaf Spot' does not exist in training source (Turmeric Plant Disease Dataset Advancing AI (Original))
TURM_CROSS_B_TO_A,Turmeric Plant Disease Dataset Advancing AI (Original),Image Dataset for Turmeric Plant Leaf Disease Detection,TURM_04331,DATASET/Image Dataset for Turmeric Plant Leaf Disease Detection.zip#Image Dataset for Turmeric Plant Leaf Disease Detection/Original DataSet/Leaf_Spot/leaf_spot_(71).jpg,Leaf Spot,False,EXCLUDE_OOD,Class 'Leaf Spot' does not exist in training source (Turmeric Plant Disease Dataset Advancing AI (Original))
TURM_CROSS_B_TO_A,Turmeric Plant Disease Dataset Advancing AI (Original),Image Dataset for Turmeric Plant Leaf Disease Detection,TURM_04332,DATASET/Image Dataset for Turmeric Plant Leaf Disease Detection.zip#Image Dataset for Turmeric Plant Leaf Disease Detection/Original DataSet/Leaf_Spot/leaf_spot_(72).jpg,Leaf Spot,False,EXCLUDE_OOD,Class 'Leaf Spot' does not exist in training source (Turmeric Plant Disease Dataset Advancing AI (Original))
TURM_CROSS_B_TO_A,Turmeric Plant Disease Dataset Advancing AI (Original),Image Dataset for Turmeric Plant Leaf Disease Detection,TURM_04333,DATASET/Image Dataset for Turmeric Plant Leaf Disease Detection.zip#Image Dataset for Turmeric Plant Leaf Disease Detection/Original DataSet/Leaf_Spot/leaf_spot_(73).jpg,Leaf Spot,False,EXCLUDE_OOD,Class 'Leaf Spot' does not exist in training source (Turmeric Plant Disease Dataset Advancing AI (Original))
TURM_CROSS_B_TO_A,Turmeric Plant Disease Dataset Advancing AI (Original),Image Dataset for Turmeric Plant Leaf Disease Detection,TURM_04334,DATASET/Image Dataset for Turmeric Plant Leaf Disease Detection.zip#Image Dataset for Turmeric Plant Leaf Disease Detection/Original DataSet/Leaf_Spot/leaf_spot_(74).jpg,Leaf Spot,False,EXCLUDE_OOD,Class 'Leaf Spot' does not exist in training source (Turmeric Plant Disease Dataset Advancing AI (Original))
TURM_CROSS_B_TO_A,Turmeric Plant Disease Dataset Advancing AI (Original),Image Dataset for Turmeric Plant Leaf Disease Detection,TURM_04335,DATASET/Image Dataset for Turmeric Plant Leaf Disease Detection.zip#Image Dataset for Turmeric Plant Leaf Disease Detection/Original DataSet/Leaf_Spot/leaf_spot_(75).jpg,Leaf Spot,False,EXCLUDE_OOD,Class 'Leaf Spot' does not exist in training source (Turmeric Plant Disease Dataset Advancing AI (Original))
TURM_CROSS_B_TO_A,Turmeric Plant Disease Dataset Advancing AI (Original),Image Dataset for Turmeric Plant Leaf Disease Detection,TURM_04336,DATASET/Image Dataset for Turmeric Plant Leaf Disease Detection.zip#Image Dataset for Turmeric Plant Leaf Disease Detection/Original DataSet/Leaf_Spot/leaf_spot_(76).jpg,Leaf Spot,False,EXCLUDE_OOD,Class 'Leaf Spot' does not exist in training source (Turmeric Plant Disease Dataset Advancing AI (Original))
TURM_CROSS_B_TO_A,Turmeric Plant Disease Dataset Advancing AI (Original),Image Dataset for Turmeric Plant Leaf Disease Detection,TURM_04337,DATASET/Image Dataset for Turmeric Plant Leaf Disease Detection.zip#Image Dataset for Turmeric Plant Leaf Disease Detection/Original DataSet/Leaf_Spot/leaf_spot_(78).jpg,Leaf Spot,False,EXCLUDE_OOD,Class 'Leaf Spot' does not exist in training source (Turmeric Plant Disease Dataset Advancing AI (Original))
TURM_CROSS_B_TO_A,Turmeric Plant Disease Dataset Advancing AI (Original),Image Dataset for Turmeric Plant Leaf Disease Detection,TURM_04338,DATASET/Image Dataset for Turmeric Plant Leaf Disease Detection.zip#Image Dataset for Turmeric Plant Leaf Disease Detection/Original DataSet/Leaf_Spot/leaf_spot_(77).jpg,Leaf Spot,False,EXCLUDE_OOD,Class 'Leaf Spot' does not exist in training source (Turmeric Plant Disease Dataset Advancing AI (Original))
TURM_CROSS_B_TO_A,Turmeric Plant Disease Dataset Advancing AI (Original),Image Dataset for Turmeric Plant Leaf Disease Detection,TURM_04339,DATASET/Image Dataset for Turmeric Plant Leaf Disease Detection.zip#Image Dataset for Turmeric Plant Leaf Disease Detection/Original DataSet/Leaf_Spot/leaf_spot_(79).jpg,Leaf Spot,False,EXCLUDE_OOD,Class 'Leaf Spot' does not exist in training source (Turmeric Plant Disease Dataset Advancing AI (Original))
TURM_CROSS_B_TO_A,Turmeric Plant Disease Dataset Advancing AI (Original),Image Dataset for Turmeric Plant Leaf Disease Detection,TURM_04340,DATASET/Image Dataset for Turmeric Plant Leaf Disease Detection.zip#Image Dataset for Turmeric Plant Leaf Disease Detection/Original DataSet/Leaf_Spot/leaf_spot_(8).jpg,Leaf Spot,False,EXCLUDE_OOD,Class 'Leaf Spot' does not exist in training source (Turmeric Plant Disease Dataset Advancing AI (Original))
TURM_CROSS_B_TO_A,Turmeric Plant Disease Dataset Advancing AI (Original),Image Dataset for Turmeric Plant Leaf Disease Detection,TURM_04341,DATASET/Image Dataset for Turmeric Plant Leaf Disease Detection.zip#Image Dataset for Turmeric Plant Leaf Disease Detection/Original DataSet/Leaf_Spot/leaf_spot_(80).jpg,Leaf Spot,False,EXCLUDE_OOD,Class 'Leaf Spot' does not exist in training source (Turmeric Plant Disease Dataset Advancing AI (Original))
TURM_CROSS_B_TO_A,Turmeric Plant Disease Dataset Advancing AI (Original),Image Dataset for Turmeric Plant Leaf Disease Detection,TURM_04342,DATASET/Image Dataset for Turmeric Plant Leaf Disease Detection.zip#Image Dataset for Turmeric Plant Leaf Disease Detection/Original DataSet/Leaf_Spot/leaf_spot_(81).jpg,Leaf Spot,False,EXCLUDE_OOD,Class 'Leaf Spot' does not exist in training source (Turmeric Plant Disease Dataset Advancing AI (Original))
TURM_CROSS_B_TO_A,Turmeric Plant Disease Dataset Advancing AI (Original),Image Dataset for Turmeric Plant Leaf Disease Detection,TURM_04343,DATASET/Image Dataset for Turmeric Plant Leaf Disease Detection.zip#Image Dataset for Turmeric Plant Leaf Disease Detection/Original DataSet/Leaf_Spot/leaf_spot_(82).jpg,Leaf Spot,False,EXCLUDE_OOD,Class 'Leaf Spot' does not exist in training source (Turmeric Plant Disease Dataset Advancing AI (Original))
TURM_CROSS_B_TO_A,Turmeric Plant Disease Dataset Advancing AI (Original),Image Dataset for Turmeric Plant Leaf Disease Detection,TURM_04344,DATASET/Image Dataset for Turmeric Plant Leaf Disease Detection.zip#Image Dataset for Turmeric Plant Leaf Disease Detection/Original DataSet/Leaf_Spot/leaf_spot_(83).jpg,Leaf Spot,False,EXCLUDE_OOD,Class 'Leaf Spot' does not exist in training source (Turmeric Plant Disease Dataset Advancing AI (Original))
TURM_CROSS_B_TO_A,Turmeric Plant Disease Dataset Advancing AI (Original),Image Dataset for Turmeric Plant Leaf Disease Detection,TURM_04345,DATASET/Image Dataset for Turmeric Plant Leaf Disease Detection.zip#Image Dataset for Turmeric Plant Leaf Disease Detection/Original DataSet/Leaf_Spot/leaf_spot_(84).jpg,Leaf Spot,False,EXCLUDE_OOD,Class 'Leaf Spot' does not exist in training source (Turmeric Plant Disease Dataset Advancing AI (Original))
TURM_CROSS_B_TO_A,Turmeric Plant Disease Dataset Advancing AI (Original),Image Dataset for Turmeric Plant Leaf Disease Detection,TURM_04346,DATASET/Image Dataset for Turmeric Plant Leaf Disease Detection.zip#Image Dataset for Turmeric Plant Leaf Disease Detection/Original DataSet/Leaf_Spot/leaf_spot_(85).jpg,Leaf Spot,False,EXCLUDE_OOD,Class 'Leaf Spot' does not exist in training source (Turmeric Plant Disease Dataset Advancing AI (Original))
TURM_CROSS_B_TO_A,Turmeric Plant Disease Dataset Advancing AI (Original),Image Dataset for Turmeric Plant Leaf Disease Detection,TURM_04347,DATASET/Image Dataset for Turmeric Plant Leaf Disease Detection.zip#Image Dataset for Turmeric Plant Leaf Disease Detection/Original DataSet/Leaf_Spot/leaf_spot_(87).jpg,Leaf Spot,False,EXCLUDE_OOD,Class 'Leaf Spot' does not exist in training source (Turmeric Plant Disease Dataset Advancing AI (Original))
TURM_CROSS_B_TO_A,Turmeric Plant Disease Dataset Advancing AI (Original),Image Dataset for Turmeric Plant Leaf Disease Detection,TURM_04348,DATASET/Image Dataset for Turmeric Plant Leaf Disease Detection.zip#Image Dataset for Turmeric Plant Leaf Disease Detection/Original DataSet/Leaf_Spot/leaf_spot_(86).jpg,Leaf Spot,False,EXCLUDE_OOD,Class 'Leaf Spot' does not exist in training source (Turmeric Plant Disease Dataset Advancing AI (Original))
TURM_CROSS_B_TO_A,Turmeric Plant Disease Dataset Advancing AI (Original),Image Dataset for Turmeric Plant Leaf Disease Detection,TURM_04349,DATASET/Image Dataset for Turmeric Plant Leaf Disease Detection.zip#Image Dataset for Turmeric Plant Leaf Disease Detection/Original DataSet/Leaf_Spot/leaf_spot_(9).jpg,Leaf Spot,False,EXCLUDE_OOD,Class 'Leaf Spot' does not exist in training source (Turmeric Plant Disease Dataset Advancing AI (Original))
TURM_CROSS_B_TO_A,Turmeric Plant Disease Dataset Advancing AI (Original),Image Dataset for Turmeric Plant Leaf Disease Detection,TURM_04350,DATASET/Image Dataset for Turmeric Plant Leaf Disease Detection.zip#Image Dataset for Turmeric Plant Leaf Disease Detection/Original DataSet/Leaf_Spot/leaf_spot_(88).jpg,Leaf Spot,False,EXCLUDE_OOD,Class 'Leaf Spot' does not exist in training source (Turmeric Plant Disease Dataset Advancing AI (Original))
TURM_CROSS_B_TO_A,Turmeric Plant Disease Dataset Advancing AI (Original),Image Dataset for Turmeric Plant Leaf Disease Detection,TURM_04351,DATASET/Image Dataset for Turmeric Plant Leaf Disease Detection.zip#Image Dataset for Turmeric Plant Leaf Disease Detection/Original DataSet/Leaf_Spot/leaf_spot_(89).jpg,Leaf Spot,False,EXCLUDE_OOD,Class 'Leaf Spot' does not exist in training source (Turmeric Plant Disease Dataset Advancing AI (Original))
TURM_CROSS_B_TO_A,Turmeric Plant Disease Dataset Advancing AI (Original),Image Dataset for Turmeric Plant Leaf Disease Detection,TURM_04352,DATASET/Image Dataset for Turmeric Plant Leaf Disease Detection.zip#Image Dataset for Turmeric Plant Leaf Disease Detection/Original DataSet/Leaf_Spot/leaf_spot_(90).jpg,Leaf Spot,False,EXCLUDE_OOD,Class 'Leaf Spot' does not exist in training source (Turmeric Plant Disease Dataset Advancing AI (Original))
TURM_CROSS_B_TO_A,Turmeric Plant Disease Dataset Advancing AI (Original),Image Dataset for Turmeric Plant Leaf Disease Detection,TURM_04353,DATASET/Image Dataset for Turmeric Plant Leaf Disease Detection.zip#Image Dataset for Turmeric Plant Leaf Disease Detection/Original DataSet/Leaf_Spot/leaf_spot_(91).jpg,Leaf Spot,False,EXCLUDE_OOD,Class 'Leaf Spot' does not exist in training source (Turmeric Plant Disease Dataset Advancing AI (Original))
TURM_CROSS_B_TO_A,Turmeric Plant Disease Dataset Advancing AI (Original),Image Dataset for Turmeric Plant Leaf Disease Detection,TURM_04354,DATASET/Image Dataset for Turmeric Plant Leaf Disease Detection.zip#Image Dataset for Turmeric Plant Leaf Disease Detection/Original DataSet/Leaf_Spot/leaf_spot_(92).jpg,Leaf Spot,False,EXCLUDE_OOD,Class 'Leaf Spot' does not exist in training source (Turmeric Plant Disease Dataset Advancing AI (Original))
TURM_CROSS_B_TO_A,Turmeric Plant Disease Dataset Advancing AI (Original),Image Dataset for Turmeric Plant Leaf Disease Detection,TURM_04355,DATASET/Image Dataset for Turmeric Plant Leaf Disease Detection.zip#Image Dataset for Turmeric Plant Leaf Disease Detection/Original DataSet/Leaf_Spot/leaf_spot_(93).jpg,Leaf Spot,False,EXCLUDE_OOD,Class 'Leaf Spot' does not exist in training source (Turmeric Plant Disease Dataset Advancing AI (Original))
TURM_CROSS_B_TO_A,Turmeric Plant Disease Dataset Advancing AI (Original),Image Dataset for Turmeric Plant Leaf Disease Detection,TURM_04356,DATASET/Image Dataset for Turmeric Plant Leaf Disease Detection.zip#Image Dataset for Turmeric Plant Leaf Disease Detection/Original DataSet/Leaf_Spot/leaf_spot_(94).jpg,Leaf Spot,False,EXCLUDE_OOD,Class 'Leaf Spot' does not exist in training source (Turmeric Plant Disease Dataset Advancing AI (Original))
TURM_CROSS_B_TO_A,Turmeric Plant Disease Dataset Advancing AI (Original),Image Dataset for Turmeric Plant Leaf Disease Detection,TURM_04357,DATASET/Image Dataset for Turmeric Plant Leaf Disease Detection.zip#Image Dataset for Turmeric Plant Leaf Disease Detection/Original DataSet/Leaf_Spot/leaf_spot_(95).jpg,Leaf Spot,False,EXCLUDE_OOD,Class 'Leaf Spot' does not exist in training source (Turmeric Plant Disease Dataset Advancing AI (Original))
TURM_CROSS_B_TO_A,Turmeric Plant Disease Dataset Advancing AI (Original),Image Dataset for Turmeric Plant Leaf Disease Detection,TURM_04358,DATASET/Image Dataset for Turmeric Plant Leaf Disease Detection.zip#Image Dataset for Turmeric Plant Leaf Disease Detection/Original DataSet/Leaf_Spot/leaf_spot_(96).jpg,Leaf Spot,False,EXCLUDE_OOD,Class 'Leaf Spot' does not exist in training source (Turmeric Plant Disease Dataset Advancing AI (Original))
TURM_CROSS_B_TO_A,Turmeric Plant Disease Dataset Advancing AI (Original),Image Dataset for Turmeric Plant Leaf Disease Detection,TURM_04359,DATASET/Image Dataset for Turmeric Plant Leaf Disease Detection.zip#Image Dataset for Turmeric Plant Leaf Disease Detection/Original DataSet/Leaf_Spot/leaf_spot_(99).jpg,Leaf Spot,False,EXCLUDE_OOD,Class 'Leaf Spot' does not exist in training source (Turmeric Plant Disease Dataset Advancing AI (Original))
TURM_CROSS_B_TO_A,Turmeric Plant Disease Dataset Advancing AI (Original),Image Dataset for Turmeric Plant Leaf Disease Detection,TURM_04360,DATASET/Image Dataset for Turmeric Plant Leaf Disease Detection.zip#Image Dataset for Turmeric Plant Leaf Disease Detection/Original DataSet/Leaf_Spot/leaf_spot_(98).jpg,Leaf Spot,False,EXCLUDE_OOD,Class 'Leaf Spot' does not exist in training source (Turmeric Plant Disease Dataset Advancing AI (Original))
TURM_CROSS_B_TO_A,Turmeric Plant Disease Dataset Advancing AI (Original),Image Dataset for Turmeric Plant Leaf Disease Detection,TURM_04361,DATASET/Image Dataset for Turmeric Plant Leaf Disease Detection.zip#Image Dataset for Turmeric Plant Leaf Disease Detection/Original DataSet/Leaf_Spot/leaf_spot_(97).jpg,Leaf Spot,False,EXCLUDE_OOD,Class 'Leaf Spot' does not exist in training source (Turmeric Plant Disease Dataset Advancing AI (Original))
TURM_CROSS_A_TO_B,Image Dataset for Turmeric Plant Leaf Disease Detection,Turmeric Plant Disease Dataset Advancing AI (Original),TURM_04362,DATASET/Turmeric Plant Disease Dataset Advancing AI for Agricultural Sustainability.zip#Turmeric Plant Disease Dataset Advancing AI for Agricultural Sustainability/Turmeric Plant Disease.zip#Turmeric Plant Disease/Dry Leaf/Dry Leaf00001.JPG,Dry Leaf,False,EXCLUDE_OOD,Class 'Dry Leaf' does not exist in training source (Image Dataset for Turmeric Plant Leaf Disease Detection)
TURM_CROSS_A_TO_B,Image Dataset for Turmeric Plant Leaf Disease Detection,Turmeric Plant Disease Dataset Advancing AI (Original),TURM_04363,DATASET/Turmeric Plant Disease Dataset Advancing AI for Agricultural Sustainability.zip#Turmeric Plant Disease Dataset Advancing AI for Agricultural Sustainability/Turmeric Plant Disease.zip#Turmeric Plant Disease/Dry Leaf/Dry Leaf00002.JPG,Dry Leaf,False,EXCLUDE_OOD,Class 'Dry Leaf' does not exist in training source (Image Dataset for Turmeric Plant Leaf Disease Detection)
TURM_CROSS_A_TO_B,Image Dataset for Turmeric Plant Leaf Disease Detection,Turmeric Plant Disease Dataset Advancing AI (Original),TURM_04364,DATASET/Turmeric Plant Disease Dataset Advancing AI for Agricultural Sustainability.zip#Turmeric Plant Disease Dataset Advancing AI for Agricultural Sustainability/Turmeric Plant Disease.zip#Turmeric Plant Disease/Dry Leaf/Dry Leaf00003.JPG,Dry Leaf,False,EXCLUDE_OOD,Class 'Dry Leaf' does not exist in training source (Image Dataset for Turmeric Plant Leaf Disease Detection)
TURM_CROSS_A_TO_B,Image Dataset for Turmeric Plant Leaf Disease Detection,Turmeric Plant Disease Dataset Advancing AI (Original),TURM_04365,DATASET/Turmeric Plant Disease Dataset Advancing AI for Agricultural Sustainability.zip#Turmeric Plant Disease Dataset Advancing AI for Agricultural Sustainability/Turmeric Plant Disease.zip#Turmeric Plant Disease/Dry Leaf/Dry Leaf00004.JPG,Dry Leaf,False,EXCLUDE_OOD,Class 'Dry Leaf' does not exist in training source (Image Dataset for Turmeric Plant Leaf Disease Detection)
TURM_CROSS_A_TO_B,Image Dataset for Turmeric Plant Leaf Disease Detection,Turmeric Plant Disease Dataset Advancing AI (Original),TURM_04366,DATASET/Turmeric Plant Disease Dataset Advancing AI for Agricultural Sustainability.zip#Turmeric Plant Disease Dataset Advancing AI for Agricultural Sustainability/Turmeric Plant Disease.zip#Turmeric Plant Disease/Dry Leaf/Dry Leaf00005.JPG,Dry Leaf,False,EXCLUDE_OOD,Class 'Dry Leaf' does not exist in training source (Image Dataset for Turmeric Plant Leaf Disease Detection)
TURM_CROSS_A_TO_B,Image Dataset for Turmeric Plant Leaf Disease Detection,Turmeric Plant Disease Dataset Advancing AI (Original),TURM_04367,DATASET/Turmeric Plant Disease Dataset Advancing AI for Agricultural Sustainability.zip#Turmeric Plant Disease Dataset Advancing AI for Agricultural Sustainability/Turmeric Plant Disease.zip#Turmeric Plant Disease/Dry Leaf/Dry Leaf00006.JPG,Dry Leaf,False,EXCLUDE_OOD,Class 'Dry Leaf' does not exist in training source (Image Dataset for Turmeric Plant Leaf Disease Detection)
TURM_CROSS_A_TO_B,Image Dataset for Turmeric Plant Leaf Disease Detection,Turmeric Plant Disease Dataset Advancing AI (Original),TURM_04368,DATASET/Turmeric Plant Disease Dataset Advancing AI for Agricultural Sustainability.zip#Turmeric Plant Disease Dataset Advancing AI for Agricultural Sustainability/Turmeric Plant Disease.zip#Turmeric Plant Disease/Dry Leaf/Dry Leaf00007.JPG,Dry Leaf,False,EXCLUDE_OOD,Class 'Dry Leaf' does not exist in training source (Image Dataset for Turmeric Plant Leaf Disease Detection)
TURM_CROSS_A_TO_B,Image Dataset for Turmeric Plant Leaf Disease Detection,Turmeric Plant Disease Dataset Advancing AI (Original),TURM_04369,DATASET/Turmeric Plant Disease Dataset Advancing AI for Agricultural Sustainability.zip#Turmeric Plant Disease Dataset Advancing AI for Agricultural Sustainability/Turmeric Plant Disease.zip#Turmeric Plant Disease/Dry Leaf/Dry Leaf00008.JPG,Dry Leaf,False,EXCLUDE_OOD,Class 'Dry Leaf' does not exist in training source (Image Dataset for Turmeric Plant Leaf Disease Detection)
TURM_CROSS_A_TO_B,Image Dataset for Turmeric Plant Leaf Disease Detection,Turmeric Plant Disease Dataset Advancing AI (Original),TURM_04370,DATASET/Turmeric Plant Disease Dataset Advancing AI for Agricultural Sustainability.zip#Turmeric Plant Disease Dataset Advancing AI for Agricultural Sustainability/Turmeric Plant Disease.zip#Turmeric Plant Disease/Dry Leaf/Dry Leaf00009.JPG,Dry Leaf,False,EXCLUDE_OOD,Class 'Dry Leaf' does not exist in training source (Image Dataset for Turmeric Plant Leaf Disease Detection)
TURM_CROSS_A_TO_B,Image Dataset for Turmeric Plant Leaf Disease Detection,Turmeric Plant Disease Dataset Advancing AI (Original),TURM_04371,DATASET/Turmeric Plant Disease Dataset Advancing AI for Agricultural Sustainability.zip#Turmeric Plant Disease Dataset Advancing AI for Agricultural Sustainability/Turmeric Plant Disease.zip#Turmeric Plant Disease/Dry Leaf/Dry Leaf00010.JPG,Dry Leaf,False,EXCLUDE_OOD,Class 'Dry Leaf' does not exist in training source (Image Dataset for Turmeric Plant Leaf Disease Detection)
TURM_CROSS_A_TO_B,Image Dataset for Turmeric Plant Leaf Disease Detection,Turmeric Plant Disease Dataset Advancing AI (Original),TURM_04372,DATASET/Turmeric Plant Disease Dataset Advancing AI for Agricultural Sustainability.zip#Turmeric Plant Disease Dataset Advancing AI for Agricultural Sustainability/Turmeric Plant Disease.zip#Turmeric Plant Disease/Dry Leaf/Dry Leaf00011.JPG,Dry Leaf,False,EXCLUDE_OOD,Class 'Dry Leaf' does not exist in training source (Image Dataset for Turmeric Plant Leaf Disease Detection)
TURM_CROSS_A_TO_B,Image Dataset for Turmeric Plant Leaf Disease Detection,Turmeric Plant Disease Dataset Advancing AI (Original),TURM_04373,DATASET/Turmeric Plant Disease Dataset Advancing AI for Agricultural Sustainability.zip#Turmeric Plant Disease Dataset Advancing AI for Agricultural Sustainability/Turmeric Plant Disease.zip#Turmeric Plant Disease/Dry Leaf/Dry Leaf00012.JPG,Dry Leaf,False,EXCLUDE_OOD,Class 'Dry Leaf' does not exist in training source (Image Dataset for Turmeric Plant Leaf Disease Detection)
TURM_CROSS_A_TO_B,Image Dataset for Turmeric Plant Leaf Disease Detection,Turmeric Plant Disease Dataset Advancing AI (Original),TURM_04374,DATASET/Turmeric Plant Disease Dataset Advancing AI for Agricultural Sustainability.zip#Turmeric Plant Disease Dataset Advancing AI for Agricultural Sustainability/Turmeric Plant Disease.zip#Turmeric Plant Disease/Dry Leaf/Dry Leaf00013.JPG,Dry Leaf,False,EXCLUDE_OOD,Class 'Dry Leaf' does not exist in training source (Image Dataset for Turmeric Plant Leaf Disease Detection)
TURM_CROSS_A_TO_B,Image Dataset for Turmeric Plant Leaf Disease Detection,Turmeric Plant Disease Dataset Advancing AI (Original),TURM_04375,DATASET/Turmeric Plant Disease Dataset Advancing AI for Agricultural Sustainability.zip#Turmeric Plant Disease Dataset Advancing AI for Agricultural Sustainability/Turmeric Plant Disease.zip#Turmeric Plant Disease/Dry Leaf/Dry Leaf00014.JPG,Dry Leaf,False,EXCLUDE_OOD,Class 'Dry Leaf' does not exist in training source (Image Dataset for Turmeric Plant Leaf Disease Detection)
TURM_CROSS_A_TO_B,Image Dataset for Turmeric Plant Leaf Disease Detection,Turmeric Plant Disease Dataset Advancing AI (Original),TURM_04376,DATASET/Turmeric Plant Disease Dataset Advancing AI for Agricultural Sustainability.zip#Turmeric Plant Disease Dataset Advancing AI for Agricultural Sustainability/Turmeric Plant Disease.zip#Turmeric Plant Disease/Dry Leaf/Dry Leaf00015.JPG,Dry Leaf,False,EXCLUDE_OOD,Class 'Dry Leaf' does not exist in training source (Image Dataset for Turmeric Plant Leaf Disease Detection)
TURM_CROSS_A_TO_B,Image Dataset for Turmeric Plant Leaf Disease Detection,Turmeric Plant Disease Dataset Advancing AI (Original),TURM_04377,DATASET/Turmeric Plant Disease Dataset Advancing AI for Agricultural Sustainability.zip#Turmeric Plant Disease Dataset Advancing AI for Agricultural Sustainability/Turmeric Plant Disease.zip#Turmeric Plant Disease/Dry Leaf/Dry Leaf00016.JPG,Dry Leaf,False,EXCLUDE_OOD,Class 'Dry Leaf' does not exist in training source (Image Dataset for Turmeric Plant Leaf Disease Detection)
TURM_CROSS_A_TO_B,Image Dataset for Turmeric Plant Leaf Disease Detection,Turmeric Plant Disease Dataset Advancing AI (Original),TURM_04378,DATASET/Turmeric Plant Disease Dataset Advancing AI for Agricultural Sustainability.zip#Turmeric Plant Disease Dataset Advancing AI for Agricultural Sustainability/Turmeric Plant Disease.zip#Turmeric Plant Disease/Dry Leaf/Dry Leaf00017.JPG,Dry Leaf,False,EXCLUDE_OOD,Class 'Dry Leaf' does not exist in training source (Image Dataset for Turmeric Plant Leaf Disease Detection)
TURM_CROSS_A_TO_B,Image Dataset for Turmeric Plant Leaf Disease Detection,Turmeric Plant Disease Dataset Advancing AI (Original),TURM_04379,DATASET/Turmeric Plant Disease Dataset Advancing AI for Agricultural Sustainability.zip#Turmeric Plant Disease Dataset Advancing AI for Agricultural Sustainability/Turmeric Plant Disease.zip#Turmeric Plant Disease/Dry Leaf/Dry Leaf00018.JPG,Dry Leaf,False,EXCLUDE_OOD,Class 'Dry Leaf' does not exist in training source (Image Dataset for Turmeric Plant Leaf Disease Detection)
TURM_CROSS_A_TO_B,Image Dataset for Turmeric Plant Leaf Disease Detection,Turmeric Plant Disease Dataset Advancing AI (Original),TURM_04380,DATASET/Turmeric Plant Disease Dataset Advancing AI for Agricultural Sustainability.zip#Turmeric Plant Disease Dataset Advancing AI for Agricultural Sustainability/Turmeric Plant Disease.zip#Turmeric Plant Disease/Dry Leaf/Dry Leaf00019.JPG,Dry Leaf,False,EXCLUDE_OOD,Class 'Dry Leaf' does not exist in training source (Image Dataset for Turmeric Plant Leaf Disease Detection)
TURM_CROSS_A_TO_B,Image Dataset for Turmeric Plant Leaf Disease Detection,Turmeric Plant Disease Dataset Advancing AI (Original),TURM_04381,DATASET/Turmeric Plant Disease Dataset Advancing AI for Agricultural Sustainability.zip#Turmeric Plant Disease Dataset Advancing AI for Agricultural Sustainability/Turmeric Plant Disease.zip#Turmeric Plant Disease/Dry Leaf/Dry Leaf00020.JPG,Dry Leaf,False,EXCLUDE_OOD,Class 'Dry Leaf' does not exist in training source (Image Dataset for Turmeric Plant Leaf Disease Detection)
TURM_CROSS_A_TO_B,Image Dataset for Turmeric Plant Leaf Disease Detection,Turmeric Plant Disease Dataset Advancing AI (Original),TURM_04382,DATASET/Turmeric Plant Disease Dataset Advancing AI for Agricultural Sustainability.zip#Turmeric Plant Disease Dataset Advancing AI for Agricultural Sustainability/Turmeric Plant Disease.zip#Turmeric Plant Disease/Dry Leaf/Dry Leaf00021.JPG,Dry Leaf,False,EXCLUDE_OOD,Class 'Dry Leaf' does not exist in training source (Image Dataset for Turmeric Plant Leaf Disease Detection)
TURM_CROSS_A_TO_B,Image Dataset for Turmeric Plant Leaf Disease Detection,Turmeric Plant Disease Dataset Advancing AI (Original),TURM_04383,DATASET/Turmeric Plant Disease Dataset Advancing AI for Agricultural Sustainability.zip#Turmeric Plant Disease Dataset Advancing AI for Agricultural Sustainability/Turmeric Plant Disease.zip#Turmeric Plant Disease/Dry Leaf/Dry Leaf00022.JPG,Dry Leaf,False,EXCLUDE_OOD,Class 'Dry Leaf' does not exist in training source (Image Dataset for Turmeric Plant Leaf Disease Detection)
TURM_CROSS_A_TO_B,Image Dataset for Turmeric Plant Leaf Disease Detection,Turmeric Plant Disease Dataset Advancing AI (Original),TURM_04384,DATASET/Turmeric Plant Disease Dataset Advancing AI for Agricultural Sustainability.zip#Turmeric Plant Disease Dataset Advancing AI for Agricultural Sustainability/Turmeric Plant Disease.zip#Turmeric Plant Disease/Dry Leaf/Dry Leaf00023.JPG,Dry Leaf,False,EXCLUDE_OOD,Class 'Dry Leaf' does not exist in training source (Image Dataset for Turmeric Plant Leaf Disease Detection)
TURM_CROSS_A_TO_B,Image Dataset for Turmeric Plant Leaf Disease Detection,Turmeric Plant Disease Dataset Advancing AI (Original),TURM_04385,DATASET/Turmeric Plant Disease Dataset Advancing AI for Agricultural Sustainability.zip#Turmeric Plant Disease Dataset Advancing AI for Agricultural Sustainability/Turmeric Plant Disease.zip#Turmeric Plant Disease/Dry Leaf/Dry Leaf00024.JPG,Dry Leaf,False,EXCLUDE_OOD,Class 'Dry Leaf' does not exist in training source (Image Dataset for Turmeric Plant Leaf Disease Detection)
TURM_CROSS_A_TO_B,Image Dataset for Turmeric Plant Leaf Disease Detection,Turmeric Plant Disease Dataset Advancing AI (Original),TURM_04386,DATASET/Turmeric Plant Disease Dataset Advancing AI for Agricultural Sustainability.zip#Turmeric Plant Disease Dataset Advancing AI for Agricultural Sustainability/Turmeric Plant Disease.zip#Turmeric Plant Disease/Dry Leaf/Dry Leaf00025.JPG,Dry Leaf,False,EXCLUDE_OOD,Class 'Dry Leaf' does not exist in training source (Image Dataset for Turmeric Plant Leaf Disease Detection)
TURM_CROSS_A_TO_B,Image Dataset for Turmeric Plant Leaf Disease Detection,Turmeric Plant Disease Dataset Advancing AI (Original),TURM_04387,DATASET/Turmeric Plant Disease Dataset Advancing AI for Agricultural Sustainability.zip#Turmeric Plant Disease Dataset Advancing AI for Agricultural Sustainability/Turmeric Plant Disease.zip#Turmeric Plant Disease/Dry Leaf/Dry Leaf00026.JPG,Dry Leaf,False,EXCLUDE_OOD,Class 'Dry Leaf' does not exist in training source (Image Dataset for Turmeric Plant Leaf Disease Detection)
TURM_CROSS_A_TO_B,Image Dataset for Turmeric Plant Leaf Disease Detection,Turmeric Plant Disease Dataset Advancing AI (Original),TURM_04388,DATASET/Turmeric Plant Disease Dataset Advancing AI for Agricultural Sustainability.zip#Turmeric Plant Disease Dataset Advancing AI for Agricultural Sustainability/Turmeric Plant Disease.zip#Turmeric Plant Disease/Dry Leaf/Dry Leaf00027.JPG,Dry Leaf,False,EXCLUDE_OOD,Class 'Dry Leaf' does not exist in training source (Image Dataset for Turmeric Plant Leaf Disease Detection)
TURM_CROSS_A_TO_B,Image Dataset for Turmeric Plant Leaf Disease Detection,Turmeric Plant Disease Dataset Advancing AI (Original),TURM_04389,DATASET/Turmeric Plant Disease Dataset Advancing AI for Agricultural Sustainability.zip#Turmeric Plant Disease Dataset Advancing AI for Agricultural Sustainability/Turmeric Plant Disease.zip#Turmeric Plant Disease/Dry Leaf/Dry Leaf00028.JPG,Dry Leaf,False,EXCLUDE_OOD,Class 'Dry Leaf' does not exist in training source (Image Dataset for Turmeric Plant Leaf Disease Detection)
TURM_CROSS_A_TO_B,Image Dataset for Turmeric Plant Leaf Disease Detection,Turmeric Plant Disease Dataset Advancing AI (Original),TURM_04390,DATASET/Turmeric Plant Disease Dataset Advancing AI for Agricultural Sustainability.zip#Turmeric Plant Disease Dataset Advancing AI for Agricultural Sustainability/Turmeric Plant Disease.zip#Turmeric Plant Disease/Dry Leaf/Dry Leaf00029.JPG,Dry Leaf,False,EXCLUDE_OOD,Class 'Dry Leaf' does not exist in training source (Image Dataset for Turmeric Plant Leaf Disease Detection)
TURM_CROSS_A_TO_B,Image Dataset for Turmeric Plant Leaf Disease Detection,Turmeric Plant Disease Dataset Advancing AI (Original),TURM_04391,DATASET/Turmeric Plant Disease Dataset Advancing AI for Agricultural Sustainability.zip#Turmeric Plant Disease Dataset Advancing AI for Agricultural Sustainability/Turmeric Plant Disease.zip#Turmeric Plant Disease/Dry Leaf/Dry Leaf00030.JPG,Dry Leaf,False,EXCLUDE_OOD,Class 'Dry Leaf' does not exist in training source (Image Dataset for Turmeric Plant Leaf Disease Detection)
TURM_CROSS_A_TO_B,Image Dataset for Turmeric Plant Leaf Disease Detection,Turmeric Plant Disease Dataset Advancing AI (Original),TURM_04392,DATASET/Turmeric Plant Disease Dataset Advancing AI for Agricultural Sustainability.zip#Turmeric Plant Disease Dataset Advancing AI for Agricultural Sustainability/Turmeric Plant Disease.zip#Turmeric Plant Disease/Dry Leaf/Dry Leaf00031.JPG,Dry Leaf,False,EXCLUDE_OOD,Class 'Dry Leaf' does not exist in training source (Image Dataset for Turmeric Plant Leaf Disease Detection)
TURM_CROSS_A_TO_B,Image Dataset for Turmeric Plant Leaf Disease Detection,Turmeric Plant Disease Dataset Advancing AI (Original),TURM_04393,DATASET/Turmeric Plant Disease Dataset Advancing AI for Agricultural Sustainability.zip#Turmeric Plant Disease Dataset Advancing AI for Agricultural Sustainability/Turmeric Plant Disease.zip#Turmeric Plant Disease/Dry Leaf/Dry Leaf00032.JPG,Dry Leaf,False,EXCLUDE_OOD,Class 'Dry Leaf' does not exist in training source (Image Dataset for Turmeric Plant Leaf Disease Detection)
TURM_CROSS_A_TO_B,Image Dataset for Turmeric Plant Leaf Disease Detection,Turmeric Plant Disease Dataset Advancing AI (Original),TURM_04394,DATASET/Turmeric Plant Disease Dataset Advancing AI for Agricultural Sustainability.zip#Turmeric Plant Disease Dataset Advancing AI for Agricultural Sustainability/Turmeric Plant Disease.zip#Turmeric Plant Disease/Dry Leaf/Dry Leaf00033.JPG,Dry Leaf,False,EXCLUDE_OOD,Class 'Dry Leaf' does not exist in training source (Image Dataset for Turmeric Plant Leaf Disease Detection)
TURM_CROSS_A_TO_B,Image Dataset for Turmeric Plant Leaf Disease Detection,Turmeric Plant Disease Dataset Advancing AI (Original),TURM_04395,DATASET/Turmeric Plant Disease Dataset Advancing AI for Agricultural Sustainability.zip#Turmeric Plant Disease Dataset Advancing AI for Agricultural Sustainability/Turmeric Plant Disease.zip#Turmeric Plant Disease/Dry Leaf/Dry Leaf00034.JPG,Dry Leaf,False,EXCLUDE_OOD,Class 'Dry Leaf' does not exist in training source (Image Dataset for Turmeric Plant Leaf Disease Detection)
TURM_CROSS_A_TO_B,Image Dataset for Turmeric Plant Leaf Disease Detection,Turmeric Plant Disease Dataset Advancing AI (Original),TURM_04396,DATASET/Turmeric Plant Disease Dataset Advancing AI for Agricultural Sustainability.zip#Turmeric Plant Disease Dataset Advancing AI for Agricultural Sustainability/Turmeric Plant Disease.zip#Turmeric Plant Disease/Dry Leaf/Dry Leaf00035.JPG,Dry Leaf,False,EXCLUDE_OOD,Class 'Dry Leaf' does not exist in training source (Image Dataset for Turmeric Plant Leaf Disease Detection)
TURM_CROSS_A_TO_B,Image Dataset for Turmeric Plant Leaf Disease Detection,Turmeric Plant Disease Dataset Advancing AI (Original),TURM_04397,DATASET/Turmeric Plant Disease Dataset Advancing AI for Agricultural Sustainability.zip#Turmeric Plant Disease Dataset Advancing AI for Agricultural Sustainability/Turmeric Plant Disease.zip#Turmeric Plant Disease/Dry Leaf/Dry Leaf00036.JPG,Dry Leaf,False,EXCLUDE_OOD,Class 'Dry Leaf' does not exist in training source (Image Dataset for Turmeric Plant Leaf Disease Detection)
TURM_CROSS_A_TO_B,Image Dataset for Turmeric Plant Leaf Disease Detection,Turmeric Plant Disease Dataset Advancing AI (Original),TURM_04398,DATASET/Turmeric Plant Disease Dataset Advancing AI for Agricultural Sustainability.zip#Turmeric Plant Disease Dataset Advancing AI for Agricultural Sustainability/Turmeric Plant Disease.zip#Turmeric Plant Disease/Dry Leaf/Dry Leaf00037.JPG,Dry Leaf,False,EXCLUDE_OOD,Class 'Dry Leaf' does not exist in training source (Image Dataset for Turmeric Plant Leaf Disease Detection)
TURM_CROSS_A_TO_B,Image Dataset for Turmeric Plant Leaf Disease Detection,Turmeric Plant Disease Dataset Advancing AI (Original),TURM_04399,DATASET/Turmeric Plant Disease Dataset Advancing AI for Agricultural Sustainability.zip#Turmeric Plant Disease Dataset Advancing AI for Agricultural Sustainability/Turmeric Plant Disease.zip#Turmeric Plant Disease/Dry Leaf/Dry Leaf00038.JPG,Dry Leaf,False,EXCLUDE_OOD,Class 'Dry Leaf' does not exist in training source (Image Dataset for Turmeric Plant Leaf Disease Detection)
TURM_CROSS_A_TO_B,Image Dataset for Turmeric Plant Leaf Disease Detection,Turmeric Plant Disease Dataset Advancing AI (Original),TURM_04400,DATASET/Turmeric Plant Disease Dataset Advancing AI for Agricultural Sustainability.zip#Turmeric Plant Disease Dataset Advancing AI for Agricultural Sustainability/Turmeric Plant Disease.zip#Turmeric Plant Disease/Dry Leaf/Dry Leaf00039.JPG,Dry Leaf,False,EXCLUDE_OOD,Class 'Dry Leaf' does not exist in training source (Image Dataset for Turmeric Plant Leaf Disease Detection)
TURM_CROSS_A_TO_B,Image Dataset for Turmeric Plant Leaf Disease Detection,Turmeric Plant Disease Dataset Advancing AI (Original),TURM_04401,DATASET/Turmeric Plant Disease Dataset Advancing AI for Agricultural Sustainability.zip#Turmeric Plant Disease Dataset Advancing AI for Agricultural Sustainability/Turmeric Plant Disease.zip#Turmeric Plant Disease/Dry Leaf/Dry Leaf00040.JPG,Dry Leaf,False,EXCLUDE_OOD,Class 'Dry Leaf' does not exist in training source (Image Dataset for Turmeric Plant Leaf Disease Detection)
TURM_CROSS_A_TO_B,Image Dataset for Turmeric Plant Leaf Disease Detection,Turmeric Plant Disease Dataset Advancing AI (Original),TURM_04402,DATASET/Turmeric Plant Disease Dataset Advancing AI for Agricultural Sustainability.zip#Turmeric Plant Disease Dataset Advancing AI for Agricultural Sustainability/Turmeric Plant Disease.zip#Turmeric Plant Disease/Dry Leaf/Dry Leaf00041.JPG,Dry Leaf,False,EXCLUDE_OOD,Class 'Dry Leaf' does not exist in training source (Image Dataset for Turmeric Plant Leaf Disease Detection)
TURM_CROSS_A_TO_B,Image Dataset for Turmeric Plant Leaf Disease Detection,Turmeric Plant Disease Dataset Advancing AI (Original),TURM_04403,DATASET/Turmeric Plant Disease Dataset Advancing AI for Agricultural Sustainability.zip#Turmeric Plant Disease Dataset Advancing AI for Agricultural Sustainability/Turmeric Plant Disease.zip#Turmeric Plant Disease/Dry Leaf/Dry Leaf00042.JPG,Dry Leaf,False,EXCLUDE_OOD,Class 'Dry Leaf' does not exist in training source (Image Dataset for Turmeric Plant Leaf Disease Detection)
TURM_CROSS_A_TO_B,Image Dataset for Turmeric Plant Leaf Disease Detection,Turmeric Plant Disease Dataset Advancing AI (Original),TURM_04404,DATASET/Turmeric Plant Disease Dataset Advancing AI for Agricultural Sustainability.zip#Turmeric Plant Disease Dataset Advancing AI for Agricultural Sustainability/Turmeric Plant Disease.zip#Turmeric Plant Disease/Dry Leaf/Dry Leaf00043.JPG,Dry Leaf,False,EXCLUDE_OOD,Class 'Dry Leaf' does not exist in training source (Image Dataset for Turmeric Plant Leaf Disease Detection)
TURM_CROSS_A_TO_B,Image Dataset for Turmeric Plant Leaf Disease Detection,Turmeric Plant Disease Dataset Advancing AI (Original),TURM_04405,DATASET/Turmeric Plant Disease Dataset Advancing AI for Agricultural Sustainability.zip#Turmeric Plant Disease Dataset Advancing AI for Agricultural Sustainability/Turmeric Plant Disease.zip#Turmeric Plant Disease/Dry Leaf/Dry Leaf00044.JPG,Dry Leaf,False,EXCLUDE_OOD,Class 'Dry Leaf' does not exist in training source (Image Dataset for Turmeric Plant Leaf Disease Detection)
TURM_CROSS_A_TO_B,Image Dataset for Turmeric Plant Leaf Disease Detection,Turmeric Plant Disease Dataset Advancing AI (Original),TURM_04406,DATASET/Turmeric Plant Disease Dataset Advancing AI for Agricultural Sustainability.zip#Turmeric Plant Disease Dataset Advancing AI for Agricultural Sustainability/Turmeric Plant Disease.zip#Turmeric Plant Disease/Dry Leaf/Dry Leaf00045.JPG,Dry Leaf,False,EXCLUDE_OOD,Class 'Dry Leaf' does not exist in training source (Image Dataset for Turmeric Plant Leaf Disease Detection)
TURM_CROSS_A_TO_B,Image Dataset for Turmeric Plant Leaf Disease Detection,Turmeric Plant Disease Dataset Advancing AI (Original),TURM_04407,DATASET/Turmeric Plant Disease Dataset Advancing AI for Agricultural Sustainability.zip#Turmeric Plant Disease Dataset Advancing AI for Agricultural Sustainability/Turmeric Plant Disease.zip#Turmeric Plant Disease/Dry Leaf/Dry Leaf00046.JPG,Dry Leaf,False,EXCLUDE_OOD,Class 'Dry Leaf' does not exist in training source (Image Dataset for Turmeric Plant Leaf Disease Detection)
TURM_CROSS_A_TO_B,Image Dataset for Turmeric Plant Leaf Disease Detection,Turmeric Plant Disease Dataset Advancing AI (Original),TURM_04408,DATASET/Turmeric Plant Disease Dataset Advancing AI for Agricultural Sustainability.zip#Turmeric Plant Disease Dataset Advancing AI for Agricultural Sustainability/Turmeric Plant Disease.zip#Turmeric Plant Disease/Dry Leaf/Dry Leaf00047.JPG,Dry Leaf,False,EXCLUDE_OOD,Class 'Dry Leaf' does not exist in training source (Image Dataset for Turmeric Plant Leaf Disease Detection)
TURM_CROSS_A_TO_B,Image Dataset for Turmeric Plant Leaf Disease Detection,Turmeric Plant Disease Dataset Advancing AI (Original),TURM_04409,DATASET/Turmeric Plant Disease Dataset Advancing AI for Agricultural Sustainability.zip#Turmeric Plant Disease Dataset Advancing AI for Agricultural Sustainability/Turmeric Plant Disease.zip#Turmeric Plant Disease/Dry Leaf/Dry Leaf00048.JPG,Dry Leaf,False,EXCLUDE_OOD,Class 'Dry Leaf' does not exist in training source (Image Dataset for Turmeric Plant Leaf Disease Detection)
TURM_CROSS_A_TO_B,Image Dataset for Turmeric Plant Leaf Disease Detection,Turmeric Plant Disease Dataset Advancing AI (Original),TURM_04410,DATASET/Turmeric Plant Disease Dataset Advancing AI for Agricultural Sustainability.zip#Turmeric Plant Disease Dataset Advancing AI for Agricultural Sustainability/Turmeric Plant Disease.zip#Turmeric Plant Disease/Dry Leaf/Dry Leaf00049.JPG,Dry Leaf,False,EXCLUDE_OOD,Class 'Dry Leaf' does not exist in training source (Image Dataset for Turmeric Plant Leaf Disease Detection)
TURM_CROSS_A_TO_B,Image Dataset for Turmeric Plant Leaf Disease Detection,Turmeric Plant Disease Dataset Advancing AI (Original),TURM_04411,DATASET/Turmeric Plant Disease Dataset Advancing AI for Agricultural Sustainability.zip#Turmeric Plant Disease Dataset Advancing AI for Agricultural Sustainability/Turmeric Plant Disease.zip#Turmeric Plant Disease/Dry Leaf/Dry Leaf00050.JPG,Dry Leaf,False,EXCLUDE_OOD,Class 'Dry Leaf' does not exist in training source (Image Dataset for Turmeric Plant Leaf Disease Detection)
TURM_CROSS_A_TO_B,Image Dataset for Turmeric Plant Leaf Disease Detection,Turmeric Plant Disease Dataset Advancing AI (Original),TURM_04412,DATASET/Turmeric Plant Disease Dataset Advancing AI for Agricultural Sustainability.zip#Turmeric Plant Disease Dataset Advancing AI for Agricultural Sustainability/Turmeric Plant Disease.zip#Turmeric Plant Disease/Dry Leaf/Dry Leaf00051.JPG,Dry Leaf,False,EXCLUDE_OOD,Class 'Dry Leaf' does not exist in training source (Image Dataset for Turmeric Plant Leaf Disease Detection)
TURM_CROSS_A_TO_B,Image Dataset for Turmeric Plant Leaf Disease Detection,Turmeric Plant Disease Dataset Advancing AI (Original),TURM_04413,DATASET/Turmeric Plant Disease Dataset Advancing AI for Agricultural Sustainability.zip#Turmeric Plant Disease Dataset Advancing AI for Agricultural Sustainability/Turmeric Plant Disease.zip#Turmeric Plant Disease/Dry Leaf/Dry Leaf00052.JPG,Dry Leaf,False,EXCLUDE_OOD,Class 'Dry Leaf' does not exist in training source (Image Dataset for Turmeric Plant Leaf Disease Detection)
TURM_CROSS_A_TO_B,Image Dataset for Turmeric Plant Leaf Disease Detection,Turmeric Plant Disease Dataset Advancing AI (Original),TURM_04414,DATASET/Turmeric Plant Disease Dataset Advancing AI for Agricultural Sustainability.zip#Turmeric Plant Disease Dataset Advancing AI for Agricultural Sustainability/Turmeric Plant Disease.zip#Turmeric Plant Disease/Dry Leaf/Dry Leaf00053.JPG,Dry Leaf,False,EXCLUDE_OOD,Class 'Dry Leaf' does not exist in training source (Image Dataset for Turmeric Plant Leaf Disease Detection)
TURM_CROSS_A_TO_B,Image Dataset for Turmeric Plant Leaf Disease Detection,Turmeric Plant Disease Dataset Advancing AI (Original),TURM_04415,DATASET/Turmeric Plant Disease Dataset Advancing AI for Agricultural Sustainability.zip#Turmeric Plant Disease Dataset Advancing AI for Agricultural Sustainability/Turmeric Plant Disease.zip#Turmeric Plant Disease/Dry Leaf/Dry Leaf00054.JPG,Dry Leaf,False,EXCLUDE_OOD,Class 'Dry Leaf' does not exist in training source (Image Dataset for Turmeric Plant Leaf Disease Detection)
TURM_CROSS_A_TO_B,Image Dataset for Turmeric Plant Leaf Disease Detection,Turmeric Plant Disease Dataset Advancing AI (Original),TURM_04416,DATASET/Turmeric Plant Disease Dataset Advancing AI for Agricultural Sustainability.zip#Turmeric Plant Disease Dataset Advancing AI for Agricultural Sustainability/Turmeric Plant Disease.zip#Turmeric Plant Disease/Dry Leaf/Dry Leaf00055.JPG,Dry Leaf,False,EXCLUDE_OOD,Class 'Dry Leaf' does not exist in training source (Image Dataset for Turmeric Plant Leaf Disease Detection)
TURM_CROSS_A_TO_B,Image Dataset for Turmeric Plant Leaf Disease Detection,Turmeric Plant Disease Dataset Advancing AI (Original),TURM_04417,DATASET/Turmeric Plant Disease Dataset Advancing AI for Agricultural Sustainability.zip#Turmeric Plant Disease Dataset Advancing AI for Agricultural Sustainability/Turmeric Plant Disease.zip#Turmeric Plant Disease/Dry Leaf/Dry Leaf00056.JPG,Dry Leaf,False,EXCLUDE_OOD,Class 'Dry Leaf' does not exist in training source (Image Dataset for Turmeric Plant Leaf Disease Detection)
TURM_CROSS_A_TO_B,Image Dataset for Turmeric Plant Leaf Disease Detection,Turmeric Plant Disease Dataset Advancing AI (Original),TURM_04418,DATASET/Turmeric Plant Disease Dataset Advancing AI for Agricultural Sustainability.zip#Turmeric Plant Disease Dataset Advancing AI for Agricultural Sustainability/Turmeric Plant Disease.zip#Turmeric Plant Disease/Dry Leaf/Dry Leaf00057.JPG,Dry Leaf,False,EXCLUDE_OOD,Class 'Dry Leaf' does not exist in training source (Image Dataset for Turmeric Plant Leaf Disease Detection)
TURM_CROSS_A_TO_B,Image Dataset for Turmeric Plant Leaf Disease Detection,Turmeric Plant Disease Dataset Advancing AI (Original),TURM_04419,DATASET/Turmeric Plant Disease Dataset Advancing AI for Agricultural Sustainability.zip#Turmeric Plant Disease Dataset Advancing AI for Agricultural Sustainability/Turmeric Plant Disease.zip#Turmeric Plant Disease/Dry Leaf/Dry Leaf00058.JPG,Dry Leaf,False,EXCLUDE_OOD,Class 'Dry Leaf' does not exist in training source (Image Dataset for Turmeric Plant Leaf Disease Detection)
TURM_CROSS_A_TO_B,Image Dataset for Turmeric Plant Leaf Disease Detection,Turmeric Plant Disease Dataset Advancing AI (Original),TURM_04420,DATASET/Turmeric Plant Disease Dataset Advancing AI for Agricultural Sustainability.zip#Turmeric Plant Disease Dataset Advancing AI for Agricultural Sustainability/Turmeric Plant Disease.zip#Turmeric Plant Disease/Dry Leaf/Dry Leaf00059.JPG,Dry Leaf,False,EXCLUDE_OOD,Class 'Dry Leaf' does not exist in training source (Image Dataset for Turmeric Plant Leaf Disease Detection)
TURM_CROSS_A_TO_B,Image Dataset for Turmeric Plant Leaf Disease Detection,Turmeric Plant Disease Dataset Advancing AI (Original),TURM_04421,DATASET/Turmeric Plant Disease Dataset Advancing AI for Agricultural Sustainability.zip#Turmeric Plant Disease Dataset Advancing AI for Agricultural Sustainability/Turmeric Plant Disease.zip#Turmeric Plant Disease/Dry Leaf/Dry Leaf00060.JPG,Dry Leaf,False,EXCLUDE_OOD,Class 'Dry Leaf' does not exist in training source (Image Dataset for Turmeric Plant Leaf Disease Detection)
TURM_CROSS_A_TO_B,Image Dataset for Turmeric Plant Leaf Disease Detection,Turmeric Plant Disease Dataset Advancing AI (Original),TURM_04422,DATASET/Turmeric Plant Disease Dataset Advancing AI for Agricultural Sustainability.zip#Turmeric Plant Disease Dataset Advancing AI for Agricultural Sustainability/Turmeric Plant Disease.zip#Turmeric Plant Disease/Dry Leaf/Dry Leaf00061.JPG,Dry Leaf,False,EXCLUDE_OOD,Class 'Dry Leaf' does not exist in training source (Image Dataset for Turmeric Plant Leaf Disease Detection)
TURM_CROSS_A_TO_B,Image Dataset for Turmeric Plant Leaf Disease Detection,Turmeric Plant Disease Dataset Advancing AI (Original),TURM_04423,DATASET/Turmeric Plant Disease Dataset Advancing AI for Agricultural Sustainability.zip#Turmeric Plant Disease Dataset Advancing AI for Agricultural Sustainability/Turmeric Plant Disease.zip#Turmeric Plant Disease/Dry Leaf/Dry Leaf00062.JPG,Dry Leaf,False,EXCLUDE_OOD,Class 'Dry Leaf' does not exist in training source (Image Dataset for Turmeric Plant Leaf Disease Detection)
TURM_CROSS_A_TO_B,Image Dataset for Turmeric Plant Leaf Disease Detection,Turmeric Plant Disease Dataset Advancing AI (Original),TURM_04424,DATASET/Turmeric Plant Disease Dataset Advancing AI for Agricultural Sustainability.zip#Turmeric Plant Disease Dataset Advancing AI for Agricultural Sustainability/Turmeric Plant Disease.zip#Turmeric Plant Disease/Dry Leaf/Dry Leaf00063.JPG,Dry Leaf,False,EXCLUDE_OOD,Class 'Dry Leaf' does not exist in training source (Image Dataset for Turmeric Plant Leaf Disease Detection)
TURM_CROSS_A_TO_B,Image Dataset for Turmeric Plant Leaf Disease Detection,Turmeric Plant Disease Dataset Advancing AI (Original),TURM_04425,DATASET/Turmeric Plant Disease Dataset Advancing AI for Agricultural Sustainability.zip#Turmeric Plant Disease Dataset Advancing AI for Agricultural Sustainability/Turmeric Plant Disease.zip#Turmeric Plant Disease/Dry Leaf/Dry Leaf00064.JPG,Dry Leaf,False,EXCLUDE_OOD,Class 'Dry Leaf' does not exist in training source (Image Dataset for Turmeric Plant Leaf Disease Detection)
TURM_CROSS_A_TO_B,Image Dataset for Turmeric Plant Leaf Disease Detection,Turmeric Plant Disease Dataset Advancing AI (Original),TURM_04426,DATASET/Turmeric Plant Disease Dataset Advancing AI for Agricultural Sustainability.zip#Turmeric Plant Disease Dataset Advancing AI for Agricultural Sustainability/Turmeric Plant Disease.zip#Turmeric Plant Disease/Dry Leaf/Dry Leaf00065.JPG,Dry Leaf,False,EXCLUDE_OOD,Class 'Dry Leaf' does not exist in training source (Image Dataset for Turmeric Plant Leaf Disease Detection)
TURM_CROSS_A_TO_B,Image Dataset for Turmeric Plant Leaf Disease Detection,Turmeric Plant Disease Dataset Advancing AI (Original),TURM_04427,DATASET/Turmeric Plant Disease Dataset Advancing AI for Agricultural Sustainability.zip#Turmeric Plant Disease Dataset Advancing AI for Agricultural Sustainability/Turmeric Plant Disease.zip#Turmeric Plant Disease/Dry Leaf/Dry Leaf00066.JPG,Dry Leaf,False,EXCLUDE_OOD,Class 'Dry Leaf' does not exist in training source (Image Dataset for Turmeric Plant Leaf Disease Detection)
TURM_CROSS_A_TO_B,Image Dataset for Turmeric Plant Leaf Disease Detection,Turmeric Plant Disease Dataset Advancing AI (Original),TURM_04428,DATASET/Turmeric Plant Disease Dataset Advancing AI for Agricultural Sustainability.zip#Turmeric Plant Disease Dataset Advancing AI for Agricultural Sustainability/Turmeric Plant Disease.zip#Turmeric Plant Disease/Dry Leaf/Dry Leaf00067.JPG,Dry Leaf,False,EXCLUDE_OOD,Class 'Dry Leaf' does not exist in training source (Image Dataset for Turmeric Plant Leaf Disease Detection)
TURM_CROSS_A_TO_B,Image Dataset for Turmeric Plant Leaf Disease Detection,Turmeric Plant Disease Dataset Advancing AI (Original),TURM_04429,DATASET/Turmeric Plant Disease Dataset Advancing AI for Agricultural Sustainability.zip#Turmeric Plant Disease Dataset Advancing AI for Agricultural Sustainability/Turmeric Plant Disease.zip#Turmeric Plant Disease/Dry Leaf/Dry Leaf00068.JPG,Dry Leaf,False,EXCLUDE_OOD,Class 'Dry Leaf' does not exist in training source (Image Dataset for Turmeric Plant Leaf Disease Detection)
TURM_CROSS_A_TO_B,Image Dataset for Turmeric Plant Leaf Disease Detection,Turmeric Plant Disease Dataset Advancing AI (Original),TURM_04430,DATASET/Turmeric Plant Disease Dataset Advancing AI for Agricultural Sustainability.zip#Turmeric Plant Disease Dataset Advancing AI for Agricultural Sustainability/Turmeric Plant Disease.zip#Turmeric Plant Disease/Dry Leaf/Dry Leaf00069.JPG,Dry Leaf,False,EXCLUDE_OOD,Class 'Dry Leaf' does not exist in training source (Image Dataset for Turmeric Plant Leaf Disease Detection)
TURM_CROSS_A_TO_B,Image Dataset for Turmeric Plant Leaf Disease Detection,Turmeric Plant Disease Dataset Advancing AI (Original),TURM_04431,DATASET/Turmeric Plant Disease Dataset Advancing AI for Agricultural Sustainability.zip#Turmeric Plant Disease Dataset Advancing AI for Agricultural Sustainability/Turmeric Plant Disease.zip#Turmeric Plant Disease/Dry Leaf/Dry Leaf00070.JPG,Dry Leaf,False,EXCLUDE_OOD,Class 'Dry Leaf' does not exist in training source (Image Dataset for Turmeric Plant Leaf Disease Detection)
TURM_CROSS_A_TO_B,Image Dataset for Turmeric Plant Leaf Disease Detection,Turmeric Plant Disease Dataset Advancing AI (Original),TURM_04432,DATASET/Turmeric Plant Disease Dataset Advancing AI for Agricultural Sustainability.zip#Turmeric Plant Disease Dataset Advancing AI for Agricultural Sustainability/Turmeric Plant Disease.zip#Turmeric Plant Disease/Dry Leaf/Dry Leaf00071.JPG,Dry Leaf,False,EXCLUDE_OOD,Class 'Dry Leaf' does not exist in training source (Image Dataset for Turmeric Plant Leaf Disease Detection)
TURM_CROSS_A_TO_B,Image Dataset for Turmeric Plant Leaf Disease Detection,Turmeric Plant Disease Dataset Advancing AI (Original),TURM_04433,DATASET/Turmeric Plant Disease Dataset Advancing AI for Agricultural Sustainability.zip#Turmeric Plant Disease Dataset Advancing AI for Agricultural Sustainability/Turmeric Plant Disease.zip#Turmeric Plant Disease/Dry Leaf/Dry Leaf00072.JPG,Dry Leaf,False,EXCLUDE_OOD,Class 'Dry Leaf' does not exist in training source (Image Dataset for Turmeric Plant Leaf Disease Detection)
TURM_CROSS_A_TO_B,Image Dataset for Turmeric Plant Leaf Disease Detection,Turmeric Plant Disease Dataset Advancing AI (Original),TURM_04434,DATASET/Turmeric Plant Disease Dataset Advancing AI for Agricultural Sustainability.zip#Turmeric Plant Disease Dataset Advancing AI for Agricultural Sustainability/Turmeric Plant Disease.zip#Turmeric Plant Disease/Dry Leaf/Dry Leaf00073.JPG,Dry Leaf,False,EXCLUDE_OOD,Class 'Dry Leaf' does not exist in training source (Image Dataset for Turmeric Plant Leaf Disease Detection)
TURM_CROSS_A_TO_B,Image Dataset for Turmeric Plant Leaf Disease Detection,Turmeric Plant Disease Dataset Advancing AI (Original),TURM_04435,DATASET/Turmeric Plant Disease Dataset Advancing AI for Agricultural Sustainability.zip#Turmeric Plant Disease Dataset Advancing AI for Agricultural Sustainability/Turmeric Plant Disease.zip#Turmeric Plant Disease/Dry Leaf/Dry Leaf00074.JPG,Dry Leaf,False,EXCLUDE_OOD,Class 'Dry Leaf' does not exist in training source (Image Dataset for Turmeric Plant Leaf Disease Detection)
TURM_CROSS_A_TO_B,Image Dataset for Turmeric Plant Leaf Disease Detection,Turmeric Plant Disease Dataset Advancing AI (Original),TURM_04436,DATASET/Turmeric Plant Disease Dataset Advancing AI for Agricultural Sustainability.zip#Turmeric Plant Disease Dataset Advancing AI for Agricultural Sustainability/Turmeric Plant Disease.zip#Turmeric Plant Disease/Dry Leaf/Dry Leaf00075.JPG,Dry Leaf,False,EXCLUDE_OOD,Class 'Dry Leaf' does not exist in training source (Image Dataset for Turmeric Plant Leaf Disease Detection)
TURM_CROSS_A_TO_B,Image Dataset for Turmeric Plant Leaf Disease Detection,Turmeric Plant Disease Dataset Advancing AI (Original),TURM_04437,DATASET/Turmeric Plant Disease Dataset Advancing AI for Agricultural Sustainability.zip#Turmeric Plant Disease Dataset Advancing AI for Agricultural Sustainability/Turmeric Plant Disease.zip#Turmeric Plant Disease/Dry Leaf/Dry Leaf00076.JPG,Dry Leaf,False,EXCLUDE_OOD,Class 'Dry Leaf' does not exist in training source (Image Dataset for Turmeric Plant Leaf Disease Detection)
TURM_CROSS_A_TO_B,Image Dataset for Turmeric Plant Leaf Disease Detection,Turmeric Plant Disease Dataset Advancing AI (Original),TURM_04438,DATASET/Turmeric Plant Disease Dataset Advancing AI for Agricultural Sustainability.zip#Turmeric Plant Disease Dataset Advancing AI for Agricultural Sustainability/Turmeric Plant Disease.zip#Turmeric Plant Disease/Dry Leaf/Dry Leaf00077.JPG,Dry Leaf,False,EXCLUDE_OOD,Class 'Dry Leaf' does not exist in training source (Image Dataset for Turmeric Plant Leaf Disease Detection)
TURM_CROSS_A_TO_B,Image Dataset for Turmeric Plant Leaf Disease Detection,Turmeric Plant Disease Dataset Advancing AI (Original),TURM_04439,DATASET/Turmeric Plant Disease Dataset Advancing AI for Agricultural Sustainability.zip#Turmeric Plant Disease Dataset Advancing AI for Agricultural Sustainability/Turmeric Plant Disease.zip#Turmeric Plant Disease/Dry Leaf/Dry Leaf00078.JPG,Dry Leaf,False,EXCLUDE_OOD,Class 'Dry Leaf' does not exist in training source (Image Dataset for Turmeric Plant Leaf Disease Detection)
TURM_CROSS_A_TO_B,Image Dataset for Turmeric Plant Leaf Disease Detection,Turmeric Plant Disease Dataset Advancing AI (Original),TURM_04440,DATASET/Turmeric Plant Disease Dataset Advancing AI for Agricultural Sustainability.zip#Turmeric Plant Disease Dataset Advancing AI for Agricultural Sustainability/Turmeric Plant Disease.zip#Turmeric Plant Disease/Dry Leaf/Dry Leaf00079.JPG,Dry Leaf,False,EXCLUDE_OOD,Class 'Dry Leaf' does not exist in training source (Image Dataset for Turmeric Plant Leaf Disease Detection)
TURM_CROSS_A_TO_B,Image Dataset for Turmeric Plant Leaf Disease Detection,Turmeric Plant Disease Dataset Advancing AI (Original),TURM_04441,DATASET/Turmeric Plant Disease Dataset Advancing AI for Agricultural Sustainability.zip#Turmeric Plant Disease Dataset Advancing AI for Agricultural Sustainability/Turmeric Plant Disease.zip#Turmeric Plant Disease/Dry Leaf/Dry Leaf00080.JPG,Dry Leaf,False,EXCLUDE_OOD,Class 'Dry Leaf' does not exist in training source (Image Dataset for Turmeric Plant Leaf Disease Detection)
TURM_CROSS_A_TO_B,Image Dataset for Turmeric Plant Leaf Disease Detection,Turmeric Plant Disease Dataset Advancing AI (Original),TURM_04442,DATASET/Turmeric Plant Disease Dataset Advancing AI for Agricultural Sustainability.zip#Turmeric Plant Disease Dataset Advancing AI for Agricultural Sustainability/Turmeric Plant Disease.zip#Turmeric Plant Disease/Dry Leaf/Dry Leaf00081.JPG,Dry Leaf,False,EXCLUDE_OOD,Class 'Dry Leaf' does not exist in training source (Image Dataset for Turmeric Plant Leaf Disease Detection)
TURM_CROSS_A_TO_B,Image Dataset for Turmeric Plant Leaf Disease Detection,Turmeric Plant Disease Dataset Advancing AI (Original),TURM_04443,DATASET/Turmeric Plant Disease Dataset Advancing AI for Agricultural Sustainability.zip#Turmeric Plant Disease Dataset Advancing AI for Agricultural Sustainability/Turmeric Plant Disease.zip#Turmeric Plant Disease/Dry Leaf/Dry Leaf00082.JPG,Dry Leaf,False,EXCLUDE_OOD,Class 'Dry Leaf' does not exist in training source (Image Dataset for Turmeric Plant Leaf Disease Detection)
TURM_CROSS_A_TO_B,Image Dataset for Turmeric Plant Leaf Disease Detection,Turmeric Plant Disease Dataset Advancing AI (Original),TURM_04444,DATASET/Turmeric Plant Disease Dataset Advancing AI for Agricultural Sustainability.zip#Turmeric Plant Disease Dataset Advancing AI for Agricultural Sustainability/Turmeric Plant Disease.zip#Turmeric Plant Disease/Dry Leaf/Dry Leaf00083.JPG,Dry Leaf,False,EXCLUDE_OOD,Class 'Dry Leaf' does not exist in training source (Image Dataset for Turmeric Plant Leaf Disease Detection)
TURM_CROSS_A_TO_B,Image Dataset for Turmeric Plant Leaf Disease Detection,Turmeric Plant Disease Dataset Advancing AI (Original),TURM_04445,DATASET/Turmeric Plant Disease Dataset Advancing AI for Agricultural Sustainability.zip#Turmeric Plant Disease Dataset Advancing AI for Agricultural Sustainability/Turmeric Plant Disease.zip#Turmeric Plant Disease/Dry Leaf/Dry Leaf00084.JPG,Dry Leaf,False,EXCLUDE_OOD,Class 'Dry Leaf' does not exist in training source (Image Dataset for Turmeric Plant Leaf Disease Detection)
TURM_CROSS_A_TO_B,Image Dataset for Turmeric Plant Leaf Disease Detection,Turmeric Plant Disease Dataset Advancing AI (Original),TURM_04446,DATASET/Turmeric Plant Disease Dataset Advancing AI for Agricultural Sustainability.zip#Turmeric Plant Disease Dataset Advancing AI for Agricultural Sustainability/Turmeric Plant Disease.zip#Turmeric Plant Disease/Dry Leaf/Dry Leaf00085.JPG,Dry Leaf,False,EXCLUDE_OOD,Class 'Dry Leaf' does not exist in training source (Image Dataset for Turmeric Plant Leaf Disease Detection)
TURM_CROSS_A_TO_B,Image Dataset for Turmeric Plant Leaf Disease Detection,Turmeric Plant Disease Dataset Advancing AI (Original),TURM_04447,DATASET/Turmeric Plant Disease Dataset Advancing AI for Agricultural Sustainability.zip#Turmeric Plant Disease Dataset Advancing AI for Agricultural Sustainability/Turmeric Plant Disease.zip#Turmeric Plant Disease/Dry Leaf/Dry Leaf00086.JPG,Dry Leaf,False,EXCLUDE_OOD,Class 'Dry Leaf' does not exist in training source (Image Dataset for Turmeric Plant Leaf Disease Detection)
TURM_CROSS_A_TO_B,Image Dataset for Turmeric Plant Leaf Disease Detection,Turmeric Plant Disease Dataset Advancing AI (Original),TURM_04448,DATASET/Turmeric Plant Disease Dataset Advancing AI for Agricultural Sustainability.zip#Turmeric Plant Disease Dataset Advancing AI for Agricultural Sustainability/Turmeric Plant Disease.zip#Turmeric Plant Disease/Dry Leaf/Dry Leaf00087.JPG,Dry Leaf,False,EXCLUDE_OOD,Class 'Dry Leaf' does not exist in training source (Image Dataset for Turmeric Plant Leaf Disease Detection)
TURM_CROSS_A_TO_B,Image Dataset for Turmeric Plant Leaf Disease Detection,Turmeric Plant Disease Dataset Advancing AI (Original),TURM_04449,DATASET/Turmeric Plant Disease Dataset Advancing AI for Agricultural Sustainability.zip#Turmeric Plant Disease Dataset Advancing AI for Agricultural Sustainability/Turmeric Plant Disease.zip#Turmeric Plant Disease/Dry Leaf/Dry Leaf00088.JPG,Dry Leaf,False,EXCLUDE_OOD,Class 'Dry Leaf' does not exist in training source (Image Dataset for Turmeric Plant Leaf Disease Detection)
TURM_CROSS_A_TO_B,Image Dataset for Turmeric Plant Leaf Disease Detection,Turmeric Plant Disease Dataset Advancing AI (Original),TURM_04450,DATASET/Turmeric Plant Disease Dataset Advancing AI for Agricultural Sustainability.zip#Turmeric Plant Disease Dataset Advancing AI for Agricultural Sustainability/Turmeric Plant Disease.zip#Turmeric Plant Disease/Dry Leaf/Dry Leaf00089.JPG,Dry Leaf,False,EXCLUDE_OOD,Class 'Dry Leaf' does not exist in training source (Image Dataset for Turmeric Plant Leaf Disease Detection)
TURM_CROSS_A_TO_B,Image Dataset for Turmeric Plant Leaf Disease Detection,Turmeric Plant Disease Dataset Advancing AI (Original),TURM_04451,DATASET/Turmeric Plant Disease Dataset Advancing AI for Agricultural Sustainability.zip#Turmeric Plant Disease Dataset Advancing AI for Agricultural Sustainability/Turmeric Plant Disease.zip#Turmeric Plant Disease/Dry Leaf/Dry Leaf00090.JPG,Dry Leaf,False,EXCLUDE_OOD,Class 'Dry Leaf' does not exist in training source (Image Dataset for Turmeric Plant Leaf Disease Detection)
TURM_CROSS_A_TO_B,Image Dataset for Turmeric Plant Leaf Disease Detection,Turmeric Plant Disease Dataset Advancing AI (Original),TURM_04452,DATASET/Turmeric Plant Disease Dataset Advancing AI for Agricultural Sustainability.zip#Turmeric Plant Disease Dataset Advancing AI for Agricultural Sustainability/Turmeric Plant Disease.zip#Turmeric Plant Disease/Dry Leaf/Dry Leaf00091.JPG,Dry Leaf,False,EXCLUDE_OOD,Class 'Dry Leaf' does not exist in training source (Image Dataset for Turmeric Plant Leaf Disease Detection)
TURM_CROSS_A_TO_B,Image Dataset for Turmeric Plant Leaf Disease Detection,Turmeric Plant Disease Dataset Advancing AI (Original),TURM_04453,DATASET/Turmeric Plant Disease Dataset Advancing AI for Agricultural Sustainability.zip#Turmeric Plant Disease Dataset Advancing AI for Agricultural Sustainability/Turmeric Plant Disease.zip#Turmeric Plant Disease/Dry Leaf/Dry Leaf00092.JPG,Dry Leaf,False,EXCLUDE_OOD,Class 'Dry Leaf' does not exist in training source (Image Dataset for Turmeric Plant Leaf Disease Detection)
TURM_CROSS_A_TO_B,Image Dataset for Turmeric Plant Leaf Disease Detection,Turmeric Plant Disease Dataset Advancing AI (Original),TURM_04454,DATASET/Turmeric Plant Disease Dataset Advancing AI for Agricultural Sustainability.zip#Turmeric Plant Disease Dataset Advancing AI for Agricultural Sustainability/Turmeric Plant Disease.zip#Turmeric Plant Disease/Dry Leaf/Dry Leaf00093.JPG,Dry Leaf,False,EXCLUDE_OOD,Class 'Dry Leaf' does not exist in training source (Image Dataset for Turmeric Plant Leaf Disease Detection)
TURM_CROSS_A_TO_B,Image Dataset for Turmeric Plant Leaf Disease Detection,Turmeric Plant Disease Dataset Advancing AI (Original),TURM_04455,DATASET/Turmeric Plant Disease Dataset Advancing AI for Agricultural Sustainability.zip#Turmeric Plant Disease Dataset Advancing AI for Agricultural Sustainability/Turmeric Plant Disease.zip#Turmeric Plant Disease/Dry Leaf/Dry Leaf00094.JPG,Dry Leaf,False,EXCLUDE_OOD,Class 'Dry Leaf' does not exist in training source (Image Dataset for Turmeric Plant Leaf Disease Detection)
TURM_CROSS_A_TO_B,Image Dataset for Turmeric Plant Leaf Disease Detection,Turmeric Plant Disease Dataset Advancing AI (Original),TURM_04456,DATASET/Turmeric Plant Disease Dataset Advancing AI for Agricultural Sustainability.zip#Turmeric Plant Disease Dataset Advancing AI for Agricultural Sustainability/Turmeric Plant Disease.zip#Turmeric Plant Disease/Dry Leaf/Dry Leaf00095.JPG,Dry Leaf,False,EXCLUDE_OOD,Class 'Dry Leaf' does not exist in training source (Image Dataset for Turmeric Plant Leaf Disease Detection)
TURM_CROSS_A_TO_B,Image Dataset for Turmeric Plant Leaf Disease Detection,Turmeric Plant Disease Dataset Advancing AI (Original),TURM_04457,DATASET/Turmeric Plant Disease Dataset Advancing AI for Agricultural Sustainability.zip#Turmeric Plant Disease Dataset Advancing AI for Agricultural Sustainability/Turmeric Plant Disease.zip#Turmeric Plant Disease/Dry Leaf/Dry Leaf00096.JPG,Dry Leaf,False,EXCLUDE_OOD,Class 'Dry Leaf' does not exist in training source (Image Dataset for Turmeric Plant Leaf Disease Detection)
TURM_CROSS_A_TO_B,Image Dataset for Turmeric Plant Leaf Disease Detection,Turmeric Plant Disease Dataset Advancing AI (Original),TURM_04458,DATASET/Turmeric Plant Disease Dataset Advancing AI for Agricultural Sustainability.zip#Turmeric Plant Disease Dataset Advancing AI for Agricultural Sustainability/Turmeric Plant Disease.zip#Turmeric Plant Disease/Dry Leaf/Dry Leaf00097.JPG,Dry Leaf,False,EXCLUDE_OOD,Class 'Dry Leaf' does not exist in training source (Image Dataset for Turmeric Plant Leaf Disease Detection)
TURM_CROSS_A_TO_B,Image Dataset for Turmeric Plant Leaf Disease Detection,Turmeric Plant Disease Dataset Advancing AI (Original),TURM_04459,DATASET/Turmeric Plant Disease Dataset Advancing AI for Agricultural Sustainability.zip#Turmeric Plant Disease Dataset Advancing AI for Agricultural Sustainability/Turmeric Plant Disease.zip#Turmeric Plant Disease/Dry Leaf/Dry Leaf00098.JPG,Dry Leaf,False,EXCLUDE_OOD,Class 'Dry Leaf' does not exist in training source (Image Dataset for Turmeric Plant Leaf Disease Detection)
TURM_CROSS_A_TO_B,Image Dataset for Turmeric Plant Leaf Disease Detection,Turmeric Plant Disease Dataset Advancing AI (Original),TURM_04460,DATASET/Turmeric Plant Disease Dataset Advancing AI for Agricultural Sustainability.zip#Turmeric Plant Disease Dataset Advancing AI for Agricultural Sustainability/Turmeric Plant Disease.zip#Turmeric Plant Disease/Dry Leaf/Dry Leaf00099.JPG,Dry Leaf,False,EXCLUDE_OOD,Class 'Dry Leaf' does not exist in training source (Image Dataset for Turmeric Plant Leaf Disease Detection)
TURM_CROSS_A_TO_B,Image Dataset for Turmeric Plant Leaf Disease Detection,Turmeric Plant Disease Dataset Advancing AI (Original),TURM_04461,DATASET/Turmeric Plant Disease Dataset Advancing AI for Agricultural Sustainability.zip#Turmeric Plant Disease Dataset Advancing AI for Agricultural Sustainability/Turmeric Plant Disease.zip#Turmeric Plant Disease/Dry Leaf/Dry Leaf00100.JPG,Dry Leaf,False,EXCLUDE_OOD,Class 'Dry Leaf' does not exist in training source (Image Dataset for Turmeric Plant Leaf Disease Detection)
TURM_CROSS_A_TO_B,Image Dataset for Turmeric Plant Leaf Disease Detection,Turmeric Plant Disease Dataset Advancing AI (Original),TURM_04462,DATASET/Turmeric Plant Disease Dataset Advancing AI for Agricultural Sustainability.zip#Turmeric Plant Disease Dataset Advancing AI for Agricultural Sustainability/Turmeric Plant Disease.zip#Turmeric Plant Disease/Dry Leaf/Dry Leaf00101.JPG,Dry Leaf,False,EXCLUDE_OOD,Class 'Dry Leaf' does not exist in training source (Image Dataset for Turmeric Plant Leaf Disease Detection)
TURM_CROSS_A_TO_B,Image Dataset for Turmeric Plant Leaf Disease Detection,Turmeric Plant Disease Dataset Advancing AI (Original),TURM_04463,DATASET/Turmeric Plant Disease Dataset Advancing AI for Agricultural Sustainability.zip#Turmeric Plant Disease Dataset Advancing AI for Agricultural Sustainability/Turmeric Plant Disease.zip#Turmeric Plant Disease/Dry Leaf/Dry Leaf00102.JPG,Dry Leaf,False,EXCLUDE_OOD,Class 'Dry Leaf' does not exist in training source (Image Dataset for Turmeric Plant Leaf Disease Detection)
TURM_CROSS_A_TO_B,Image Dataset for Turmeric Plant Leaf Disease Detection,Turmeric Plant Disease Dataset Advancing AI (Original),TURM_04464,DATASET/Turmeric Plant Disease Dataset Advancing AI for Agricultural Sustainability.zip#Turmeric Plant Disease Dataset Advancing AI for Agricultural Sustainability/Turmeric Plant Disease.zip#Turmeric Plant Disease/Dry Leaf/Dry Leaf00103.JPG,Dry Leaf,False,EXCLUDE_OOD,Class 'Dry Leaf' does not exist in training source (Image Dataset for Turmeric Plant Leaf Disease Detection)
TURM_CROSS_A_TO_B,Image Dataset for Turmeric Plant Leaf Disease Detection,Turmeric Plant Disease Dataset Advancing AI (Original),TURM_04465,DATASET/Turmeric Plant Disease Dataset Advancing AI for Agricultural Sustainability.zip#Turmeric Plant Disease Dataset Advancing AI for Agricultural Sustainability/Turmeric Plant Disease.zip#Turmeric Plant Disease/Dry Leaf/Dry Leaf00104.JPG,Dry Leaf,False,EXCLUDE_OOD,Class 'Dry Leaf' does not exist in training source (Image Dataset for Turmeric Plant Leaf Disease Detection)
TURM_CROSS_A_TO_B,Image Dataset for Turmeric Plant Leaf Disease Detection,Turmeric Plant Disease Dataset Advancing AI (Original),TURM_04466,DATASET/Turmeric Plant Disease Dataset Advancing AI for Agricultural Sustainability.zip#Turmeric Plant Disease Dataset Advancing AI for Agricultural Sustainability/Turmeric Plant Disease.zip#Turmeric Plant Disease/Dry Leaf/Dry Leaf00105.JPG,Dry Leaf,False,EXCLUDE_OOD,Class 'Dry Leaf' does not exist in training source (Image Dataset for Turmeric Plant Leaf Disease Detection)
TURM_CROSS_A_TO_B,Image Dataset for Turmeric Plant Leaf Disease Detection,Turmeric Plant Disease Dataset Advancing AI (Original),TURM_04467,DATASET/Turmeric Plant Disease Dataset Advancing AI for Agricultural Sustainability.zip#Turmeric Plant Disease Dataset Advancing AI for Agricultural Sustainability/Turmeric Plant Disease.zip#Turmeric Plant Disease/Dry Leaf/Dry Leaf00106.JPG,Dry Leaf,False,EXCLUDE_OOD,Class 'Dry Leaf' does not exist in training source (Image Dataset for Turmeric Plant Leaf Disease Detection)
TURM_CROSS_A_TO_B,Image Dataset for Turmeric Plant Leaf Disease Detection,Turmeric Plant Disease Dataset Advancing AI (Original),TURM_04468,DATASET/Turmeric Plant Disease Dataset Advancing AI for Agricultural Sustainability.zip#Turmeric Plant Disease Dataset Advancing AI for Agricultural Sustainability/Turmeric Plant Disease.zip#Turmeric Plant Disease/Dry Leaf/Dry Leaf00107.JPG,Dry Leaf,False,EXCLUDE_OOD,Class 'Dry Leaf' does not exist in training source (Image Dataset for Turmeric Plant Leaf Disease Detection)
TURM_CROSS_A_TO_B,Image Dataset for Turmeric Plant Leaf Disease Detection,Turmeric Plant Disease Dataset Advancing AI (Original),TURM_04469,DATASET/Turmeric Plant Disease Dataset Advancing AI for Agricultural Sustainability.zip#Turmeric Plant Disease Dataset Advancing AI for Agricultural Sustainability/Turmeric Plant Disease.zip#Turmeric Plant Disease/Dry Leaf/Dry Leaf00108.JPG,Dry Leaf,False,EXCLUDE_OOD,Class 'Dry Leaf' does not exist in training source (Image Dataset for Turmeric Plant Leaf Disease Detection)
TURM_CROSS_A_TO_B,Image Dataset for Turmeric Plant Leaf Disease Detection,Turmeric Plant Disease Dataset Advancing AI (Original),TURM_04470,DATASET/Turmeric Plant Disease Dataset Advancing AI for Agricultural Sustainability.zip#Turmeric Plant Disease Dataset Advancing AI for Agricultural Sustainability/Turmeric Plant Disease.zip#Turmeric Plant Disease/Dry Leaf/Dry Leaf00109.JPG,Dry Leaf,False,EXCLUDE_OOD,Class 'Dry Leaf' does not exist in training source (Image Dataset for Turmeric Plant Leaf Disease Detection)
TURM_CROSS_A_TO_B,Image Dataset for Turmeric Plant Leaf Disease Detection,Turmeric Plant Disease Dataset Advancing AI (Original),TURM_04471,DATASET/Turmeric Plant Disease Dataset Advancing AI for Agricultural Sustainability.zip#Turmeric Plant Disease Dataset Advancing AI for Agricultural Sustainability/Turmeric Plant Disease.zip#Turmeric Plant Disease/Dry Leaf/Dry Leaf00110.JPG,Dry Leaf,False,EXCLUDE_OOD,Class 'Dry Leaf' does not exist in training source (Image Dataset for Turmeric Plant Leaf Disease Detection)
TURM_CROSS_A_TO_B,Image Dataset for Turmeric Plant Leaf Disease Detection,Turmeric Plant Disease Dataset Advancing AI (Original),TURM_04472,DATASET/Turmeric Plant Disease Dataset Advancing AI for Agricultural Sustainability.zip#Turmeric Plant Disease Dataset Advancing AI for Agricultural Sustainability/Turmeric Plant Disease.zip#Turmeric Plant Disease/Dry Leaf/Dry Leaf00111.JPG,Dry Leaf,False,EXCLUDE_OOD,Class 'Dry Leaf' does not exist in training source (Image Dataset for Turmeric Plant Leaf Disease Detection)
TURM_CROSS_A_TO_B,Image Dataset for Turmeric Plant Leaf Disease Detection,Turmeric Plant Disease Dataset Advancing AI (Original),TURM_04473,DATASET/Turmeric Plant Disease Dataset Advancing AI for Agricultural Sustainability.zip#Turmeric Plant Disease Dataset Advancing AI for Agricultural Sustainability/Turmeric Plant Disease.zip#Turmeric Plant Disease/Dry Leaf/Dry Leaf00112.JPG,Dry Leaf,False,EXCLUDE_OOD,Class 'Dry Leaf' does not exist in training source (Image Dataset for Turmeric Plant Leaf Disease Detection)
TURM_CROSS_A_TO_B,Image Dataset for Turmeric Plant Leaf Disease Detection,Turmeric Plant Disease Dataset Advancing AI (Original),TURM_04474,DATASET/Turmeric Plant Disease Dataset Advancing AI for Agricultural Sustainability.zip#Turmeric Plant Disease Dataset Advancing AI for Agricultural Sustainability/Turmeric Plant Disease.zip#Turmeric Plant Disease/Dry Leaf/Dry Leaf00113.JPG,Dry Leaf,False,EXCLUDE_OOD,Class 'Dry Leaf' does not exist in training source (Image Dataset for Turmeric Plant Leaf Disease Detection)
TURM_CROSS_A_TO_B,Image Dataset for Turmeric Plant Leaf Disease Detection,Turmeric Plant Disease Dataset Advancing AI (Original),TURM_04475,DATASET/Turmeric Plant Disease Dataset Advancing AI for Agricultural Sustainability.zip#Turmeric Plant Disease Dataset Advancing AI for Agricultural Sustainability/Turmeric Plant Disease.zip#Turmeric Plant Disease/Dry Leaf/Dry Leaf00114.JPG,Dry Leaf,False,EXCLUDE_OOD,Class 'Dry Leaf' does not exist in training source (Image Dataset for Turmeric Plant Leaf Disease Detection)
TURM_CROSS_A_TO_B,Image Dataset for Turmeric Plant Leaf Disease Detection,Turmeric Plant Disease Dataset Advancing AI (Original),TURM_04476,DATASET/Turmeric Plant Disease Dataset Advancing AI for Agricultural Sustainability.zip#Turmeric Plant Disease Dataset Advancing AI for Agricultural Sustainability/Turmeric Plant Disease.zip#Turmeric Plant Disease/Dry Leaf/Dry Leaf00115.JPG,Dry Leaf,False,EXCLUDE_OOD,Class 'Dry Leaf' does not exist in training source (Image Dataset for Turmeric Plant Leaf Disease Detection)
TURM_CROSS_A_TO_B,Image Dataset for Turmeric Plant Leaf Disease Detection,Turmeric Plant Disease Dataset Advancing AI (Original),TURM_04477,DATASET/Turmeric Plant Disease Dataset Advancing AI for Agricultural Sustainability.zip#Turmeric Plant Disease Dataset Advancing AI for Agricultural Sustainability/Turmeric Plant Disease.zip#Turmeric Plant Disease/Dry Leaf/Dry Leaf00116.JPG,Dry Leaf,False,EXCLUDE_OOD,Class 'Dry Leaf' does not exist in training source (Image Dataset for Turmeric Plant Leaf Disease Detection)
TURM_CROSS_A_TO_B,Image Dataset for Turmeric Plant Leaf Disease Detection,Turmeric Plant Disease Dataset Advancing AI (Original),TURM_04478,DATASET/Turmeric Plant Disease Dataset Advancing AI for Agricultural Sustainability.zip#Turmeric Plant Disease Dataset Advancing AI for Agricultural Sustainability/Turmeric Plant Disease.zip#Turmeric Plant Disease/Dry Leaf/Dry Leaf00117.JPG,Dry Leaf,False,EXCLUDE_OOD,Class 'Dry Leaf' does not exist in training source (Image Dataset for Turmeric Plant Leaf Disease Detection)
TURM_CROSS_A_TO_B,Image Dataset for Turmeric Plant Leaf Disease Detection,Turmeric Plant Disease Dataset Advancing AI (Original),TURM_04479,DATASET/Turmeric Plant Disease Dataset Advancing AI for Agricultural Sustainability.zip#Turmeric Plant Disease Dataset Advancing AI for Agricultural Sustainability/Turmeric Plant Disease.zip#Turmeric Plant Disease/Dry Leaf/Dry Leaf00118.JPG,Dry Leaf,False,EXCLUDE_OOD,Class 'Dry Leaf' does not exist in training source (Image Dataset for Turmeric Plant Leaf Disease Detection)
TURM_CROSS_A_TO_B,Image Dataset for Turmeric Plant Leaf Disease Detection,Turmeric Plant Disease Dataset Advancing AI (Original),TURM_04480,DATASET/Turmeric Plant Disease Dataset Advancing AI for Agricultural Sustainability.zip#Turmeric Plant Disease Dataset Advancing AI for Agricultural Sustainability/Turmeric Plant Disease.zip#Turmeric Plant Disease/Dry Leaf/Dry Leaf00119.JPG,Dry Leaf,False,EXCLUDE_OOD,Class 'Dry Leaf' does not exist in training source (Image Dataset for Turmeric Plant Leaf Disease Detection)
TURM_CROSS_A_TO_B,Image Dataset for Turmeric Plant Leaf Disease Detection,Turmeric Plant Disease Dataset Advancing AI (Original),TURM_04481,DATASET/Turmeric Plant Disease Dataset Advancing AI for Agricultural Sustainability.zip#Turmeric Plant Disease Dataset Advancing AI for Agricultural Sustainability/Turmeric Plant Disease.zip#Turmeric Plant Disease/Dry Leaf/Dry Leaf00120.JPG,Dry Leaf,False,EXCLUDE_OOD,Class 'Dry Leaf' does not exist in training source (Image Dataset for Turmeric Plant Leaf Disease Detection)
TURM_CROSS_A_TO_B,Image Dataset for Turmeric Plant Leaf Disease Detection,Turmeric Plant Disease Dataset Advancing AI (Original),TURM_04482,DATASET/Turmeric Plant Disease Dataset Advancing AI for Agricultural Sustainability.zip#Turmeric Plant Disease Dataset Advancing AI for Agricultural Sustainability/Turmeric Plant Disease.zip#Turmeric Plant Disease/Dry Leaf/Dry Leaf00121.JPG,Dry Leaf,False,EXCLUDE_OOD,Class 'Dry Leaf' does not exist in training source (Image Dataset for Turmeric Plant Leaf Disease Detection)
TURM_CROSS_A_TO_B,Image Dataset for Turmeric Plant Leaf Disease Detection,Turmeric Plant Disease Dataset Advancing AI (Original),TURM_04483,DATASET/Turmeric Plant Disease Dataset Advancing AI for Agricultural Sustainability.zip#Turmeric Plant Disease Dataset Advancing AI for Agricultural Sustainability/Turmeric Plant Disease.zip#Turmeric Plant Disease/Dry Leaf/Dry Leaf00122.JPG,Dry Leaf,False,EXCLUDE_OOD,Class 'Dry Leaf' does not exist in training source (Image Dataset for Turmeric Plant Leaf Disease Detection)
TURM_CROSS_A_TO_B,Image Dataset for Turmeric Plant Leaf Disease Detection,Turmeric Plant Disease Dataset Advancing AI (Original),TURM_04484,DATASET/Turmeric Plant Disease Dataset Advancing AI for Agricultural Sustainability.zip#Turmeric Plant Disease Dataset Advancing AI for Agricultural Sustainability/Turmeric Plant Disease.zip#Turmeric Plant Disease/Dry Leaf/Dry Leaf00123.JPG,Dry Leaf,False,EXCLUDE_OOD,Class 'Dry Leaf' does not exist in training source (Image Dataset for Turmeric Plant Leaf Disease Detection)
TURM_CROSS_A_TO_B,Image Dataset for Turmeric Plant Leaf Disease Detection,Turmeric Plant Disease Dataset Advancing AI (Original),TURM_04485,DATASET/Turmeric Plant Disease Dataset Advancing AI for Agricultural Sustainability.zip#Turmeric Plant Disease Dataset Advancing AI for Agricultural Sustainability/Turmeric Plant Disease.zip#Turmeric Plant Disease/Dry Leaf/Dry Leaf00124.JPG,Dry Leaf,False,EXCLUDE_OOD,Class 'Dry Leaf' does not exist in training source (Image Dataset for Turmeric Plant Leaf Disease Detection)
TURM_CROSS_A_TO_B,Image Dataset for Turmeric Plant Leaf Disease Detection,Turmeric Plant Disease Dataset Advancing AI (Original),TURM_04486,DATASET/Turmeric Plant Disease Dataset Advancing AI for Agricultural Sustainability.zip#Turmeric Plant Disease Dataset Advancing AI for Agricultural Sustainability/Turmeric Plant Disease.zip#Turmeric Plant Disease/Dry Leaf/Dry Leaf00125.JPG,Dry Leaf,False,EXCLUDE_OOD,Class 'Dry Leaf' does not exist in training source (Image Dataset for Turmeric Plant Leaf Disease Detection)
TURM_CROSS_A_TO_B,Image Dataset for Turmeric Plant Leaf Disease Detection,Turmeric Plant Disease Dataset Advancing AI (Original),TURM_04487,DATASET/Turmeric Plant Disease Dataset Advancing AI for Agricultural Sustainability.zip#Turmeric Plant Disease Dataset Advancing AI for Agricultural Sustainability/Turmeric Plant Disease.zip#Turmeric Plant Disease/Dry Leaf/Dry Leaf00126.JPG,Dry Leaf,False,EXCLUDE_OOD,Class 'Dry Leaf' does not exist in training source (Image Dataset for Turmeric Plant Leaf Disease Detection)
TURM_CROSS_A_TO_B,Image Dataset for Turmeric Plant Leaf Disease Detection,Turmeric Plant Disease Dataset Advancing AI (Original),TURM_04488,DATASET/Turmeric Plant Disease Dataset Advancing AI for Agricultural Sustainability.zip#Turmeric Plant Disease Dataset Advancing AI for Agricultural Sustainability/Turmeric Plant Disease.zip#Turmeric Plant Disease/Dry Leaf/Dry Leaf00127.JPG,Dry Leaf,False,EXCLUDE_OOD,Class 'Dry Leaf' does not exist in training source (Image Dataset for Turmeric Plant Leaf Disease Detection)
TURM_CROSS_A_TO_B,Image Dataset for Turmeric Plant Leaf Disease Detection,Turmeric Plant Disease Dataset Advancing AI (Original),TURM_04489,DATASET/Turmeric Plant Disease Dataset Advancing AI for Agricultural Sustainability.zip#Turmeric Plant Disease Dataset Advancing AI for Agricultural Sustainability/Turmeric Plant Disease.zip#Turmeric Plant Disease/Dry Leaf/Dry Leaf00128.JPG,Dry Leaf,False,EXCLUDE_OOD,Class 'Dry Leaf' does not exist in training source (Image Dataset for Turmeric Plant Leaf Disease Detection)
TURM_CROSS_A_TO_B,Image Dataset for Turmeric Plant Leaf Disease Detection,Turmeric Plant Disease Dataset Advancing AI (Original),TURM_04490,DATASET/Turmeric Plant Disease Dataset Advancing AI for Agricultural Sustainability.zip#Turmeric Plant Disease Dataset Advancing AI for Agricultural Sustainability/Turmeric Plant Disease.zip#Turmeric Plant Disease/Dry Leaf/Dry Leaf00129.JPG,Dry Leaf,False,EXCLUDE_OOD,Class 'Dry Leaf' does not exist in training source (Image Dataset for Turmeric Plant Leaf Disease Detection)
TURM_CROSS_A_TO_B,Image Dataset for Turmeric Plant Leaf Disease Detection,Turmeric Plant Disease Dataset Advancing AI (Original),TURM_04491,DATASET/Turmeric Plant Disease Dataset Advancing AI for Agricultural Sustainability.zip#Turmeric Plant Disease Dataset Advancing AI for Agricultural Sustainability/Turmeric Plant Disease.zip#Turmeric Plant Disease/Dry Leaf/Dry Leaf00130.JPG,Dry Leaf,False,EXCLUDE_OOD,Class 'Dry Leaf' does not exist in training source (Image Dataset for Turmeric Plant Leaf Disease Detection)
TURM_CROSS_A_TO_B,Image Dataset for Turmeric Plant Leaf Disease Detection,Turmeric Plant Disease Dataset Advancing AI (Original),TURM_04492,DATASET/Turmeric Plant Disease Dataset Advancing AI for Agricultural Sustainability.zip#Turmeric Plant Disease Dataset Advancing AI for Agricultural Sustainability/Turmeric Plant Disease.zip#Turmeric Plant Disease/Dry Leaf/Dry Leaf00131.JPG,Dry Leaf,False,EXCLUDE_OOD,Class 'Dry Leaf' does not exist in training source (Image Dataset for Turmeric Plant Leaf Disease Detection)
TURM_CROSS_A_TO_B,Image Dataset for Turmeric Plant Leaf Disease Detection,Turmeric Plant Disease Dataset Advancing AI (Original),TURM_04493,DATASET/Turmeric Plant Disease Dataset Advancing AI for Agricultural Sustainability.zip#Turmeric Plant Disease Dataset Advancing AI for Agricultural Sustainability/Turmeric Plant Disease.zip#Turmeric Plant Disease/Dry Leaf/Dry Leaf00132.JPG,Dry Leaf,False,EXCLUDE_OOD,Class 'Dry Leaf' does not exist in training source (Image Dataset for Turmeric Plant Leaf Disease Detection)
TURM_CROSS_A_TO_B,Image Dataset for Turmeric Plant Leaf Disease Detection,Turmeric Plant Disease Dataset Advancing AI (Original),TURM_04494,DATASET/Turmeric Plant Disease Dataset Advancing AI for Agricultural Sustainability.zip#Turmeric Plant Disease Dataset Advancing AI for Agricultural Sustainability/Turmeric Plant Disease.zip#Turmeric Plant Disease/Dry Leaf/Dry Leaf00133.JPG,Dry Leaf,False,EXCLUDE_OOD,Class 'Dry Leaf' does not exist in training source (Image Dataset for Turmeric Plant Leaf Disease Detection)
TURM_CROSS_A_TO_B,Image Dataset for Turmeric Plant Leaf Disease Detection,Turmeric Plant Disease Dataset Advancing AI (Original),TURM_04495,DATASET/Turmeric Plant Disease Dataset Advancing AI for Agricultural Sustainability.zip#Turmeric Plant Disease Dataset Advancing AI for Agricultural Sustainability/Turmeric Plant Disease.zip#Turmeric Plant Disease/Dry Leaf/Dry Leaf00134.JPG,Dry Leaf,False,EXCLUDE_OOD,Class 'Dry Leaf' does not exist in training source (Image Dataset for Turmeric Plant Leaf Disease Detection)
TURM_CROSS_A_TO_B,Image Dataset for Turmeric Plant Leaf Disease Detection,Turmeric Plant Disease Dataset Advancing AI (Original),TURM_04496,DATASET/Turmeric Plant Disease Dataset Advancing AI for Agricultural Sustainability.zip#Turmeric Plant Disease Dataset Advancing AI for Agricultural Sustainability/Turmeric Plant Disease.zip#Turmeric Plant Disease/Dry Leaf/Dry Leaf00135.JPG,Dry Leaf,False,EXCLUDE_OOD,Class 'Dry Leaf' does not exist in training source (Image Dataset for Turmeric Plant Leaf Disease Detection)
TURM_CROSS_A_TO_B,Image Dataset for Turmeric Plant Leaf Disease Detection,Turmeric Plant Disease Dataset Advancing AI (Original),TURM_04497,DATASET/Turmeric Plant Disease Dataset Advancing AI for Agricultural Sustainability.zip#Turmeric Plant Disease Dataset Advancing AI for Agricultural Sustainability/Turmeric Plant Disease.zip#Turmeric Plant Disease/Dry Leaf/Dry Leaf00136.JPG,Dry Leaf,False,EXCLUDE_OOD,Class 'Dry Leaf' does not exist in training source (Image Dataset for Turmeric Plant Leaf Disease Detection)
TURM_CROSS_A_TO_B,Image Dataset for Turmeric Plant Leaf Disease Detection,Turmeric Plant Disease Dataset Advancing AI (Original),TURM_04498,DATASET/Turmeric Plant Disease Dataset Advancing AI for Agricultural Sustainability.zip#Turmeric Plant Disease Dataset Advancing AI for Agricultural Sustainability/Turmeric Plant Disease.zip#Turmeric Plant Disease/Dry Leaf/Dry Leaf00137.JPG,Dry Leaf,False,EXCLUDE_OOD,Class 'Dry Leaf' does not exist in training source (Image Dataset for Turmeric Plant Leaf Disease Detection)
TURM_CROSS_A_TO_B,Image Dataset for Turmeric Plant Leaf Disease Detection,Turmeric Plant Disease Dataset Advancing AI (Original),TURM_04499,DATASET/Turmeric Plant Disease Dataset Advancing AI for Agricultural Sustainability.zip#Turmeric Plant Disease Dataset Advancing AI for Agricultural Sustainability/Turmeric Plant Disease.zip#Turmeric Plant Disease/Dry Leaf/Dry Leaf00138.JPG,Dry Leaf,False,EXCLUDE_OOD,Class 'Dry Leaf' does not exist in training source (Image Dataset for Turmeric Plant Leaf Disease Detection)
TURM_CROSS_A_TO_B,Image Dataset for Turmeric Plant Leaf Disease Detection,Turmeric Plant Disease Dataset Advancing AI (Original),TURM_04500,DATASET/Turmeric Plant Disease Dataset Advancing AI for Agricultural Sustainability.zip#Turmeric Plant Disease Dataset Advancing AI for Agricultural Sustainability/Turmeric Plant Disease.zip#Turmeric Plant Disease/Dry Leaf/Dry Leaf00139.JPG,Dry Leaf,False,EXCLUDE_OOD,Class 'Dry Leaf' does not exist in training source (Image Dataset for Turmeric Plant Leaf Disease Detection)
TURM_CROSS_A_TO_B,Image Dataset for Turmeric Plant Leaf Disease Detection,Turmeric Plant Disease Dataset Advancing AI (Original),TURM_04501,DATASET/Turmeric Plant Disease Dataset Advancing AI for Agricultural Sustainability.zip#Turmeric Plant Disease Dataset Advancing AI for Agricultural Sustainability/Turmeric Plant Disease.zip#Turmeric Plant Disease/Dry Leaf/Dry Leaf00140.JPG,Dry Leaf,False,EXCLUDE_OOD,Class 'Dry Leaf' does not exist in training source (Image Dataset for Turmeric Plant Leaf Disease Detection)
TURM_CROSS_A_TO_B,Image Dataset for Turmeric Plant Leaf Disease Detection,Turmeric Plant Disease Dataset Advancing AI (Original),TURM_04502,DATASET/Turmeric Plant Disease Dataset Advancing AI for Agricultural Sustainability.zip#Turmeric Plant Disease Dataset Advancing AI for Agricultural Sustainability/Turmeric Plant Disease.zip#Turmeric Plant Disease/Dry Leaf/Dry Leaf00141.JPG,Dry Leaf,False,EXCLUDE_OOD,Class 'Dry Leaf' does not exist in training source (Image Dataset for Turmeric Plant Leaf Disease Detection)
TURM_CROSS_A_TO_B,Image Dataset for Turmeric Plant Leaf Disease Detection,Turmeric Plant Disease Dataset Advancing AI (Original),TURM_04503,DATASET/Turmeric Plant Disease Dataset Advancing AI for Agricultural Sustainability.zip#Turmeric Plant Disease Dataset Advancing AI for Agricultural Sustainability/Turmeric Plant Disease.zip#Turmeric Plant Disease/Dry Leaf/Dry Leaf00142.JPG,Dry Leaf,False,EXCLUDE_OOD,Class 'Dry Leaf' does not exist in training source (Image Dataset for Turmeric Plant Leaf Disease Detection)
TURM_CROSS_A_TO_B,Image Dataset for Turmeric Plant Leaf Disease Detection,Turmeric Plant Disease Dataset Advancing AI (Original),TURM_04504,DATASET/Turmeric Plant Disease Dataset Advancing AI for Agricultural Sustainability.zip#Turmeric Plant Disease Dataset Advancing AI for Agricultural Sustainability/Turmeric Plant Disease.zip#Turmeric Plant Disease/Dry Leaf/Dry Leaf00143.JPG,Dry Leaf,False,EXCLUDE_OOD,Class 'Dry Leaf' does not exist in training source (Image Dataset for Turmeric Plant Leaf Disease Detection)
TURM_CROSS_A_TO_B,Image Dataset for Turmeric Plant Leaf Disease Detection,Turmeric Plant Disease Dataset Advancing AI (Original),TURM_04505,DATASET/Turmeric Plant Disease Dataset Advancing AI for Agricultural Sustainability.zip#Turmeric Plant Disease Dataset Advancing AI for Agricultural Sustainability/Turmeric Plant Disease.zip#Turmeric Plant Disease/Dry Leaf/Dry Leaf00144.JPG,Dry Leaf,False,EXCLUDE_OOD,Class 'Dry Leaf' does not exist in training source (Image Dataset for Turmeric Plant Leaf Disease Detection)
TURM_CROSS_A_TO_B,Image Dataset for Turmeric Plant Leaf Disease Detection,Turmeric Plant Disease Dataset Advancing AI (Original),TURM_04506,DATASET/Turmeric Plant Disease Dataset Advancing AI for Agricultural Sustainability.zip#Turmeric Plant Disease Dataset Advancing AI for Agricultural Sustainability/Turmeric Plant Disease.zip#Turmeric Plant Disease/Dry Leaf/Dry Leaf00145.JPG,Dry Leaf,False,EXCLUDE_OOD,Class 'Dry Leaf' does not exist in training source (Image Dataset for Turmeric Plant Leaf Disease Detection)
TURM_CROSS_A_TO_B,Image Dataset for Turmeric Plant Leaf Disease Detection,Turmeric Plant Disease Dataset Advancing AI (Original),TURM_04507,DATASET/Turmeric Plant Disease Dataset Advancing AI for Agricultural Sustainability.zip#Turmeric Plant Disease Dataset Advancing AI for Agricultural Sustainability/Turmeric Plant Disease.zip#Turmeric Plant Disease/Dry Leaf/Dry Leaf00146.JPG,Dry Leaf,False,EXCLUDE_OOD,Class 'Dry Leaf' does not exist in training source (Image Dataset for Turmeric Plant Leaf Disease Detection)
TURM_CROSS_A_TO_B,Image Dataset for Turmeric Plant Leaf Disease Detection,Turmeric Plant Disease Dataset Advancing AI (Original),TURM_04508,DATASET/Turmeric Plant Disease Dataset Advancing AI for Agricultural Sustainability.zip#Turmeric Plant Disease Dataset Advancing AI for Agricultural Sustainability/Turmeric Plant Disease.zip#Turmeric Plant Disease/Dry Leaf/Dry Leaf00147.JPG,Dry Leaf,False,EXCLUDE_OOD,Class 'Dry Leaf' does not exist in training source (Image Dataset for Turmeric Plant Leaf Disease Detection)
TURM_CROSS_A_TO_B,Image Dataset for Turmeric Plant Leaf Disease Detection,Turmeric Plant Disease Dataset Advancing AI (Original),TURM_04509,DATASET/Turmeric Plant Disease Dataset Advancing AI for Agricultural Sustainability.zip#Turmeric Plant Disease Dataset Advancing AI for Agricultural Sustainability/Turmeric Plant Disease.zip#Turmeric Plant Disease/Dry Leaf/Dry Leaf00148.JPG,Dry Leaf,False,EXCLUDE_OOD,Class 'Dry Leaf' does not exist in training source (Image Dataset for Turmeric Plant Leaf Disease Detection)
TURM_CROSS_A_TO_B,Image Dataset for Turmeric Plant Leaf Disease Detection,Turmeric Plant Disease Dataset Advancing AI (Original),TURM_04510,DATASET/Turmeric Plant Disease Dataset Advancing AI for Agricultural Sustainability.zip#Turmeric Plant Disease Dataset Advancing AI for Agricultural Sustainability/Turmeric Plant Disease.zip#Turmeric Plant Disease/Dry Leaf/Dry Leaf00149.JPG,Dry Leaf,False,EXCLUDE_OOD,Class 'Dry Leaf' does not exist in training source (Image Dataset for Turmeric Plant Leaf Disease Detection)
TURM_CROSS_A_TO_B,Image Dataset for Turmeric Plant Leaf Disease Detection,Turmeric Plant Disease Dataset Advancing AI (Original),TURM_04511,DATASET/Turmeric Plant Disease Dataset Advancing AI for Agricultural Sustainability.zip#Turmeric Plant Disease Dataset Advancing AI for Agricultural Sustainability/Turmeric Plant Disease.zip#Turmeric Plant Disease/Dry Leaf/Dry Leaf00150.JPG,Dry Leaf,False,EXCLUDE_OOD,Class 'Dry Leaf' does not exist in training source (Image Dataset for Turmeric Plant Leaf Disease Detection)
TURM_CROSS_A_TO_B,Image Dataset for Turmeric Plant Leaf Disease Detection,Turmeric Plant Disease Dataset Advancing AI (Original),TURM_04512,DATASET/Turmeric Plant Disease Dataset Advancing AI for Agricultural Sustainability.zip#Turmeric Plant Disease Dataset Advancing AI for Agricultural Sustainability/Turmeric Plant Disease.zip#Turmeric Plant Disease/Dry Leaf/Dry Leaf00151.JPG,Dry Leaf,False,EXCLUDE_OOD,Class 'Dry Leaf' does not exist in training source (Image Dataset for Turmeric Plant Leaf Disease Detection)
TURM_CROSS_A_TO_B,Image Dataset for Turmeric Plant Leaf Disease Detection,Turmeric Plant Disease Dataset Advancing AI (Original),TURM_04513,DATASET/Turmeric Plant Disease Dataset Advancing AI for Agricultural Sustainability.zip#Turmeric Plant Disease Dataset Advancing AI for Agricultural Sustainability/Turmeric Plant Disease.zip#Turmeric Plant Disease/Dry Leaf/Dry Leaf00152.JPG,Dry Leaf,False,EXCLUDE_OOD,Class 'Dry Leaf' does not exist in training source (Image Dataset for Turmeric Plant Leaf Disease Detection)
TURM_CROSS_A_TO_B,Image Dataset for Turmeric Plant Leaf Disease Detection,Turmeric Plant Disease Dataset Advancing AI (Original),TURM_04514,DATASET/Turmeric Plant Disease Dataset Advancing AI for Agricultural Sustainability.zip#Turmeric Plant Disease Dataset Advancing AI for Agricultural Sustainability/Turmeric Plant Disease.zip#Turmeric Plant Disease/Dry Leaf/Dry Leaf00153.JPG,Dry Leaf,False,EXCLUDE_OOD,Class 'Dry Leaf' does not exist in training source (Image Dataset for Turmeric Plant Leaf Disease Detection)
TURM_CROSS_A_TO_B,Image Dataset for Turmeric Plant Leaf Disease Detection,Turmeric Plant Disease Dataset Advancing AI (Original),TURM_04515,DATASET/Turmeric Plant Disease Dataset Advancing AI for Agricultural Sustainability.zip#Turmeric Plant Disease Dataset Advancing AI for Agricultural Sustainability/Turmeric Plant Disease.zip#Turmeric Plant Disease/Dry Leaf/Dry Leaf00154.JPG,Dry Leaf,False,EXCLUDE_OOD,Class 'Dry Leaf' does not exist in training source (Image Dataset for Turmeric Plant Leaf Disease Detection)
TURM_CROSS_A_TO_B,Image Dataset for Turmeric Plant Leaf Disease Detection,Turmeric Plant Disease Dataset Advancing AI (Original),TURM_04516,DATASET/Turmeric Plant Disease Dataset Advancing AI for Agricultural Sustainability.zip#Turmeric Plant Disease Dataset Advancing AI for Agricultural Sustainability/Turmeric Plant Disease.zip#Turmeric Plant Disease/Dry Leaf/Dry Leaf00155.JPG,Dry Leaf,False,EXCLUDE_OOD,Class 'Dry Leaf' does not exist in training source (Image Dataset for Turmeric Plant Leaf Disease Detection)
TURM_CROSS_A_TO_B,Image Dataset for Turmeric Plant Leaf Disease Detection,Turmeric Plant Disease Dataset Advancing AI (Original),TURM_04517,DATASET/Turmeric Plant Disease Dataset Advancing AI for Agricultural Sustainability.zip#Turmeric Plant Disease Dataset Advancing AI for Agricultural Sustainability/Turmeric Plant Disease.zip#Turmeric Plant Disease/Dry Leaf/Dry Leaf00156.JPG,Dry Leaf,False,EXCLUDE_OOD,Class 'Dry Leaf' does not exist in training source (Image Dataset for Turmeric Plant Leaf Disease Detection)
TURM_CROSS_A_TO_B,Image Dataset for Turmeric Plant Leaf Disease Detection,Turmeric Plant Disease Dataset Advancing AI (Original),TURM_04518,DATASET/Turmeric Plant Disease Dataset Advancing AI for Agricultural Sustainability.zip#Turmeric Plant Disease Dataset Advancing AI for Agricultural Sustainability/Turmeric Plant Disease.zip#Turmeric Plant Disease/Dry Leaf/Dry Leaf00157.JPG,Dry Leaf,False,EXCLUDE_OOD,Class 'Dry Leaf' does not exist in training source (Image Dataset for Turmeric Plant Leaf Disease Detection)
TURM_CROSS_A_TO_B,Image Dataset for Turmeric Plant Leaf Disease Detection,Turmeric Plant Disease Dataset Advancing AI (Original),TURM_04519,DATASET/Turmeric Plant Disease Dataset Advancing AI for Agricultural Sustainability.zip#Turmeric Plant Disease Dataset Advancing AI for Agricultural Sustainability/Turmeric Plant Disease.zip#Turmeric Plant Disease/Dry Leaf/Dry Leaf00158.JPG,Dry Leaf,False,EXCLUDE_OOD,Class 'Dry Leaf' does not exist in training source (Image Dataset for Turmeric Plant Leaf Disease Detection)
TURM_CROSS_A_TO_B,Image Dataset for Turmeric Plant Leaf Disease Detection,Turmeric Plant Disease Dataset Advancing AI (Original),TURM_04520,DATASET/Turmeric Plant Disease Dataset Advancing AI for Agricultural Sustainability.zip#Turmeric Plant Disease Dataset Advancing AI for Agricultural Sustainability/Turmeric Plant Disease.zip#Turmeric Plant Disease/Dry Leaf/Dry Leaf00159.JPG,Dry Leaf,False,EXCLUDE_OOD,Class 'Dry Leaf' does not exist in training source (Image Dataset for Turmeric Plant Leaf Disease Detection)
TURM_CROSS_A_TO_B,Image Dataset for Turmeric Plant Leaf Disease Detection,Turmeric Plant Disease Dataset Advancing AI (Original),TURM_04521,DATASET/Turmeric Plant Disease Dataset Advancing AI for Agricultural Sustainability.zip#Turmeric Plant Disease Dataset Advancing AI for Agricultural Sustainability/Turmeric Plant Disease.zip#Turmeric Plant Disease/Dry Leaf/Dry Leaf00160.JPG,Dry Leaf,False,EXCLUDE_OOD,Class 'Dry Leaf' does not exist in training source (Image Dataset for Turmeric Plant Leaf Disease Detection)
TURM_CROSS_A_TO_B,Image Dataset for Turmeric Plant Leaf Disease Detection,Turmeric Plant Disease Dataset Advancing AI (Original),TURM_04522,DATASET/Turmeric Plant Disease Dataset Advancing AI for Agricultural Sustainability.zip#Turmeric Plant Disease Dataset Advancing AI for Agricultural Sustainability/Turmeric Plant Disease.zip#Turmeric Plant Disease/Dry Leaf/Dry Leaf00161.JPG,Dry Leaf,False,EXCLUDE_OOD,Class 'Dry Leaf' does not exist in training source (Image Dataset for Turmeric Plant Leaf Disease Detection)
TURM_CROSS_A_TO_B,Image Dataset for Turmeric Plant Leaf Disease Detection,Turmeric Plant Disease Dataset Advancing AI (Original),TURM_04523,DATASET/Turmeric Plant Disease Dataset Advancing AI for Agricultural Sustainability.zip#Turmeric Plant Disease Dataset Advancing AI for Agricultural Sustainability/Turmeric Plant Disease.zip#Turmeric Plant Disease/Dry Leaf/Dry Leaf00162.JPG,Dry Leaf,False,EXCLUDE_OOD,Class 'Dry Leaf' does not exist in training source (Image Dataset for Turmeric Plant Leaf Disease Detection)
TURM_CROSS_A_TO_B,Image Dataset for Turmeric Plant Leaf Disease Detection,Turmeric Plant Disease Dataset Advancing AI (Original),TURM_04524,DATASET/Turmeric Plant Disease Dataset Advancing AI for Agricultural Sustainability.zip#Turmeric Plant Disease Dataset Advancing AI for Agricultural Sustainability/Turmeric Plant Disease.zip#Turmeric Plant Disease/Dry Leaf/Dry Leaf00163.JPG,Dry Leaf,False,EXCLUDE_OOD,Class 'Dry Leaf' does not exist in training source (Image Dataset for Turmeric Plant Leaf Disease Detection)
TURM_CROSS_A_TO_B,Image Dataset for Turmeric Plant Leaf Disease Detection,Turmeric Plant Disease Dataset Advancing AI (Original),TURM_04525,DATASET/Turmeric Plant Disease Dataset Advancing AI for Agricultural Sustainability.zip#Turmeric Plant Disease Dataset Advancing AI for Agricultural Sustainability/Turmeric Plant Disease.zip#Turmeric Plant Disease/Dry Leaf/Dry Leaf00164.JPG,Dry Leaf,False,EXCLUDE_OOD,Class 'Dry Leaf' does not exist in training source (Image Dataset for Turmeric Plant Leaf Disease Detection)
TURM_CROSS_A_TO_B,Image Dataset for Turmeric Plant Leaf Disease Detection,Turmeric Plant Disease Dataset Advancing AI (Original),TURM_04526,DATASET/Turmeric Plant Disease Dataset Advancing AI for Agricultural Sustainability.zip#Turmeric Plant Disease Dataset Advancing AI for Agricultural Sustainability/Turmeric Plant Disease.zip#Turmeric Plant Disease/Dry Leaf/Dry Leaf00165.JPG,Dry Leaf,False,EXCLUDE_OOD,Class 'Dry Leaf' does not exist in training source (Image Dataset for Turmeric Plant Leaf Disease Detection)
TURM_CROSS_A_TO_B,Image Dataset for Turmeric Plant Leaf Disease Detection,Turmeric Plant Disease Dataset Advancing AI (Original),TURM_04527,DATASET/Turmeric Plant Disease Dataset Advancing AI for Agricultural Sustainability.zip#Turmeric Plant Disease Dataset Advancing AI for Agricultural Sustainability/Turmeric Plant Disease.zip#Turmeric Plant Disease/Dry Leaf/Dry Leaf00166.JPG,Dry Leaf,False,EXCLUDE_OOD,Class 'Dry Leaf' does not exist in training source (Image Dataset for Turmeric Plant Leaf Disease Detection)
TURM_CROSS_A_TO_B,Image Dataset for Turmeric Plant Leaf Disease Detection,Turmeric Plant Disease Dataset Advancing AI (Original),TURM_04528,DATASET/Turmeric Plant Disease Dataset Advancing AI for Agricultural Sustainability.zip#Turmeric Plant Disease Dataset Advancing AI for Agricultural Sustainability/Turmeric Plant Disease.zip#Turmeric Plant Disease/Dry Leaf/Dry Leaf00167.JPG,Dry Leaf,False,EXCLUDE_OOD,Class 'Dry Leaf' does not exist in training source (Image Dataset for Turmeric Plant Leaf Disease Detection)
TURM_CROSS_A_TO_B,Image Dataset for Turmeric Plant Leaf Disease Detection,Turmeric Plant Disease Dataset Advancing AI (Original),TURM_04529,DATASET/Turmeric Plant Disease Dataset Advancing AI for Agricultural Sustainability.zip#Turmeric Plant Disease Dataset Advancing AI for Agricultural Sustainability/Turmeric Plant Disease.zip#Turmeric Plant Disease/Dry Leaf/Dry Leaf00168.JPG,Dry Leaf,False,EXCLUDE_OOD,Class 'Dry Leaf' does not exist in training source (Image Dataset for Turmeric Plant Leaf Disease Detection)
TURM_CROSS_A_TO_B,Image Dataset for Turmeric Plant Leaf Disease Detection,Turmeric Plant Disease Dataset Advancing AI (Original),TURM_04530,DATASET/Turmeric Plant Disease Dataset Advancing AI for Agricultural Sustainability.zip#Turmeric Plant Disease Dataset Advancing AI for Agricultural Sustainability/Turmeric Plant Disease.zip#Turmeric Plant Disease/Dry Leaf/Dry Leaf00169.JPG,Dry Leaf,False,EXCLUDE_OOD,Class 'Dry Leaf' does not exist in training source (Image Dataset for Turmeric Plant Leaf Disease Detection)
TURM_CROSS_A_TO_B,Image Dataset for Turmeric Plant Leaf Disease Detection,Turmeric Plant Disease Dataset Advancing AI (Original),TURM_04531,DATASET/Turmeric Plant Disease Dataset Advancing AI for Agricultural Sustainability.zip#Turmeric Plant Disease Dataset Advancing AI for Agricultural Sustainability/Turmeric Plant Disease.zip#Turmeric Plant Disease/Dry Leaf/Dry Leaf00170.JPG,Dry Leaf,False,EXCLUDE_OOD,Class 'Dry Leaf' does not exist in training source (Image Dataset for Turmeric Plant Leaf Disease Detection)
TURM_CROSS_A_TO_B,Image Dataset for Turmeric Plant Leaf Disease Detection,Turmeric Plant Disease Dataset Advancing AI (Original),TURM_04532,DATASET/Turmeric Plant Disease Dataset Advancing AI for Agricultural Sustainability.zip#Turmeric Plant Disease Dataset Advancing AI for Agricultural Sustainability/Turmeric Plant Disease.zip#Turmeric Plant Disease/Dry Leaf/Dry Leaf00171.JPG,Dry Leaf,False,EXCLUDE_OOD,Class 'Dry Leaf' does not exist in training source (Image Dataset for Turmeric Plant Leaf Disease Detection)
TURM_CROSS_A_TO_B,Image Dataset for Turmeric Plant Leaf Disease Detection,Turmeric Plant Disease Dataset Advancing AI (Original),TURM_04533,DATASET/Turmeric Plant Disease Dataset Advancing AI for Agricultural Sustainability.zip#Turmeric Plant Disease Dataset Advancing AI for Agricultural Sustainability/Turmeric Plant Disease.zip#Turmeric Plant Disease/Dry Leaf/Dry Leaf00172.JPG,Dry Leaf,False,EXCLUDE_OOD,Class 'Dry Leaf' does not exist in training source (Image Dataset for Turmeric Plant Leaf Disease Detection)
TURM_CROSS_A_TO_B,Image Dataset for Turmeric Plant Leaf Disease Detection,Turmeric Plant Disease Dataset Advancing AI (Original),TURM_04534,DATASET/Turmeric Plant Disease Dataset Advancing AI for Agricultural Sustainability.zip#Turmeric Plant Disease Dataset Advancing AI for Agricultural Sustainability/Turmeric Plant Disease.zip#Turmeric Plant Disease/Dry Leaf/Dry Leaf00173.JPG,Dry Leaf,False,EXCLUDE_OOD,Class 'Dry Leaf' does not exist in training source (Image Dataset for Turmeric Plant Leaf Disease Detection)
TURM_CROSS_A_TO_B,Image Dataset for Turmeric Plant Leaf Disease Detection,Turmeric Plant Disease Dataset Advancing AI (Original),TURM_04535,DATASET/Turmeric Plant Disease Dataset Advancing AI for Agricultural Sustainability.zip#Turmeric Plant Disease Dataset Advancing AI for Agricultural Sustainability/Turmeric Plant Disease.zip#Turmeric Plant Disease/Dry Leaf/Dry Leaf00174.JPG,Dry Leaf,False,EXCLUDE_OOD,Class 'Dry Leaf' does not exist in training source (Image Dataset for Turmeric Plant Leaf Disease Detection)
TURM_CROSS_A_TO_B,Image Dataset for Turmeric Plant Leaf Disease Detection,Turmeric Plant Disease Dataset Advancing AI (Original),TURM_04536,DATASET/Turmeric Plant Disease Dataset Advancing AI for Agricultural Sustainability.zip#Turmeric Plant Disease Dataset Advancing AI for Agricultural Sustainability/Turmeric Plant Disease.zip#Turmeric Plant Disease/Dry Leaf/Dry Leaf00175.JPG,Dry Leaf,False,EXCLUDE_OOD,Class 'Dry Leaf' does not exist in training source (Image Dataset for Turmeric Plant Leaf Disease Detection)
TURM_CROSS_A_TO_B,Image Dataset for Turmeric Plant Leaf Disease Detection,Turmeric Plant Disease Dataset Advancing AI (Original),TURM_04537,DATASET/Turmeric Plant Disease Dataset Advancing AI for Agricultural Sustainability.zip#Turmeric Plant Disease Dataset Advancing AI for Agricultural Sustainability/Turmeric Plant Disease.zip#Turmeric Plant Disease/Dry Leaf/Dry Leaf00176.JPG,Dry Leaf,False,EXCLUDE_OOD,Class 'Dry Leaf' does not exist in training source (Image Dataset for Turmeric Plant Leaf Disease Detection)
TURM_CROSS_A_TO_B,Image Dataset for Turmeric Plant Leaf Disease Detection,Turmeric Plant Disease Dataset Advancing AI (Original),TURM_04538,DATASET/Turmeric Plant Disease Dataset Advancing AI for Agricultural Sustainability.zip#Turmeric Plant Disease Dataset Advancing AI for Agricultural Sustainability/Turmeric Plant Disease.zip#Turmeric Plant Disease/Dry Leaf/Dry Leaf00177.JPG,Dry Leaf,False,EXCLUDE_OOD,Class 'Dry Leaf' does not exist in training source (Image Dataset for Turmeric Plant Leaf Disease Detection)
TURM_CROSS_A_TO_B,Image Dataset for Turmeric Plant Leaf Disease Detection,Turmeric Plant Disease Dataset Advancing AI (Original),TURM_04539,DATASET/Turmeric Plant Disease Dataset Advancing AI for Agricultural Sustainability.zip#Turmeric Plant Disease Dataset Advancing AI for Agricultural Sustainability/Turmeric Plant Disease.zip#Turmeric Plant Disease/Dry Leaf/Dry Leaf00178.JPG,Dry Leaf,False,EXCLUDE_OOD,Class 'Dry Leaf' does not exist in training source (Image Dataset for Turmeric Plant Leaf Disease Detection)
TURM_CROSS_A_TO_B,Image Dataset for Turmeric Plant Leaf Disease Detection,Turmeric Plant Disease Dataset Advancing AI (Original),TURM_04540,DATASET/Turmeric Plant Disease Dataset Advancing AI for Agricultural Sustainability.zip#Turmeric Plant Disease Dataset Advancing AI for Agricultural Sustainability/Turmeric Plant Disease.zip#Turmeric Plant Disease/Dry Leaf/Dry Leaf00179.JPG,Dry Leaf,False,EXCLUDE_OOD,Class 'Dry Leaf' does not exist in training source (Image Dataset for Turmeric Plant Leaf Disease Detection)
TURM_CROSS_A_TO_B,Image Dataset for Turmeric Plant Leaf Disease Detection,Turmeric Plant Disease Dataset Advancing AI (Original),TURM_04541,DATASET/Turmeric Plant Disease Dataset Advancing AI for Agricultural Sustainability.zip#Turmeric Plant Disease Dataset Advancing AI for Agricultural Sustainability/Turmeric Plant Disease.zip#Turmeric Plant Disease/Dry Leaf/Dry Leaf00180.JPG,Dry Leaf,False,EXCLUDE_OOD,Class 'Dry Leaf' does not exist in training source (Image Dataset for Turmeric Plant Leaf Disease Detection)
TURM_CROSS_A_TO_B,Image Dataset for Turmeric Plant Leaf Disease Detection,Turmeric Plant Disease Dataset Advancing AI (Original),TURM_04542,DATASET/Turmeric Plant Disease Dataset Advancing AI for Agricultural Sustainability.zip#Turmeric Plant Disease Dataset Advancing AI for Agricultural Sustainability/Turmeric Plant Disease.zip#Turmeric Plant Disease/Dry Leaf/Dry Leaf00181.JPG,Dry Leaf,False,EXCLUDE_OOD,Class 'Dry Leaf' does not exist in training source (Image Dataset for Turmeric Plant Leaf Disease Detection)
TURM_CROSS_A_TO_B,Image Dataset for Turmeric Plant Leaf Disease Detection,Turmeric Plant Disease Dataset Advancing AI (Original),TURM_04543,DATASET/Turmeric Plant Disease Dataset Advancing AI for Agricultural Sustainability.zip#Turmeric Plant Disease Dataset Advancing AI for Agricultural Sustainability/Turmeric Plant Disease.zip#Turmeric Plant Disease/Dry Leaf/Dry Leaf00182.JPG,Dry Leaf,False,EXCLUDE_OOD,Class 'Dry Leaf' does not exist in training source (Image Dataset for Turmeric Plant Leaf Disease Detection)
TURM_CROSS_A_TO_B,Image Dataset for Turmeric Plant Leaf Disease Detection,Turmeric Plant Disease Dataset Advancing AI (Original),TURM_04544,DATASET/Turmeric Plant Disease Dataset Advancing AI for Agricultural Sustainability.zip#Turmeric Plant Disease Dataset Advancing AI for Agricultural Sustainability/Turmeric Plant Disease.zip#Turmeric Plant Disease/Dry Leaf/Dry Leaf00183.JPG,Dry Leaf,False,EXCLUDE_OOD,Class 'Dry Leaf' does not exist in training source (Image Dataset for Turmeric Plant Leaf Disease Detection)
TURM_CROSS_A_TO_B,Image Dataset for Turmeric Plant Leaf Disease Detection,Turmeric Plant Disease Dataset Advancing AI (Original),TURM_04545,DATASET/Turmeric Plant Disease Dataset Advancing AI for Agricultural Sustainability.zip#Turmeric Plant Disease Dataset Advancing AI for Agricultural Sustainability/Turmeric Plant Disease.zip#Turmeric Plant Disease/Dry Leaf/Dry Leaf00184.JPG,Dry Leaf,False,EXCLUDE_OOD,Class 'Dry Leaf' does not exist in training source (Image Dataset for Turmeric Plant Leaf Disease Detection)
TURM_CROSS_A_TO_B,Image Dataset for Turmeric Plant Leaf Disease Detection,Turmeric Plant Disease Dataset Advancing AI (Original),TURM_04546,DATASET/Turmeric Plant Disease Dataset Advancing AI for Agricultural Sustainability.zip#Turmeric Plant Disease Dataset Advancing AI for Agricultural Sustainability/Turmeric Plant Disease.zip#Turmeric Plant Disease/Dry Leaf/Dry Leaf00185.JPG,Dry Leaf,False,EXCLUDE_OOD,Class 'Dry Leaf' does not exist in training source (Image Dataset for Turmeric Plant Leaf Disease Detection)
TURM_CROSS_A_TO_B,Image Dataset for Turmeric Plant Leaf Disease Detection,Turmeric Plant Disease Dataset Advancing AI (Original),TURM_04547,DATASET/Turmeric Plant Disease Dataset Advancing AI for Agricultural Sustainability.zip#Turmeric Plant Disease Dataset Advancing AI for Agricultural Sustainability/Turmeric Plant Disease.zip#Turmeric Plant Disease/Dry Leaf/Dry Leaf00186.JPG,Dry Leaf,False,EXCLUDE_OOD,Class 'Dry Leaf' does not exist in training source (Image Dataset for Turmeric Plant Leaf Disease Detection)
TURM_CROSS_A_TO_B,Image Dataset for Turmeric Plant Leaf Disease Detection,Turmeric Plant Disease Dataset Advancing AI (Original),TURM_04548,DATASET/Turmeric Plant Disease Dataset Advancing AI for Agricultural Sustainability.zip#Turmeric Plant Disease Dataset Advancing AI for Agricultural Sustainability/Turmeric Plant Disease.zip#Turmeric Plant Disease/Dry Leaf/Dry Leaf00187.JPG,Dry Leaf,False,EXCLUDE_OOD,Class 'Dry Leaf' does not exist in training source (Image Dataset for Turmeric Plant Leaf Disease Detection)
TURM_CROSS_A_TO_B,Image Dataset for Turmeric Plant Leaf Disease Detection,Turmeric Plant Disease Dataset Advancing AI (Original),TURM_04549,DATASET/Turmeric Plant Disease Dataset Advancing AI for Agricultural Sustainability.zip#Turmeric Plant Disease Dataset Advancing AI for Agricultural Sustainability/Turmeric Plant Disease.zip#Turmeric Plant Disease/Dry Leaf/Dry Leaf00188.JPG,Dry Leaf,False,EXCLUDE_OOD,Class 'Dry Leaf' does not exist in training source (Image Dataset for Turmeric Plant Leaf Disease Detection)
TURM_CROSS_A_TO_B,Image Dataset for Turmeric Plant Leaf Disease Detection,Turmeric Plant Disease Dataset Advancing AI (Original),TURM_04550,DATASET/Turmeric Plant Disease Dataset Advancing AI for Agricultural Sustainability.zip#Turmeric Plant Disease Dataset Advancing AI for Agricultural Sustainability/Turmeric Plant Disease.zip#Turmeric Plant Disease/Dry Leaf/Dry Leaf00189.JPG,Dry Leaf,False,EXCLUDE_OOD,Class 'Dry Leaf' does not exist in training source (Image Dataset for Turmeric Plant Leaf Disease Detection)
TURM_CROSS_A_TO_B,Image Dataset for Turmeric Plant Leaf Disease Detection,Turmeric Plant Disease Dataset Advancing AI (Original),TURM_04551,DATASET/Turmeric Plant Disease Dataset Advancing AI for Agricultural Sustainability.zip#Turmeric Plant Disease Dataset Advancing AI for Agricultural Sustainability/Turmeric Plant Disease.zip#Turmeric Plant Disease/Dry Leaf/Dry Leaf00190.JPG,Dry Leaf,False,EXCLUDE_OOD,Class 'Dry Leaf' does not exist in training source (Image Dataset for Turmeric Plant Leaf Disease Detection)
TURM_CROSS_A_TO_B,Image Dataset for Turmeric Plant Leaf Disease Detection,Turmeric Plant Disease Dataset Advancing AI (Original),TURM_04552,DATASET/Turmeric Plant Disease Dataset Advancing AI for Agricultural Sustainability.zip#Turmeric Plant Disease Dataset Advancing AI for Agricultural Sustainability/Turmeric Plant Disease.zip#Turmeric Plant Disease/Dry Leaf/Dry Leaf00191.JPG,Dry Leaf,False,EXCLUDE_OOD,Class 'Dry Leaf' does not exist in training source (Image Dataset for Turmeric Plant Leaf Disease Detection)
TURM_CROSS_A_TO_B,Image Dataset for Turmeric Plant Leaf Disease Detection,Turmeric Plant Disease Dataset Advancing AI (Original),TURM_04553,DATASET/Turmeric Plant Disease Dataset Advancing AI for Agricultural Sustainability.zip#Turmeric Plant Disease Dataset Advancing AI for Agricultural Sustainability/Turmeric Plant Disease.zip#Turmeric Plant Disease/Dry Leaf/Dry Leaf00192.JPG,Dry Leaf,False,EXCLUDE_OOD,Class 'Dry Leaf' does not exist in training source (Image Dataset for Turmeric Plant Leaf Disease Detection)
TURM_CROSS_A_TO_B,Image Dataset for Turmeric Plant Leaf Disease Detection,Turmeric Plant Disease Dataset Advancing AI (Original),TURM_04554,DATASET/Turmeric Plant Disease Dataset Advancing AI for Agricultural Sustainability.zip#Turmeric Plant Disease Dataset Advancing AI for Agricultural Sustainability/Turmeric Plant Disease.zip#Turmeric Plant Disease/Dry Leaf/Dry Leaf00193.JPG,Dry Leaf,False,EXCLUDE_OOD,Class 'Dry Leaf' does not exist in training source (Image Dataset for Turmeric Plant Leaf Disease Detection)
TURM_CROSS_A_TO_B,Image Dataset for Turmeric Plant Leaf Disease Detection,Turmeric Plant Disease Dataset Advancing AI (Original),TURM_04555,DATASET/Turmeric Plant Disease Dataset Advancing AI for Agricultural Sustainability.zip#Turmeric Plant Disease Dataset Advancing AI for Agricultural Sustainability/Turmeric Plant Disease.zip#Turmeric Plant Disease/Dry Leaf/Dry Leaf00194.JPG,Dry Leaf,False,EXCLUDE_OOD,Class 'Dry Leaf' does not exist in training source (Image Dataset for Turmeric Plant Leaf Disease Detection)
TURM_CROSS_A_TO_B,Image Dataset for Turmeric Plant Leaf Disease Detection,Turmeric Plant Disease Dataset Advancing AI (Original),TURM_04556,DATASET/Turmeric Plant Disease Dataset Advancing AI for Agricultural Sustainability.zip#Turmeric Plant Disease Dataset Advancing AI for Agricultural Sustainability/Turmeric Plant Disease.zip#Turmeric Plant Disease/Dry Leaf/Dry Leaf00195.JPG,Dry Leaf,False,EXCLUDE_OOD,Class 'Dry Leaf' does not exist in training source (Image Dataset for Turmeric Plant Leaf Disease Detection)
TURM_CROSS_A_TO_B,Image Dataset for Turmeric Plant Leaf Disease Detection,Turmeric Plant Disease Dataset Advancing AI (Original),TURM_04557,DATASET/Turmeric Plant Disease Dataset Advancing AI for Agricultural Sustainability.zip#Turmeric Plant Disease Dataset Advancing AI for Agricultural Sustainability/Turmeric Plant Disease.zip#Turmeric Plant Disease/Dry Leaf/Dry Leaf00196.JPG,Dry Leaf,False,EXCLUDE_OOD,Class 'Dry Leaf' does not exist in training source (Image Dataset for Turmeric Plant Leaf Disease Detection)
TURM_CROSS_A_TO_B,Image Dataset for Turmeric Plant Leaf Disease Detection,Turmeric Plant Disease Dataset Advancing AI (Original),TURM_04558,DATASET/Turmeric Plant Disease Dataset Advancing AI for Agricultural Sustainability.zip#Turmeric Plant Disease Dataset Advancing AI for Agricultural Sustainability/Turmeric Plant Disease.zip#Turmeric Plant Disease/Dry Leaf/Dry Leaf00197.JPG,Dry Leaf,False,EXCLUDE_OOD,Class 'Dry Leaf' does not exist in training source (Image Dataset for Turmeric Plant Leaf Disease Detection)
TURM_CROSS_A_TO_B,Image Dataset for Turmeric Plant Leaf Disease Detection,Turmeric Plant Disease Dataset Advancing AI (Original),TURM_04559,DATASET/Turmeric Plant Disease Dataset Advancing AI for Agricultural Sustainability.zip#Turmeric Plant Disease Dataset Advancing AI for Agricultural Sustainability/Turmeric Plant Disease.zip#Turmeric Plant Disease/Dry Leaf/Dry Leaf00198.JPG,Dry Leaf,False,EXCLUDE_OOD,Class 'Dry Leaf' does not exist in training source (Image Dataset for Turmeric Plant Leaf Disease Detection)
TURM_CROSS_A_TO_B,Image Dataset for Turmeric Plant Leaf Disease Detection,Turmeric Plant Disease Dataset Advancing AI (Original),TURM_04560,DATASET/Turmeric Plant Disease Dataset Advancing AI for Agricultural Sustainability.zip#Turmeric Plant Disease Dataset Advancing AI for Agricultural Sustainability/Turmeric Plant Disease.zip#Turmeric Plant Disease/Dry Leaf/Dry Leaf00199.JPG,Dry Leaf,False,EXCLUDE_OOD,Class 'Dry Leaf' does not exist in training source (Image Dataset for Turmeric Plant Leaf Disease Detection)
TURM_CROSS_A_TO_B,Image Dataset for Turmeric Plant Leaf Disease Detection,Turmeric Plant Disease Dataset Advancing AI (Original),TURM_04561,DATASET/Turmeric Plant Disease Dataset Advancing AI for Agricultural Sustainability.zip#Turmeric Plant Disease Dataset Advancing AI for Agricultural Sustainability/Turmeric Plant Disease.zip#Turmeric Plant Disease/Dry Leaf/Dry Leaf00200.JPG,Dry Leaf,False,EXCLUDE_OOD,Class 'Dry Leaf' does not exist in training source (Image Dataset for Turmeric Plant Leaf Disease Detection)
TURM_CROSS_A_TO_B,Image Dataset for Turmeric Plant Leaf Disease Detection,Turmeric Plant Disease Dataset Advancing AI (Original),TURM_04562,DATASET/Turmeric Plant Disease Dataset Advancing AI for Agricultural Sustainability.zip#Turmeric Plant Disease Dataset Advancing AI for Agricultural Sustainability/Turmeric Plant Disease.zip#Turmeric Plant Disease/Dry Leaf/Dry Leaf00201.JPG,Dry Leaf,False,EXCLUDE_OOD,Class 'Dry Leaf' does not exist in training source (Image Dataset for Turmeric Plant Leaf Disease Detection)
TURM_CROSS_A_TO_B,Image Dataset for Turmeric Plant Leaf Disease Detection,Turmeric Plant Disease Dataset Advancing AI (Original),TURM_04563,DATASET/Turmeric Plant Disease Dataset Advancing AI for Agricultural Sustainability.zip#Turmeric Plant Disease Dataset Advancing AI for Agricultural Sustainability/Turmeric Plant Disease.zip#Turmeric Plant Disease/Dry Leaf/Dry Leaf00202.JPG,Dry Leaf,False,EXCLUDE_OOD,Class 'Dry Leaf' does not exist in training source (Image Dataset for Turmeric Plant Leaf Disease Detection)
TURM_CROSS_A_TO_B,Image Dataset for Turmeric Plant Leaf Disease Detection,Turmeric Plant Disease Dataset Advancing AI (Original),TURM_04564,DATASET/Turmeric Plant Disease Dataset Advancing AI for Agricultural Sustainability.zip#Turmeric Plant Disease Dataset Advancing AI for Agricultural Sustainability/Turmeric Plant Disease.zip#Turmeric Plant Disease/Dry Leaf/Dry Leaf00203.JPG,Dry Leaf,False,EXCLUDE_OOD,Class 'Dry Leaf' does not exist in training source (Image Dataset for Turmeric Plant Leaf Disease Detection)
TURM_CROSS_A_TO_B,Image Dataset for Turmeric Plant Leaf Disease Detection,Turmeric Plant Disease Dataset Advancing AI (Original),TURM_04565,DATASET/Turmeric Plant Disease Dataset Advancing AI for Agricultural Sustainability.zip#Turmeric Plant Disease Dataset Advancing AI for Agricultural Sustainability/Turmeric Plant Disease.zip#Turmeric Plant Disease/Healthy Leaf/Healthy Leaf00001.JPG,Healthy,True,EVALUATE_SHARED,
TURM_CROSS_A_TO_B,Image Dataset for Turmeric Plant Leaf Disease Detection,Turmeric Plant Disease Dataset Advancing AI (Original),TURM_04566,DATASET/Turmeric Plant Disease Dataset Advancing AI for Agricultural Sustainability.zip#Turmeric Plant Disease Dataset Advancing AI for Agricultural Sustainability/Turmeric Plant Disease.zip#Turmeric Plant Disease/Healthy Leaf/Healthy Leaf00002.JPG,Healthy,True,EVALUATE_SHARED,
TURM_CROSS_A_TO_B,Image Dataset for Turmeric Plant Leaf Disease Detection,Turmeric Plant Disease Dataset Advancing AI (Original),TURM_04567,DATASET/Turmeric Plant Disease Dataset Advancing AI for Agricultural Sustainability.zip#Turmeric Plant Disease Dataset Advancing AI for Agricultural Sustainability/Turmeric Plant Disease.zip#Turmeric Plant Disease/Healthy Leaf/Healthy Leaf00003.JPG,Healthy,True,EVALUATE_SHARED,
TURM_CROSS_A_TO_B,Image Dataset for Turmeric Plant Leaf Disease Detection,Turmeric Plant Disease Dataset Advancing AI (Original),TURM_04568,DATASET/Turmeric Plant Disease Dataset Advancing AI for Agricultural Sustainability.zip#Turmeric Plant Disease Dataset Advancing AI for Agricultural Sustainability/Turmeric Plant Disease.zip#Turmeric Plant Disease/Healthy Leaf/Healthy Leaf00004.JPG,Healthy,True,EVALUATE_SHARED,
TURM_CROSS_A_TO_B,Image Dataset for Turmeric Plant Leaf Disease Detection,Turmeric Plant Disease Dataset Advancing AI (Original),TURM_04569,DATASET/Turmeric Plant Disease Dataset Advancing AI for Agricultural Sustainability.zip#Turmeric Plant Disease Dataset Advancing AI for Agricultural Sustainability/Turmeric Plant Disease.zip#Turmeric Plant Disease/Healthy Leaf/Healthy Leaf00005.JPG,Healthy,True,EVALUATE_SHARED,
TURM_CROSS_A_TO_B,Image Dataset for Turmeric Plant Leaf Disease Detection,Turmeric Plant Disease Dataset Advancing AI (Original),TURM_04570,DATASET/Turmeric Plant Disease Dataset Advancing AI for Agricultural Sustainability.zip#Turmeric Plant Disease Dataset Advancing AI for Agricultural Sustainability/Turmeric Plant Disease.zip#Turmeric Plant Disease/Healthy Leaf/Healthy Leaf00006.JPG,Healthy,True,EVALUATE_SHARED,
TURM_CROSS_A_TO_B,Image Dataset for Turmeric Plant Leaf Disease Detection,Turmeric Plant Disease Dataset Advancing AI (Original),TURM_04571,DATASET/Turmeric Plant Disease Dataset Advancing AI for Agricultural Sustainability.zip#Turmeric Plant Disease Dataset Advancing AI for Agricultural Sustainability/Turmeric Plant Disease.zip#Turmeric Plant Disease/Healthy Leaf/Healthy Leaf00007.JPG,Healthy,True,EVALUATE_SHARED,
TURM_CROSS_A_TO_B,Image Dataset for Turmeric Plant Leaf Disease Detection,Turmeric Plant Disease Dataset Advancing AI (Original),TURM_04572,DATASET/Turmeric Plant Disease Dataset Advancing AI for Agricultural Sustainability.zip#Turmeric Plant Disease Dataset Advancing AI for Agricultural Sustainability/Turmeric Plant Disease.zip#Turmeric Plant Disease/Healthy Leaf/Healthy Leaf00008.JPG,Healthy,True,EVALUATE_SHARED,
TURM_CROSS_A_TO_B,Image Dataset for Turmeric Plant Leaf Disease Detection,Turmeric Plant Disease Dataset Advancing AI (Original),TURM_04573,DATASET/Turmeric Plant Disease Dataset Advancing AI for Agricultural Sustainability.zip#Turmeric Plant Disease Dataset Advancing AI for Agricultural Sustainability/Turmeric Plant Disease.zip#Turmeric Plant Disease/Healthy Leaf/Healthy Leaf00009.JPG,Healthy,True,EVALUATE_SHARED,
TURM_CROSS_A_TO_B,Image Dataset for Turmeric Plant Leaf Disease Detection,Turmeric Plant Disease Dataset Advancing AI (Original),TURM_04574,DATASET/Turmeric Plant Disease Dataset Advancing AI for Agricultural Sustainability.zip#Turmeric Plant Disease Dataset Advancing AI for Agricultural Sustainability/Turmeric Plant Disease.zip#Turmeric Plant Disease/Healthy Leaf/Healthy Leaf00010.JPG,Healthy,True,EVALUATE_SHARED,
TURM_CROSS_A_TO_B,Image Dataset for Turmeric Plant Leaf Disease Detection,Turmeric Plant Disease Dataset Advancing AI (Original),TURM_04575,DATASET/Turmeric Plant Disease Dataset Advancing AI for Agricultural Sustainability.zip#Turmeric Plant Disease Dataset Advancing AI for Agricultural Sustainability/Turmeric Plant Disease.zip#Turmeric Plant Disease/Healthy Leaf/Healthy Leaf00011.JPG,Healthy,True,EVALUATE_SHARED,
TURM_CROSS_A_TO_B,Image Dataset for Turmeric Plant Leaf Disease Detection,Turmeric Plant Disease Dataset Advancing AI (Original),TURM_04576,DATASET/Turmeric Plant Disease Dataset Advancing AI for Agricultural Sustainability.zip#Turmeric Plant Disease Dataset Advancing AI for Agricultural Sustainability/Turmeric Plant Disease.zip#Turmeric Plant Disease/Healthy Leaf/Healthy Leaf00012.JPG,Healthy,True,EVALUATE_SHARED,
TURM_CROSS_A_TO_B,Image Dataset for Turmeric Plant Leaf Disease Detection,Turmeric Plant Disease Dataset Advancing AI (Original),TURM_04577,DATASET/Turmeric Plant Disease Dataset Advancing AI for Agricultural Sustainability.zip#Turmeric Plant Disease Dataset Advancing AI for Agricultural Sustainability/Turmeric Plant Disease.zip#Turmeric Plant Disease/Healthy Leaf/Healthy Leaf00013.JPG,Healthy,True,EVALUATE_SHARED,
TURM_CROSS_A_TO_B,Image Dataset for Turmeric Plant Leaf Disease Detection,Turmeric Plant Disease Dataset Advancing AI (Original),TURM_04578,DATASET/Turmeric Plant Disease Dataset Advancing AI for Agricultural Sustainability.zip#Turmeric Plant Disease Dataset Advancing AI for Agricultural Sustainability/Turmeric Plant Disease.zip#Turmeric Plant Disease/Healthy Leaf/Healthy Leaf00014.JPG,Healthy,True,EVALUATE_SHARED,
TURM_CROSS_A_TO_B,Image Dataset for Turmeric Plant Leaf Disease Detection,Turmeric Plant Disease Dataset Advancing AI (Original),TURM_04579,DATASET/Turmeric Plant Disease Dataset Advancing AI for Agricultural Sustainability.zip#Turmeric Plant Disease Dataset Advancing AI for Agricultural Sustainability/Turmeric Plant Disease.zip#Turmeric Plant Disease/Healthy Leaf/Healthy Leaf00015.JPG,Healthy,True,EVALUATE_SHARED,
TURM_CROSS_A_TO_B,Image Dataset for Turmeric Plant Leaf Disease Detection,Turmeric Plant Disease Dataset Advancing AI (Original),TURM_04580,DATASET/Turmeric Plant Disease Dataset Advancing AI for Agricultural Sustainability.zip#Turmeric Plant Disease Dataset Advancing AI for Agricultural Sustainability/Turmeric Plant Disease.zip#Turmeric Plant Disease/Healthy Leaf/Healthy Leaf00016.JPG,Healthy,True,EVALUATE_SHARED,
TURM_CROSS_A_TO_B,Image Dataset for Turmeric Plant Leaf Disease Detection,Turmeric Plant Disease Dataset Advancing AI (Original),TURM_04581,DATASET/Turmeric Plant Disease Dataset Advancing AI for Agricultural Sustainability.zip#Turmeric Plant Disease Dataset Advancing AI for Agricultural Sustainability/Turmeric Plant Disease.zip#Turmeric Plant Disease/Healthy Leaf/Healthy Leaf00017.JPG,Healthy,True,EVALUATE_SHARED,
TURM_CROSS_A_TO_B,Image Dataset for Turmeric Plant Leaf Disease Detection,Turmeric Plant Disease Dataset Advancing AI (Original),TURM_04582,DATASET/Turmeric Plant Disease Dataset Advancing AI for Agricultural Sustainability.zip#Turmeric Plant Disease Dataset Advancing AI for Agricultural Sustainability/Turmeric Plant Disease.zip#Turmeric Plant Disease/Healthy Leaf/Healthy Leaf00018.JPG,Healthy,True,EVALUATE_SHARED,
TURM_CROSS_A_TO_B,Image Dataset for Turmeric Plant Leaf Disease Detection,Turmeric Plant Disease Dataset Advancing AI (Original),TURM_04583,DATASET/Turmeric Plant Disease Dataset Advancing AI for Agricultural Sustainability.zip#Turmeric Plant Disease Dataset Advancing AI for Agricultural Sustainability/Turmeric Plant Disease.zip#Turmeric Plant Disease/Healthy Leaf/Healthy Leaf00019.JPG,Healthy,True,EVALUATE_SHARED,
TURM_CROSS_A_TO_B,Image Dataset for Turmeric Plant Leaf Disease Detection,Turmeric Plant Disease Dataset Advancing AI (Original),TURM_04584,DATASET/Turmeric Plant Disease Dataset Advancing AI for Agricultural Sustainability.zip#Turmeric Plant Disease Dataset Advancing AI for Agricultural Sustainability/Turmeric Plant Disease.zip#Turmeric Plant Disease/Healthy Leaf/Healthy Leaf00020.JPG,Healthy,True,EVALUATE_SHARED,
TURM_CROSS_A_TO_B,Image Dataset for Turmeric Plant Leaf Disease Detection,Turmeric Plant Disease Dataset Advancing AI (Original),TURM_04585,DATASET/Turmeric Plant Disease Dataset Advancing AI for Agricultural Sustainability.zip#Turmeric Plant Disease Dataset Advancing AI for Agricultural Sustainability/Turmeric Plant Disease.zip#Turmeric Plant Disease/Healthy Leaf/Healthy Leaf00021.JPG,Healthy,True,EVALUATE_SHARED,
TURM_CROSS_A_TO_B,Image Dataset for Turmeric Plant Leaf Disease Detection,Turmeric Plant Disease Dataset Advancing AI (Original),TURM_04586,DATASET/Turmeric Plant Disease Dataset Advancing AI for Agricultural Sustainability.zip#Turmeric Plant Disease Dataset Advancing AI for Agricultural Sustainability/Turmeric Plant Disease.zip#Turmeric Plant Disease/Healthy Leaf/Healthy Leaf00022.JPG,Healthy,True,EVALUATE_SHARED,
TURM_CROSS_A_TO_B,Image Dataset for Turmeric Plant Leaf Disease Detection,Turmeric Plant Disease Dataset Advancing AI (Original),TURM_04587,DATASET/Turmeric Plant Disease Dataset Advancing AI for Agricultural Sustainability.zip#Turmeric Plant Disease Dataset Advancing AI for Agricultural Sustainability/Turmeric Plant Disease.zip#Turmeric Plant Disease/Healthy Leaf/Healthy Leaf00023.JPG,Healthy,True,EVALUATE_SHARED,
TURM_CROSS_A_TO_B,Image Dataset for Turmeric Plant Leaf Disease Detection,Turmeric Plant Disease Dataset Advancing AI (Original),TURM_04588,DATASET/Turmeric Plant Disease Dataset Advancing AI for Agricultural Sustainability.zip#Turmeric Plant Disease Dataset Advancing AI for Agricultural Sustainability/Turmeric Plant Disease.zip#Turmeric Plant Disease/Healthy Leaf/Healthy Leaf00024.JPG,Healthy,True,EVALUATE_SHARED,
TURM_CROSS_A_TO_B,Image Dataset for Turmeric Plant Leaf Disease Detection,Turmeric Plant Disease Dataset Advancing AI (Original),TURM_04589,DATASET/Turmeric Plant Disease Dataset Advancing AI for Agricultural Sustainability.zip#Turmeric Plant Disease Dataset Advancing AI for Agricultural Sustainability/Turmeric Plant Disease.zip#Turmeric Plant Disease/Healthy Leaf/Healthy Leaf00025.JPG,Healthy,True,EVALUATE_SHARED,
TURM_CROSS_A_TO_B,Image Dataset for Turmeric Plant Leaf Disease Detection,Turmeric Plant Disease Dataset Advancing AI (Original),TURM_04590,DATASET/Turmeric Plant Disease Dataset Advancing AI for Agricultural Sustainability.zip#Turmeric Plant Disease Dataset Advancing AI for Agricultural Sustainability/Turmeric Plant Disease.zip#Turmeric Plant Disease/Healthy Leaf/Healthy Leaf00026.JPG,Healthy,True,EVALUATE_SHARED,
TURM_CROSS_A_TO_B,Image Dataset for Turmeric Plant Leaf Disease Detection,Turmeric Plant Disease Dataset Advancing AI (Original),TURM_04591,DATASET/Turmeric Plant Disease Dataset Advancing AI for Agricultural Sustainability.zip#Turmeric Plant Disease Dataset Advancing AI for Agricultural Sustainability/Turmeric Plant Disease.zip#Turmeric Plant Disease/Healthy Leaf/Healthy Leaf00027.JPG,Healthy,True,EVALUATE_SHARED,
TURM_CROSS_A_TO_B,Image Dataset for Turmeric Plant Leaf Disease Detection,Turmeric Plant Disease Dataset Advancing AI (Original),TURM_04592,DATASET/Turmeric Plant Disease Dataset Advancing AI for Agricultural Sustainability.zip#Turmeric Plant Disease Dataset Advancing AI for Agricultural Sustainability/Turmeric Plant Disease.zip#Turmeric Plant Disease/Healthy Leaf/Healthy Leaf00028.JPG,Healthy,True,EVALUATE_SHARED,
TURM_CROSS_A_TO_B,Image Dataset for Turmeric Plant Leaf Disease Detection,Turmeric Plant Disease Dataset Advancing AI (Original),TURM_04593,DATASET/Turmeric Plant Disease Dataset Advancing AI for Agricultural Sustainability.zip#Turmeric Plant Disease Dataset Advancing AI for Agricultural Sustainability/Turmeric Plant Disease.zip#Turmeric Plant Disease/Healthy Leaf/Healthy Leaf00029.JPG,Healthy,True,EVALUATE_SHARED,
TURM_CROSS_A_TO_B,Image Dataset for Turmeric Plant Leaf Disease Detection,Turmeric Plant Disease Dataset Advancing AI (Original),TURM_04594,DATASET/Turmeric Plant Disease Dataset Advancing AI for Agricultural Sustainability.zip#Turmeric Plant Disease Dataset Advancing AI for Agricultural Sustainability/Turmeric Plant Disease.zip#Turmeric Plant Disease/Healthy Leaf/Healthy Leaf00030.JPG,Healthy,True,EVALUATE_SHARED,
TURM_CROSS_A_TO_B,Image Dataset for Turmeric Plant Leaf Disease Detection,Turmeric Plant Disease Dataset Advancing AI (Original),TURM_04595,DATASET/Turmeric Plant Disease Dataset Advancing AI for Agricultural Sustainability.zip#Turmeric Plant Disease Dataset Advancing AI for Agricultural Sustainability/Turmeric Plant Disease.zip#Turmeric Plant Disease/Healthy Leaf/Healthy Leaf00031.JPG,Healthy,True,EVALUATE_SHARED,
TURM_CROSS_A_TO_B,Image Dataset for Turmeric Plant Leaf Disease Detection,Turmeric Plant Disease Dataset Advancing AI (Original),TURM_04596,DATASET/Turmeric Plant Disease Dataset Advancing AI for Agricultural Sustainability.zip#Turmeric Plant Disease Dataset Advancing AI for Agricultural Sustainability/Turmeric Plant Disease.zip#Turmeric Plant Disease/Healthy Leaf/Healthy Leaf00032.JPG,Healthy,True,EVALUATE_SHARED,
TURM_CROSS_A_TO_B,Image Dataset for Turmeric Plant Leaf Disease Detection,Turmeric Plant Disease Dataset Advancing AI (Original),TURM_04597,DATASET/Turmeric Plant Disease Dataset Advancing AI for Agricultural Sustainability.zip#Turmeric Plant Disease Dataset Advancing AI for Agricultural Sustainability/Turmeric Plant Disease.zip#Turmeric Plant Disease/Healthy Leaf/Healthy Leaf00033.JPG,Healthy,True,EVALUATE_SHARED,
TURM_CROSS_A_TO_B,Image Dataset for Turmeric Plant Leaf Disease Detection,Turmeric Plant Disease Dataset Advancing AI (Original),TURM_04598,DATASET/Turmeric Plant Disease Dataset Advancing AI for Agricultural Sustainability.zip#Turmeric Plant Disease Dataset Advancing AI for Agricultural Sustainability/Turmeric Plant Disease.zip#Turmeric Plant Disease/Healthy Leaf/Healthy Leaf00034.JPG,Healthy,True,EVALUATE_SHARED,
TURM_CROSS_A_TO_B,Image Dataset for Turmeric Plant Leaf Disease Detection,Turmeric Plant Disease Dataset Advancing AI (Original),TURM_04599,DATASET/Turmeric Plant Disease Dataset Advancing AI for Agricultural Sustainability.zip#Turmeric Plant Disease Dataset Advancing AI for Agricultural Sustainability/Turmeric Plant Disease.zip#Turmeric Plant Disease/Healthy Leaf/Healthy Leaf00035.JPG,Healthy,True,EVALUATE_SHARED,
TURM_CROSS_A_TO_B,Image Dataset for Turmeric Plant Leaf Disease Detection,Turmeric Plant Disease Dataset Advancing AI (Original),TURM_04600,DATASET/Turmeric Plant Disease Dataset Advancing AI for Agricultural Sustainability.zip#Turmeric Plant Disease Dataset Advancing AI for Agricultural Sustainability/Turmeric Plant Disease.zip#Turmeric Plant Disease/Healthy Leaf/Healthy Leaf00036.JPG,Healthy,True,EVALUATE_SHARED,
TURM_CROSS_A_TO_B,Image Dataset for Turmeric Plant Leaf Disease Detection,Turmeric Plant Disease Dataset Advancing AI (Original),TURM_04601,DATASET/Turmeric Plant Disease Dataset Advancing AI for Agricultural Sustainability.zip#Turmeric Plant Disease Dataset Advancing AI for Agricultural Sustainability/Turmeric Plant Disease.zip#Turmeric Plant Disease/Healthy Leaf/Healthy Leaf00037.JPG,Healthy,True,EVALUATE_SHARED,
TURM_CROSS_A_TO_B,Image Dataset for Turmeric Plant Leaf Disease Detection,Turmeric Plant Disease Dataset Advancing AI (Original),TURM_04602,DATASET/Turmeric Plant Disease Dataset Advancing AI for Agricultural Sustainability.zip#Turmeric Plant Disease Dataset Advancing AI for Agricultural Sustainability/Turmeric Plant Disease.zip#Turmeric Plant Disease/Healthy Leaf/Healthy Leaf00038.JPG,Healthy,True,EVALUATE_SHARED,
TURM_CROSS_A_TO_B,Image Dataset for Turmeric Plant Leaf Disease Detection,Turmeric Plant Disease Dataset Advancing AI (Original),TURM_04603,DATASET/Turmeric Plant Disease Dataset Advancing AI for Agricultural Sustainability.zip#Turmeric Plant Disease Dataset Advancing AI for Agricultural Sustainability/Turmeric Plant Disease.zip#Turmeric Plant Disease/Healthy Leaf/Healthy Leaf00039.JPG,Healthy,True,EVALUATE_SHARED,
TURM_CROSS_A_TO_B,Image Dataset for Turmeric Plant Leaf Disease Detection,Turmeric Plant Disease Dataset Advancing AI (Original),TURM_04604,DATASET/Turmeric Plant Disease Dataset Advancing AI for Agricultural Sustainability.zip#Turmeric Plant Disease Dataset Advancing AI for Agricultural Sustainability/Turmeric Plant Disease.zip#Turmeric Plant Disease/Healthy Leaf/Healthy Leaf00040.JPG,Healthy,True,EVALUATE_SHARED,
TURM_CROSS_A_TO_B,Image Dataset for Turmeric Plant Leaf Disease Detection,Turmeric Plant Disease Dataset Advancing AI (Original),TURM_04605,DATASET/Turmeric Plant Disease Dataset Advancing AI for Agricultural Sustainability.zip#Turmeric Plant Disease Dataset Advancing AI for Agricultural Sustainability/Turmeric Plant Disease.zip#Turmeric Plant Disease/Healthy Leaf/Healthy Leaf00041.JPG,Healthy,True,EVALUATE_SHARED,
TURM_CROSS_A_TO_B,Image Dataset for Turmeric Plant Leaf Disease Detection,Turmeric Plant Disease Dataset Advancing AI (Original),TURM_04606,DATASET/Turmeric Plant Disease Dataset Advancing AI for Agricultural Sustainability.zip#Turmeric Plant Disease Dataset Advancing AI for Agricultural Sustainability/Turmeric Plant Disease.zip#Turmeric Plant Disease/Healthy Leaf/Healthy Leaf00042.JPG,Healthy,True,EVALUATE_SHARED,
TURM_CROSS_A_TO_B,Image Dataset for Turmeric Plant Leaf Disease Detection,Turmeric Plant Disease Dataset Advancing AI (Original),TURM_04607,DATASET/Turmeric Plant Disease Dataset Advancing AI for Agricultural Sustainability.zip#Turmeric Plant Disease Dataset Advancing AI for Agricultural Sustainability/Turmeric Plant Disease.zip#Turmeric Plant Disease/Healthy Leaf/Healthy Leaf00043.JPG,Healthy,True,EVALUATE_SHARED,
TURM_CROSS_A_TO_B,Image Dataset for Turmeric Plant Leaf Disease Detection,Turmeric Plant Disease Dataset Advancing AI (Original),TURM_04608,DATASET/Turmeric Plant Disease Dataset Advancing AI for Agricultural Sustainability.zip#Turmeric Plant Disease Dataset Advancing AI for Agricultural Sustainability/Turmeric Plant Disease.zip#Turmeric Plant Disease/Healthy Leaf/Healthy Leaf00044.JPG,Healthy,True,EVALUATE_SHARED,
TURM_CROSS_A_TO_B,Image Dataset for Turmeric Plant Leaf Disease Detection,Turmeric Plant Disease Dataset Advancing AI (Original),TURM_04609,DATASET/Turmeric Plant Disease Dataset Advancing AI for Agricultural Sustainability.zip#Turmeric Plant Disease Dataset Advancing AI for Agricultural Sustainability/Turmeric Plant Disease.zip#Turmeric Plant Disease/Healthy Leaf/Healthy Leaf00045.JPG,Healthy,True,EVALUATE_SHARED,
TURM_CROSS_A_TO_B,Image Dataset for Turmeric Plant Leaf Disease Detection,Turmeric Plant Disease Dataset Advancing AI (Original),TURM_04610,DATASET/Turmeric Plant Disease Dataset Advancing AI for Agricultural Sustainability.zip#Turmeric Plant Disease Dataset Advancing AI for Agricultural Sustainability/Turmeric Plant Disease.zip#Turmeric Plant Disease/Healthy Leaf/Healthy Leaf00046.JPG,Healthy,True,EVALUATE_SHARED,
TURM_CROSS_A_TO_B,Image Dataset for Turmeric Plant Leaf Disease Detection,Turmeric Plant Disease Dataset Advancing AI (Original),TURM_04611,DATASET/Turmeric Plant Disease Dataset Advancing AI for Agricultural Sustainability.zip#Turmeric Plant Disease Dataset Advancing AI for Agricultural Sustainability/Turmeric Plant Disease.zip#Turmeric Plant Disease/Healthy Leaf/Healthy Leaf00047.JPG,Healthy,True,EVALUATE_SHARED,
TURM_CROSS_A_TO_B,Image Dataset for Turmeric Plant Leaf Disease Detection,Turmeric Plant Disease Dataset Advancing AI (Original),TURM_04612,DATASET/Turmeric Plant Disease Dataset Advancing AI for Agricultural Sustainability.zip#Turmeric Plant Disease Dataset Advancing AI for Agricultural Sustainability/Turmeric Plant Disease.zip#Turmeric Plant Disease/Healthy Leaf/Healthy Leaf00048.JPG,Healthy,True,EVALUATE_SHARED,
TURM_CROSS_A_TO_B,Image Dataset for Turmeric Plant Leaf Disease Detection,Turmeric Plant Disease Dataset Advancing AI (Original),TURM_04613,DATASET/Turmeric Plant Disease Dataset Advancing AI for Agricultural Sustainability.zip#Turmeric Plant Disease Dataset Advancing AI for Agricultural Sustainability/Turmeric Plant Disease.zip#Turmeric Plant Disease/Healthy Leaf/Healthy Leaf00049.JPG,Healthy,True,EVALUATE_SHARED,
TURM_CROSS_A_TO_B,Image Dataset for Turmeric Plant Leaf Disease Detection,Turmeric Plant Disease Dataset Advancing AI (Original),TURM_04614,DATASET/Turmeric Plant Disease Dataset Advancing AI for Agricultural Sustainability.zip#Turmeric Plant Disease Dataset Advancing AI for Agricultural Sustainability/Turmeric Plant Disease.zip#Turmeric Plant Disease/Healthy Leaf/Healthy Leaf00050.JPG,Healthy,True,EVALUATE_SHARED,
TURM_CROSS_A_TO_B,Image Dataset for Turmeric Plant Leaf Disease Detection,Turmeric Plant Disease Dataset Advancing AI (Original),TURM_04615,DATASET/Turmeric Plant Disease Dataset Advancing AI for Agricultural Sustainability.zip#Turmeric Plant Disease Dataset Advancing AI for Agricultural Sustainability/Turmeric Plant Disease.zip#Turmeric Plant Disease/Healthy Leaf/Healthy Leaf00051.JPG,Healthy,True,EVALUATE_SHARED,
TURM_CROSS_A_TO_B,Image Dataset for Turmeric Plant Leaf Disease Detection,Turmeric Plant Disease Dataset Advancing AI (Original),TURM_04616,DATASET/Turmeric Plant Disease Dataset Advancing AI for Agricultural Sustainability.zip#Turmeric Plant Disease Dataset Advancing AI for Agricultural Sustainability/Turmeric Plant Disease.zip#Turmeric Plant Disease/Healthy Leaf/Healthy Leaf00052.JPG,Healthy,True,EVALUATE_SHARED,
TURM_CROSS_A_TO_B,Image Dataset for Turmeric Plant Leaf Disease Detection,Turmeric Plant Disease Dataset Advancing AI (Original),TURM_04617,DATASET/Turmeric Plant Disease Dataset Advancing AI for Agricultural Sustainability.zip#Turmeric Plant Disease Dataset Advancing AI for Agricultural Sustainability/Turmeric Plant Disease.zip#Turmeric Plant Disease/Healthy Leaf/Healthy Leaf00053.JPG,Healthy,True,EVALUATE_SHARED,
TURM_CROSS_A_TO_B,Image Dataset for Turmeric Plant Leaf Disease Detection,Turmeric Plant Disease Dataset Advancing AI (Original),TURM_04618,DATASET/Turmeric Plant Disease Dataset Advancing AI for Agricultural Sustainability.zip#Turmeric Plant Disease Dataset Advancing AI for Agricultural Sustainability/Turmeric Plant Disease.zip#Turmeric Plant Disease/Healthy Leaf/Healthy Leaf00054.JPG,Healthy,True,EVALUATE_SHARED,
TURM_CROSS_A_TO_B,Image Dataset for Turmeric Plant Leaf Disease Detection,Turmeric Plant Disease Dataset Advancing AI (Original),TURM_04619,DATASET/Turmeric Plant Disease Dataset Advancing AI for Agricultural Sustainability.zip#Turmeric Plant Disease Dataset Advancing AI for Agricultural Sustainability/Turmeric Plant Disease.zip#Turmeric Plant Disease/Healthy Leaf/Healthy Leaf00055.JPG,Healthy,True,EVALUATE_SHARED,
TURM_CROSS_A_TO_B,Image Dataset for Turmeric Plant Leaf Disease Detection,Turmeric Plant Disease Dataset Advancing AI (Original),TURM_04620,DATASET/Turmeric Plant Disease Dataset Advancing AI for Agricultural Sustainability.zip#Turmeric Plant Disease Dataset Advancing AI for Agricultural Sustainability/Turmeric Plant Disease.zip#Turmeric Plant Disease/Healthy Leaf/Healthy Leaf00056.JPG,Healthy,True,EVALUATE_SHARED,
TURM_CROSS_A_TO_B,Image Dataset for Turmeric Plant Leaf Disease Detection,Turmeric Plant Disease Dataset Advancing AI (Original),TURM_04621,DATASET/Turmeric Plant Disease Dataset Advancing AI for Agricultural Sustainability.zip#Turmeric Plant Disease Dataset Advancing AI for Agricultural Sustainability/Turmeric Plant Disease.zip#Turmeric Plant Disease/Healthy Leaf/Healthy Leaf00057.JPG,Healthy,True,EVALUATE_SHARED,
TURM_CROSS_A_TO_B,Image Dataset for Turmeric Plant Leaf Disease Detection,Turmeric Plant Disease Dataset Advancing AI (Original),TURM_04622,DATASET/Turmeric Plant Disease Dataset Advancing AI for Agricultural Sustainability.zip#Turmeric Plant Disease Dataset Advancing AI for Agricultural Sustainability/Turmeric Plant Disease.zip#Turmeric Plant Disease/Healthy Leaf/Healthy Leaf00058.JPG,Healthy,True,EVALUATE_SHARED,
TURM_CROSS_A_TO_B,Image Dataset for Turmeric Plant Leaf Disease Detection,Turmeric Plant Disease Dataset Advancing AI (Original),TURM_04623,DATASET/Turmeric Plant Disease Dataset Advancing AI for Agricultural Sustainability.zip#Turmeric Plant Disease Dataset Advancing AI for Agricultural Sustainability/Turmeric Plant Disease.zip#Turmeric Plant Disease/Healthy Leaf/Healthy Leaf00059.JPG,Healthy,True,EVALUATE_SHARED,
TURM_CROSS_A_TO_B,Image Dataset for Turmeric Plant Leaf Disease Detection,Turmeric Plant Disease Dataset Advancing AI (Original),TURM_04624,DATASET/Turmeric Plant Disease Dataset Advancing AI for Agricultural Sustainability.zip#Turmeric Plant Disease Dataset Advancing AI for Agricultural Sustainability/Turmeric Plant Disease.zip#Turmeric Plant Disease/Healthy Leaf/Healthy Leaf00060.JPG,Healthy,True,EVALUATE_SHARED,
TURM_CROSS_A_TO_B,Image Dataset for Turmeric Plant Leaf Disease Detection,Turmeric Plant Disease Dataset Advancing AI (Original),TURM_04625,DATASET/Turmeric Plant Disease Dataset Advancing AI for Agricultural Sustainability.zip#Turmeric Plant Disease Dataset Advancing AI for Agricultural Sustainability/Turmeric Plant Disease.zip#Turmeric Plant Disease/Healthy Leaf/Healthy Leaf00061.JPG,Healthy,True,EVALUATE_SHARED,
TURM_CROSS_A_TO_B,Image Dataset for Turmeric Plant Leaf Disease Detection,Turmeric Plant Disease Dataset Advancing AI (Original),TURM_04626,DATASET/Turmeric Plant Disease Dataset Advancing AI for Agricultural Sustainability.zip#Turmeric Plant Disease Dataset Advancing AI for Agricultural Sustainability/Turmeric Plant Disease.zip#Turmeric Plant Disease/Healthy Leaf/Healthy Leaf00062.JPG,Healthy,True,EVALUATE_SHARED,
TURM_CROSS_A_TO_B,Image Dataset for Turmeric Plant Leaf Disease Detection,Turmeric Plant Disease Dataset Advancing AI (Original),TURM_04627,DATASET/Turmeric Plant Disease Dataset Advancing AI for Agricultural Sustainability.zip#Turmeric Plant Disease Dataset Advancing AI for Agricultural Sustainability/Turmeric Plant Disease.zip#Turmeric Plant Disease/Healthy Leaf/Healthy Leaf00063.JPG,Healthy,True,EVALUATE_SHARED,
TURM_CROSS_A_TO_B,Image Dataset for Turmeric Plant Leaf Disease Detection,Turmeric Plant Disease Dataset Advancing AI (Original),TURM_04628,DATASET/Turmeric Plant Disease Dataset Advancing AI for Agricultural Sustainability.zip#Turmeric Plant Disease Dataset Advancing AI for Agricultural Sustainability/Turmeric Plant Disease.zip#Turmeric Plant Disease/Healthy Leaf/Healthy Leaf00064.JPG,Healthy,True,EVALUATE_SHARED,
TURM_CROSS_A_TO_B,Image Dataset for Turmeric Plant Leaf Disease Detection,Turmeric Plant Disease Dataset Advancing AI (Original),TURM_04629,DATASET/Turmeric Plant Disease Dataset Advancing AI for Agricultural Sustainability.zip#Turmeric Plant Disease Dataset Advancing AI for Agricultural Sustainability/Turmeric Plant Disease.zip#Turmeric Plant Disease/Healthy Leaf/Healthy Leaf00065.JPG,Healthy,True,EVALUATE_SHARED,
TURM_CROSS_A_TO_B,Image Dataset for Turmeric Plant Leaf Disease Detection,Turmeric Plant Disease Dataset Advancing AI (Original),TURM_04630,DATASET/Turmeric Plant Disease Dataset Advancing AI for Agricultural Sustainability.zip#Turmeric Plant Disease Dataset Advancing AI for Agricultural Sustainability/Turmeric Plant Disease.zip#Turmeric Plant Disease/Healthy Leaf/Healthy Leaf00066.JPG,Healthy,True,EVALUATE_SHARED,
TURM_CROSS_A_TO_B,Image Dataset for Turmeric Plant Leaf Disease Detection,Turmeric Plant Disease Dataset Advancing AI (Original),TURM_04631,DATASET/Turmeric Plant Disease Dataset Advancing AI for Agricultural Sustainability.zip#Turmeric Plant Disease Dataset Advancing AI for Agricultural Sustainability/Turmeric Plant Disease.zip#Turmeric Plant Disease/Healthy Leaf/Healthy Leaf00067.JPG,Healthy,True,EVALUATE_SHARED,
TURM_CROSS_A_TO_B,Image Dataset for Turmeric Plant Leaf Disease Detection,Turmeric Plant Disease Dataset Advancing AI (Original),TURM_04632,DATASET/Turmeric Plant Disease Dataset Advancing AI for Agricultural Sustainability.zip#Turmeric Plant Disease Dataset Advancing AI for Agricultural Sustainability/Turmeric Plant Disease.zip#Turmeric Plant Disease/Healthy Leaf/Healthy Leaf00068.JPG,Healthy,True,EVALUATE_SHARED,
TURM_CROSS_A_TO_B,Image Dataset for Turmeric Plant Leaf Disease Detection,Turmeric Plant Disease Dataset Advancing AI (Original),TURM_04633,DATASET/Turmeric Plant Disease Dataset Advancing AI for Agricultural Sustainability.zip#Turmeric Plant Disease Dataset Advancing AI for Agricultural Sustainability/Turmeric Plant Disease.zip#Turmeric Plant Disease/Healthy Leaf/Healthy Leaf00069.JPG,Healthy,True,EVALUATE_SHARED,
TURM_CROSS_A_TO_B,Image Dataset for Turmeric Plant Leaf Disease Detection,Turmeric Plant Disease Dataset Advancing AI (Original),TURM_04634,DATASET/Turmeric Plant Disease Dataset Advancing AI for Agricultural Sustainability.zip#Turmeric Plant Disease Dataset Advancing AI for Agricultural Sustainability/Turmeric Plant Disease.zip#Turmeric Plant Disease/Healthy Leaf/Healthy Leaf00070.JPG,Healthy,True,EVALUATE_SHARED,
TURM_CROSS_A_TO_B,Image Dataset for Turmeric Plant Leaf Disease Detection,Turmeric Plant Disease Dataset Advancing AI (Original),TURM_04635,DATASET/Turmeric Plant Disease Dataset Advancing AI for Agricultural Sustainability.zip#Turmeric Plant Disease Dataset Advancing AI for Agricultural Sustainability/Turmeric Plant Disease.zip#Turmeric Plant Disease/Healthy Leaf/Healthy Leaf00071.JPG,Healthy,True,EVALUATE_SHARED,
TURM_CROSS_A_TO_B,Image Dataset for Turmeric Plant Leaf Disease Detection,Turmeric Plant Disease Dataset Advancing AI (Original),TURM_04636,DATASET/Turmeric Plant Disease Dataset Advancing AI for Agricultural Sustainability.zip#Turmeric Plant Disease Dataset Advancing AI for Agricultural Sustainability/Turmeric Plant Disease.zip#Turmeric Plant Disease/Healthy Leaf/Healthy Leaf00072.JPG,Healthy,True,EVALUATE_SHARED,
TURM_CROSS_A_TO_B,Image Dataset for Turmeric Plant Leaf Disease Detection,Turmeric Plant Disease Dataset Advancing AI (Original),TURM_04637,DATASET/Turmeric Plant Disease Dataset Advancing AI for Agricultural Sustainability.zip#Turmeric Plant Disease Dataset Advancing AI for Agricultural Sustainability/Turmeric Plant Disease.zip#Turmeric Plant Disease/Healthy Leaf/Healthy Leaf00073.JPG,Healthy,True,EVALUATE_SHARED,
TURM_CROSS_A_TO_B,Image Dataset for Turmeric Plant Leaf Disease Detection,Turmeric Plant Disease Dataset Advancing AI (Original),TURM_04638,DATASET/Turmeric Plant Disease Dataset Advancing AI for Agricultural Sustainability.zip#Turmeric Plant Disease Dataset Advancing AI for Agricultural Sustainability/Turmeric Plant Disease.zip#Turmeric Plant Disease/Healthy Leaf/Healthy Leaf00074.JPG,Healthy,True,EVALUATE_SHARED,
TURM_CROSS_A_TO_B,Image Dataset for Turmeric Plant Leaf Disease Detection,Turmeric Plant Disease Dataset Advancing AI (Original),TURM_04639,DATASET/Turmeric Plant Disease Dataset Advancing AI for Agricultural Sustainability.zip#Turmeric Plant Disease Dataset Advancing AI for Agricultural Sustainability/Turmeric Plant Disease.zip#Turmeric Plant Disease/Healthy Leaf/Healthy Leaf00075.JPG,Healthy,True,EVALUATE_SHARED,
TURM_CROSS_A_TO_B,Image Dataset for Turmeric Plant Leaf Disease Detection,Turmeric Plant Disease Dataset Advancing AI (Original),TURM_04640,DATASET/Turmeric Plant Disease Dataset Advancing AI for Agricultural Sustainability.zip#Turmeric Plant Disease Dataset Advancing AI for Agricultural Sustainability/Turmeric Plant Disease.zip#Turmeric Plant Disease/Healthy Leaf/Healthy Leaf00076.JPG,Healthy,True,EVALUATE_SHARED,
TURM_CROSS_A_TO_B,Image Dataset for Turmeric Plant Leaf Disease Detection,Turmeric Plant Disease Dataset Advancing AI (Original),TURM_04641,DATASET/Turmeric Plant Disease Dataset Advancing AI for Agricultural Sustainability.zip#Turmeric Plant Disease Dataset Advancing AI for Agricultural Sustainability/Turmeric Plant Disease.zip#Turmeric Plant Disease/Healthy Leaf/Healthy Leaf00077.JPG,Healthy,True,EVALUATE_SHARED,
TURM_CROSS_A_TO_B,Image Dataset for Turmeric Plant Leaf Disease Detection,Turmeric Plant Disease Dataset Advancing AI (Original),TURM_04642,DATASET/Turmeric Plant Disease Dataset Advancing AI for Agricultural Sustainability.zip#Turmeric Plant Disease Dataset Advancing AI for Agricultural Sustainability/Turmeric Plant Disease.zip#Turmeric Plant Disease/Healthy Leaf/Healthy Leaf00078.JPG,Healthy,True,EVALUATE_SHARED,
TURM_CROSS_A_TO_B,Image Dataset for Turmeric Plant Leaf Disease Detection,Turmeric Plant Disease Dataset Advancing AI (Original),TURM_04643,DATASET/Turmeric Plant Disease Dataset Advancing AI for Agricultural Sustainability.zip#Turmeric Plant Disease Dataset Advancing AI for Agricultural Sustainability/Turmeric Plant Disease.zip#Turmeric Plant Disease/Healthy Leaf/Healthy Leaf00079.JPG,Healthy,True,EVALUATE_SHARED,
TURM_CROSS_A_TO_B,Image Dataset for Turmeric Plant Leaf Disease Detection,Turmeric Plant Disease Dataset Advancing AI (Original),TURM_04644,DATASET/Turmeric Plant Disease Dataset Advancing AI for Agricultural Sustainability.zip#Turmeric Plant Disease Dataset Advancing AI for Agricultural Sustainability/Turmeric Plant Disease.zip#Turmeric Plant Disease/Healthy Leaf/Healthy Leaf00080.JPG,Healthy,True,EVALUATE_SHARED,
TURM_CROSS_A_TO_B,Image Dataset for Turmeric Plant Leaf Disease Detection,Turmeric Plant Disease Dataset Advancing AI (Original),TURM_04645,DATASET/Turmeric Plant Disease Dataset Advancing AI for Agricultural Sustainability.zip#Turmeric Plant Disease Dataset Advancing AI for Agricultural Sustainability/Turmeric Plant Disease.zip#Turmeric Plant Disease/Healthy Leaf/Healthy Leaf00081.JPG,Healthy,True,EVALUATE_SHARED,
TURM_CROSS_A_TO_B,Image Dataset for Turmeric Plant Leaf Disease Detection,Turmeric Plant Disease Dataset Advancing AI (Original),TURM_04646,DATASET/Turmeric Plant Disease Dataset Advancing AI for Agricultural Sustainability.zip#Turmeric Plant Disease Dataset Advancing AI for Agricultural Sustainability/Turmeric Plant Disease.zip#Turmeric Plant Disease/Healthy Leaf/Healthy Leaf00082.JPG,Healthy,True,EVALUATE_SHARED,
TURM_CROSS_A_TO_B,Image Dataset for Turmeric Plant Leaf Disease Detection,Turmeric Plant Disease Dataset Advancing AI (Original),TURM_04647,DATASET/Turmeric Plant Disease Dataset Advancing AI for Agricultural Sustainability.zip#Turmeric Plant Disease Dataset Advancing AI for Agricultural Sustainability/Turmeric Plant Disease.zip#Turmeric Plant Disease/Healthy Leaf/Healthy Leaf00083.JPG,Healthy,True,EVALUATE_SHARED,
TURM_CROSS_A_TO_B,Image Dataset for Turmeric Plant Leaf Disease Detection,Turmeric Plant Disease Dataset Advancing AI (Original),TURM_04648,DATASET/Turmeric Plant Disease Dataset Advancing AI for Agricultural Sustainability.zip#Turmeric Plant Disease Dataset Advancing AI for Agricultural Sustainability/Turmeric Plant Disease.zip#Turmeric Plant Disease/Healthy Leaf/Healthy Leaf00084.JPG,Healthy,True,EVALUATE_SHARED,
TURM_CROSS_A_TO_B,Image Dataset for Turmeric Plant Leaf Disease Detection,Turmeric Plant Disease Dataset Advancing AI (Original),TURM_04649,DATASET/Turmeric Plant Disease Dataset Advancing AI for Agricultural Sustainability.zip#Turmeric Plant Disease Dataset Advancing AI for Agricultural Sustainability/Turmeric Plant Disease.zip#Turmeric Plant Disease/Healthy Leaf/Healthy Leaf00085.JPG,Healthy,True,EVALUATE_SHARED,
TURM_CROSS_A_TO_B,Image Dataset for Turmeric Plant Leaf Disease Detection,Turmeric Plant Disease Dataset Advancing AI (Original),TURM_04650,DATASET/Turmeric Plant Disease Dataset Advancing AI for Agricultural Sustainability.zip#Turmeric Plant Disease Dataset Advancing AI for Agricultural Sustainability/Turmeric Plant Disease.zip#Turmeric Plant Disease/Healthy Leaf/Healthy Leaf00086.JPG,Healthy,True,EVALUATE_SHARED,
TURM_CROSS_A_TO_B,Image Dataset for Turmeric Plant Leaf Disease Detection,Turmeric Plant Disease Dataset Advancing AI (Original),TURM_04651,DATASET/Turmeric Plant Disease Dataset Advancing AI for Agricultural Sustainability.zip#Turmeric Plant Disease Dataset Advancing AI for Agricultural Sustainability/Turmeric Plant Disease.zip#Turmeric Plant Disease/Healthy Leaf/Healthy Leaf00087.JPG,Healthy,True,EVALUATE_SHARED,
TURM_CROSS_A_TO_B,Image Dataset for Turmeric Plant Leaf Disease Detection,Turmeric Plant Disease Dataset Advancing AI (Original),TURM_04652,DATASET/Turmeric Plant Disease Dataset Advancing AI for Agricultural Sustainability.zip#Turmeric Plant Disease Dataset Advancing AI for Agricultural Sustainability/Turmeric Plant Disease.zip#Turmeric Plant Disease/Healthy Leaf/Healthy Leaf00088.JPG,Healthy,True,EVALUATE_SHARED,
TURM_CROSS_A_TO_B,Image Dataset for Turmeric Plant Leaf Disease Detection,Turmeric Plant Disease Dataset Advancing AI (Original),TURM_04653,DATASET/Turmeric Plant Disease Dataset Advancing AI for Agricultural Sustainability.zip#Turmeric Plant Disease Dataset Advancing AI for Agricultural Sustainability/Turmeric Plant Disease.zip#Turmeric Plant Disease/Healthy Leaf/Healthy Leaf00089.JPG,Healthy,True,EVALUATE_SHARED,
TURM_CROSS_A_TO_B,Image Dataset for Turmeric Plant Leaf Disease Detection,Turmeric Plant Disease Dataset Advancing AI (Original),TURM_04654,DATASET/Turmeric Plant Disease Dataset Advancing AI for Agricultural Sustainability.zip#Turmeric Plant Disease Dataset Advancing AI for Agricultural Sustainability/Turmeric Plant Disease.zip#Turmeric Plant Disease/Healthy Leaf/Healthy Leaf00090.JPG,Healthy,True,EVALUATE_SHARED,
TURM_CROSS_A_TO_B,Image Dataset for Turmeric Plant Leaf Disease Detection,Turmeric Plant Disease Dataset Advancing AI (Original),TURM_04655,DATASET/Turmeric Plant Disease Dataset Advancing AI for Agricultural Sustainability.zip#Turmeric Plant Disease Dataset Advancing AI for Agricultural Sustainability/Turmeric Plant Disease.zip#Turmeric Plant Disease/Healthy Leaf/Healthy Leaf00091.JPG,Healthy,True,EVALUATE_SHARED,
TURM_CROSS_A_TO_B,Image Dataset for Turmeric Plant Leaf Disease Detection,Turmeric Plant Disease Dataset Advancing AI (Original),TURM_04656,DATASET/Turmeric Plant Disease Dataset Advancing AI for Agricultural Sustainability.zip#Turmeric Plant Disease Dataset Advancing AI for Agricultural Sustainability/Turmeric Plant Disease.zip#Turmeric Plant Disease/Healthy Leaf/Healthy Leaf00092.JPG,Healthy,True,EVALUATE_SHARED,
TURM_CROSS_A_TO_B,Image Dataset for Turmeric Plant Leaf Disease Detection,Turmeric Plant Disease Dataset Advancing AI (Original),TURM_04657,DATASET/Turmeric Plant Disease Dataset Advancing AI for Agricultural Sustainability.zip#Turmeric Plant Disease Dataset Advancing AI for Agricultural Sustainability/Turmeric Plant Disease.zip#Turmeric Plant Disease/Healthy Leaf/Healthy Leaf00093.JPG,Healthy,True,EVALUATE_SHARED,
TURM_CROSS_A_TO_B,Image Dataset for Turmeric Plant Leaf Disease Detection,Turmeric Plant Disease Dataset Advancing AI (Original),TURM_04658,DATASET/Turmeric Plant Disease Dataset Advancing AI for Agricultural Sustainability.zip#Turmeric Plant Disease Dataset Advancing AI for Agricultural Sustainability/Turmeric Plant Disease.zip#Turmeric Plant Disease/Healthy Leaf/Healthy Leaf00094.JPG,Healthy,True,EVALUATE_SHARED,
TURM_CROSS_A_TO_B,Image Dataset for Turmeric Plant Leaf Disease Detection,Turmeric Plant Disease Dataset Advancing AI (Original),TURM_04659,DATASET/Turmeric Plant Disease Dataset Advancing AI for Agricultural Sustainability.zip#Turmeric Plant Disease Dataset Advancing AI for Agricultural Sustainability/Turmeric Plant Disease.zip#Turmeric Plant Disease/Healthy Leaf/Healthy Leaf00095.JPG,Healthy,True,EVALUATE_SHARED,
TURM_CROSS_A_TO_B,Image Dataset for Turmeric Plant Leaf Disease Detection,Turmeric Plant Disease Dataset Advancing AI (Original),TURM_04660,DATASET/Turmeric Plant Disease Dataset Advancing AI for Agricultural Sustainability.zip#Turmeric Plant Disease Dataset Advancing AI for Agricultural Sustainability/Turmeric Plant Disease.zip#Turmeric Plant Disease/Healthy Leaf/Healthy Leaf00096.JPG,Healthy,True,EVALUATE_SHARED,
TURM_CROSS_A_TO_B,Image Dataset for Turmeric Plant Leaf Disease Detection,Turmeric Plant Disease Dataset Advancing AI (Original),TURM_04661,DATASET/Turmeric Plant Disease Dataset Advancing AI for Agricultural Sustainability.zip#Turmeric Plant Disease Dataset Advancing AI for Agricultural Sustainability/Turmeric Plant Disease.zip#Turmeric Plant Disease/Healthy Leaf/Healthy Leaf00097.JPG,Healthy,True,EVALUATE_SHARED,
TURM_CROSS_A_TO_B,Image Dataset for Turmeric Plant Leaf Disease Detection,Turmeric Plant Disease Dataset Advancing AI (Original),TURM_04662,DATASET/Turmeric Plant Disease Dataset Advancing AI for Agricultural Sustainability.zip#Turmeric Plant Disease Dataset Advancing AI for Agricultural Sustainability/Turmeric Plant Disease.zip#Turmeric Plant Disease/Healthy Leaf/Healthy Leaf00098.JPG,Healthy,True,EVALUATE_SHARED,
TURM_CROSS_A_TO_B,Image Dataset for Turmeric Plant Leaf Disease Detection,Turmeric Plant Disease Dataset Advancing AI (Original),TURM_04663,DATASET/Turmeric Plant Disease Dataset Advancing AI for Agricultural Sustainability.zip#Turmeric Plant Disease Dataset Advancing AI for Agricultural Sustainability/Turmeric Plant Disease.zip#Turmeric Plant Disease/Healthy Leaf/Healthy Leaf00099.JPG,Healthy,True,EVALUATE_SHARED,
TURM_CROSS_A_TO_B,Image Dataset for Turmeric Plant Leaf Disease Detection,Turmeric Plant Disease Dataset Advancing AI (Original),TURM_04664,DATASET/Turmeric Plant Disease Dataset Advancing AI for Agricultural Sustainability.zip#Turmeric Plant Disease Dataset Advancing AI for Agricultural Sustainability/Turmeric Plant Disease.zip#Turmeric Plant Disease/Healthy Leaf/Healthy Leaf00100.JPG,Healthy,True,EVALUATE_SHARED,
TURM_CROSS_A_TO_B,Image Dataset for Turmeric Plant Leaf Disease Detection,Turmeric Plant Disease Dataset Advancing AI (Original),TURM_04665,DATASET/Turmeric Plant Disease Dataset Advancing AI for Agricultural Sustainability.zip#Turmeric Plant Disease Dataset Advancing AI for Agricultural Sustainability/Turmeric Plant Disease.zip#Turmeric Plant Disease/Healthy Leaf/Healthy Leaf00101.JPG,Healthy,True,EVALUATE_SHARED,
TURM_CROSS_A_TO_B,Image Dataset for Turmeric Plant Leaf Disease Detection,Turmeric Plant Disease Dataset Advancing AI (Original),TURM_04666,DATASET/Turmeric Plant Disease Dataset Advancing AI for Agricultural Sustainability.zip#Turmeric Plant Disease Dataset Advancing AI for Agricultural Sustainability/Turmeric Plant Disease.zip#Turmeric Plant Disease/Healthy Leaf/Healthy Leaf00102.JPG,Healthy,True,EVALUATE_SHARED,
TURM_CROSS_A_TO_B,Image Dataset for Turmeric Plant Leaf Disease Detection,Turmeric Plant Disease Dataset Advancing AI (Original),TURM_04667,DATASET/Turmeric Plant Disease Dataset Advancing AI for Agricultural Sustainability.zip#Turmeric Plant Disease Dataset Advancing AI for Agricultural Sustainability/Turmeric Plant Disease.zip#Turmeric Plant Disease/Healthy Leaf/Healthy Leaf00103.JPG,Healthy,True,EVALUATE_SHARED,
TURM_CROSS_A_TO_B,Image Dataset for Turmeric Plant Leaf Disease Detection,Turmeric Plant Disease Dataset Advancing AI (Original),TURM_04668,DATASET/Turmeric Plant Disease Dataset Advancing AI for Agricultural Sustainability.zip#Turmeric Plant Disease Dataset Advancing AI for Agricultural Sustainability/Turmeric Plant Disease.zip#Turmeric Plant Disease/Healthy Leaf/Healthy Leaf00104.JPG,Healthy,True,EVALUATE_SHARED,
TURM_CROSS_A_TO_B,Image Dataset for Turmeric Plant Leaf Disease Detection,Turmeric Plant Disease Dataset Advancing AI (Original),TURM_04669,DATASET/Turmeric Plant Disease Dataset Advancing AI for Agricultural Sustainability.zip#Turmeric Plant Disease Dataset Advancing AI for Agricultural Sustainability/Turmeric Plant Disease.zip#Turmeric Plant Disease/Healthy Leaf/Healthy Leaf00105.JPG,Healthy,True,EVALUATE_SHARED,
TURM_CROSS_A_TO_B,Image Dataset for Turmeric Plant Leaf Disease Detection,Turmeric Plant Disease Dataset Advancing AI (Original),TURM_04670,DATASET/Turmeric Plant Disease Dataset Advancing AI for Agricultural Sustainability.zip#Turmeric Plant Disease Dataset Advancing AI for Agricultural Sustainability/Turmeric Plant Disease.zip#Turmeric Plant Disease/Healthy Leaf/Healthy Leaf00106.JPG,Healthy,True,EVALUATE_SHARED,
TURM_CROSS_A_TO_B,Image Dataset for Turmeric Plant Leaf Disease Detection,Turmeric Plant Disease Dataset Advancing AI (Original),TURM_04671,DATASET/Turmeric Plant Disease Dataset Advancing AI for Agricultural Sustainability.zip#Turmeric Plant Disease Dataset Advancing AI for Agricultural Sustainability/Turmeric Plant Disease.zip#Turmeric Plant Disease/Healthy Leaf/Healthy Leaf00107.JPG,Healthy,True,EVALUATE_SHARED,
TURM_CROSS_A_TO_B,Image Dataset for Turmeric Plant Leaf Disease Detection,Turmeric Plant Disease Dataset Advancing AI (Original),TURM_04672,DATASET/Turmeric Plant Disease Dataset Advancing AI for Agricultural Sustainability.zip#Turmeric Plant Disease Dataset Advancing AI for Agricultural Sustainability/Turmeric Plant Disease.zip#Turmeric Plant Disease/Healthy Leaf/Healthy Leaf00108.JPG,Healthy,True,EVALUATE_SHARED,
TURM_CROSS_A_TO_B,Image Dataset for Turmeric Plant Leaf Disease Detection,Turmeric Plant Disease Dataset Advancing AI (Original),TURM_04673,DATASET/Turmeric Plant Disease Dataset Advancing AI for Agricultural Sustainability.zip#Turmeric Plant Disease Dataset Advancing AI for Agricultural Sustainability/Turmeric Plant Disease.zip#Turmeric Plant Disease/Healthy Leaf/Healthy Leaf00109.JPG,Healthy,True,EVALUATE_SHARED,
TURM_CROSS_A_TO_B,Image Dataset for Turmeric Plant Leaf Disease Detection,Turmeric Plant Disease Dataset Advancing AI (Original),TURM_04674,DATASET/Turmeric Plant Disease Dataset Advancing AI for Agricultural Sustainability.zip#Turmeric Plant Disease Dataset Advancing AI for Agricultural Sustainability/Turmeric Plant Disease.zip#Turmeric Plant Disease/Healthy Leaf/Healthy Leaf00110.JPG,Healthy,True,EVALUATE_SHARED,
TURM_CROSS_A_TO_B,Image Dataset for Turmeric Plant Leaf Disease Detection,Turmeric Plant Disease Dataset Advancing AI (Original),TURM_04675,DATASET/Turmeric Plant Disease Dataset Advancing AI for Agricultural Sustainability.zip#Turmeric Plant Disease Dataset Advancing AI for Agricultural Sustainability/Turmeric Plant Disease.zip#Turmeric Plant Disease/Healthy Leaf/Healthy Leaf00111.JPG,Healthy,True,EVALUATE_SHARED,
TURM_CROSS_A_TO_B,Image Dataset for Turmeric Plant Leaf Disease Detection,Turmeric Plant Disease Dataset Advancing AI (Original),TURM_04676,DATASET/Turmeric Plant Disease Dataset Advancing AI for Agricultural Sustainability.zip#Turmeric Plant Disease Dataset Advancing AI for Agricultural Sustainability/Turmeric Plant Disease.zip#Turmeric Plant Disease/Healthy Leaf/Healthy Leaf00112.JPG,Healthy,True,EVALUATE_SHARED,
TURM_CROSS_A_TO_B,Image Dataset for Turmeric Plant Leaf Disease Detection,Turmeric Plant Disease Dataset Advancing AI (Original),TURM_04677,DATASET/Turmeric Plant Disease Dataset Advancing AI for Agricultural Sustainability.zip#Turmeric Plant Disease Dataset Advancing AI for Agricultural Sustainability/Turmeric Plant Disease.zip#Turmeric Plant Disease/Healthy Leaf/Healthy Leaf00113.JPG,Healthy,True,EVALUATE_SHARED,
TURM_CROSS_A_TO_B,Image Dataset for Turmeric Plant Leaf Disease Detection,Turmeric Plant Disease Dataset Advancing AI (Original),TURM_04678,DATASET/Turmeric Plant Disease Dataset Advancing AI for Agricultural Sustainability.zip#Turmeric Plant Disease Dataset Advancing AI for Agricultural Sustainability/Turmeric Plant Disease.zip#Turmeric Plant Disease/Healthy Leaf/Healthy Leaf00114.JPG,Healthy,True,EVALUATE_SHARED,
TURM_CROSS_A_TO_B,Image Dataset for Turmeric Plant Leaf Disease Detection,Turmeric Plant Disease Dataset Advancing AI (Original),TURM_04679,DATASET/Turmeric Plant Disease Dataset Advancing AI for Agricultural Sustainability.zip#Turmeric Plant Disease Dataset Advancing AI for Agricultural Sustainability/Turmeric Plant Disease.zip#Turmeric Plant Disease/Healthy Leaf/Healthy Leaf00115.JPG,Healthy,True,EVALUATE_SHARED,
TURM_CROSS_A_TO_B,Image Dataset for Turmeric Plant Leaf Disease Detection,Turmeric Plant Disease Dataset Advancing AI (Original),TURM_04680,DATASET/Turmeric Plant Disease Dataset Advancing AI for Agricultural Sustainability.zip#Turmeric Plant Disease Dataset Advancing AI for Agricultural Sustainability/Turmeric Plant Disease.zip#Turmeric Plant Disease/Healthy Leaf/Healthy Leaf00116.JPG,Healthy,True,EVALUATE_SHARED,
TURM_CROSS_A_TO_B,Image Dataset for Turmeric Plant Leaf Disease Detection,Turmeric Plant Disease Dataset Advancing AI (Original),TURM_04681,DATASET/Turmeric Plant Disease Dataset Advancing AI for Agricultural Sustainability.zip#Turmeric Plant Disease Dataset Advancing AI for Agricultural Sustainability/Turmeric Plant Disease.zip#Turmeric Plant Disease/Healthy Leaf/Healthy Leaf00117.JPG,Healthy,True,EVALUATE_SHARED,
TURM_CROSS_A_TO_B,Image Dataset for Turmeric Plant Leaf Disease Detection,Turmeric Plant Disease Dataset Advancing AI (Original),TURM_04682,DATASET/Turmeric Plant Disease Dataset Advancing AI for Agricultural Sustainability.zip#Turmeric Plant Disease Dataset Advancing AI for Agricultural Sustainability/Turmeric Plant Disease.zip#Turmeric Plant Disease/Healthy Leaf/Healthy Leaf00118.JPG,Healthy,True,EVALUATE_SHARED,
TURM_CROSS_A_TO_B,Image Dataset for Turmeric Plant Leaf Disease Detection,Turmeric Plant Disease Dataset Advancing AI (Original),TURM_04683,DATASET/Turmeric Plant Disease Dataset Advancing AI for Agricultural Sustainability.zip#Turmeric Plant Disease Dataset Advancing AI for Agricultural Sustainability/Turmeric Plant Disease.zip#Turmeric Plant Disease/Healthy Leaf/Healthy Leaf00119.JPG,Healthy,True,EVALUATE_SHARED,
TURM_CROSS_A_TO_B,Image Dataset for Turmeric Plant Leaf Disease Detection,Turmeric Plant Disease Dataset Advancing AI (Original),TURM_04684,DATASET/Turmeric Plant Disease Dataset Advancing AI for Agricultural Sustainability.zip#Turmeric Plant Disease Dataset Advancing AI for Agricultural Sustainability/Turmeric Plant Disease.zip#Turmeric Plant Disease/Healthy Leaf/Healthy Leaf00120.JPG,Healthy,True,EVALUATE_SHARED,
TURM_CROSS_A_TO_B,Image Dataset for Turmeric Plant Leaf Disease Detection,Turmeric Plant Disease Dataset Advancing AI (Original),TURM_04685,DATASET/Turmeric Plant Disease Dataset Advancing AI for Agricultural Sustainability.zip#Turmeric Plant Disease Dataset Advancing AI for Agricultural Sustainability/Turmeric Plant Disease.zip#Turmeric Plant Disease/Healthy Leaf/Healthy Leaf00121.JPG,Healthy,True,EVALUATE_SHARED,
TURM_CROSS_A_TO_B,Image Dataset for Turmeric Plant Leaf Disease Detection,Turmeric Plant Disease Dataset Advancing AI (Original),TURM_04686,DATASET/Turmeric Plant Disease Dataset Advancing AI for Agricultural Sustainability.zip#Turmeric Plant Disease Dataset Advancing AI for Agricultural Sustainability/Turmeric Plant Disease.zip#Turmeric Plant Disease/Healthy Leaf/Healthy Leaf00122.JPG,Healthy,True,EVALUATE_SHARED,
TURM_CROSS_A_TO_B,Image Dataset for Turmeric Plant Leaf Disease Detection,Turmeric Plant Disease Dataset Advancing AI (Original),TURM_04687,DATASET/Turmeric Plant Disease Dataset Advancing AI for Agricultural Sustainability.zip#Turmeric Plant Disease Dataset Advancing AI for Agricultural Sustainability/Turmeric Plant Disease.zip#Turmeric Plant Disease/Healthy Leaf/Healthy Leaf00123.JPG,Healthy,True,EVALUATE_SHARED,
TURM_CROSS_A_TO_B,Image Dataset for Turmeric Plant Leaf Disease Detection,Turmeric Plant Disease Dataset Advancing AI (Original),TURM_04688,DATASET/Turmeric Plant Disease Dataset Advancing AI for Agricultural Sustainability.zip#Turmeric Plant Disease Dataset Advancing AI for Agricultural Sustainability/Turmeric Plant Disease.zip#Turmeric Plant Disease/Healthy Leaf/Healthy Leaf00124.JPG,Healthy,True,EVALUATE_SHARED,
TURM_CROSS_A_TO_B,Image Dataset for Turmeric Plant Leaf Disease Detection,Turmeric Plant Disease Dataset Advancing AI (Original),TURM_04689,DATASET/Turmeric Plant Disease Dataset Advancing AI for Agricultural Sustainability.zip#Turmeric Plant Disease Dataset Advancing AI for Agricultural Sustainability/Turmeric Plant Disease.zip#Turmeric Plant Disease/Healthy Leaf/Healthy Leaf00125.JPG,Healthy,True,EVALUATE_SHARED,
TURM_CROSS_A_TO_B,Image Dataset for Turmeric Plant Leaf Disease Detection,Turmeric Plant Disease Dataset Advancing AI (Original),TURM_04690,DATASET/Turmeric Plant Disease Dataset Advancing AI for Agricultural Sustainability.zip#Turmeric Plant Disease Dataset Advancing AI for Agricultural Sustainability/Turmeric Plant Disease.zip#Turmeric Plant Disease/Healthy Leaf/Healthy Leaf00126.JPG,Healthy,True,EVALUATE_SHARED,
TURM_CROSS_A_TO_B,Image Dataset for Turmeric Plant Leaf Disease Detection,Turmeric Plant Disease Dataset Advancing AI (Original),TURM_04691,DATASET/Turmeric Plant Disease Dataset Advancing AI for Agricultural Sustainability.zip#Turmeric Plant Disease Dataset Advancing AI for Agricultural Sustainability/Turmeric Plant Disease.zip#Turmeric Plant Disease/Healthy Leaf/Healthy Leaf00127.JPG,Healthy,True,EVALUATE_SHARED,
TURM_CROSS_A_TO_B,Image Dataset for Turmeric Plant Leaf Disease Detection,Turmeric Plant Disease Dataset Advancing AI (Original),TURM_04692,DATASET/Turmeric Plant Disease Dataset Advancing AI for Agricultural Sustainability.zip#Turmeric Plant Disease Dataset Advancing AI for Agricultural Sustainability/Turmeric Plant Disease.zip#Turmeric Plant Disease/Healthy Leaf/Healthy Leaf00128.JPG,Healthy,True,EVALUATE_SHARED,
TURM_CROSS_A_TO_B,Image Dataset for Turmeric Plant Leaf Disease Detection,Turmeric Plant Disease Dataset Advancing AI (Original),TURM_04693,DATASET/Turmeric Plant Disease Dataset Advancing AI for Agricultural Sustainability.zip#Turmeric Plant Disease Dataset Advancing AI for Agricultural Sustainability/Turmeric Plant Disease.zip#Turmeric Plant Disease/Healthy Leaf/Healthy Leaf00129.JPG,Healthy,True,EVALUATE_SHARED,
TURM_CROSS_A_TO_B,Image Dataset for Turmeric Plant Leaf Disease Detection,Turmeric Plant Disease Dataset Advancing AI (Original),TURM_04694,DATASET/Turmeric Plant Disease Dataset Advancing AI for Agricultural Sustainability.zip#Turmeric Plant Disease Dataset Advancing AI for Agricultural Sustainability/Turmeric Plant Disease.zip#Turmeric Plant Disease/Healthy Leaf/Healthy Leaf00130.JPG,Healthy,True,EVALUATE_SHARED,
TURM_CROSS_A_TO_B,Image Dataset for Turmeric Plant Leaf Disease Detection,Turmeric Plant Disease Dataset Advancing AI (Original),TURM_04695,DATASET/Turmeric Plant Disease Dataset Advancing AI for Agricultural Sustainability.zip#Turmeric Plant Disease Dataset Advancing AI for Agricultural Sustainability/Turmeric Plant Disease.zip#Turmeric Plant Disease/Healthy Leaf/Healthy Leaf00131.JPG,Healthy,True,EVALUATE_SHARED,
TURM_CROSS_A_TO_B,Image Dataset for Turmeric Plant Leaf Disease Detection,Turmeric Plant Disease Dataset Advancing AI (Original),TURM_04696,DATASET/Turmeric Plant Disease Dataset Advancing AI for Agricultural Sustainability.zip#Turmeric Plant Disease Dataset Advancing AI for Agricultural Sustainability/Turmeric Plant Disease.zip#Turmeric Plant Disease/Healthy Leaf/Healthy Leaf00132.JPG,Healthy,True,EVALUATE_SHARED,
TURM_CROSS_A_TO_B,Image Dataset for Turmeric Plant Leaf Disease Detection,Turmeric Plant Disease Dataset Advancing AI (Original),TURM_04697,DATASET/Turmeric Plant Disease Dataset Advancing AI for Agricultural Sustainability.zip#Turmeric Plant Disease Dataset Advancing AI for Agricultural Sustainability/Turmeric Plant Disease.zip#Turmeric Plant Disease/Healthy Leaf/Healthy Leaf00133.JPG,Healthy,True,EVALUATE_SHARED,
TURM_CROSS_A_TO_B,Image Dataset for Turmeric Plant Leaf Disease Detection,Turmeric Plant Disease Dataset Advancing AI (Original),TURM_04698,DATASET/Turmeric Plant Disease Dataset Advancing AI for Agricultural Sustainability.zip#Turmeric Plant Disease Dataset Advancing AI for Agricultural Sustainability/Turmeric Plant Disease.zip#Turmeric Plant Disease/Healthy Leaf/Healthy Leaf00134.JPG,Healthy,True,EVALUATE_SHARED,
TURM_CROSS_A_TO_B,Image Dataset for Turmeric Plant Leaf Disease Detection,Turmeric Plant Disease Dataset Advancing AI (Original),TURM_04699,DATASET/Turmeric Plant Disease Dataset Advancing AI for Agricultural Sustainability.zip#Turmeric Plant Disease Dataset Advancing AI for Agricultural Sustainability/Turmeric Plant Disease.zip#Turmeric Plant Disease/Healthy Leaf/Healthy Leaf00135.JPG,Healthy,True,EVALUATE_SHARED,
TURM_CROSS_A_TO_B,Image Dataset for Turmeric Plant Leaf Disease Detection,Turmeric Plant Disease Dataset Advancing AI (Original),TURM_04700,DATASET/Turmeric Plant Disease Dataset Advancing AI for Agricultural Sustainability.zip#Turmeric Plant Disease Dataset Advancing AI for Agricultural Sustainability/Turmeric Plant Disease.zip#Turmeric Plant Disease/Healthy Leaf/Healthy Leaf00136.JPG,Healthy,True,EVALUATE_SHARED,
TURM_CROSS_A_TO_B,Image Dataset for Turmeric Plant Leaf Disease Detection,Turmeric Plant Disease Dataset Advancing AI (Original),TURM_04701,DATASET/Turmeric Plant Disease Dataset Advancing AI for Agricultural Sustainability.zip#Turmeric Plant Disease Dataset Advancing AI for Agricultural Sustainability/Turmeric Plant Disease.zip#Turmeric Plant Disease/Healthy Leaf/Healthy Leaf00137.JPG,Healthy,True,EVALUATE_SHARED,
TURM_CROSS_A_TO_B,Image Dataset for Turmeric Plant Leaf Disease Detection,Turmeric Plant Disease Dataset Advancing AI (Original),TURM_04702,DATASET/Turmeric Plant Disease Dataset Advancing AI for Agricultural Sustainability.zip#Turmeric Plant Disease Dataset Advancing AI for Agricultural Sustainability/Turmeric Plant Disease.zip#Turmeric Plant Disease/Healthy Leaf/Healthy Leaf00138.JPG,Healthy,True,EVALUATE_SHARED,
TURM_CROSS_A_TO_B,Image Dataset for Turmeric Plant Leaf Disease Detection,Turmeric Plant Disease Dataset Advancing AI (Original),TURM_04703,DATASET/Turmeric Plant Disease Dataset Advancing AI for Agricultural Sustainability.zip#Turmeric Plant Disease Dataset Advancing AI for Agricultural Sustainability/Turmeric Plant Disease.zip#Turmeric Plant Disease/Healthy Leaf/Healthy Leaf00139.JPG,Healthy,True,EVALUATE_SHARED,
TURM_CROSS_A_TO_B,Image Dataset for Turmeric Plant Leaf Disease Detection,Turmeric Plant Disease Dataset Advancing AI (Original),TURM_04704,DATASET/Turmeric Plant Disease Dataset Advancing AI for Agricultural Sustainability.zip#Turmeric Plant Disease Dataset Advancing AI for Agricultural Sustainability/Turmeric Plant Disease.zip#Turmeric Plant Disease/Healthy Leaf/Healthy Leaf00140.JPG,Healthy,True,EVALUATE_SHARED,
TURM_CROSS_A_TO_B,Image Dataset for Turmeric Plant Leaf Disease Detection,Turmeric Plant Disease Dataset Advancing AI (Original),TURM_04705,DATASET/Turmeric Plant Disease Dataset Advancing AI for Agricultural Sustainability.zip#Turmeric Plant Disease Dataset Advancing AI for Agricultural Sustainability/Turmeric Plant Disease.zip#Turmeric Plant Disease/Healthy Leaf/Healthy Leaf00141.JPG,Healthy,True,EVALUATE_SHARED,
TURM_CROSS_A_TO_B,Image Dataset for Turmeric Plant Leaf Disease Detection,Turmeric Plant Disease Dataset Advancing AI (Original),TURM_04706,DATASET/Turmeric Plant Disease Dataset Advancing AI for Agricultural Sustainability.zip#Turmeric Plant Disease Dataset Advancing AI for Agricultural Sustainability/Turmeric Plant Disease.zip#Turmeric Plant Disease/Healthy Leaf/Healthy Leaf00142.JPG,Healthy,True,EVALUATE_SHARED,
TURM_CROSS_A_TO_B,Image Dataset for Turmeric Plant Leaf Disease Detection,Turmeric Plant Disease Dataset Advancing AI (Original),TURM_04707,DATASET/Turmeric Plant Disease Dataset Advancing AI for Agricultural Sustainability.zip#Turmeric Plant Disease Dataset Advancing AI for Agricultural Sustainability/Turmeric Plant Disease.zip#Turmeric Plant Disease/Healthy Leaf/Healthy Leaf00143.JPG,Healthy,True,EVALUATE_SHARED,
TURM_CROSS_A_TO_B,Image Dataset for Turmeric Plant Leaf Disease Detection,Turmeric Plant Disease Dataset Advancing AI (Original),TURM_04708,DATASET/Turmeric Plant Disease Dataset Advancing AI for Agricultural Sustainability.zip#Turmeric Plant Disease Dataset Advancing AI for Agricultural Sustainability/Turmeric Plant Disease.zip#Turmeric Plant Disease/Healthy Leaf/Healthy Leaf00144.JPG,Healthy,True,EVALUATE_SHARED,
TURM_CROSS_A_TO_B,Image Dataset for Turmeric Plant Leaf Disease Detection,Turmeric Plant Disease Dataset Advancing AI (Original),TURM_04709,DATASET/Turmeric Plant Disease Dataset Advancing AI for Agricultural Sustainability.zip#Turmeric Plant Disease Dataset Advancing AI for Agricultural Sustainability/Turmeric Plant Disease.zip#Turmeric Plant Disease/Healthy Leaf/Healthy Leaf00145.JPG,Healthy,True,EVALUATE_SHARED,
TURM_CROSS_A_TO_B,Image Dataset for Turmeric Plant Leaf Disease Detection,Turmeric Plant Disease Dataset Advancing AI (Original),TURM_04710,DATASET/Turmeric Plant Disease Dataset Advancing AI for Agricultural Sustainability.zip#Turmeric Plant Disease Dataset Advancing AI for Agricultural Sustainability/Turmeric Plant Disease.zip#Turmeric Plant Disease/Healthy Leaf/Healthy Leaf00146.JPG,Healthy,True,EVALUATE_SHARED,
TURM_CROSS_A_TO_B,Image Dataset for Turmeric Plant Leaf Disease Detection,Turmeric Plant Disease Dataset Advancing AI (Original),TURM_04711,DATASET/Turmeric Plant Disease Dataset Advancing AI for Agricultural Sustainability.zip#Turmeric Plant Disease Dataset Advancing AI for Agricultural Sustainability/Turmeric Plant Disease.zip#Turmeric Plant Disease/Healthy Leaf/Healthy Leaf00147.JPG,Healthy,True,EVALUATE_SHARED,
TURM_CROSS_A_TO_B,Image Dataset for Turmeric Plant Leaf Disease Detection,Turmeric Plant Disease Dataset Advancing AI (Original),TURM_04712,DATASET/Turmeric Plant Disease Dataset Advancing AI for Agricultural Sustainability.zip#Turmeric Plant Disease Dataset Advancing AI for Agricultural Sustainability/Turmeric Plant Disease.zip#Turmeric Plant Disease/Healthy Leaf/Healthy Leaf00148.JPG,Healthy,True,EVALUATE_SHARED,
TURM_CROSS_A_TO_B,Image Dataset for Turmeric Plant Leaf Disease Detection,Turmeric Plant Disease Dataset Advancing AI (Original),TURM_04713,DATASET/Turmeric Plant Disease Dataset Advancing AI for Agricultural Sustainability.zip#Turmeric Plant Disease Dataset Advancing AI for Agricultural Sustainability/Turmeric Plant Disease.zip#Turmeric Plant Disease/Healthy Leaf/Healthy Leaf00149.JPG,Healthy,True,EVALUATE_SHARED,
TURM_CROSS_A_TO_B,Image Dataset for Turmeric Plant Leaf Disease Detection,Turmeric Plant Disease Dataset Advancing AI (Original),TURM_04714,DATASET/Turmeric Plant Disease Dataset Advancing AI for Agricultural Sustainability.zip#Turmeric Plant Disease Dataset Advancing AI for Agricultural Sustainability/Turmeric Plant Disease.zip#Turmeric Plant Disease/Healthy Leaf/Healthy Leaf00150.JPG,Healthy,True,EVALUATE_SHARED,
TURM_CROSS_A_TO_B,Image Dataset for Turmeric Plant Leaf Disease Detection,Turmeric Plant Disease Dataset Advancing AI (Original),TURM_04715,DATASET/Turmeric Plant Disease Dataset Advancing AI for Agricultural Sustainability.zip#Turmeric Plant Disease Dataset Advancing AI for Agricultural Sustainability/Turmeric Plant Disease.zip#Turmeric Plant Disease/Healthy Leaf/Healthy Leaf00151.JPG,Healthy,True,EVALUATE_SHARED,
TURM_CROSS_A_TO_B,Image Dataset for Turmeric Plant Leaf Disease Detection,Turmeric Plant Disease Dataset Advancing AI (Original),TURM_04716,DATASET/Turmeric Plant Disease Dataset Advancing AI for Agricultural Sustainability.zip#Turmeric Plant Disease Dataset Advancing AI for Agricultural Sustainability/Turmeric Plant Disease.zip#Turmeric Plant Disease/Healthy Leaf/Healthy Leaf00152.JPG,Healthy,True,EVALUATE_SHARED,
TURM_CROSS_A_TO_B,Image Dataset for Turmeric Plant Leaf Disease Detection,Turmeric Plant Disease Dataset Advancing AI (Original),TURM_04717,DATASET/Turmeric Plant Disease Dataset Advancing AI for Agricultural Sustainability.zip#Turmeric Plant Disease Dataset Advancing AI for Agricultural Sustainability/Turmeric Plant Disease.zip#Turmeric Plant Disease/Healthy Leaf/Healthy Leaf00153.JPG,Healthy,True,EVALUATE_SHARED,
TURM_CROSS_A_TO_B,Image Dataset for Turmeric Plant Leaf Disease Detection,Turmeric Plant Disease Dataset Advancing AI (Original),TURM_04718,DATASET/Turmeric Plant Disease Dataset Advancing AI for Agricultural Sustainability.zip#Turmeric Plant Disease Dataset Advancing AI for Agricultural Sustainability/Turmeric Plant Disease.zip#Turmeric Plant Disease/Healthy Leaf/Healthy Leaf00154.JPG,Healthy,True,EVALUATE_SHARED,
TURM_CROSS_A_TO_B,Image Dataset for Turmeric Plant Leaf Disease Detection,Turmeric Plant Disease Dataset Advancing AI (Original),TURM_04719,DATASET/Turmeric Plant Disease Dataset Advancing AI for Agricultural Sustainability.zip#Turmeric Plant Disease Dataset Advancing AI for Agricultural Sustainability/Turmeric Plant Disease.zip#Turmeric Plant Disease/Healthy Leaf/Healthy Leaf00155.JPG,Healthy,True,EVALUATE_SHARED,
TURM_CROSS_A_TO_B,Image Dataset for Turmeric Plant Leaf Disease Detection,Turmeric Plant Disease Dataset Advancing AI (Original),TURM_04720,DATASET/Turmeric Plant Disease Dataset Advancing AI for Agricultural Sustainability.zip#Turmeric Plant Disease Dataset Advancing AI for Agricultural Sustainability/Turmeric Plant Disease.zip#Turmeric Plant Disease/Healthy Leaf/Healthy Leaf00156.JPG,Healthy,True,EVALUATE_SHARED,
TURM_CROSS_A_TO_B,Image Dataset for Turmeric Plant Leaf Disease Detection,Turmeric Plant Disease Dataset Advancing AI (Original),TURM_04721,DATASET/Turmeric Plant Disease Dataset Advancing AI for Agricultural Sustainability.zip#Turmeric Plant Disease Dataset Advancing AI for Agricultural Sustainability/Turmeric Plant Disease.zip#Turmeric Plant Disease/Healthy Leaf/Healthy Leaf00157.JPG,Healthy,True,EVALUATE_SHARED,
TURM_CROSS_A_TO_B,Image Dataset for Turmeric Plant Leaf Disease Detection,Turmeric Plant Disease Dataset Advancing AI (Original),TURM_04722,DATASET/Turmeric Plant Disease Dataset Advancing AI for Agricultural Sustainability.zip#Turmeric Plant Disease Dataset Advancing AI for Agricultural Sustainability/Turmeric Plant Disease.zip#Turmeric Plant Disease/Healthy Leaf/Healthy Leaf00158.JPG,Healthy,True,EVALUATE_SHARED,
TURM_CROSS_A_TO_B,Image Dataset for Turmeric Plant Leaf Disease Detection,Turmeric Plant Disease Dataset Advancing AI (Original),TURM_04723,DATASET/Turmeric Plant Disease Dataset Advancing AI for Agricultural Sustainability.zip#Turmeric Plant Disease Dataset Advancing AI for Agricultural Sustainability/Turmeric Plant Disease.zip#Turmeric Plant Disease/Healthy Leaf/Healthy Leaf00159.JPG,Healthy,True,EVALUATE_SHARED,
TURM_CROSS_A_TO_B,Image Dataset for Turmeric Plant Leaf Disease Detection,Turmeric Plant Disease Dataset Advancing AI (Original),TURM_04724,DATASET/Turmeric Plant Disease Dataset Advancing AI for Agricultural Sustainability.zip#Turmeric Plant Disease Dataset Advancing AI for Agricultural Sustainability/Turmeric Plant Disease.zip#Turmeric Plant Disease/Healthy Leaf/Healthy Leaf00160.JPG,Healthy,True,EVALUATE_SHARED,
TURM_CROSS_A_TO_B,Image Dataset for Turmeric Plant Leaf Disease Detection,Turmeric Plant Disease Dataset Advancing AI (Original),TURM_04725,DATASET/Turmeric Plant Disease Dataset Advancing AI for Agricultural Sustainability.zip#Turmeric Plant Disease Dataset Advancing AI for Agricultural Sustainability/Turmeric Plant Disease.zip#Turmeric Plant Disease/Healthy Leaf/Healthy Leaf00161.JPG,Healthy,True,EVALUATE_SHARED,
TURM_CROSS_A_TO_B,Image Dataset for Turmeric Plant Leaf Disease Detection,Turmeric Plant Disease Dataset Advancing AI (Original),TURM_04726,DATASET/Turmeric Plant Disease Dataset Advancing AI for Agricultural Sustainability.zip#Turmeric Plant Disease Dataset Advancing AI for Agricultural Sustainability/Turmeric Plant Disease.zip#Turmeric Plant Disease/Healthy Leaf/Healthy Leaf00162.JPG,Healthy,True,EVALUATE_SHARED,
TURM_CROSS_A_TO_B,Image Dataset for Turmeric Plant Leaf Disease Detection,Turmeric Plant Disease Dataset Advancing AI (Original),TURM_04727,DATASET/Turmeric Plant Disease Dataset Advancing AI for Agricultural Sustainability.zip#Turmeric Plant Disease Dataset Advancing AI for Agricultural Sustainability/Turmeric Plant Disease.zip#Turmeric Plant Disease/Healthy Leaf/Healthy Leaf00163.JPG,Healthy,True,EVALUATE_SHARED,
TURM_CROSS_A_TO_B,Image Dataset for Turmeric Plant Leaf Disease Detection,Turmeric Plant Disease Dataset Advancing AI (Original),TURM_04728,DATASET/Turmeric Plant Disease Dataset Advancing AI for Agricultural Sustainability.zip#Turmeric Plant Disease Dataset Advancing AI for Agricultural Sustainability/Turmeric Plant Disease.zip#Turmeric Plant Disease/Healthy Leaf/Healthy Leaf00164.JPG,Healthy,True,EVALUATE_SHARED,
TURM_CROSS_A_TO_B,Image Dataset for Turmeric Plant Leaf Disease Detection,Turmeric Plant Disease Dataset Advancing AI (Original),TURM_04729,DATASET/Turmeric Plant Disease Dataset Advancing AI for Agricultural Sustainability.zip#Turmeric Plant Disease Dataset Advancing AI for Agricultural Sustainability/Turmeric Plant Disease.zip#Turmeric Plant Disease/Healthy Leaf/Healthy Leaf00165.JPG,Healthy,True,EVALUATE_SHARED,
TURM_CROSS_A_TO_B,Image Dataset for Turmeric Plant Leaf Disease Detection,Turmeric Plant Disease Dataset Advancing AI (Original),TURM_04730,DATASET/Turmeric Plant Disease Dataset Advancing AI for Agricultural Sustainability.zip#Turmeric Plant Disease Dataset Advancing AI for Agricultural Sustainability/Turmeric Plant Disease.zip#Turmeric Plant Disease/Healthy Leaf/Healthy Leaf00166.JPG,Healthy,True,EVALUATE_SHARED,
TURM_CROSS_A_TO_B,Image Dataset for Turmeric Plant Leaf Disease Detection,Turmeric Plant Disease Dataset Advancing AI (Original),TURM_04731,DATASET/Turmeric Plant Disease Dataset Advancing AI for Agricultural Sustainability.zip#Turmeric Plant Disease Dataset Advancing AI for Agricultural Sustainability/Turmeric Plant Disease.zip#Turmeric Plant Disease/Healthy Leaf/Healthy Leaf00167.JPG,Healthy,True,EVALUATE_SHARED,
TURM_CROSS_A_TO_B,Image Dataset for Turmeric Plant Leaf Disease Detection,Turmeric Plant Disease Dataset Advancing AI (Original),TURM_04732,DATASET/Turmeric Plant Disease Dataset Advancing AI for Agricultural Sustainability.zip#Turmeric Plant Disease Dataset Advancing AI for Agricultural Sustainability/Turmeric Plant Disease.zip#Turmeric Plant Disease/Healthy Leaf/Healthy Leaf00168.JPG,Healthy,True,EVALUATE_SHARED,
TURM_CROSS_A_TO_B,Image Dataset for Turmeric Plant Leaf Disease Detection,Turmeric Plant Disease Dataset Advancing AI (Original),TURM_04733,DATASET/Turmeric Plant Disease Dataset Advancing AI for Agricultural Sustainability.zip#Turmeric Plant Disease Dataset Advancing AI for Agricultural Sustainability/Turmeric Plant Disease.zip#Turmeric Plant Disease/Healthy Leaf/Healthy Leaf00169.JPG,Healthy,True,EVALUATE_SHARED,
TURM_CROSS_A_TO_B,Image Dataset for Turmeric Plant Leaf Disease Detection,Turmeric Plant Disease Dataset Advancing AI (Original),TURM_04734,DATASET/Turmeric Plant Disease Dataset Advancing AI for Agricultural Sustainability.zip#Turmeric Plant Disease Dataset Advancing AI for Agricultural Sustainability/Turmeric Plant Disease.zip#Turmeric Plant Disease/Healthy Leaf/Healthy Leaf00170.JPG,Healthy,True,EVALUATE_SHARED,
TURM_CROSS_A_TO_B,Image Dataset for Turmeric Plant Leaf Disease Detection,Turmeric Plant Disease Dataset Advancing AI (Original),TURM_04735,DATASET/Turmeric Plant Disease Dataset Advancing AI for Agricultural Sustainability.zip#Turmeric Plant Disease Dataset Advancing AI for Agricultural Sustainability/Turmeric Plant Disease.zip#Turmeric Plant Disease/Healthy Leaf/Healthy Leaf00171.JPG,Healthy,True,EVALUATE_SHARED,
TURM_CROSS_A_TO_B,Image Dataset for Turmeric Plant Leaf Disease Detection,Turmeric Plant Disease Dataset Advancing AI (Original),TURM_04736,DATASET/Turmeric Plant Disease Dataset Advancing AI for Agricultural Sustainability.zip#Turmeric Plant Disease Dataset Advancing AI for Agricultural Sustainability/Turmeric Plant Disease.zip#Turmeric Plant Disease/Healthy Leaf/Healthy Leaf00172.JPG,Healthy,True,EVALUATE_SHARED,
TURM_CROSS_A_TO_B,Image Dataset for Turmeric Plant Leaf Disease Detection,Turmeric Plant Disease Dataset Advancing AI (Original),TURM_04737,DATASET/Turmeric Plant Disease Dataset Advancing AI for Agricultural Sustainability.zip#Turmeric Plant Disease Dataset Advancing AI for Agricultural Sustainability/Turmeric Plant Disease.zip#Turmeric Plant Disease/Healthy Leaf/Healthy Leaf00173.JPG,Healthy,True,EVALUATE_SHARED,
TURM_CROSS_A_TO_B,Image Dataset for Turmeric Plant Leaf Disease Detection,Turmeric Plant Disease Dataset Advancing AI (Original),TURM_04738,DATASET/Turmeric Plant Disease Dataset Advancing AI for Agricultural Sustainability.zip#Turmeric Plant Disease Dataset Advancing AI for Agricultural Sustainability/Turmeric Plant Disease.zip#Turmeric Plant Disease/Healthy Leaf/Healthy Leaf00174.JPG,Healthy,True,EVALUATE_SHARED,
TURM_CROSS_A_TO_B,Image Dataset for Turmeric Plant Leaf Disease Detection,Turmeric Plant Disease Dataset Advancing AI (Original),TURM_04739,DATASET/Turmeric Plant Disease Dataset Advancing AI for Agricultural Sustainability.zip#Turmeric Plant Disease Dataset Advancing AI for Agricultural Sustainability/Turmeric Plant Disease.zip#Turmeric Plant Disease/Healthy Leaf/Healthy Leaf00175.JPG,Healthy,True,EVALUATE_SHARED,
TURM_CROSS_A_TO_B,Image Dataset for Turmeric Plant Leaf Disease Detection,Turmeric Plant Disease Dataset Advancing AI (Original),TURM_04740,DATASET/Turmeric Plant Disease Dataset Advancing AI for Agricultural Sustainability.zip#Turmeric Plant Disease Dataset Advancing AI for Agricultural Sustainability/Turmeric Plant Disease.zip#Turmeric Plant Disease/Healthy Leaf/Healthy Leaf00176.JPG,Healthy,True,EVALUATE_SHARED,
TURM_CROSS_A_TO_B,Image Dataset for Turmeric Plant Leaf Disease Detection,Turmeric Plant Disease Dataset Advancing AI (Original),TURM_04741,DATASET/Turmeric Plant Disease Dataset Advancing AI for Agricultural Sustainability.zip#Turmeric Plant Disease Dataset Advancing AI for Agricultural Sustainability/Turmeric Plant Disease.zip#Turmeric Plant Disease/Healthy Leaf/Healthy Leaf00177.JPG,Healthy,True,EVALUATE_SHARED,
TURM_CROSS_A_TO_B,Image Dataset for Turmeric Plant Leaf Disease Detection,Turmeric Plant Disease Dataset Advancing AI (Original),TURM_04742,DATASET/Turmeric Plant Disease Dataset Advancing AI for Agricultural Sustainability.zip#Turmeric Plant Disease Dataset Advancing AI for Agricultural Sustainability/Turmeric Plant Disease.zip#Turmeric Plant Disease/Healthy Leaf/Healthy Leaf00178.JPG,Healthy,True,EVALUATE_SHARED,
TURM_CROSS_A_TO_B,Image Dataset for Turmeric Plant Leaf Disease Detection,Turmeric Plant Disease Dataset Advancing AI (Original),TURM_04743,DATASET/Turmeric Plant Disease Dataset Advancing AI for Agricultural Sustainability.zip#Turmeric Plant Disease Dataset Advancing AI for Agricultural Sustainability/Turmeric Plant Disease.zip#Turmeric Plant Disease/Healthy Leaf/Healthy Leaf00179.JPG,Healthy,True,EVALUATE_SHARED,
TURM_CROSS_A_TO_B,Image Dataset for Turmeric Plant Leaf Disease Detection,Turmeric Plant Disease Dataset Advancing AI (Original),TURM_04744,DATASET/Turmeric Plant Disease Dataset Advancing AI for Agricultural Sustainability.zip#Turmeric Plant Disease Dataset Advancing AI for Agricultural Sustainability/Turmeric Plant Disease.zip#Turmeric Plant Disease/Healthy Leaf/Healthy Leaf00180.JPG,Healthy,True,EVALUATE_SHARED,
TURM_CROSS_A_TO_B,Image Dataset for Turmeric Plant Leaf Disease Detection,Turmeric Plant Disease Dataset Advancing AI (Original),TURM_04745,DATASET/Turmeric Plant Disease Dataset Advancing AI for Agricultural Sustainability.zip#Turmeric Plant Disease Dataset Advancing AI for Agricultural Sustainability/Turmeric Plant Disease.zip#Turmeric Plant Disease/Healthy Leaf/Healthy Leaf00181.JPG,Healthy,True,EVALUATE_SHARED,
TURM_CROSS_A_TO_B,Image Dataset for Turmeric Plant Leaf Disease Detection,Turmeric Plant Disease Dataset Advancing AI (Original),TURM_04746,DATASET/Turmeric Plant Disease Dataset Advancing AI for Agricultural Sustainability.zip#Turmeric Plant Disease Dataset Advancing AI for Agricultural Sustainability/Turmeric Plant Disease.zip#Turmeric Plant Disease/Healthy Leaf/Healthy Leaf00182.JPG,Healthy,True,EVALUATE_SHARED,
TURM_CROSS_A_TO_B,Image Dataset for Turmeric Plant Leaf Disease Detection,Turmeric Plant Disease Dataset Advancing AI (Original),TURM_04747,DATASET/Turmeric Plant Disease Dataset Advancing AI for Agricultural Sustainability.zip#Turmeric Plant Disease Dataset Advancing AI for Agricultural Sustainability/Turmeric Plant Disease.zip#Turmeric Plant Disease/Healthy Leaf/Healthy Leaf00183.JPG,Healthy,True,EVALUATE_SHARED,
TURM_CROSS_A_TO_B,Image Dataset for Turmeric Plant Leaf Disease Detection,Turmeric Plant Disease Dataset Advancing AI (Original),TURM_04748,DATASET/Turmeric Plant Disease Dataset Advancing AI for Agricultural Sustainability.zip#Turmeric Plant Disease Dataset Advancing AI for Agricultural Sustainability/Turmeric Plant Disease.zip#Turmeric Plant Disease/Healthy Leaf/Healthy Leaf00184.JPG,Healthy,True,EVALUATE_SHARED,
TURM_CROSS_A_TO_B,Image Dataset for Turmeric Plant Leaf Disease Detection,Turmeric Plant Disease Dataset Advancing AI (Original),TURM_04749,DATASET/Turmeric Plant Disease Dataset Advancing AI for Agricultural Sustainability.zip#Turmeric Plant Disease Dataset Advancing AI for Agricultural Sustainability/Turmeric Plant Disease.zip#Turmeric Plant Disease/Healthy Leaf/Healthy Leaf00185.JPG,Healthy,True,EVALUATE_SHARED,
TURM_CROSS_A_TO_B,Image Dataset for Turmeric Plant Leaf Disease Detection,Turmeric Plant Disease Dataset Advancing AI (Original),TURM_04750,DATASET/Turmeric Plant Disease Dataset Advancing AI for Agricultural Sustainability.zip#Turmeric Plant Disease Dataset Advancing AI for Agricultural Sustainability/Turmeric Plant Disease.zip#Turmeric Plant Disease/Healthy Leaf/Healthy Leaf00186.JPG,Healthy,True,EVALUATE_SHARED,
TURM_CROSS_A_TO_B,Image Dataset for Turmeric Plant Leaf Disease Detection,Turmeric Plant Disease Dataset Advancing AI (Original),TURM_04751,DATASET/Turmeric Plant Disease Dataset Advancing AI for Agricultural Sustainability.zip#Turmeric Plant Disease Dataset Advancing AI for Agricultural Sustainability/Turmeric Plant Disease.zip#Turmeric Plant Disease/Healthy Leaf/Healthy Leaf00187.JPG,Healthy,True,EVALUATE_SHARED,
TURM_CROSS_A_TO_B,Image Dataset for Turmeric Plant Leaf Disease Detection,Turmeric Plant Disease Dataset Advancing AI (Original),TURM_04752,DATASET/Turmeric Plant Disease Dataset Advancing AI for Agricultural Sustainability.zip#Turmeric Plant Disease Dataset Advancing AI for Agricultural Sustainability/Turmeric Plant Disease.zip#Turmeric Plant Disease/Healthy Leaf/Healthy Leaf00188.JPG,Healthy,True,EVALUATE_SHARED,
TURM_CROSS_A_TO_B,Image Dataset for Turmeric Plant Leaf Disease Detection,Turmeric Plant Disease Dataset Advancing AI (Original),TURM_04753,DATASET/Turmeric Plant Disease Dataset Advancing AI for Agricultural Sustainability.zip#Turmeric Plant Disease Dataset Advancing AI for Agricultural Sustainability/Turmeric Plant Disease.zip#Turmeric Plant Disease/Healthy Leaf/Healthy Leaf00189.JPG,Healthy,True,EVALUATE_SHARED,
TURM_CROSS_A_TO_B,Image Dataset for Turmeric Plant Leaf Disease Detection,Turmeric Plant Disease Dataset Advancing AI (Original),TURM_04754,DATASET/Turmeric Plant Disease Dataset Advancing AI for Agricultural Sustainability.zip#Turmeric Plant Disease Dataset Advancing AI for Agricultural Sustainability/Turmeric Plant Disease.zip#Turmeric Plant Disease/Healthy Leaf/Healthy Leaf00190.JPG,Healthy,True,EVALUATE_SHARED,
TURM_CROSS_A_TO_B,Image Dataset for Turmeric Plant Leaf Disease Detection,Turmeric Plant Disease Dataset Advancing AI (Original),TURM_04755,DATASET/Turmeric Plant Disease Dataset Advancing AI for Agricultural Sustainability.zip#Turmeric Plant Disease Dataset Advancing AI for Agricultural Sustainability/Turmeric Plant Disease.zip#Turmeric Plant Disease/Healthy Leaf/Healthy Leaf00191.JPG,Healthy,True,EVALUATE_SHARED,
TURM_CROSS_A_TO_B,Image Dataset for Turmeric Plant Leaf Disease Detection,Turmeric Plant Disease Dataset Advancing AI (Original),TURM_04756,DATASET/Turmeric Plant Disease Dataset Advancing AI for Agricultural Sustainability.zip#Turmeric Plant Disease Dataset Advancing AI for Agricultural Sustainability/Turmeric Plant Disease.zip#Turmeric Plant Disease/Healthy Leaf/Healthy Leaf00192.JPG,Healthy,True,EVALUATE_SHARED,
TURM_CROSS_A_TO_B,Image Dataset for Turmeric Plant Leaf Disease Detection,Turmeric Plant Disease Dataset Advancing AI (Original),TURM_04757,DATASET/Turmeric Plant Disease Dataset Advancing AI for Agricultural Sustainability.zip#Turmeric Plant Disease Dataset Advancing AI for Agricultural Sustainability/Turmeric Plant Disease.zip#Turmeric Plant Disease/Healthy Leaf/Healthy Leaf00193.JPG,Healthy,True,EVALUATE_SHARED,
TURM_CROSS_A_TO_B,Image Dataset for Turmeric Plant Leaf Disease Detection,Turmeric Plant Disease Dataset Advancing AI (Original),TURM_04758,DATASET/Turmeric Plant Disease Dataset Advancing AI for Agricultural Sustainability.zip#Turmeric Plant Disease Dataset Advancing AI for Agricultural Sustainability/Turmeric Plant Disease.zip#Turmeric Plant Disease/Healthy Leaf/Healthy Leaf00194.JPG,Healthy,True,EVALUATE_SHARED,
TURM_CROSS_A_TO_B,Image Dataset for Turmeric Plant Leaf Disease Detection,Turmeric Plant Disease Dataset Advancing AI (Original),TURM_04759,DATASET/Turmeric Plant Disease Dataset Advancing AI for Agricultural Sustainability.zip#Turmeric Plant Disease Dataset Advancing AI for Agricultural Sustainability/Turmeric Plant Disease.zip#Turmeric Plant Disease/Healthy Leaf/Healthy Leaf00195.JPG,Healthy,True,EVALUATE_SHARED,
TURM_CROSS_A_TO_B,Image Dataset for Turmeric Plant Leaf Disease Detection,Turmeric Plant Disease Dataset Advancing AI (Original),TURM_04760,DATASET/Turmeric Plant Disease Dataset Advancing AI for Agricultural Sustainability.zip#Turmeric Plant Disease Dataset Advancing AI for Agricultural Sustainability/Turmeric Plant Disease.zip#Turmeric Plant Disease/Healthy Leaf/Healthy Leaf00196.JPG,Healthy,True,EVALUATE_SHARED,
TURM_CROSS_A_TO_B,Image Dataset for Turmeric Plant Leaf Disease Detection,Turmeric Plant Disease Dataset Advancing AI (Original),TURM_04761,DATASET/Turmeric Plant Disease Dataset Advancing AI for Agricultural Sustainability.zip#Turmeric Plant Disease Dataset Advancing AI for Agricultural Sustainability/Turmeric Plant Disease.zip#Turmeric Plant Disease/Healthy Leaf/Healthy Leaf00197.JPG,Healthy,True,EVALUATE_SHARED,
TURM_CROSS_A_TO_B,Image Dataset for Turmeric Plant Leaf Disease Detection,Turmeric Plant Disease Dataset Advancing AI (Original),TURM_04762,DATASET/Turmeric Plant Disease Dataset Advancing AI for Agricultural Sustainability.zip#Turmeric Plant Disease Dataset Advancing AI for Agricultural Sustainability/Turmeric Plant Disease.zip#Turmeric Plant Disease/Leaf Blotch/Leaf Blotch00001.JPG,Leaf Blotch,True,EVALUATE_SHARED,
TURM_CROSS_A_TO_B,Image Dataset for Turmeric Plant Leaf Disease Detection,Turmeric Plant Disease Dataset Advancing AI (Original),TURM_04763,DATASET/Turmeric Plant Disease Dataset Advancing AI for Agricultural Sustainability.zip#Turmeric Plant Disease Dataset Advancing AI for Agricultural Sustainability/Turmeric Plant Disease.zip#Turmeric Plant Disease/Leaf Blotch/Leaf Blotch00002.JPG,Leaf Blotch,True,EVALUATE_SHARED,
TURM_CROSS_A_TO_B,Image Dataset for Turmeric Plant Leaf Disease Detection,Turmeric Plant Disease Dataset Advancing AI (Original),TURM_04764,DATASET/Turmeric Plant Disease Dataset Advancing AI for Agricultural Sustainability.zip#Turmeric Plant Disease Dataset Advancing AI for Agricultural Sustainability/Turmeric Plant Disease.zip#Turmeric Plant Disease/Leaf Blotch/Leaf Blotch00003.JPG,Leaf Blotch,True,EVALUATE_SHARED,
TURM_CROSS_A_TO_B,Image Dataset for Turmeric Plant Leaf Disease Detection,Turmeric Plant Disease Dataset Advancing AI (Original),TURM_04765,DATASET/Turmeric Plant Disease Dataset Advancing AI for Agricultural Sustainability.zip#Turmeric Plant Disease Dataset Advancing AI for Agricultural Sustainability/Turmeric Plant Disease.zip#Turmeric Plant Disease/Leaf Blotch/Leaf Blotch00004.JPG,Leaf Blotch,True,EVALUATE_SHARED,
TURM_CROSS_A_TO_B,Image Dataset for Turmeric Plant Leaf Disease Detection,Turmeric Plant Disease Dataset Advancing AI (Original),TURM_04766,DATASET/Turmeric Plant Disease Dataset Advancing AI for Agricultural Sustainability.zip#Turmeric Plant Disease Dataset Advancing AI for Agricultural Sustainability/Turmeric Plant Disease.zip#Turmeric Plant Disease/Leaf Blotch/Leaf Blotch00005.JPG,Leaf Blotch,True,EVALUATE_SHARED,
TURM_CROSS_A_TO_B,Image Dataset for Turmeric Plant Leaf Disease Detection,Turmeric Plant Disease Dataset Advancing AI (Original),TURM_04767,DATASET/Turmeric Plant Disease Dataset Advancing AI for Agricultural Sustainability.zip#Turmeric Plant Disease Dataset Advancing AI for Agricultural Sustainability/Turmeric Plant Disease.zip#Turmeric Plant Disease/Leaf Blotch/Leaf Blotch00006.JPG,Leaf Blotch,True,EVALUATE_SHARED,
TURM_CROSS_A_TO_B,Image Dataset for Turmeric Plant Leaf Disease Detection,Turmeric Plant Disease Dataset Advancing AI (Original),TURM_04768,DATASET/Turmeric Plant Disease Dataset Advancing AI for Agricultural Sustainability.zip#Turmeric Plant Disease Dataset Advancing AI for Agricultural Sustainability/Turmeric Plant Disease.zip#Turmeric Plant Disease/Leaf Blotch/Leaf Blotch00007.JPG,Leaf Blotch,True,EVALUATE_SHARED,
TURM_CROSS_A_TO_B,Image Dataset for Turmeric Plant Leaf Disease Detection,Turmeric Plant Disease Dataset Advancing AI (Original),TURM_04769,DATASET/Turmeric Plant Disease Dataset Advancing AI for Agricultural Sustainability.zip#Turmeric Plant Disease Dataset Advancing AI for Agricultural Sustainability/Turmeric Plant Disease.zip#Turmeric Plant Disease/Leaf Blotch/Leaf Blotch00008.JPG,Leaf Blotch,True,EVALUATE_SHARED,
TURM_CROSS_A_TO_B,Image Dataset for Turmeric Plant Leaf Disease Detection,Turmeric Plant Disease Dataset Advancing AI (Original),TURM_04770,DATASET/Turmeric Plant Disease Dataset Advancing AI for Agricultural Sustainability.zip#Turmeric Plant Disease Dataset Advancing AI for Agricultural Sustainability/Turmeric Plant Disease.zip#Turmeric Plant Disease/Leaf Blotch/Leaf Blotch00009.JPG,Leaf Blotch,True,EVALUATE_SHARED,
TURM_CROSS_A_TO_B,Image Dataset for Turmeric Plant Leaf Disease Detection,Turmeric Plant Disease Dataset Advancing AI (Original),TURM_04771,DATASET/Turmeric Plant Disease Dataset Advancing AI for Agricultural Sustainability.zip#Turmeric Plant Disease Dataset Advancing AI for Agricultural Sustainability/Turmeric Plant Disease.zip#Turmeric Plant Disease/Leaf Blotch/Leaf Blotch00010.JPG,Leaf Blotch,True,EVALUATE_SHARED,
TURM_CROSS_A_TO_B,Image Dataset for Turmeric Plant Leaf Disease Detection,Turmeric Plant Disease Dataset Advancing AI (Original),TURM_04772,DATASET/Turmeric Plant Disease Dataset Advancing AI for Agricultural Sustainability.zip#Turmeric Plant Disease Dataset Advancing AI for Agricultural Sustainability/Turmeric Plant Disease.zip#Turmeric Plant Disease/Leaf Blotch/Leaf Blotch00011.JPG,Leaf Blotch,True,EVALUATE_SHARED,
TURM_CROSS_A_TO_B,Image Dataset for Turmeric Plant Leaf Disease Detection,Turmeric Plant Disease Dataset Advancing AI (Original),TURM_04773,DATASET/Turmeric Plant Disease Dataset Advancing AI for Agricultural Sustainability.zip#Turmeric Plant Disease Dataset Advancing AI for Agricultural Sustainability/Turmeric Plant Disease.zip#Turmeric Plant Disease/Leaf Blotch/Leaf Blotch00012.JPG,Leaf Blotch,True,EVALUATE_SHARED,
TURM_CROSS_A_TO_B,Image Dataset for Turmeric Plant Leaf Disease Detection,Turmeric Plant Disease Dataset Advancing AI (Original),TURM_04774,DATASET/Turmeric Plant Disease Dataset Advancing AI for Agricultural Sustainability.zip#Turmeric Plant Disease Dataset Advancing AI for Agricultural Sustainability/Turmeric Plant Disease.zip#Turmeric Plant Disease/Leaf Blotch/Leaf Blotch00013.JPG,Leaf Blotch,True,EVALUATE_SHARED,
TURM_CROSS_A_TO_B,Image Dataset for Turmeric Plant Leaf Disease Detection,Turmeric Plant Disease Dataset Advancing AI (Original),TURM_04775,DATASET/Turmeric Plant Disease Dataset Advancing AI for Agricultural Sustainability.zip#Turmeric Plant Disease Dataset Advancing AI for Agricultural Sustainability/Turmeric Plant Disease.zip#Turmeric Plant Disease/Leaf Blotch/Leaf Blotch00014.JPG,Leaf Blotch,True,EVALUATE_SHARED,
TURM_CROSS_A_TO_B,Image Dataset for Turmeric Plant Leaf Disease Detection,Turmeric Plant Disease Dataset Advancing AI (Original),TURM_04776,DATASET/Turmeric Plant Disease Dataset Advancing AI for Agricultural Sustainability.zip#Turmeric Plant Disease Dataset Advancing AI for Agricultural Sustainability/Turmeric Plant Disease.zip#Turmeric Plant Disease/Leaf Blotch/Leaf Blotch00015.JPG,Leaf Blotch,True,EVALUATE_SHARED,
TURM_CROSS_A_TO_B,Image Dataset for Turmeric Plant Leaf Disease Detection,Turmeric Plant Disease Dataset Advancing AI (Original),TURM_04777,DATASET/Turmeric Plant Disease Dataset Advancing AI for Agricultural Sustainability.zip#Turmeric Plant Disease Dataset Advancing AI for Agricultural Sustainability/Turmeric Plant Disease.zip#Turmeric Plant Disease/Leaf Blotch/Leaf Blotch00016.JPG,Leaf Blotch,True,EVALUATE_SHARED,
TURM_CROSS_A_TO_B,Image Dataset for Turmeric Plant Leaf Disease Detection,Turmeric Plant Disease Dataset Advancing AI (Original),TURM_04778,DATASET/Turmeric Plant Disease Dataset Advancing AI for Agricultural Sustainability.zip#Turmeric Plant Disease Dataset Advancing AI for Agricultural Sustainability/Turmeric Plant Disease.zip#Turmeric Plant Disease/Leaf Blotch/Leaf Blotch00017.JPG,Leaf Blotch,True,EVALUATE_SHARED,
TURM_CROSS_A_TO_B,Image Dataset for Turmeric Plant Leaf Disease Detection,Turmeric Plant Disease Dataset Advancing AI (Original),TURM_04779,DATASET/Turmeric Plant Disease Dataset Advancing AI for Agricultural Sustainability.zip#Turmeric Plant Disease Dataset Advancing AI for Agricultural Sustainability/Turmeric Plant Disease.zip#Turmeric Plant Disease/Leaf Blotch/Leaf Blotch00018.JPG,Leaf Blotch,True,EVALUATE_SHARED,
TURM_CROSS_A_TO_B,Image Dataset for Turmeric Plant Leaf Disease Detection,Turmeric Plant Disease Dataset Advancing AI (Original),TURM_04780,DATASET/Turmeric Plant Disease Dataset Advancing AI for Agricultural Sustainability.zip#Turmeric Plant Disease Dataset Advancing AI for Agricultural Sustainability/Turmeric Plant Disease.zip#Turmeric Plant Disease/Leaf Blotch/Leaf Blotch00019.JPG,Leaf Blotch,True,EVALUATE_SHARED,
TURM_CROSS_A_TO_B,Image Dataset for Turmeric Plant Leaf Disease Detection,Turmeric Plant Disease Dataset Advancing AI (Original),TURM_04781,DATASET/Turmeric Plant Disease Dataset Advancing AI for Agricultural Sustainability.zip#Turmeric Plant Disease Dataset Advancing AI for Agricultural Sustainability/Turmeric Plant Disease.zip#Turmeric Plant Disease/Leaf Blotch/Leaf Blotch00020.JPG,Leaf Blotch,True,EVALUATE_SHARED,
TURM_CROSS_A_TO_B,Image Dataset for Turmeric Plant Leaf Disease Detection,Turmeric Plant Disease Dataset Advancing AI (Original),TURM_04782,DATASET/Turmeric Plant Disease Dataset Advancing AI for Agricultural Sustainability.zip#Turmeric Plant Disease Dataset Advancing AI for Agricultural Sustainability/Turmeric Plant Disease.zip#Turmeric Plant Disease/Leaf Blotch/Leaf Blotch00021.JPG,Leaf Blotch,True,EVALUATE_SHARED,
TURM_CROSS_A_TO_B,Image Dataset for Turmeric Plant Leaf Disease Detection,Turmeric Plant Disease Dataset Advancing AI (Original),TURM_04783,DATASET/Turmeric Plant Disease Dataset Advancing AI for Agricultural Sustainability.zip#Turmeric Plant Disease Dataset Advancing AI for Agricultural Sustainability/Turmeric Plant Disease.zip#Turmeric Plant Disease/Leaf Blotch/Leaf Blotch00022.JPG,Leaf Blotch,True,EVALUATE_SHARED,
TURM_CROSS_A_TO_B,Image Dataset for Turmeric Plant Leaf Disease Detection,Turmeric Plant Disease Dataset Advancing AI (Original),TURM_04784,DATASET/Turmeric Plant Disease Dataset Advancing AI for Agricultural Sustainability.zip#Turmeric Plant Disease Dataset Advancing AI for Agricultural Sustainability/Turmeric Plant Disease.zip#Turmeric Plant Disease/Leaf Blotch/Leaf Blotch00023.JPG,Leaf Blotch,True,EVALUATE_SHARED,
TURM_CROSS_A_TO_B,Image Dataset for Turmeric Plant Leaf Disease Detection,Turmeric Plant Disease Dataset Advancing AI (Original),TURM_04785,DATASET/Turmeric Plant Disease Dataset Advancing AI for Agricultural Sustainability.zip#Turmeric Plant Disease Dataset Advancing AI for Agricultural Sustainability/Turmeric Plant Disease.zip#Turmeric Plant Disease/Leaf Blotch/Leaf Blotch00024.JPG,Leaf Blotch,True,EVALUATE_SHARED,
TURM_CROSS_A_TO_B,Image Dataset for Turmeric Plant Leaf Disease Detection,Turmeric Plant Disease Dataset Advancing AI (Original),TURM_04786,DATASET/Turmeric Plant Disease Dataset Advancing AI for Agricultural Sustainability.zip#Turmeric Plant Disease Dataset Advancing AI for Agricultural Sustainability/Turmeric Plant Disease.zip#Turmeric Plant Disease/Leaf Blotch/Leaf Blotch00025.JPG,Leaf Blotch,True,EVALUATE_SHARED,
TURM_CROSS_A_TO_B,Image Dataset for Turmeric Plant Leaf Disease Detection,Turmeric Plant Disease Dataset Advancing AI (Original),TURM_04787,DATASET/Turmeric Plant Disease Dataset Advancing AI for Agricultural Sustainability.zip#Turmeric Plant Disease Dataset Advancing AI for Agricultural Sustainability/Turmeric Plant Disease.zip#Turmeric Plant Disease/Leaf Blotch/Leaf Blotch00026.JPG,Leaf Blotch,True,EVALUATE_SHARED,
TURM_CROSS_A_TO_B,Image Dataset for Turmeric Plant Leaf Disease Detection,Turmeric Plant Disease Dataset Advancing AI (Original),TURM_04788,DATASET/Turmeric Plant Disease Dataset Advancing AI for Agricultural Sustainability.zip#Turmeric Plant Disease Dataset Advancing AI for Agricultural Sustainability/Turmeric Plant Disease.zip#Turmeric Plant Disease/Leaf Blotch/Leaf Blotch00027.JPG,Leaf Blotch,True,EVALUATE_SHARED,
TURM_CROSS_A_TO_B,Image Dataset for Turmeric Plant Leaf Disease Detection,Turmeric Plant Disease Dataset Advancing AI (Original),TURM_04789,DATASET/Turmeric Plant Disease Dataset Advancing AI for Agricultural Sustainability.zip#Turmeric Plant Disease Dataset Advancing AI for Agricultural Sustainability/Turmeric Plant Disease.zip#Turmeric Plant Disease/Leaf Blotch/Leaf Blotch00028.JPG,Leaf Blotch,True,EVALUATE_SHARED,
TURM_CROSS_A_TO_B,Image Dataset for Turmeric Plant Leaf Disease Detection,Turmeric Plant Disease Dataset Advancing AI (Original),TURM_04790,DATASET/Turmeric Plant Disease Dataset Advancing AI for Agricultural Sustainability.zip#Turmeric Plant Disease Dataset Advancing AI for Agricultural Sustainability/Turmeric Plant Disease.zip#Turmeric Plant Disease/Leaf Blotch/Leaf Blotch00029.JPG,Leaf Blotch,True,EVALUATE_SHARED,
TURM_CROSS_A_TO_B,Image Dataset for Turmeric Plant Leaf Disease Detection,Turmeric Plant Disease Dataset Advancing AI (Original),TURM_04791,DATASET/Turmeric Plant Disease Dataset Advancing AI for Agricultural Sustainability.zip#Turmeric Plant Disease Dataset Advancing AI for Agricultural Sustainability/Turmeric Plant Disease.zip#Turmeric Plant Disease/Leaf Blotch/Leaf Blotch00030.JPG,Leaf Blotch,True,EVALUATE_SHARED,
TURM_CROSS_A_TO_B,Image Dataset for Turmeric Plant Leaf Disease Detection,Turmeric Plant Disease Dataset Advancing AI (Original),TURM_04792,DATASET/Turmeric Plant Disease Dataset Advancing AI for Agricultural Sustainability.zip#Turmeric Plant Disease Dataset Advancing AI for Agricultural Sustainability/Turmeric Plant Disease.zip#Turmeric Plant Disease/Leaf Blotch/Leaf Blotch00031.JPG,Leaf Blotch,True,EVALUATE_SHARED,
TURM_CROSS_A_TO_B,Image Dataset for Turmeric Plant Leaf Disease Detection,Turmeric Plant Disease Dataset Advancing AI (Original),TURM_04793,DATASET/Turmeric Plant Disease Dataset Advancing AI for Agricultural Sustainability.zip#Turmeric Plant Disease Dataset Advancing AI for Agricultural Sustainability/Turmeric Plant Disease.zip#Turmeric Plant Disease/Leaf Blotch/Leaf Blotch00032.JPG,Leaf Blotch,True,EVALUATE_SHARED,
TURM_CROSS_A_TO_B,Image Dataset for Turmeric Plant Leaf Disease Detection,Turmeric Plant Disease Dataset Advancing AI (Original),TURM_04794,DATASET/Turmeric Plant Disease Dataset Advancing AI for Agricultural Sustainability.zip#Turmeric Plant Disease Dataset Advancing AI for Agricultural Sustainability/Turmeric Plant Disease.zip#Turmeric Plant Disease/Leaf Blotch/Leaf Blotch00033.JPG,Leaf Blotch,True,EVALUATE_SHARED,
TURM_CROSS_A_TO_B,Image Dataset for Turmeric Plant Leaf Disease Detection,Turmeric Plant Disease Dataset Advancing AI (Original),TURM_04795,DATASET/Turmeric Plant Disease Dataset Advancing AI for Agricultural Sustainability.zip#Turmeric Plant Disease Dataset Advancing AI for Agricultural Sustainability/Turmeric Plant Disease.zip#Turmeric Plant Disease/Leaf Blotch/Leaf Blotch00034.JPG,Leaf Blotch,True,EVALUATE_SHARED,
TURM_CROSS_A_TO_B,Image Dataset for Turmeric Plant Leaf Disease Detection,Turmeric Plant Disease Dataset Advancing AI (Original),TURM_04796,DATASET/Turmeric Plant Disease Dataset Advancing AI for Agricultural Sustainability.zip#Turmeric Plant Disease Dataset Advancing AI for Agricultural Sustainability/Turmeric Plant Disease.zip#Turmeric Plant Disease/Leaf Blotch/Leaf Blotch00035.JPG,Leaf Blotch,True,EVALUATE_SHARED,
TURM_CROSS_A_TO_B,Image Dataset for Turmeric Plant Leaf Disease Detection,Turmeric Plant Disease Dataset Advancing AI (Original),TURM_04797,DATASET/Turmeric Plant Disease Dataset Advancing AI for Agricultural Sustainability.zip#Turmeric Plant Disease Dataset Advancing AI for Agricultural Sustainability/Turmeric Plant Disease.zip#Turmeric Plant Disease/Leaf Blotch/Leaf Blotch00036.JPG,Leaf Blotch,True,EVALUATE_SHARED,
TURM_CROSS_A_TO_B,Image Dataset for Turmeric Plant Leaf Disease Detection,Turmeric Plant Disease Dataset Advancing AI (Original),TURM_04798,DATASET/Turmeric Plant Disease Dataset Advancing AI for Agricultural Sustainability.zip#Turmeric Plant Disease Dataset Advancing AI for Agricultural Sustainability/Turmeric Plant Disease.zip#Turmeric Plant Disease/Leaf Blotch/Leaf Blotch00037.JPG,Leaf Blotch,True,EVALUATE_SHARED,
TURM_CROSS_A_TO_B,Image Dataset for Turmeric Plant Leaf Disease Detection,Turmeric Plant Disease Dataset Advancing AI (Original),TURM_04799,DATASET/Turmeric Plant Disease Dataset Advancing AI for Agricultural Sustainability.zip#Turmeric Plant Disease Dataset Advancing AI for Agricultural Sustainability/Turmeric Plant Disease.zip#Turmeric Plant Disease/Leaf Blotch/Leaf Blotch00038.JPG,Leaf Blotch,True,EVALUATE_SHARED,
TURM_CROSS_A_TO_B,Image Dataset for Turmeric Plant Leaf Disease Detection,Turmeric Plant Disease Dataset Advancing AI (Original),TURM_04800,DATASET/Turmeric Plant Disease Dataset Advancing AI for Agricultural Sustainability.zip#Turmeric Plant Disease Dataset Advancing AI for Agricultural Sustainability/Turmeric Plant Disease.zip#Turmeric Plant Disease/Leaf Blotch/Leaf Blotch00039.JPG,Leaf Blotch,True,EVALUATE_SHARED,
TURM_CROSS_A_TO_B,Image Dataset for Turmeric Plant Leaf Disease Detection,Turmeric Plant Disease Dataset Advancing AI (Original),TURM_04801,DATASET/Turmeric Plant Disease Dataset Advancing AI for Agricultural Sustainability.zip#Turmeric Plant Disease Dataset Advancing AI for Agricultural Sustainability/Turmeric Plant Disease.zip#Turmeric Plant Disease/Leaf Blotch/Leaf Blotch00040.JPG,Leaf Blotch,True,EVALUATE_SHARED,
TURM_CROSS_A_TO_B,Image Dataset for Turmeric Plant Leaf Disease Detection,Turmeric Plant Disease Dataset Advancing AI (Original),TURM_04802,DATASET/Turmeric Plant Disease Dataset Advancing AI for Agricultural Sustainability.zip#Turmeric Plant Disease Dataset Advancing AI for Agricultural Sustainability/Turmeric Plant Disease.zip#Turmeric Plant Disease/Leaf Blotch/Leaf Blotch00041.JPG,Leaf Blotch,True,EVALUATE_SHARED,
TURM_CROSS_A_TO_B,Image Dataset for Turmeric Plant Leaf Disease Detection,Turmeric Plant Disease Dataset Advancing AI (Original),TURM_04803,DATASET/Turmeric Plant Disease Dataset Advancing AI for Agricultural Sustainability.zip#Turmeric Plant Disease Dataset Advancing AI for Agricultural Sustainability/Turmeric Plant Disease.zip#Turmeric Plant Disease/Leaf Blotch/Leaf Blotch00042.JPG,Leaf Blotch,True,EVALUATE_SHARED,
TURM_CROSS_A_TO_B,Image Dataset for Turmeric Plant Leaf Disease Detection,Turmeric Plant Disease Dataset Advancing AI (Original),TURM_04804,DATASET/Turmeric Plant Disease Dataset Advancing AI for Agricultural Sustainability.zip#Turmeric Plant Disease Dataset Advancing AI for Agricultural Sustainability/Turmeric Plant Disease.zip#Turmeric Plant Disease/Leaf Blotch/Leaf Blotch00043.JPG,Leaf Blotch,True,EVALUATE_SHARED,
TURM_CROSS_A_TO_B,Image Dataset for Turmeric Plant Leaf Disease Detection,Turmeric Plant Disease Dataset Advancing AI (Original),TURM_04805,DATASET/Turmeric Plant Disease Dataset Advancing AI for Agricultural Sustainability.zip#Turmeric Plant Disease Dataset Advancing AI for Agricultural Sustainability/Turmeric Plant Disease.zip#Turmeric Plant Disease/Leaf Blotch/Leaf Blotch00044.JPG,Leaf Blotch,True,EVALUATE_SHARED,
TURM_CROSS_A_TO_B,Image Dataset for Turmeric Plant Leaf Disease Detection,Turmeric Plant Disease Dataset Advancing AI (Original),TURM_04806,DATASET/Turmeric Plant Disease Dataset Advancing AI for Agricultural Sustainability.zip#Turmeric Plant Disease Dataset Advancing AI for Agricultural Sustainability/Turmeric Plant Disease.zip#Turmeric Plant Disease/Leaf Blotch/Leaf Blotch00045.JPG,Leaf Blotch,True,EVALUATE_SHARED,
TURM_CROSS_A_TO_B,Image Dataset for Turmeric Plant Leaf Disease Detection,Turmeric Plant Disease Dataset Advancing AI (Original),TURM_04807,DATASET/Turmeric Plant Disease Dataset Advancing AI for Agricultural Sustainability.zip#Turmeric Plant Disease Dataset Advancing AI for Agricultural Sustainability/Turmeric Plant Disease.zip#Turmeric Plant Disease/Leaf Blotch/Leaf Blotch00046.JPG,Leaf Blotch,True,EVALUATE_SHARED,
TURM_CROSS_A_TO_B,Image Dataset for Turmeric Plant Leaf Disease Detection,Turmeric Plant Disease Dataset Advancing AI (Original),TURM_04808,DATASET/Turmeric Plant Disease Dataset Advancing AI for Agricultural Sustainability.zip#Turmeric Plant Disease Dataset Advancing AI for Agricultural Sustainability/Turmeric Plant Disease.zip#Turmeric Plant Disease/Leaf Blotch/Leaf Blotch00047.JPG,Leaf Blotch,True,EVALUATE_SHARED,
TURM_CROSS_A_TO_B,Image Dataset for Turmeric Plant Leaf Disease Detection,Turmeric Plant Disease Dataset Advancing AI (Original),TURM_04809,DATASET/Turmeric Plant Disease Dataset Advancing AI for Agricultural Sustainability.zip#Turmeric Plant Disease Dataset Advancing AI for Agricultural Sustainability/Turmeric Plant Disease.zip#Turmeric Plant Disease/Leaf Blotch/Leaf Blotch00048.JPG,Leaf Blotch,True,EVALUATE_SHARED,
TURM_CROSS_A_TO_B,Image Dataset for Turmeric Plant Leaf Disease Detection,Turmeric Plant Disease Dataset Advancing AI (Original),TURM_04810,DATASET/Turmeric Plant Disease Dataset Advancing AI for Agricultural Sustainability.zip#Turmeric Plant Disease Dataset Advancing AI for Agricultural Sustainability/Turmeric Plant Disease.zip#Turmeric Plant Disease/Leaf Blotch/Leaf Blotch00049.JPG,Leaf Blotch,True,EVALUATE_SHARED,
TURM_CROSS_A_TO_B,Image Dataset for Turmeric Plant Leaf Disease Detection,Turmeric Plant Disease Dataset Advancing AI (Original),TURM_04811,DATASET/Turmeric Plant Disease Dataset Advancing AI for Agricultural Sustainability.zip#Turmeric Plant Disease Dataset Advancing AI for Agricultural Sustainability/Turmeric Plant Disease.zip#Turmeric Plant Disease/Leaf Blotch/Leaf Blotch00050.JPG,Leaf Blotch,True,EVALUATE_SHARED,
TURM_CROSS_A_TO_B,Image Dataset for Turmeric Plant Leaf Disease Detection,Turmeric Plant Disease Dataset Advancing AI (Original),TURM_04812,DATASET/Turmeric Plant Disease Dataset Advancing AI for Agricultural Sustainability.zip#Turmeric Plant Disease Dataset Advancing AI for Agricultural Sustainability/Turmeric Plant Disease.zip#Turmeric Plant Disease/Leaf Blotch/Leaf Blotch00051.JPG,Leaf Blotch,True,EVALUATE_SHARED,
TURM_CROSS_A_TO_B,Image Dataset for Turmeric Plant Leaf Disease Detection,Turmeric Plant Disease Dataset Advancing AI (Original),TURM_04813,DATASET/Turmeric Plant Disease Dataset Advancing AI for Agricultural Sustainability.zip#Turmeric Plant Disease Dataset Advancing AI for Agricultural Sustainability/Turmeric Plant Disease.zip#Turmeric Plant Disease/Leaf Blotch/Leaf Blotch00052.JPG,Leaf Blotch,True,EVALUATE_SHARED,
TURM_CROSS_A_TO_B,Image Dataset for Turmeric Plant Leaf Disease Detection,Turmeric Plant Disease Dataset Advancing AI (Original),TURM_04814,DATASET/Turmeric Plant Disease Dataset Advancing AI for Agricultural Sustainability.zip#Turmeric Plant Disease Dataset Advancing AI for Agricultural Sustainability/Turmeric Plant Disease.zip#Turmeric Plant Disease/Leaf Blotch/Leaf Blotch00053.JPG,Leaf Blotch,True,EVALUATE_SHARED,
TURM_CROSS_A_TO_B,Image Dataset for Turmeric Plant Leaf Disease Detection,Turmeric Plant Disease Dataset Advancing AI (Original),TURM_04815,DATASET/Turmeric Plant Disease Dataset Advancing AI for Agricultural Sustainability.zip#Turmeric Plant Disease Dataset Advancing AI for Agricultural Sustainability/Turmeric Plant Disease.zip#Turmeric Plant Disease/Leaf Blotch/Leaf Blotch00054.JPG,Leaf Blotch,True,EVALUATE_SHARED,
TURM_CROSS_A_TO_B,Image Dataset for Turmeric Plant Leaf Disease Detection,Turmeric Plant Disease Dataset Advancing AI (Original),TURM_04816,DATASET/Turmeric Plant Disease Dataset Advancing AI for Agricultural Sustainability.zip#Turmeric Plant Disease Dataset Advancing AI for Agricultural Sustainability/Turmeric Plant Disease.zip#Turmeric Plant Disease/Leaf Blotch/Leaf Blotch00055.JPG,Leaf Blotch,True,EVALUATE_SHARED,
TURM_CROSS_A_TO_B,Image Dataset for Turmeric Plant Leaf Disease Detection,Turmeric Plant Disease Dataset Advancing AI (Original),TURM_04817,DATASET/Turmeric Plant Disease Dataset Advancing AI for Agricultural Sustainability.zip#Turmeric Plant Disease Dataset Advancing AI for Agricultural Sustainability/Turmeric Plant Disease.zip#Turmeric Plant Disease/Leaf Blotch/Leaf Blotch00056.JPG,Leaf Blotch,True,EVALUATE_SHARED,
TURM_CROSS_A_TO_B,Image Dataset for Turmeric Plant Leaf Disease Detection,Turmeric Plant Disease Dataset Advancing AI (Original),TURM_04818,DATASET/Turmeric Plant Disease Dataset Advancing AI for Agricultural Sustainability.zip#Turmeric Plant Disease Dataset Advancing AI for Agricultural Sustainability/Turmeric Plant Disease.zip#Turmeric Plant Disease/Leaf Blotch/Leaf Blotch00057.JPG,Leaf Blotch,True,EVALUATE_SHARED,
TURM_CROSS_A_TO_B,Image Dataset for Turmeric Plant Leaf Disease Detection,Turmeric Plant Disease Dataset Advancing AI (Original),TURM_04819,DATASET/Turmeric Plant Disease Dataset Advancing AI for Agricultural Sustainability.zip#Turmeric Plant Disease Dataset Advancing AI for Agricultural Sustainability/Turmeric Plant Disease.zip#Turmeric Plant Disease/Leaf Blotch/Leaf Blotch00058.JPG,Leaf Blotch,True,EVALUATE_SHARED,
TURM_CROSS_A_TO_B,Image Dataset for Turmeric Plant Leaf Disease Detection,Turmeric Plant Disease Dataset Advancing AI (Original),TURM_04820,DATASET/Turmeric Plant Disease Dataset Advancing AI for Agricultural Sustainability.zip#Turmeric Plant Disease Dataset Advancing AI for Agricultural Sustainability/Turmeric Plant Disease.zip#Turmeric Plant Disease/Leaf Blotch/Leaf Blotch00059.JPG,Leaf Blotch,True,EVALUATE_SHARED,
TURM_CROSS_A_TO_B,Image Dataset for Turmeric Plant Leaf Disease Detection,Turmeric Plant Disease Dataset Advancing AI (Original),TURM_04821,DATASET/Turmeric Plant Disease Dataset Advancing AI for Agricultural Sustainability.zip#Turmeric Plant Disease Dataset Advancing AI for Agricultural Sustainability/Turmeric Plant Disease.zip#Turmeric Plant Disease/Leaf Blotch/Leaf Blotch00060.JPG,Leaf Blotch,True,EVALUATE_SHARED,
TURM_CROSS_A_TO_B,Image Dataset for Turmeric Plant Leaf Disease Detection,Turmeric Plant Disease Dataset Advancing AI (Original),TURM_04822,DATASET/Turmeric Plant Disease Dataset Advancing AI for Agricultural Sustainability.zip#Turmeric Plant Disease Dataset Advancing AI for Agricultural Sustainability/Turmeric Plant Disease.zip#Turmeric Plant Disease/Leaf Blotch/Leaf Blotch00061.JPG,Leaf Blotch,True,EVALUATE_SHARED,
TURM_CROSS_A_TO_B,Image Dataset for Turmeric Plant Leaf Disease Detection,Turmeric Plant Disease Dataset Advancing AI (Original),TURM_04823,DATASET/Turmeric Plant Disease Dataset Advancing AI for Agricultural Sustainability.zip#Turmeric Plant Disease Dataset Advancing AI for Agricultural Sustainability/Turmeric Plant Disease.zip#Turmeric Plant Disease/Leaf Blotch/Leaf Blotch00062.JPG,Leaf Blotch,True,EVALUATE_SHARED,
TURM_CROSS_A_TO_B,Image Dataset for Turmeric Plant Leaf Disease Detection,Turmeric Plant Disease Dataset Advancing AI (Original),TURM_04824,DATASET/Turmeric Plant Disease Dataset Advancing AI for Agricultural Sustainability.zip#Turmeric Plant Disease Dataset Advancing AI for Agricultural Sustainability/Turmeric Plant Disease.zip#Turmeric Plant Disease/Leaf Blotch/Leaf Blotch00063.JPG,Leaf Blotch,True,EVALUATE_SHARED,
TURM_CROSS_A_TO_B,Image Dataset for Turmeric Plant Leaf Disease Detection,Turmeric Plant Disease Dataset Advancing AI (Original),TURM_04825,DATASET/Turmeric Plant Disease Dataset Advancing AI for Agricultural Sustainability.zip#Turmeric Plant Disease Dataset Advancing AI for Agricultural Sustainability/Turmeric Plant Disease.zip#Turmeric Plant Disease/Leaf Blotch/Leaf Blotch00064.JPG,Leaf Blotch,True,EVALUATE_SHARED,
TURM_CROSS_A_TO_B,Image Dataset for Turmeric Plant Leaf Disease Detection,Turmeric Plant Disease Dataset Advancing AI (Original),TURM_04826,DATASET/Turmeric Plant Disease Dataset Advancing AI for Agricultural Sustainability.zip#Turmeric Plant Disease Dataset Advancing AI for Agricultural Sustainability/Turmeric Plant Disease.zip#Turmeric Plant Disease/Leaf Blotch/Leaf Blotch00065.JPG,Leaf Blotch,True,EVALUATE_SHARED,
TURM_CROSS_A_TO_B,Image Dataset for Turmeric Plant Leaf Disease Detection,Turmeric Plant Disease Dataset Advancing AI (Original),TURM_04827,DATASET/Turmeric Plant Disease Dataset Advancing AI for Agricultural Sustainability.zip#Turmeric Plant Disease Dataset Advancing AI for Agricultural Sustainability/Turmeric Plant Disease.zip#Turmeric Plant Disease/Leaf Blotch/Leaf Blotch00066.JPG,Leaf Blotch,True,EVALUATE_SHARED,
TURM_CROSS_A_TO_B,Image Dataset for Turmeric Plant Leaf Disease Detection,Turmeric Plant Disease Dataset Advancing AI (Original),TURM_04828,DATASET/Turmeric Plant Disease Dataset Advancing AI for Agricultural Sustainability.zip#Turmeric Plant Disease Dataset Advancing AI for Agricultural Sustainability/Turmeric Plant Disease.zip#Turmeric Plant Disease/Leaf Blotch/Leaf Blotch00067.JPG,Leaf Blotch,True,EVALUATE_SHARED,
TURM_CROSS_A_TO_B,Image Dataset for Turmeric Plant Leaf Disease Detection,Turmeric Plant Disease Dataset Advancing AI (Original),TURM_04829,DATASET/Turmeric Plant Disease Dataset Advancing AI for Agricultural Sustainability.zip#Turmeric Plant Disease Dataset Advancing AI for Agricultural Sustainability/Turmeric Plant Disease.zip#Turmeric Plant Disease/Leaf Blotch/Leaf Blotch00068.JPG,Leaf Blotch,True,EVALUATE_SHARED,
TURM_CROSS_A_TO_B,Image Dataset for Turmeric Plant Leaf Disease Detection,Turmeric Plant Disease Dataset Advancing AI (Original),TURM_04830,DATASET/Turmeric Plant Disease Dataset Advancing AI for Agricultural Sustainability.zip#Turmeric Plant Disease Dataset Advancing AI for Agricultural Sustainability/Turmeric Plant Disease.zip#Turmeric Plant Disease/Leaf Blotch/Leaf Blotch00069.JPG,Leaf Blotch,True,EVALUATE_SHARED,
TURM_CROSS_A_TO_B,Image Dataset for Turmeric Plant Leaf Disease Detection,Turmeric Plant Disease Dataset Advancing AI (Original),TURM_04831,DATASET/Turmeric Plant Disease Dataset Advancing AI for Agricultural Sustainability.zip#Turmeric Plant Disease Dataset Advancing AI for Agricultural Sustainability/Turmeric Plant Disease.zip#Turmeric Plant Disease/Leaf Blotch/Leaf Blotch00070.JPG,Leaf Blotch,True,EVALUATE_SHARED,
TURM_CROSS_A_TO_B,Image Dataset for Turmeric Plant Leaf Disease Detection,Turmeric Plant Disease Dataset Advancing AI (Original),TURM_04832,DATASET/Turmeric Plant Disease Dataset Advancing AI for Agricultural Sustainability.zip#Turmeric Plant Disease Dataset Advancing AI for Agricultural Sustainability/Turmeric Plant Disease.zip#Turmeric Plant Disease/Leaf Blotch/Leaf Blotch00071.JPG,Leaf Blotch,True,EVALUATE_SHARED,
TURM_CROSS_A_TO_B,Image Dataset for Turmeric Plant Leaf Disease Detection,Turmeric Plant Disease Dataset Advancing AI (Original),TURM_04833,DATASET/Turmeric Plant Disease Dataset Advancing AI for Agricultural Sustainability.zip#Turmeric Plant Disease Dataset Advancing AI for Agricultural Sustainability/Turmeric Plant Disease.zip#Turmeric Plant Disease/Leaf Blotch/Leaf Blotch00072.JPG,Leaf Blotch,True,EVALUATE_SHARED,
TURM_CROSS_A_TO_B,Image Dataset for Turmeric Plant Leaf Disease Detection,Turmeric Plant Disease Dataset Advancing AI (Original),TURM_04834,DATASET/Turmeric Plant Disease Dataset Advancing AI for Agricultural Sustainability.zip#Turmeric Plant Disease Dataset Advancing AI for Agricultural Sustainability/Turmeric Plant Disease.zip#Turmeric Plant Disease/Leaf Blotch/Leaf Blotch00073.JPG,Leaf Blotch,True,EVALUATE_SHARED,
TURM_CROSS_A_TO_B,Image Dataset for Turmeric Plant Leaf Disease Detection,Turmeric Plant Disease Dataset Advancing AI (Original),TURM_04835,DATASET/Turmeric Plant Disease Dataset Advancing AI for Agricultural Sustainability.zip#Turmeric Plant Disease Dataset Advancing AI for Agricultural Sustainability/Turmeric Plant Disease.zip#Turmeric Plant Disease/Leaf Blotch/Leaf Blotch00074.JPG,Leaf Blotch,True,EVALUATE_SHARED,
TURM_CROSS_A_TO_B,Image Dataset for Turmeric Plant Leaf Disease Detection,Turmeric Plant Disease Dataset Advancing AI (Original),TURM_04836,DATASET/Turmeric Plant Disease Dataset Advancing AI for Agricultural Sustainability.zip#Turmeric Plant Disease Dataset Advancing AI for Agricultural Sustainability/Turmeric Plant Disease.zip#Turmeric Plant Disease/Leaf Blotch/Leaf Blotch00075.JPG,Leaf Blotch,True,EVALUATE_SHARED,
TURM_CROSS_A_TO_B,Image Dataset for Turmeric Plant Leaf Disease Detection,Turmeric Plant Disease Dataset Advancing AI (Original),TURM_04837,DATASET/Turmeric Plant Disease Dataset Advancing AI for Agricultural Sustainability.zip#Turmeric Plant Disease Dataset Advancing AI for Agricultural Sustainability/Turmeric Plant Disease.zip#Turmeric Plant Disease/Leaf Blotch/Leaf Blotch00076.JPG,Leaf Blotch,True,EVALUATE_SHARED,
TURM_CROSS_A_TO_B,Image Dataset for Turmeric Plant Leaf Disease Detection,Turmeric Plant Disease Dataset Advancing AI (Original),TURM_04838,DATASET/Turmeric Plant Disease Dataset Advancing AI for Agricultural Sustainability.zip#Turmeric Plant Disease Dataset Advancing AI for Agricultural Sustainability/Turmeric Plant Disease.zip#Turmeric Plant Disease/Leaf Blotch/Leaf Blotch00077.JPG,Leaf Blotch,True,EVALUATE_SHARED,
TURM_CROSS_A_TO_B,Image Dataset for Turmeric Plant Leaf Disease Detection,Turmeric Plant Disease Dataset Advancing AI (Original),TURM_04839,DATASET/Turmeric Plant Disease Dataset Advancing AI for Agricultural Sustainability.zip#Turmeric Plant Disease Dataset Advancing AI for Agricultural Sustainability/Turmeric Plant Disease.zip#Turmeric Plant Disease/Leaf Blotch/Leaf Blotch00078.JPG,Leaf Blotch,True,EVALUATE_SHARED,
TURM_CROSS_A_TO_B,Image Dataset for Turmeric Plant Leaf Disease Detection,Turmeric Plant Disease Dataset Advancing AI (Original),TURM_04840,DATASET/Turmeric Plant Disease Dataset Advancing AI for Agricultural Sustainability.zip#Turmeric Plant Disease Dataset Advancing AI for Agricultural Sustainability/Turmeric Plant Disease.zip#Turmeric Plant Disease/Leaf Blotch/Leaf Blotch00079.JPG,Leaf Blotch,True,EVALUATE_SHARED,
TURM_CROSS_A_TO_B,Image Dataset for Turmeric Plant Leaf Disease Detection,Turmeric Plant Disease Dataset Advancing AI (Original),TURM_04841,DATASET/Turmeric Plant Disease Dataset Advancing AI for Agricultural Sustainability.zip#Turmeric Plant Disease Dataset Advancing AI for Agricultural Sustainability/Turmeric Plant Disease.zip#Turmeric Plant Disease/Leaf Blotch/Leaf Blotch00080.JPG,Leaf Blotch,True,EVALUATE_SHARED,
TURM_CROSS_A_TO_B,Image Dataset for Turmeric Plant Leaf Disease Detection,Turmeric Plant Disease Dataset Advancing AI (Original),TURM_04842,DATASET/Turmeric Plant Disease Dataset Advancing AI for Agricultural Sustainability.zip#Turmeric Plant Disease Dataset Advancing AI for Agricultural Sustainability/Turmeric Plant Disease.zip#Turmeric Plant Disease/Leaf Blotch/Leaf Blotch00081.JPG,Leaf Blotch,True,EVALUATE_SHARED,
TURM_CROSS_A_TO_B,Image Dataset for Turmeric Plant Leaf Disease Detection,Turmeric Plant Disease Dataset Advancing AI (Original),TURM_04843,DATASET/Turmeric Plant Disease Dataset Advancing AI for Agricultural Sustainability.zip#Turmeric Plant Disease Dataset Advancing AI for Agricultural Sustainability/Turmeric Plant Disease.zip#Turmeric Plant Disease/Leaf Blotch/Leaf Blotch00082.JPG,Leaf Blotch,True,EVALUATE_SHARED,
TURM_CROSS_A_TO_B,Image Dataset for Turmeric Plant Leaf Disease Detection,Turmeric Plant Disease Dataset Advancing AI (Original),TURM_04844,DATASET/Turmeric Plant Disease Dataset Advancing AI for Agricultural Sustainability.zip#Turmeric Plant Disease Dataset Advancing AI for Agricultural Sustainability/Turmeric Plant Disease.zip#Turmeric Plant Disease/Leaf Blotch/Leaf Blotch00083.JPG,Leaf Blotch,True,EVALUATE_SHARED,
TURM_CROSS_A_TO_B,Image Dataset for Turmeric Plant Leaf Disease Detection,Turmeric Plant Disease Dataset Advancing AI (Original),TURM_04845,DATASET/Turmeric Plant Disease Dataset Advancing AI for Agricultural Sustainability.zip#Turmeric Plant Disease Dataset Advancing AI for Agricultural Sustainability/Turmeric Plant Disease.zip#Turmeric Plant Disease/Leaf Blotch/Leaf Blotch00084.JPG,Leaf Blotch,True,EVALUATE_SHARED,
TURM_CROSS_A_TO_B,Image Dataset for Turmeric Plant Leaf Disease Detection,Turmeric Plant Disease Dataset Advancing AI (Original),TURM_04846,DATASET/Turmeric Plant Disease Dataset Advancing AI for Agricultural Sustainability.zip#Turmeric Plant Disease Dataset Advancing AI for Agricultural Sustainability/Turmeric Plant Disease.zip#Turmeric Plant Disease/Leaf Blotch/Leaf Blotch00085.JPG,Leaf Blotch,True,EVALUATE_SHARED,
TURM_CROSS_A_TO_B,Image Dataset for Turmeric Plant Leaf Disease Detection,Turmeric Plant Disease Dataset Advancing AI (Original),TURM_04847,DATASET/Turmeric Plant Disease Dataset Advancing AI for Agricultural Sustainability.zip#Turmeric Plant Disease Dataset Advancing AI for Agricultural Sustainability/Turmeric Plant Disease.zip#Turmeric Plant Disease/Leaf Blotch/Leaf Blotch00086.JPG,Leaf Blotch,True,EVALUATE_SHARED,
TURM_CROSS_A_TO_B,Image Dataset for Turmeric Plant Leaf Disease Detection,Turmeric Plant Disease Dataset Advancing AI (Original),TURM_04848,DATASET/Turmeric Plant Disease Dataset Advancing AI for Agricultural Sustainability.zip#Turmeric Plant Disease Dataset Advancing AI for Agricultural Sustainability/Turmeric Plant Disease.zip#Turmeric Plant Disease/Leaf Blotch/Leaf Blotch00087.JPG,Leaf Blotch,True,EVALUATE_SHARED,
TURM_CROSS_A_TO_B,Image Dataset for Turmeric Plant Leaf Disease Detection,Turmeric Plant Disease Dataset Advancing AI (Original),TURM_04849,DATASET/Turmeric Plant Disease Dataset Advancing AI for Agricultural Sustainability.zip#Turmeric Plant Disease Dataset Advancing AI for Agricultural Sustainability/Turmeric Plant Disease.zip#Turmeric Plant Disease/Leaf Blotch/Leaf Blotch00088.JPG,Leaf Blotch,True,EVALUATE_SHARED,
TURM_CROSS_A_TO_B,Image Dataset for Turmeric Plant Leaf Disease Detection,Turmeric Plant Disease Dataset Advancing AI (Original),TURM_04850,DATASET/Turmeric Plant Disease Dataset Advancing AI for Agricultural Sustainability.zip#Turmeric Plant Disease Dataset Advancing AI for Agricultural Sustainability/Turmeric Plant Disease.zip#Turmeric Plant Disease/Leaf Blotch/Leaf Blotch00089.JPG,Leaf Blotch,True,EVALUATE_SHARED,
TURM_CROSS_A_TO_B,Image Dataset for Turmeric Plant Leaf Disease Detection,Turmeric Plant Disease Dataset Advancing AI (Original),TURM_04851,DATASET/Turmeric Plant Disease Dataset Advancing AI for Agricultural Sustainability.zip#Turmeric Plant Disease Dataset Advancing AI for Agricultural Sustainability/Turmeric Plant Disease.zip#Turmeric Plant Disease/Leaf Blotch/Leaf Blotch00090.JPG,Leaf Blotch,True,EVALUATE_SHARED,
TURM_CROSS_A_TO_B,Image Dataset for Turmeric Plant Leaf Disease Detection,Turmeric Plant Disease Dataset Advancing AI (Original),TURM_04852,DATASET/Turmeric Plant Disease Dataset Advancing AI for Agricultural Sustainability.zip#Turmeric Plant Disease Dataset Advancing AI for Agricultural Sustainability/Turmeric Plant Disease.zip#Turmeric Plant Disease/Leaf Blotch/Leaf Blotch00091.JPG,Leaf Blotch,True,EVALUATE_SHARED,
TURM_CROSS_A_TO_B,Image Dataset for Turmeric Plant Leaf Disease Detection,Turmeric Plant Disease Dataset Advancing AI (Original),TURM_04853,DATASET/Turmeric Plant Disease Dataset Advancing AI for Agricultural Sustainability.zip#Turmeric Plant Disease Dataset Advancing AI for Agricultural Sustainability/Turmeric Plant Disease.zip#Turmeric Plant Disease/Leaf Blotch/Leaf Blotch00092.JPG,Leaf Blotch,True,EVALUATE_SHARED,
TURM_CROSS_A_TO_B,Image Dataset for Turmeric Plant Leaf Disease Detection,Turmeric Plant Disease Dataset Advancing AI (Original),TURM_04854,DATASET/Turmeric Plant Disease Dataset Advancing AI for Agricultural Sustainability.zip#Turmeric Plant Disease Dataset Advancing AI for Agricultural Sustainability/Turmeric Plant Disease.zip#Turmeric Plant Disease/Leaf Blotch/Leaf Blotch00093.JPG,Leaf Blotch,True,EVALUATE_SHARED,
TURM_CROSS_A_TO_B,Image Dataset for Turmeric Plant Leaf Disease Detection,Turmeric Plant Disease Dataset Advancing AI (Original),TURM_04855,DATASET/Turmeric Plant Disease Dataset Advancing AI for Agricultural Sustainability.zip#Turmeric Plant Disease Dataset Advancing AI for Agricultural Sustainability/Turmeric Plant Disease.zip#Turmeric Plant Disease/Leaf Blotch/Leaf Blotch00094.JPG,Leaf Blotch,True,EVALUATE_SHARED,
TURM_CROSS_A_TO_B,Image Dataset for Turmeric Plant Leaf Disease Detection,Turmeric Plant Disease Dataset Advancing AI (Original),TURM_04856,DATASET/Turmeric Plant Disease Dataset Advancing AI for Agricultural Sustainability.zip#Turmeric Plant Disease Dataset Advancing AI for Agricultural Sustainability/Turmeric Plant Disease.zip#Turmeric Plant Disease/Leaf Blotch/Leaf Blotch00095.JPG,Leaf Blotch,True,EVALUATE_SHARED,
TURM_CROSS_A_TO_B,Image Dataset for Turmeric Plant Leaf Disease Detection,Turmeric Plant Disease Dataset Advancing AI (Original),TURM_04857,DATASET/Turmeric Plant Disease Dataset Advancing AI for Agricultural Sustainability.zip#Turmeric Plant Disease Dataset Advancing AI for Agricultural Sustainability/Turmeric Plant Disease.zip#Turmeric Plant Disease/Leaf Blotch/Leaf Blotch00096.JPG,Leaf Blotch,True,EVALUATE_SHARED,
TURM_CROSS_A_TO_B,Image Dataset for Turmeric Plant Leaf Disease Detection,Turmeric Plant Disease Dataset Advancing AI (Original),TURM_04858,DATASET/Turmeric Plant Disease Dataset Advancing AI for Agricultural Sustainability.zip#Turmeric Plant Disease Dataset Advancing AI for Agricultural Sustainability/Turmeric Plant Disease.zip#Turmeric Plant Disease/Leaf Blotch/Leaf Blotch00097.JPG,Leaf Blotch,True,EVALUATE_SHARED,
TURM_CROSS_A_TO_B,Image Dataset for Turmeric Plant Leaf Disease Detection,Turmeric Plant Disease Dataset Advancing AI (Original),TURM_04859,DATASET/Turmeric Plant Disease Dataset Advancing AI for Agricultural Sustainability.zip#Turmeric Plant Disease Dataset Advancing AI for Agricultural Sustainability/Turmeric Plant Disease.zip#Turmeric Plant Disease/Leaf Blotch/Leaf Blotch00098.JPG,Leaf Blotch,True,EVALUATE_SHARED,
TURM_CROSS_A_TO_B,Image Dataset for Turmeric Plant Leaf Disease Detection,Turmeric Plant Disease Dataset Advancing AI (Original),TURM_04860,DATASET/Turmeric Plant Disease Dataset Advancing AI for Agricultural Sustainability.zip#Turmeric Plant Disease Dataset Advancing AI for Agricultural Sustainability/Turmeric Plant Disease.zip#Turmeric Plant Disease/Leaf Blotch/Leaf Blotch00099.JPG,Leaf Blotch,True,EVALUATE_SHARED,
TURM_CROSS_A_TO_B,Image Dataset for Turmeric Plant Leaf Disease Detection,Turmeric Plant Disease Dataset Advancing AI (Original),TURM_04861,DATASET/Turmeric Plant Disease Dataset Advancing AI for Agricultural Sustainability.zip#Turmeric Plant Disease Dataset Advancing AI for Agricultural Sustainability/Turmeric Plant Disease.zip#Turmeric Plant Disease/Leaf Blotch/Leaf Blotch00100.JPG,Leaf Blotch,True,EVALUATE_SHARED,
TURM_CROSS_A_TO_B,Image Dataset for Turmeric Plant Leaf Disease Detection,Turmeric Plant Disease Dataset Advancing AI (Original),TURM_04862,DATASET/Turmeric Plant Disease Dataset Advancing AI for Agricultural Sustainability.zip#Turmeric Plant Disease Dataset Advancing AI for Agricultural Sustainability/Turmeric Plant Disease.zip#Turmeric Plant Disease/Leaf Blotch/Leaf Blotch00101.JPG,Leaf Blotch,True,EVALUATE_SHARED,
TURM_CROSS_A_TO_B,Image Dataset for Turmeric Plant Leaf Disease Detection,Turmeric Plant Disease Dataset Advancing AI (Original),TURM_04863,DATASET/Turmeric Plant Disease Dataset Advancing AI for Agricultural Sustainability.zip#Turmeric Plant Disease Dataset Advancing AI for Agricultural Sustainability/Turmeric Plant Disease.zip#Turmeric Plant Disease/Leaf Blotch/Leaf Blotch00102.JPG,Leaf Blotch,True,EVALUATE_SHARED,
TURM_CROSS_A_TO_B,Image Dataset for Turmeric Plant Leaf Disease Detection,Turmeric Plant Disease Dataset Advancing AI (Original),TURM_04864,DATASET/Turmeric Plant Disease Dataset Advancing AI for Agricultural Sustainability.zip#Turmeric Plant Disease Dataset Advancing AI for Agricultural Sustainability/Turmeric Plant Disease.zip#Turmeric Plant Disease/Leaf Blotch/Leaf Blotch00103.JPG,Leaf Blotch,True,EVALUATE_SHARED,
TURM_CROSS_A_TO_B,Image Dataset for Turmeric Plant Leaf Disease Detection,Turmeric Plant Disease Dataset Advancing AI (Original),TURM_04865,DATASET/Turmeric Plant Disease Dataset Advancing AI for Agricultural Sustainability.zip#Turmeric Plant Disease Dataset Advancing AI for Agricultural Sustainability/Turmeric Plant Disease.zip#Turmeric Plant Disease/Leaf Blotch/Leaf Blotch00104.JPG,Leaf Blotch,True,EVALUATE_SHARED,
TURM_CROSS_A_TO_B,Image Dataset for Turmeric Plant Leaf Disease Detection,Turmeric Plant Disease Dataset Advancing AI (Original),TURM_04866,DATASET/Turmeric Plant Disease Dataset Advancing AI for Agricultural Sustainability.zip#Turmeric Plant Disease Dataset Advancing AI for Agricultural Sustainability/Turmeric Plant Disease.zip#Turmeric Plant Disease/Leaf Blotch/Leaf Blotch00105.JPG,Leaf Blotch,True,EVALUATE_SHARED,
TURM_CROSS_A_TO_B,Image Dataset for Turmeric Plant Leaf Disease Detection,Turmeric Plant Disease Dataset Advancing AI (Original),TURM_04867,DATASET/Turmeric Plant Disease Dataset Advancing AI for Agricultural Sustainability.zip#Turmeric Plant Disease Dataset Advancing AI for Agricultural Sustainability/Turmeric Plant Disease.zip#Turmeric Plant Disease/Leaf Blotch/Leaf Blotch00106.JPG,Leaf Blotch,True,EVALUATE_SHARED,
TURM_CROSS_A_TO_B,Image Dataset for Turmeric Plant Leaf Disease Detection,Turmeric Plant Disease Dataset Advancing AI (Original),TURM_04868,DATASET/Turmeric Plant Disease Dataset Advancing AI for Agricultural Sustainability.zip#Turmeric Plant Disease Dataset Advancing AI for Agricultural Sustainability/Turmeric Plant Disease.zip#Turmeric Plant Disease/Leaf Blotch/Leaf Blotch00107.JPG,Leaf Blotch,True,EVALUATE_SHARED,
TURM_CROSS_A_TO_B,Image Dataset for Turmeric Plant Leaf Disease Detection,Turmeric Plant Disease Dataset Advancing AI (Original),TURM_04869,DATASET/Turmeric Plant Disease Dataset Advancing AI for Agricultural Sustainability.zip#Turmeric Plant Disease Dataset Advancing AI for Agricultural Sustainability/Turmeric Plant Disease.zip#Turmeric Plant Disease/Leaf Blotch/Leaf Blotch00108.JPG,Leaf Blotch,True,EVALUATE_SHARED,
TURM_CROSS_A_TO_B,Image Dataset for Turmeric Plant Leaf Disease Detection,Turmeric Plant Disease Dataset Advancing AI (Original),TURM_04870,DATASET/Turmeric Plant Disease Dataset Advancing AI for Agricultural Sustainability.zip#Turmeric Plant Disease Dataset Advancing AI for Agricultural Sustainability/Turmeric Plant Disease.zip#Turmeric Plant Disease/Leaf Blotch/Leaf Blotch00109.JPG,Leaf Blotch,True,EVALUATE_SHARED,
TURM_CROSS_A_TO_B,Image Dataset for Turmeric Plant Leaf Disease Detection,Turmeric Plant Disease Dataset Advancing AI (Original),TURM_04871,DATASET/Turmeric Plant Disease Dataset Advancing AI for Agricultural Sustainability.zip#Turmeric Plant Disease Dataset Advancing AI for Agricultural Sustainability/Turmeric Plant Disease.zip#Turmeric Plant Disease/Leaf Blotch/Leaf Blotch00110.JPG,Leaf Blotch,True,EVALUATE_SHARED,
TURM_CROSS_A_TO_B,Image Dataset for Turmeric Plant Leaf Disease Detection,Turmeric Plant Disease Dataset Advancing AI (Original),TURM_04872,DATASET/Turmeric Plant Disease Dataset Advancing AI for Agricultural Sustainability.zip#Turmeric Plant Disease Dataset Advancing AI for Agricultural Sustainability/Turmeric Plant Disease.zip#Turmeric Plant Disease/Leaf Blotch/Leaf Blotch00111.JPG,Leaf Blotch,True,EVALUATE_SHARED,
TURM_CROSS_A_TO_B,Image Dataset for Turmeric Plant Leaf Disease Detection,Turmeric Plant Disease Dataset Advancing AI (Original),TURM_04873,DATASET/Turmeric Plant Disease Dataset Advancing AI for Agricultural Sustainability.zip#Turmeric Plant Disease Dataset Advancing AI for Agricultural Sustainability/Turmeric Plant Disease.zip#Turmeric Plant Disease/Leaf Blotch/Leaf Blotch00112.JPG,Leaf Blotch,True,EVALUATE_SHARED,
TURM_CROSS_A_TO_B,Image Dataset for Turmeric Plant Leaf Disease Detection,Turmeric Plant Disease Dataset Advancing AI (Original),TURM_04874,DATASET/Turmeric Plant Disease Dataset Advancing AI for Agricultural Sustainability.zip#Turmeric Plant Disease Dataset Advancing AI for Agricultural Sustainability/Turmeric Plant Disease.zip#Turmeric Plant Disease/Leaf Blotch/Leaf Blotch00113.JPG,Leaf Blotch,True,EVALUATE_SHARED,
TURM_CROSS_A_TO_B,Image Dataset for Turmeric Plant Leaf Disease Detection,Turmeric Plant Disease Dataset Advancing AI (Original),TURM_04875,DATASET/Turmeric Plant Disease Dataset Advancing AI for Agricultural Sustainability.zip#Turmeric Plant Disease Dataset Advancing AI for Agricultural Sustainability/Turmeric Plant Disease.zip#Turmeric Plant Disease/Leaf Blotch/Leaf Blotch00114.JPG,Leaf Blotch,True,EVALUATE_SHARED,
TURM_CROSS_A_TO_B,Image Dataset for Turmeric Plant Leaf Disease Detection,Turmeric Plant Disease Dataset Advancing AI (Original),TURM_04876,DATASET/Turmeric Plant Disease Dataset Advancing AI for Agricultural Sustainability.zip#Turmeric Plant Disease Dataset Advancing AI for Agricultural Sustainability/Turmeric Plant Disease.zip#Turmeric Plant Disease/Leaf Blotch/Leaf Blotch00115.JPG,Leaf Blotch,True,EVALUATE_SHARED,
TURM_CROSS_A_TO_B,Image Dataset for Turmeric Plant Leaf Disease Detection,Turmeric Plant Disease Dataset Advancing AI (Original),TURM_04877,DATASET/Turmeric Plant Disease Dataset Advancing AI for Agricultural Sustainability.zip#Turmeric Plant Disease Dataset Advancing AI for Agricultural Sustainability/Turmeric Plant Disease.zip#Turmeric Plant Disease/Leaf Blotch/Leaf Blotch00116.JPG,Leaf Blotch,True,EVALUATE_SHARED,
TURM_CROSS_A_TO_B,Image Dataset for Turmeric Plant Leaf Disease Detection,Turmeric Plant Disease Dataset Advancing AI (Original),TURM_04878,DATASET/Turmeric Plant Disease Dataset Advancing AI for Agricultural Sustainability.zip#Turmeric Plant Disease Dataset Advancing AI for Agricultural Sustainability/Turmeric Plant Disease.zip#Turmeric Plant Disease/Leaf Blotch/Leaf Blotch00117.JPG,Leaf Blotch,True,EVALUATE_SHARED,
TURM_CROSS_A_TO_B,Image Dataset for Turmeric Plant Leaf Disease Detection,Turmeric Plant Disease Dataset Advancing AI (Original),TURM_04879,DATASET/Turmeric Plant Disease Dataset Advancing AI for Agricultural Sustainability.zip#Turmeric Plant Disease Dataset Advancing AI for Agricultural Sustainability/Turmeric Plant Disease.zip#Turmeric Plant Disease/Leaf Blotch/Leaf Blotch00118.JPG,Leaf Blotch,True,EVALUATE_SHARED,
TURM_CROSS_A_TO_B,Image Dataset for Turmeric Plant Leaf Disease Detection,Turmeric Plant Disease Dataset Advancing AI (Original),TURM_04880,DATASET/Turmeric Plant Disease Dataset Advancing AI for Agricultural Sustainability.zip#Turmeric Plant Disease Dataset Advancing AI for Agricultural Sustainability/Turmeric Plant Disease.zip#Turmeric Plant Disease/Leaf Blotch/Leaf Blotch00119.JPG,Leaf Blotch,True,EVALUATE_SHARED,
TURM_CROSS_A_TO_B,Image Dataset for Turmeric Plant Leaf Disease Detection,Turmeric Plant Disease Dataset Advancing AI (Original),TURM_04881,DATASET/Turmeric Plant Disease Dataset Advancing AI for Agricultural Sustainability.zip#Turmeric Plant Disease Dataset Advancing AI for Agricultural Sustainability/Turmeric Plant Disease.zip#Turmeric Plant Disease/Leaf Blotch/Leaf Blotch00120.JPG,Leaf Blotch,True,EVALUATE_SHARED,
TURM_CROSS_A_TO_B,Image Dataset for Turmeric Plant Leaf Disease Detection,Turmeric Plant Disease Dataset Advancing AI (Original),TURM_04882,DATASET/Turmeric Plant Disease Dataset Advancing AI for Agricultural Sustainability.zip#Turmeric Plant Disease Dataset Advancing AI for Agricultural Sustainability/Turmeric Plant Disease.zip#Turmeric Plant Disease/Leaf Blotch/Leaf Blotch00121.JPG,Leaf Blotch,True,EVALUATE_SHARED,
TURM_CROSS_A_TO_B,Image Dataset for Turmeric Plant Leaf Disease Detection,Turmeric Plant Disease Dataset Advancing AI (Original),TURM_04883,DATASET/Turmeric Plant Disease Dataset Advancing AI for Agricultural Sustainability.zip#Turmeric Plant Disease Dataset Advancing AI for Agricultural Sustainability/Turmeric Plant Disease.zip#Turmeric Plant Disease/Leaf Blotch/Leaf Blotch00122.JPG,Leaf Blotch,True,EVALUATE_SHARED,
TURM_CROSS_A_TO_B,Image Dataset for Turmeric Plant Leaf Disease Detection,Turmeric Plant Disease Dataset Advancing AI (Original),TURM_04884,DATASET/Turmeric Plant Disease Dataset Advancing AI for Agricultural Sustainability.zip#Turmeric Plant Disease Dataset Advancing AI for Agricultural Sustainability/Turmeric Plant Disease.zip#Turmeric Plant Disease/Leaf Blotch/Leaf Blotch00123.JPG,Leaf Blotch,True,EVALUATE_SHARED,
TURM_CROSS_A_TO_B,Image Dataset for Turmeric Plant Leaf Disease Detection,Turmeric Plant Disease Dataset Advancing AI (Original),TURM_04885,DATASET/Turmeric Plant Disease Dataset Advancing AI for Agricultural Sustainability.zip#Turmeric Plant Disease Dataset Advancing AI for Agricultural Sustainability/Turmeric Plant Disease.zip#Turmeric Plant Disease/Leaf Blotch/Leaf Blotch00124.JPG,Leaf Blotch,True,EVALUATE_SHARED,
TURM_CROSS_A_TO_B,Image Dataset for Turmeric Plant Leaf Disease Detection,Turmeric Plant Disease Dataset Advancing AI (Original),TURM_04886,DATASET/Turmeric Plant Disease Dataset Advancing AI for Agricultural Sustainability.zip#Turmeric Plant Disease Dataset Advancing AI for Agricultural Sustainability/Turmeric Plant Disease.zip#Turmeric Plant Disease/Leaf Blotch/Leaf Blotch00125.JPG,Leaf Blotch,True,EVALUATE_SHARED,
TURM_CROSS_A_TO_B,Image Dataset for Turmeric Plant Leaf Disease Detection,Turmeric Plant Disease Dataset Advancing AI (Original),TURM_04887,DATASET/Turmeric Plant Disease Dataset Advancing AI for Agricultural Sustainability.zip#Turmeric Plant Disease Dataset Advancing AI for Agricultural Sustainability/Turmeric Plant Disease.zip#Turmeric Plant Disease/Leaf Blotch/Leaf Blotch00126.JPG,Leaf Blotch,True,EVALUATE_SHARED,
TURM_CROSS_A_TO_B,Image Dataset for Turmeric Plant Leaf Disease Detection,Turmeric Plant Disease Dataset Advancing AI (Original),TURM_04888,DATASET/Turmeric Plant Disease Dataset Advancing AI for Agricultural Sustainability.zip#Turmeric Plant Disease Dataset Advancing AI for Agricultural Sustainability/Turmeric Plant Disease.zip#Turmeric Plant Disease/Leaf Blotch/Leaf Blotch00127.JPG,Leaf Blotch,True,EVALUATE_SHARED,
TURM_CROSS_A_TO_B,Image Dataset for Turmeric Plant Leaf Disease Detection,Turmeric Plant Disease Dataset Advancing AI (Original),TURM_04889,DATASET/Turmeric Plant Disease Dataset Advancing AI for Agricultural Sustainability.zip#Turmeric Plant Disease Dataset Advancing AI for Agricultural Sustainability/Turmeric Plant Disease.zip#Turmeric Plant Disease/Leaf Blotch/Leaf Blotch00128.JPG,Leaf Blotch,True,EVALUATE_SHARED,
TURM_CROSS_A_TO_B,Image Dataset for Turmeric Plant Leaf Disease Detection,Turmeric Plant Disease Dataset Advancing AI (Original),TURM_04890,DATASET/Turmeric Plant Disease Dataset Advancing AI for Agricultural Sustainability.zip#Turmeric Plant Disease Dataset Advancing AI for Agricultural Sustainability/Turmeric Plant Disease.zip#Turmeric Plant Disease/Leaf Blotch/Leaf Blotch00129.JPG,Leaf Blotch,True,EVALUATE_SHARED,
TURM_CROSS_A_TO_B,Image Dataset for Turmeric Plant Leaf Disease Detection,Turmeric Plant Disease Dataset Advancing AI (Original),TURM_04891,DATASET/Turmeric Plant Disease Dataset Advancing AI for Agricultural Sustainability.zip#Turmeric Plant Disease Dataset Advancing AI for Agricultural Sustainability/Turmeric Plant Disease.zip#Turmeric Plant Disease/Leaf Blotch/Leaf Blotch00130.JPG,Leaf Blotch,True,EVALUATE_SHARED,
TURM_CROSS_A_TO_B,Image Dataset for Turmeric Plant Leaf Disease Detection,Turmeric Plant Disease Dataset Advancing AI (Original),TURM_04892,DATASET/Turmeric Plant Disease Dataset Advancing AI for Agricultural Sustainability.zip#Turmeric Plant Disease Dataset Advancing AI for Agricultural Sustainability/Turmeric Plant Disease.zip#Turmeric Plant Disease/Leaf Blotch/Leaf Blotch00131.JPG,Leaf Blotch,True,EVALUATE_SHARED,
TURM_CROSS_A_TO_B,Image Dataset for Turmeric Plant Leaf Disease Detection,Turmeric Plant Disease Dataset Advancing AI (Original),TURM_04893,DATASET/Turmeric Plant Disease Dataset Advancing AI for Agricultural Sustainability.zip#Turmeric Plant Disease Dataset Advancing AI for Agricultural Sustainability/Turmeric Plant Disease.zip#Turmeric Plant Disease/Leaf Blotch/Leaf Blotch00132.JPG,Leaf Blotch,True,EVALUATE_SHARED,
TURM_CROSS_A_TO_B,Image Dataset for Turmeric Plant Leaf Disease Detection,Turmeric Plant Disease Dataset Advancing AI (Original),TURM_04894,DATASET/Turmeric Plant Disease Dataset Advancing AI for Agricultural Sustainability.zip#Turmeric Plant Disease Dataset Advancing AI for Agricultural Sustainability/Turmeric Plant Disease.zip#Turmeric Plant Disease/Leaf Blotch/Leaf Blotch00133.JPG,Leaf Blotch,True,EVALUATE_SHARED,
TURM_CROSS_A_TO_B,Image Dataset for Turmeric Plant Leaf Disease Detection,Turmeric Plant Disease Dataset Advancing AI (Original),TURM_04895,DATASET/Turmeric Plant Disease Dataset Advancing AI for Agricultural Sustainability.zip#Turmeric Plant Disease Dataset Advancing AI for Agricultural Sustainability/Turmeric Plant Disease.zip#Turmeric Plant Disease/Leaf Blotch/Leaf Blotch00134.JPG,Leaf Blotch,True,EVALUATE_SHARED,
TURM_CROSS_A_TO_B,Image Dataset for Turmeric Plant Leaf Disease Detection,Turmeric Plant Disease Dataset Advancing AI (Original),TURM_04896,DATASET/Turmeric Plant Disease Dataset Advancing AI for Agricultural Sustainability.zip#Turmeric Plant Disease Dataset Advancing AI for Agricultural Sustainability/Turmeric Plant Disease.zip#Turmeric Plant Disease/Leaf Blotch/Leaf Blotch00135.JPG,Leaf Blotch,True,EVALUATE_SHARED,
TURM_CROSS_A_TO_B,Image Dataset for Turmeric Plant Leaf Disease Detection,Turmeric Plant Disease Dataset Advancing AI (Original),TURM_04897,DATASET/Turmeric Plant Disease Dataset Advancing AI for Agricultural Sustainability.zip#Turmeric Plant Disease Dataset Advancing AI for Agricultural Sustainability/Turmeric Plant Disease.zip#Turmeric Plant Disease/Leaf Blotch/Leaf Blotch00136.JPG,Leaf Blotch,True,EVALUATE_SHARED,
TURM_CROSS_A_TO_B,Image Dataset for Turmeric Plant Leaf Disease Detection,Turmeric Plant Disease Dataset Advancing AI (Original),TURM_04898,DATASET/Turmeric Plant Disease Dataset Advancing AI for Agricultural Sustainability.zip#Turmeric Plant Disease Dataset Advancing AI for Agricultural Sustainability/Turmeric Plant Disease.zip#Turmeric Plant Disease/Leaf Blotch/Leaf Blotch00137.JPG,Leaf Blotch,True,EVALUATE_SHARED,
TURM_CROSS_A_TO_B,Image Dataset for Turmeric Plant Leaf Disease Detection,Turmeric Plant Disease Dataset Advancing AI (Original),TURM_04899,DATASET/Turmeric Plant Disease Dataset Advancing AI for Agricultural Sustainability.zip#Turmeric Plant Disease Dataset Advancing AI for Agricultural Sustainability/Turmeric Plant Disease.zip#Turmeric Plant Disease/Leaf Blotch/Leaf Blotch00138.JPG,Leaf Blotch,True,EVALUATE_SHARED,
TURM_CROSS_A_TO_B,Image Dataset for Turmeric Plant Leaf Disease Detection,Turmeric Plant Disease Dataset Advancing AI (Original),TURM_04900,DATASET/Turmeric Plant Disease Dataset Advancing AI for Agricultural Sustainability.zip#Turmeric Plant Disease Dataset Advancing AI for Agricultural Sustainability/Turmeric Plant Disease.zip#Turmeric Plant Disease/Leaf Blotch/Leaf Blotch00139.JPG,Leaf Blotch,True,EVALUATE_SHARED,
TURM_CROSS_A_TO_B,Image Dataset for Turmeric Plant Leaf Disease Detection,Turmeric Plant Disease Dataset Advancing AI (Original),TURM_04901,DATASET/Turmeric Plant Disease Dataset Advancing AI for Agricultural Sustainability.zip#Turmeric Plant Disease Dataset Advancing AI for Agricultural Sustainability/Turmeric Plant Disease.zip#Turmeric Plant Disease/Leaf Blotch/Leaf Blotch00140.JPG,Leaf Blotch,True,EVALUATE_SHARED,
TURM_CROSS_A_TO_B,Image Dataset for Turmeric Plant Leaf Disease Detection,Turmeric Plant Disease Dataset Advancing AI (Original),TURM_04902,DATASET/Turmeric Plant Disease Dataset Advancing AI for Agricultural Sustainability.zip#Turmeric Plant Disease Dataset Advancing AI for Agricultural Sustainability/Turmeric Plant Disease.zip#Turmeric Plant Disease/Leaf Blotch/Leaf Blotch00141.JPG,Leaf Blotch,True,EVALUATE_SHARED,
TURM_CROSS_A_TO_B,Image Dataset for Turmeric Plant Leaf Disease Detection,Turmeric Plant Disease Dataset Advancing AI (Original),TURM_04903,DATASET/Turmeric Plant Disease Dataset Advancing AI for Agricultural Sustainability.zip#Turmeric Plant Disease Dataset Advancing AI for Agricultural Sustainability/Turmeric Plant Disease.zip#Turmeric Plant Disease/Leaf Blotch/Leaf Blotch00142.JPG,Leaf Blotch,True,EVALUATE_SHARED,
TURM_CROSS_A_TO_B,Image Dataset for Turmeric Plant Leaf Disease Detection,Turmeric Plant Disease Dataset Advancing AI (Original),TURM_04904,DATASET/Turmeric Plant Disease Dataset Advancing AI for Agricultural Sustainability.zip#Turmeric Plant Disease Dataset Advancing AI for Agricultural Sustainability/Turmeric Plant Disease.zip#Turmeric Plant Disease/Leaf Blotch/Leaf Blotch00143.JPG,Leaf Blotch,True,EVALUATE_SHARED,
TURM_CROSS_A_TO_B,Image Dataset for Turmeric Plant Leaf Disease Detection,Turmeric Plant Disease Dataset Advancing AI (Original),TURM_04905,DATASET/Turmeric Plant Disease Dataset Advancing AI for Agricultural Sustainability.zip#Turmeric Plant Disease Dataset Advancing AI for Agricultural Sustainability/Turmeric Plant Disease.zip#Turmeric Plant Disease/Leaf Blotch/Leaf Blotch00144.JPG,Leaf Blotch,True,EVALUATE_SHARED,
TURM_CROSS_A_TO_B,Image Dataset for Turmeric Plant Leaf Disease Detection,Turmeric Plant Disease Dataset Advancing AI (Original),TURM_04906,DATASET/Turmeric Plant Disease Dataset Advancing AI for Agricultural Sustainability.zip#Turmeric Plant Disease Dataset Advancing AI for Agricultural Sustainability/Turmeric Plant Disease.zip#Turmeric Plant Disease/Leaf Blotch/Leaf Blotch00145.JPG,Leaf Blotch,True,EVALUATE_SHARED,
TURM_CROSS_A_TO_B,Image Dataset for Turmeric Plant Leaf Disease Detection,Turmeric Plant Disease Dataset Advancing AI (Original),TURM_04907,DATASET/Turmeric Plant Disease Dataset Advancing AI for Agricultural Sustainability.zip#Turmeric Plant Disease Dataset Advancing AI for Agricultural Sustainability/Turmeric Plant Disease.zip#Turmeric Plant Disease/Leaf Blotch/Leaf Blotch00146.JPG,Leaf Blotch,True,EVALUATE_SHARED,
TURM_CROSS_A_TO_B,Image Dataset for Turmeric Plant Leaf Disease Detection,Turmeric Plant Disease Dataset Advancing AI (Original),TURM_04908,DATASET/Turmeric Plant Disease Dataset Advancing AI for Agricultural Sustainability.zip#Turmeric Plant Disease Dataset Advancing AI for Agricultural Sustainability/Turmeric Plant Disease.zip#Turmeric Plant Disease/Leaf Blotch/Leaf Blotch00147.JPG,Leaf Blotch,True,EVALUATE_SHARED,
TURM_CROSS_A_TO_B,Image Dataset for Turmeric Plant Leaf Disease Detection,Turmeric Plant Disease Dataset Advancing AI (Original),TURM_04909,DATASET/Turmeric Plant Disease Dataset Advancing AI for Agricultural Sustainability.zip#Turmeric Plant Disease Dataset Advancing AI for Agricultural Sustainability/Turmeric Plant Disease.zip#Turmeric Plant Disease/Leaf Blotch/Leaf Blotch00148.JPG,Leaf Blotch,True,EVALUATE_SHARED,
TURM_CROSS_A_TO_B,Image Dataset for Turmeric Plant Leaf Disease Detection,Turmeric Plant Disease Dataset Advancing AI (Original),TURM_04910,DATASET/Turmeric Plant Disease Dataset Advancing AI for Agricultural Sustainability.zip#Turmeric Plant Disease Dataset Advancing AI for Agricultural Sustainability/Turmeric Plant Disease.zip#Turmeric Plant Disease/Leaf Blotch/Leaf Blotch00149.JPG,Leaf Blotch,True,EVALUATE_SHARED,
TURM_CROSS_A_TO_B,Image Dataset for Turmeric Plant Leaf Disease Detection,Turmeric Plant Disease Dataset Advancing AI (Original),TURM_04911,DATASET/Turmeric Plant Disease Dataset Advancing AI for Agricultural Sustainability.zip#Turmeric Plant Disease Dataset Advancing AI for Agricultural Sustainability/Turmeric Plant Disease.zip#Turmeric Plant Disease/Leaf Blotch/Leaf Blotch00150.JPG,Leaf Blotch,True,EVALUATE_SHARED,
TURM_CROSS_A_TO_B,Image Dataset for Turmeric Plant Leaf Disease Detection,Turmeric Plant Disease Dataset Advancing AI (Original),TURM_04912,DATASET/Turmeric Plant Disease Dataset Advancing AI for Agricultural Sustainability.zip#Turmeric Plant Disease Dataset Advancing AI for Agricultural Sustainability/Turmeric Plant Disease.zip#Turmeric Plant Disease/Leaf Blotch/Leaf Blotch00151.JPG,Leaf Blotch,True,EVALUATE_SHARED,
TURM_CROSS_A_TO_B,Image Dataset for Turmeric Plant Leaf Disease Detection,Turmeric Plant Disease Dataset Advancing AI (Original),TURM_04913,DATASET/Turmeric Plant Disease Dataset Advancing AI for Agricultural Sustainability.zip#Turmeric Plant Disease Dataset Advancing AI for Agricultural Sustainability/Turmeric Plant Disease.zip#Turmeric Plant Disease/Leaf Blotch/Leaf Blotch00152.JPG,Leaf Blotch,True,EVALUATE_SHARED,
TURM_CROSS_A_TO_B,Image Dataset for Turmeric Plant Leaf Disease Detection,Turmeric Plant Disease Dataset Advancing AI (Original),TURM_04914,DATASET/Turmeric Plant Disease Dataset Advancing AI for Agricultural Sustainability.zip#Turmeric Plant Disease Dataset Advancing AI for Agricultural Sustainability/Turmeric Plant Disease.zip#Turmeric Plant Disease/Leaf Blotch/Leaf Blotch00153.JPG,Leaf Blotch,True,EVALUATE_SHARED,
TURM_CROSS_A_TO_B,Image Dataset for Turmeric Plant Leaf Disease Detection,Turmeric Plant Disease Dataset Advancing AI (Original),TURM_04915,DATASET/Turmeric Plant Disease Dataset Advancing AI for Agricultural Sustainability.zip#Turmeric Plant Disease Dataset Advancing AI for Agricultural Sustainability/Turmeric Plant Disease.zip#Turmeric Plant Disease/Leaf Blotch/Leaf Blotch00154.JPG,Leaf Blotch,True,EVALUATE_SHARED,
TURM_CROSS_A_TO_B,Image Dataset for Turmeric Plant Leaf Disease Detection,Turmeric Plant Disease Dataset Advancing AI (Original),TURM_04916,DATASET/Turmeric Plant Disease Dataset Advancing AI for Agricultural Sustainability.zip#Turmeric Plant Disease Dataset Advancing AI for Agricultural Sustainability/Turmeric Plant Disease.zip#Turmeric Plant Disease/Leaf Blotch/Leaf Blotch00155.JPG,Leaf Blotch,True,EVALUATE_SHARED,
TURM_CROSS_A_TO_B,Image Dataset for Turmeric Plant Leaf Disease Detection,Turmeric Plant Disease Dataset Advancing AI (Original),TURM_04917,DATASET/Turmeric Plant Disease Dataset Advancing AI for Agricultural Sustainability.zip#Turmeric Plant Disease Dataset Advancing AI for Agricultural Sustainability/Turmeric Plant Disease.zip#Turmeric Plant Disease/Leaf Blotch/Leaf Blotch00156.JPG,Leaf Blotch,True,EVALUATE_SHARED,
TURM_CROSS_A_TO_B,Image Dataset for Turmeric Plant Leaf Disease Detection,Turmeric Plant Disease Dataset Advancing AI (Original),TURM_04918,DATASET/Turmeric Plant Disease Dataset Advancing AI for Agricultural Sustainability.zip#Turmeric Plant Disease Dataset Advancing AI for Agricultural Sustainability/Turmeric Plant Disease.zip#Turmeric Plant Disease/Leaf Blotch/Leaf Blotch00157.JPG,Leaf Blotch,True,EVALUATE_SHARED,
TURM_CROSS_A_TO_B,Image Dataset for Turmeric Plant Leaf Disease Detection,Turmeric Plant Disease Dataset Advancing AI (Original),TURM_04919,DATASET/Turmeric Plant Disease Dataset Advancing AI for Agricultural Sustainability.zip#Turmeric Plant Disease Dataset Advancing AI for Agricultural Sustainability/Turmeric Plant Disease.zip#Turmeric Plant Disease/Leaf Blotch/Leaf Blotch00158.JPG,Leaf Blotch,True,EVALUATE_SHARED,
TURM_CROSS_A_TO_B,Image Dataset for Turmeric Plant Leaf Disease Detection,Turmeric Plant Disease Dataset Advancing AI (Original),TURM_04920,DATASET/Turmeric Plant Disease Dataset Advancing AI for Agricultural Sustainability.zip#Turmeric Plant Disease Dataset Advancing AI for Agricultural Sustainability/Turmeric Plant Disease.zip#Turmeric Plant Disease/Leaf Blotch/Leaf Blotch00159.JPG,Leaf Blotch,True,EVALUATE_SHARED,
TURM_CROSS_A_TO_B,Image Dataset for Turmeric Plant Leaf Disease Detection,Turmeric Plant Disease Dataset Advancing AI (Original),TURM_04921,DATASET/Turmeric Plant Disease Dataset Advancing AI for Agricultural Sustainability.zip#Turmeric Plant Disease Dataset Advancing AI for Agricultural Sustainability/Turmeric Plant Disease.zip#Turmeric Plant Disease/Leaf Blotch/Leaf Blotch00160.JPG,Leaf Blotch,True,EVALUATE_SHARED,
TURM_CROSS_A_TO_B,Image Dataset for Turmeric Plant Leaf Disease Detection,Turmeric Plant Disease Dataset Advancing AI (Original),TURM_04922,DATASET/Turmeric Plant Disease Dataset Advancing AI for Agricultural Sustainability.zip#Turmeric Plant Disease Dataset Advancing AI for Agricultural Sustainability/Turmeric Plant Disease.zip#Turmeric Plant Disease/Leaf Blotch/Leaf Blotch00161.JPG,Leaf Blotch,True,EVALUATE_SHARED,
TURM_CROSS_A_TO_B,Image Dataset for Turmeric Plant Leaf Disease Detection,Turmeric Plant Disease Dataset Advancing AI (Original),TURM_04923,DATASET/Turmeric Plant Disease Dataset Advancing AI for Agricultural Sustainability.zip#Turmeric Plant Disease Dataset Advancing AI for Agricultural Sustainability/Turmeric Plant Disease.zip#Turmeric Plant Disease/Leaf Blotch/Leaf Blotch00162.JPG,Leaf Blotch,True,EVALUATE_SHARED,
TURM_CROSS_A_TO_B,Image Dataset for Turmeric Plant Leaf Disease Detection,Turmeric Plant Disease Dataset Advancing AI (Original),TURM_04924,DATASET/Turmeric Plant Disease Dataset Advancing AI for Agricultural Sustainability.zip#Turmeric Plant Disease Dataset Advancing AI for Agricultural Sustainability/Turmeric Plant Disease.zip#Turmeric Plant Disease/Leaf Blotch/Leaf Blotch00163.JPG,Leaf Blotch,True,EVALUATE_SHARED,
TURM_CROSS_A_TO_B,Image Dataset for Turmeric Plant Leaf Disease Detection,Turmeric Plant Disease Dataset Advancing AI (Original),TURM_04925,DATASET/Turmeric Plant Disease Dataset Advancing AI for Agricultural Sustainability.zip#Turmeric Plant Disease Dataset Advancing AI for Agricultural Sustainability/Turmeric Plant Disease.zip#Turmeric Plant Disease/Leaf Blotch/Leaf Blotch00164.JPG,Leaf Blotch,True,EVALUATE_SHARED,
TURM_CROSS_A_TO_B,Image Dataset for Turmeric Plant Leaf Disease Detection,Turmeric Plant Disease Dataset Advancing AI (Original),TURM_04926,DATASET/Turmeric Plant Disease Dataset Advancing AI for Agricultural Sustainability.zip#Turmeric Plant Disease Dataset Advancing AI for Agricultural Sustainability/Turmeric Plant Disease.zip#Turmeric Plant Disease/Leaf Blotch/Leaf Blotch00165.JPG,Leaf Blotch,True,EVALUATE_SHARED,
TURM_CROSS_A_TO_B,Image Dataset for Turmeric Plant Leaf Disease Detection,Turmeric Plant Disease Dataset Advancing AI (Original),TURM_04927,DATASET/Turmeric Plant Disease Dataset Advancing AI for Agricultural Sustainability.zip#Turmeric Plant Disease Dataset Advancing AI for Agricultural Sustainability/Turmeric Plant Disease.zip#Turmeric Plant Disease/Leaf Blotch/Leaf Blotch00166.JPG,Leaf Blotch,True,EVALUATE_SHARED,
TURM_CROSS_A_TO_B,Image Dataset for Turmeric Plant Leaf Disease Detection,Turmeric Plant Disease Dataset Advancing AI (Original),TURM_04928,DATASET/Turmeric Plant Disease Dataset Advancing AI for Agricultural Sustainability.zip#Turmeric Plant Disease Dataset Advancing AI for Agricultural Sustainability/Turmeric Plant Disease.zip#Turmeric Plant Disease/Leaf Blotch/Leaf Blotch00167.JPG,Leaf Blotch,True,EVALUATE_SHARED,
TURM_CROSS_A_TO_B,Image Dataset for Turmeric Plant Leaf Disease Detection,Turmeric Plant Disease Dataset Advancing AI (Original),TURM_04929,DATASET/Turmeric Plant Disease Dataset Advancing AI for Agricultural Sustainability.zip#Turmeric Plant Disease Dataset Advancing AI for Agricultural Sustainability/Turmeric Plant Disease.zip#Turmeric Plant Disease/Leaf Blotch/Leaf Blotch00168.JPG,Leaf Blotch,True,EVALUATE_SHARED,
TURM_CROSS_A_TO_B,Image Dataset for Turmeric Plant Leaf Disease Detection,Turmeric Plant Disease Dataset Advancing AI (Original),TURM_04930,DATASET/Turmeric Plant Disease Dataset Advancing AI for Agricultural Sustainability.zip#Turmeric Plant Disease Dataset Advancing AI for Agricultural Sustainability/Turmeric Plant Disease.zip#Turmeric Plant Disease/Leaf Blotch/Leaf Blotch00169.JPG,Leaf Blotch,True,EVALUATE_SHARED,
TURM_CROSS_A_TO_B,Image Dataset for Turmeric Plant Leaf Disease Detection,Turmeric Plant Disease Dataset Advancing AI (Original),TURM_04931,DATASET/Turmeric Plant Disease Dataset Advancing AI for Agricultural Sustainability.zip#Turmeric Plant Disease Dataset Advancing AI for Agricultural Sustainability/Turmeric Plant Disease.zip#Turmeric Plant Disease/Leaf Blotch/Leaf Blotch00170.JPG,Leaf Blotch,True,EVALUATE_SHARED,
TURM_CROSS_A_TO_B,Image Dataset for Turmeric Plant Leaf Disease Detection,Turmeric Plant Disease Dataset Advancing AI (Original),TURM_04932,DATASET/Turmeric Plant Disease Dataset Advancing AI for Agricultural Sustainability.zip#Turmeric Plant Disease Dataset Advancing AI for Agricultural Sustainability/Turmeric Plant Disease.zip#Turmeric Plant Disease/Leaf Blotch/Leaf Blotch00171.JPG,Leaf Blotch,True,EVALUATE_SHARED,
TURM_CROSS_A_TO_B,Image Dataset for Turmeric Plant Leaf Disease Detection,Turmeric Plant Disease Dataset Advancing AI (Original),TURM_04933,DATASET/Turmeric Plant Disease Dataset Advancing AI for Agricultural Sustainability.zip#Turmeric Plant Disease Dataset Advancing AI for Agricultural Sustainability/Turmeric Plant Disease.zip#Turmeric Plant Disease/Leaf Blotch/Leaf Blotch00172.JPG,Leaf Blotch,True,EVALUATE_SHARED,
TURM_CROSS_A_TO_B,Image Dataset for Turmeric Plant Leaf Disease Detection,Turmeric Plant Disease Dataset Advancing AI (Original),TURM_04934,DATASET/Turmeric Plant Disease Dataset Advancing AI for Agricultural Sustainability.zip#Turmeric Plant Disease Dataset Advancing AI for Agricultural Sustainability/Turmeric Plant Disease.zip#Turmeric Plant Disease/Leaf Blotch/Leaf Blotch00173.JPG,Leaf Blotch,True,EVALUATE_SHARED,
TURM_CROSS_A_TO_B,Image Dataset for Turmeric Plant Leaf Disease Detection,Turmeric Plant Disease Dataset Advancing AI (Original),TURM_04935,DATASET/Turmeric Plant Disease Dataset Advancing AI for Agricultural Sustainability.zip#Turmeric Plant Disease Dataset Advancing AI for Agricultural Sustainability/Turmeric Plant Disease.zip#Turmeric Plant Disease/Leaf Blotch/Leaf Blotch00174.JPG,Leaf Blotch,True,EVALUATE_SHARED,
TURM_CROSS_A_TO_B,Image Dataset for Turmeric Plant Leaf Disease Detection,Turmeric Plant Disease Dataset Advancing AI (Original),TURM_04936,DATASET/Turmeric Plant Disease Dataset Advancing AI for Agricultural Sustainability.zip#Turmeric Plant Disease Dataset Advancing AI for Agricultural Sustainability/Turmeric Plant Disease.zip#Turmeric Plant Disease/Leaf Blotch/Leaf Blotch00175.JPG,Leaf Blotch,True,EVALUATE_SHARED,
TURM_CROSS_A_TO_B,Image Dataset for Turmeric Plant Leaf Disease Detection,Turmeric Plant Disease Dataset Advancing AI (Original),TURM_04937,DATASET/Turmeric Plant Disease Dataset Advancing AI for Agricultural Sustainability.zip#Turmeric Plant Disease Dataset Advancing AI for Agricultural Sustainability/Turmeric Plant Disease.zip#Turmeric Plant Disease/Leaf Blotch/Leaf Blotch00176.JPG,Leaf Blotch,True,EVALUATE_SHARED,
TURM_CROSS_A_TO_B,Image Dataset for Turmeric Plant Leaf Disease Detection,Turmeric Plant Disease Dataset Advancing AI (Original),TURM_04938,DATASET/Turmeric Plant Disease Dataset Advancing AI for Agricultural Sustainability.zip#Turmeric Plant Disease Dataset Advancing AI for Agricultural Sustainability/Turmeric Plant Disease.zip#Turmeric Plant Disease/Leaf Blotch/Leaf Blotch00177.JPG,Leaf Blotch,True,EVALUATE_SHARED,
TURM_CROSS_A_TO_B,Image Dataset for Turmeric Plant Leaf Disease Detection,Turmeric Plant Disease Dataset Advancing AI (Original),TURM_04939,DATASET/Turmeric Plant Disease Dataset Advancing AI for Agricultural Sustainability.zip#Turmeric Plant Disease Dataset Advancing AI for Agricultural Sustainability/Turmeric Plant Disease.zip#Turmeric Plant Disease/Leaf Blotch/Leaf Blotch00178.JPG,Leaf Blotch,True,EVALUATE_SHARED,
TURM_CROSS_A_TO_B,Image Dataset for Turmeric Plant Leaf Disease Detection,Turmeric Plant Disease Dataset Advancing AI (Original),TURM_04940,DATASET/Turmeric Plant Disease Dataset Advancing AI for Agricultural Sustainability.zip#Turmeric Plant Disease Dataset Advancing AI for Agricultural Sustainability/Turmeric Plant Disease.zip#Turmeric Plant Disease/Leaf Blotch/Leaf Blotch00179.JPG,Leaf Blotch,True,EVALUATE_SHARED,
TURM_CROSS_A_TO_B,Image Dataset for Turmeric Plant Leaf Disease Detection,Turmeric Plant Disease Dataset Advancing AI (Original),TURM_04941,DATASET/Turmeric Plant Disease Dataset Advancing AI for Agricultural Sustainability.zip#Turmeric Plant Disease Dataset Advancing AI for Agricultural Sustainability/Turmeric Plant Disease.zip#Turmeric Plant Disease/Leaf Blotch/Leaf Blotch00180.JPG,Leaf Blotch,True,EVALUATE_SHARED,
TURM_CROSS_A_TO_B,Image Dataset for Turmeric Plant Leaf Disease Detection,Turmeric Plant Disease Dataset Advancing AI (Original),TURM_04942,DATASET/Turmeric Plant Disease Dataset Advancing AI for Agricultural Sustainability.zip#Turmeric Plant Disease Dataset Advancing AI for Agricultural Sustainability/Turmeric Plant Disease.zip#Turmeric Plant Disease/Leaf Blotch/Leaf Blotch00181.JPG,Leaf Blotch,True,EVALUATE_SHARED,
TURM_CROSS_A_TO_B,Image Dataset for Turmeric Plant Leaf Disease Detection,Turmeric Plant Disease Dataset Advancing AI (Original),TURM_04943,DATASET/Turmeric Plant Disease Dataset Advancing AI for Agricultural Sustainability.zip#Turmeric Plant Disease Dataset Advancing AI for Agricultural Sustainability/Turmeric Plant Disease.zip#Turmeric Plant Disease/Leaf Blotch/Leaf Blotch00182.JPG,Leaf Blotch,True,EVALUATE_SHARED,
TURM_CROSS_A_TO_B,Image Dataset for Turmeric Plant Leaf Disease Detection,Turmeric Plant Disease Dataset Advancing AI (Original),TURM_04944,DATASET/Turmeric Plant Disease Dataset Advancing AI for Agricultural Sustainability.zip#Turmeric Plant Disease Dataset Advancing AI for Agricultural Sustainability/Turmeric Plant Disease.zip#Turmeric Plant Disease/Leaf Blotch/Leaf Blotch00183.JPG,Leaf Blotch,True,EVALUATE_SHARED,
TURM_CROSS_A_TO_B,Image Dataset for Turmeric Plant Leaf Disease Detection,Turmeric Plant Disease Dataset Advancing AI (Original),TURM_04945,DATASET/Turmeric Plant Disease Dataset Advancing AI for Agricultural Sustainability.zip#Turmeric Plant Disease Dataset Advancing AI for Agricultural Sustainability/Turmeric Plant Disease.zip#Turmeric Plant Disease/Leaf Blotch/Leaf Blotch00184.JPG,Leaf Blotch,True,EVALUATE_SHARED,
TURM_CROSS_A_TO_B,Image Dataset for Turmeric Plant Leaf Disease Detection,Turmeric Plant Disease Dataset Advancing AI (Original),TURM_04946,DATASET/Turmeric Plant Disease Dataset Advancing AI for Agricultural Sustainability.zip#Turmeric Plant Disease Dataset Advancing AI for Agricultural Sustainability/Turmeric Plant Disease.zip#Turmeric Plant Disease/Leaf Blotch/Leaf Blotch00185.JPG,Leaf Blotch,True,EVALUATE_SHARED,
TURM_CROSS_A_TO_B,Image Dataset for Turmeric Plant Leaf Disease Detection,Turmeric Plant Disease Dataset Advancing AI (Original),TURM_04947,DATASET/Turmeric Plant Disease Dataset Advancing AI for Agricultural Sustainability.zip#Turmeric Plant Disease Dataset Advancing AI for Agricultural Sustainability/Turmeric Plant Disease.zip#Turmeric Plant Disease/Leaf Blotch/Leaf Blotch00186.JPG,Leaf Blotch,True,EVALUATE_SHARED,
TURM_CROSS_A_TO_B,Image Dataset for Turmeric Plant Leaf Disease Detection,Turmeric Plant Disease Dataset Advancing AI (Original),TURM_04948,DATASET/Turmeric Plant Disease Dataset Advancing AI for Agricultural Sustainability.zip#Turmeric Plant Disease Dataset Advancing AI for Agricultural Sustainability/Turmeric Plant Disease.zip#Turmeric Plant Disease/Leaf Blotch/Leaf Blotch00187.JPG,Leaf Blotch,True,EVALUATE_SHARED,
TURM_CROSS_A_TO_B,Image Dataset for Turmeric Plant Leaf Disease Detection,Turmeric Plant Disease Dataset Advancing AI (Original),TURM_04949,DATASET/Turmeric Plant Disease Dataset Advancing AI for Agricultural Sustainability.zip#Turmeric Plant Disease Dataset Advancing AI for Agricultural Sustainability/Turmeric Plant Disease.zip#Turmeric Plant Disease/Leaf Blotch/Leaf Blotch00188.JPG,Leaf Blotch,True,EVALUATE_SHARED,
TURM_CROSS_A_TO_B,Image Dataset for Turmeric Plant Leaf Disease Detection,Turmeric Plant Disease Dataset Advancing AI (Original),TURM_04950,DATASET/Turmeric Plant Disease Dataset Advancing AI for Agricultural Sustainability.zip#Turmeric Plant Disease Dataset Advancing AI for Agricultural Sustainability/Turmeric Plant Disease.zip#Turmeric Plant Disease/Leaf Blotch/Leaf Blotch00189.JPG,Leaf Blotch,True,EVALUATE_SHARED,
TURM_CROSS_A_TO_B,Image Dataset for Turmeric Plant Leaf Disease Detection,Turmeric Plant Disease Dataset Advancing AI (Original),TURM_04951,DATASET/Turmeric Plant Disease Dataset Advancing AI for Agricultural Sustainability.zip#Turmeric Plant Disease Dataset Advancing AI for Agricultural Sustainability/Turmeric Plant Disease.zip#Turmeric Plant Disease/Leaf Blotch/Leaf Blotch00190.JPG,Leaf Blotch,True,EVALUATE_SHARED,
TURM_CROSS_A_TO_B,Image Dataset for Turmeric Plant Leaf Disease Detection,Turmeric Plant Disease Dataset Advancing AI (Original),TURM_04952,DATASET/Turmeric Plant Disease Dataset Advancing AI for Agricultural Sustainability.zip#Turmeric Plant Disease Dataset Advancing AI for Agricultural Sustainability/Turmeric Plant Disease.zip#Turmeric Plant Disease/Leaf Blotch/Leaf Blotch00191.JPG,Leaf Blotch,True,EVALUATE_SHARED,
TURM_CROSS_A_TO_B,Image Dataset for Turmeric Plant Leaf Disease Detection,Turmeric Plant Disease Dataset Advancing AI (Original),TURM_04953,DATASET/Turmeric Plant Disease Dataset Advancing AI for Agricultural Sustainability.zip#Turmeric Plant Disease Dataset Advancing AI for Agricultural Sustainability/Turmeric Plant Disease.zip#Turmeric Plant Disease/Leaf Blotch/Leaf Blotch00192.JPG,Leaf Blotch,True,EVALUATE_SHARED,
TURM_CROSS_A_TO_B,Image Dataset for Turmeric Plant Leaf Disease Detection,Turmeric Plant Disease Dataset Advancing AI (Original),TURM_04954,DATASET/Turmeric Plant Disease Dataset Advancing AI for Agricultural Sustainability.zip#Turmeric Plant Disease Dataset Advancing AI for Agricultural Sustainability/Turmeric Plant Disease.zip#Turmeric Plant Disease/Leaf Blotch/Leaf Blotch00193.JPG,Leaf Blotch,True,EVALUATE_SHARED,
TURM_CROSS_A_TO_B,Image Dataset for Turmeric Plant Leaf Disease Detection,Turmeric Plant Disease Dataset Advancing AI (Original),TURM_04955,DATASET/Turmeric Plant Disease Dataset Advancing AI for Agricultural Sustainability.zip#Turmeric Plant Disease Dataset Advancing AI for Agricultural Sustainability/Turmeric Plant Disease.zip#Turmeric Plant Disease/Leaf Blotch/Leaf Blotch00194.JPG,Leaf Blotch,True,EVALUATE_SHARED,
TURM_CROSS_A_TO_B,Image Dataset for Turmeric Plant Leaf Disease Detection,Turmeric Plant Disease Dataset Advancing AI (Original),TURM_04956,DATASET/Turmeric Plant Disease Dataset Advancing AI for Agricultural Sustainability.zip#Turmeric Plant Disease Dataset Advancing AI for Agricultural Sustainability/Turmeric Plant Disease.zip#Turmeric Plant Disease/Leaf Blotch/Leaf Blotch00195.JPG,Leaf Blotch,True,EVALUATE_SHARED,
TURM_CROSS_A_TO_B,Image Dataset for Turmeric Plant Leaf Disease Detection,Turmeric Plant Disease Dataset Advancing AI (Original),TURM_04957,DATASET/Turmeric Plant Disease Dataset Advancing AI for Agricultural Sustainability.zip#Turmeric Plant Disease Dataset Advancing AI for Agricultural Sustainability/Turmeric Plant Disease.zip#Turmeric Plant Disease/Leaf Blotch/Leaf Blotch00196.JPG,Leaf Blotch,True,EVALUATE_SHARED,
TURM_CROSS_A_TO_B,Image Dataset for Turmeric Plant Leaf Disease Detection,Turmeric Plant Disease Dataset Advancing AI (Original),TURM_04958,DATASET/Turmeric Plant Disease Dataset Advancing AI for Agricultural Sustainability.zip#Turmeric Plant Disease Dataset Advancing AI for Agricultural Sustainability/Turmeric Plant Disease.zip#Turmeric Plant Disease/Leaf Blotch/Leaf Blotch00197.JPG,Leaf Blotch,True,EVALUATE_SHARED,
TURM_CROSS_A_TO_B,Image Dataset for Turmeric Plant Leaf Disease Detection,Turmeric Plant Disease Dataset Advancing AI (Original),TURM_04959,DATASET/Turmeric Plant Disease Dataset Advancing AI for Agricultural Sustainability.zip#Turmeric Plant Disease Dataset Advancing AI for Agricultural Sustainability/Turmeric Plant Disease.zip#Turmeric Plant Disease/Leaf Blotch/Leaf Blotch00198.JPG,Leaf Blotch,True,EVALUATE_SHARED,
TURM_CROSS_A_TO_B,Image Dataset for Turmeric Plant Leaf Disease Detection,Turmeric Plant Disease Dataset Advancing AI (Original),TURM_04960,DATASET/Turmeric Plant Disease Dataset Advancing AI for Agricultural Sustainability.zip#Turmeric Plant Disease Dataset Advancing AI for Agricultural Sustainability/Turmeric Plant Disease.zip#Turmeric Plant Disease/Leaf Blotch/Leaf Blotch00199.JPG,Leaf Blotch,True,EVALUATE_SHARED,
