image_id,absolute_path,source_dataset,original_class,proposed_final_class,condition_type,plant_part,file_extension,width,height,color_mode,sha256,perceptual_hash,integrity_status,duplicate_group_id,duplicate_status,canonical_image,is_candidate_for_model,exclusion_reason
TURM_03718,DATASET/Image Dataset for Turmeric Plant Leaf Disease Detection.zip#Image Dataset for Turmeric Plant Leaf Disease Detection/Original DataSet/Blotch/blotch_(10).jpg,Image Dataset for Turmeric Plant Leaf Disease Detection,Blotch,Leaf Blotch,disease,leaf,.jpg,4000,3000,RGB,7a68b5abb7e0eda38dcc971bfec0396a6a680c995071a5aebc3e3dcc5134c0f5,805e3f1706060480,valid,None,unique,TURM_03718,True,
TURM_03719,DATASET/Image Dataset for Turmeric Plant Leaf Disease Detection.zip#Image Dataset for Turmeric Plant Leaf Disease Detection/Original DataSet/Blotch/blotch_(100).jpg,Image Dataset for Turmeric Plant Leaf Disease Detection,Blotch,Leaf Blotch,disease,leaf,.jpg,4000,3000,RGB,bcc06d18f1831ae319f4f00da7c8278e101e4f7a33f4c026fc80408809931bdb,80b81d0f06070400,valid,None,unique,TURM_03719,True,
TURM_03720,DATASET/Image Dataset for Turmeric Plant Leaf Disease Detection.zip#Image Dataset for Turmeric Plant Leaf Disease Detection/Original DataSet/Blotch/blotch_(1).jpg,Image Dataset for Turmeric Plant Leaf Disease Detection,Blotch,Leaf Blotch,disease,leaf,.jpg,4000,3000,RGB,d0a26638fdc1355ac4e5767a5d4a42c965e2b4c5364a6c078342c3ee0cbb5f8a,120f0747078773b1,valid,None,unique,TURM_03720,True,
TURM_03721,DATASET/Image Dataset for Turmeric Plant Leaf Disease Detection.zip#Image Dataset for Turmeric Plant Leaf Disease Detection/Original DataSet/Blotch/blotch_(101).jpg,Image Dataset for Turmeric Plant Leaf Disease Detection,Blotch,Leaf Blotch,disease,leaf,.jpg,4000,3000,RGB,5a9df51980ae3c562a1a15d81e702ad85d2a39ae1d6d60ac179143f6b47081fa,342c3e3f0e0e06e0,valid,None,unique,TURM_03721,True,
TURM_03722,DATASET/Image Dataset for Turmeric Plant Leaf Disease Detection.zip#Image Dataset for Turmeric Plant Leaf Disease Detection/Original DataSet/Blotch/blotch_(102).jpg,Image Dataset for Turmeric Plant Leaf Disease Detection,Blotch,Leaf Blotch,disease,leaf,.jpg,4000,3000,RGB,61dc369c0fcede5ba2c94cd7a2912375b7245928ecfe944b3fe75fda5a4d0c59,888080311e0c0000,valid,None,unique,TURM_03722,True,
TURM_03723,DATASET/Image Dataset for Turmeric Plant Leaf Disease Detection.zip#Image Dataset for Turmeric Plant Leaf Disease Detection/Original DataSet/Blotch/blotch_(103).jpg,Image Dataset for Turmeric Plant Leaf Disease Detection,Blotch,Leaf Blotch,disease,leaf,.jpg,4000,3000,RGB,bd96d595dc6cc26f3dae2052ed03eaa5c8759243de75b02b0883bc03177de07c,0404041c0f0e0404,valid,None,unique,TURM_03723,True,
TURM_03724,DATASET/Image Dataset for Turmeric Plant Leaf Disease Detection.zip#Image Dataset for Turmeric Plant Leaf Disease Detection/Original DataSet/Blotch/blotch_(104).jpg,Image Dataset for Turmeric Plant Leaf Disease Detection,Blotch,Leaf Blotch,disease,leaf,.jpg,4000,3000,RGB,b70e64553d4cfd52b4433b3a131b764ea249326ca92bc470a6387c6b360ef634,0a022f1f0f1f090c,valid,None,unique,TURM_03724,True,
TURM_03725,DATASET/Image Dataset for Turmeric Plant Leaf Disease Detection.zip#Image Dataset for Turmeric Plant Leaf Disease Detection/Original DataSet/Blotch/blotch_(105).jpg,Image Dataset for Turmeric Plant Leaf Disease Detection,Blotch,Leaf Blotch,disease,leaf,.jpg,4000,3000,RGB,d8cd2e97eed259100d927726cbaec6581a1eef220416eb4bf5839e3ddc4c676e,886627171e070100,valid,None,unique,TURM_03725,True,
TURM_03726,DATASET/Image Dataset for Turmeric Plant Leaf Disease Detection.zip#Image Dataset for Turmeric Plant Leaf Disease Detection/Original DataSet/Blotch/blotch_(106).jpg,Image Dataset for Turmeric Plant Leaf Disease Detection,Blotch,Leaf Blotch,disease,leaf,.jpg,4000,3000,RGB,cc89a902e21acab337e34da2c07fb6a86facc0ea3712bb40b00691c3fa2666f3,9416170f0f0f2722,valid,None,unique,TURM_03726,True,
TURM_03727,DATASET/Image Dataset for Turmeric Plant Leaf Disease Detection.zip#Image Dataset for Turmeric Plant Leaf Disease Detection/Original DataSet/Blotch/blotch_(107).jpg,Image Dataset for Turmeric Plant Leaf Disease Detection,Blotch,Leaf Blotch,disease,leaf,.jpg,4000,3000,RGB,66cb2e514a12f2542447d7f04582af204a8456c415c3f0862f1c41c3f5464b1c,80000c0e0f180103,valid,None,unique,TURM_03727,True,
TURM_03728,DATASET/Image Dataset for Turmeric Plant Leaf Disease Detection.zip#Image Dataset for Turmeric Plant Leaf Disease Detection/Original DataSet/Blotch/blotch_(109).jpg,Image Dataset for Turmeric Plant Leaf Disease Detection,Blotch,Leaf Blotch,disease,leaf,.jpg,4000,3000,RGB,ba0259fbee93a2eeff0bc50fcb61acdcc20484bcff8f9985d9903779f93aadc3,08081c1f0f0f0909,valid,None,unique,TURM_03728,True,
TURM_03729,DATASET/Image Dataset for Turmeric Plant Leaf Disease Detection.zip#Image Dataset for Turmeric Plant Leaf Disease Detection/Original DataSet/Blotch/blotch_(108).jpg,Image Dataset for Turmeric Plant Leaf Disease Detection,Blotch,Leaf Blotch,disease,leaf,.jpg,4000,3000,RGB,3fb4b5064dbab2f7d6376ea006a047cbd1757baa2e27eff0a5258b089a188038,0008060e1f3e0c01,valid,None,unique,TURM_03729,True,
TURM_03730,DATASET/Image Dataset for Turmeric Plant Leaf Disease Detection.zip#Image Dataset for Turmeric Plant Leaf Disease Detection/Original DataSet/Blotch/blotch_(11).jpg,Image Dataset for Turmeric Plant Leaf Disease Detection,Blotch,Leaf Blotch,disease,leaf,.jpg,4000,3000,RGB,2aeaaafe8ab8bacbbe61a27abab10b8f231d5bcf8f81a9ba50c94c8aac7835b1,1a0b1f0f0f030383,valid,None,unique,TURM_03730,True,
TURM_03731,DATASET/Image Dataset for Turmeric Plant Leaf Disease Detection.zip#Image Dataset for Turmeric Plant Leaf Disease Detection/Original DataSet/Blotch/blotch_(110).jpg,Image Dataset for Turmeric Plant Leaf Disease Detection,Blotch,Leaf Blotch,disease,leaf,.jpg,4000,3000,RGB,8ef16b5c4a776db8e5849dba68da19d0e68ee9872b3012ea4f00ef6b5c3535ff,80880f0f0f060100,valid,None,unique,TURM_03731,True,
TURM_03732,DATASET/Image Dataset for Turmeric Plant Leaf Disease Detection.zip#Image Dataset for Turmeric Plant Leaf Disease Detection/Original DataSet/Blotch/blotch_(111).jpg,Image Dataset for Turmeric Plant Leaf Disease Detection,Blotch,Leaf Blotch,disease,leaf,.jpg,4000,3000,RGB,d44ef069db9f7bdcaac4eed6bf777b0a01e9b938206731b3e52acf941d9d6a34,94060e0f0f0f0726,valid,None,unique,TURM_03732,True,
TURM_03733,DATASET/Image Dataset for Turmeric Plant Leaf Disease Detection.zip#Image Dataset for Turmeric Plant Leaf Disease Detection/Original DataSet/Blotch/blotch_(112).jpg,Image Dataset for Turmeric Plant Leaf Disease Detection,Blotch,Leaf Blotch,disease,leaf,.jpg,4000,3000,RGB,f7006659e6e9c52685a778121249bafac8197d198f2b804bc8a57f796a73933b,8000181f0f1c0203,valid,None,unique,TURM_03733,True,
TURM_03734,DATASET/Image Dataset for Turmeric Plant Leaf Disease Detection.zip#Image Dataset for Turmeric Plant Leaf Disease Detection/Original DataSet/Blotch/blotch_(113).jpg,Image Dataset for Turmeric Plant Leaf Disease Detection,Blotch,Leaf Blotch,disease,leaf,.jpg,4000,3000,RGB,1986cf699312e2001d9255fea970eed9b636f99bdb2ce0db31dd9ab4b12cfa18,0808081f0f0d0c0c,valid,None,unique,TURM_03734,True,
TURM_03735,DATASET/Image Dataset for Turmeric Plant Leaf Disease Detection.zip#Image Dataset for Turmeric Plant Leaf Disease Detection/Original DataSet/Blotch/blotch_(114).jpg,Image Dataset for Turmeric Plant Leaf Disease Detection,Blotch,Leaf Blotch,disease,leaf,.jpg,4000,3000,RGB,d43a53d9f3ebf93fa12c643631f1efcf57784c9038e1d3c17f05e015135f07a0,8486070327050004,valid,None,unique,TURM_03735,True,
TURM_03736,DATASET/Image Dataset for Turmeric Plant Leaf Disease Detection.zip#Image Dataset for Turmeric Plant Leaf Disease Detection/Original DataSet/Blotch/blotch_(115).jpg,Image Dataset for Turmeric Plant Leaf Disease Detection,Blotch,Leaf Blotch,disease,leaf,.jpg,4000,3000,RGB,6743a0f602b91dbe32f504c80b73c15995fb0b4d99973e5f606dbb207d5eb84e,8484076327060200,valid,None,unique,TURM_03736,True,
TURM_03737,DATASET/Image Dataset for Turmeric Plant Leaf Disease Detection.zip#Image Dataset for Turmeric Plant Leaf Disease Detection/Original DataSet/Blotch/blotch_(116).jpg,Image Dataset for Turmeric Plant Leaf Disease Detection,Blotch,Leaf Blotch,disease,leaf,.jpg,4000,3000,RGB,d4eb8c6d530c117c991c1353be5da210689505a3c3b681f7c02d5c92b5b57026,d006071317070782,valid,None,unique,TURM_03737,True,
TURM_03738,DATASET/Image Dataset for Turmeric Plant Leaf Disease Detection.zip#Image Dataset for Turmeric Plant Leaf Disease Detection/Original DataSet/Blotch/blotch_(117).jpg,Image Dataset for Turmeric Plant Leaf Disease Detection,Blotch,Leaf Blotch,disease,leaf,.jpg,4000,3000,RGB,20780fc2b8f1c06e4afee3e64db83ebe09a0b96599d325fff0e96447a68bb5b6,80808c070f0c0100,valid,None,unique,TURM_03738,True,
TURM_03739,DATASET/Image Dataset for Turmeric Plant Leaf Disease Detection.zip#Image Dataset for Turmeric Plant Leaf Disease Detection/Original DataSet/Blotch/blotch_(119).jpg,Image Dataset for Turmeric Plant Leaf Disease Detection,Blotch,Leaf Blotch,disease,leaf,.jpg,4000,3000,RGB,3a0747b16ee7005359bc0947197fdbe3c881189693de0906cf5a0944e1557230,04061f070701010c,valid,None,unique,TURM_03739,True,
TURM_03740,DATASET/Image Dataset for Turmeric Plant Leaf Disease Detection.zip#Image Dataset for Turmeric Plant Leaf Disease Detection/Original DataSet/Blotch/blotch_(118).jpg,Image Dataset for Turmeric Plant Leaf Disease Detection,Blotch,Leaf Blotch,disease,leaf,.jpg,4000,3000,RGB,96ac2d26216f11d98f0534417ee9e2ac0b6bc21635eb1e6b208abfeae6c84634,00040e07270e0406,valid,None,unique,TURM_03740,True,
TURM_03741,DATASET/Image Dataset for Turmeric Plant Leaf Disease Detection.zip#Image Dataset for Turmeric Plant Leaf Disease Detection/Original DataSet/Blotch/blotch_(12).jpg,Image Dataset for Turmeric Plant Leaf Disease Detection,Blotch,Leaf Blotch,disease,leaf,.jpg,4000,3000,RGB,82171ff135454b54520e0a6b53f2373cd93b23210b74f17e6038dee4f03a08ac,100000331e000000,valid,None,unique,TURM_03741,True,
TURM_03742,DATASET/Image Dataset for Turmeric Plant Leaf Disease Detection.zip#Image Dataset for Turmeric Plant Leaf Disease Detection/Original DataSet/Blotch/blotch_(120).jpg,Image Dataset for Turmeric Plant Leaf Disease Detection,Blotch,Leaf Blotch,disease,leaf,.jpg,4000,3000,RGB,bfbf0a3dc89fbf7c06752a5edf3f1fd1d39d32faf1243a0d0d6c2c0a4835b862,80801f0f0e060100,valid,None,unique,TURM_03742,True,
TURM_03743,DATASET/Image Dataset for Turmeric Plant Leaf Disease Detection.zip#Image Dataset for Turmeric Plant Leaf Disease Detection/Original DataSet/Blotch/blotch_(121).jpg,Image Dataset for Turmeric Plant Leaf Disease Detection,Blotch,Leaf Blotch,disease,leaf,.jpg,4000,3000,RGB,32d9963714876dc957f00cac0f57d8a29186bd9ab984a584ad5af4548fddd818,94061f0f0f070783,valid,None,unique,TURM_03743,True,
TURM_03744,DATASET/Image Dataset for Turmeric Plant Leaf Disease Detection.zip#Image Dataset for Turmeric Plant Leaf Disease Detection/Original DataSet/Blotch/blotch_(122).jpg,Image Dataset for Turmeric Plant Leaf Disease Detection,Blotch,Leaf Blotch,disease,leaf,.jpg,4000,3000,RGB,11939e74ac1abc385de0141159215b317861a4a95b6a16375657e1d5be668837,0000080f0f000000,valid,None,unique,TURM_03744,True,
TURM_03745,DATASET/Image Dataset for Turmeric Plant Leaf Disease Detection.zip#Image Dataset for Turmeric Plant Leaf Disease Detection/Original DataSet/Blotch/blotch_(123).jpg,Image Dataset for Turmeric Plant Leaf Disease Detection,Blotch,Leaf Blotch,disease,leaf,.jpg,4000,3000,RGB,88849ca6200e67d7a077015094e9ddc61c558335a27edf1565c649ea8293700f,00000c1f0f04040c,valid,None,unique,TURM_03745,True,
TURM_03746,DATASET/Image Dataset for Turmeric Plant Leaf Disease Detection.zip#Image Dataset for Turmeric Plant Leaf Disease Detection/Original DataSet/Blotch/blotch_(124).jpg,Image Dataset for Turmeric Plant Leaf Disease Detection,Blotch,Leaf Blotch,disease,leaf,.jpg,4000,3000,RGB,b6bf6ad693d3035a863eee833777bfeae72f36fb12eb221c8d4372eff08e38d2,080a0f0f0f0d080c,valid,None,unique,TURM_03746,True,
TURM_03747,DATASET/Image Dataset for Turmeric Plant Leaf Disease Detection.zip#Image Dataset for Turmeric Plant Leaf Disease Detection/Original DataSet/Blotch/blotch_(125).jpg,Image Dataset for Turmeric Plant Leaf Disease Detection,Blotch,Leaf Blotch,disease,leaf,.jpg,4000,3000,RGB,2c8eb406dd286df6ea240ff6e44ea20fb2d13441c711a98c652e52bf9e542045,08081e0f0f060100,valid,None,unique,TURM_03747,True,
TURM_03748,DATASET/Image Dataset for Turmeric Plant Leaf Disease Detection.zip#Image Dataset for Turmeric Plant Leaf Disease Detection/Original DataSet/Blotch/blotch_(126).jpg,Image Dataset for Turmeric Plant Leaf Disease Detection,Blotch,Leaf Blotch,disease,leaf,.jpg,4000,3000,RGB,d787a50ec3e16167d9a10f596ae97b6478593b735ca4dd6766c87a8fdf6e685d,040e0f0f0f0f0783,valid,None,unique,TURM_03748,True,
TURM_03749,DATASET/Image Dataset for Turmeric Plant Leaf Disease Detection.zip#Image Dataset for Turmeric Plant Leaf Disease Detection/Original DataSet/Blotch/blotch_(127).jpg,Image Dataset for Turmeric Plant Leaf Disease Detection,Blotch,Leaf Blotch,disease,leaf,.jpg,4000,3000,RGB,11b65651d4e85e933acfd959ded552242433c3bcb5757e0168c590a8fcd7c7cd,88808c0e0f000000,valid,None,unique,TURM_03749,True,
TURM_03750,DATASET/Image Dataset for Turmeric Plant Leaf Disease Detection.zip#Image Dataset for Turmeric Plant Leaf Disease Detection/Original DataSet/Blotch/blotch_(129).jpg,Image Dataset for Turmeric Plant Leaf Disease Detection,Blotch,Leaf Blotch,disease,leaf,.jpg,4000,3000,RGB,722ab8ef03f1339d2271693ca22ba4d28c11769cc4b440d05176fc4e2e8bdf56,8404060f0f09010c,valid,None,unique,TURM_03750,True,
TURM_03751,DATASET/Image Dataset for Turmeric Plant Leaf Disease Detection.zip#Image Dataset for Turmeric Plant Leaf Disease Detection/Original DataSet/Blotch/blotch_(128).jpg,Image Dataset for Turmeric Plant Leaf Disease Detection,Blotch,Leaf Blotch,disease,leaf,.jpg,4000,3000,RGB,da417db864053f498bc10a11f191968daff336397775c75a2e1c65d710aaf955,08080c0e0e0e0c0d,valid,None,unique,TURM_03751,True,
TURM_03752,DATASET/Image Dataset for Turmeric Plant Leaf Disease Detection.zip#Image Dataset for Turmeric Plant Leaf Disease Detection/Original DataSet/Blotch/blotch_(13).jpg,Image Dataset for Turmeric Plant Leaf Disease Detection,Blotch,Leaf Blotch,disease,leaf,.jpg,4000,3000,RGB,fcd85ea5c39b922c9b5e21005a4c8d11510db3bbba83f5f15fcc455e7ff2a26e,848703c382060000,valid,None,unique,TURM_03752,True,
TURM_03753,DATASET/Image Dataset for Turmeric Plant Leaf Disease Detection.zip#Image Dataset for Turmeric Plant Leaf Disease Detection/Original DataSet/Blotch/blotch_(130).jpg,Image Dataset for Turmeric Plant Leaf Disease Detection,Blotch,Leaf Blotch,disease,leaf,.jpg,4000,3000,RGB,1798e4ea4fc2121411bfbdd2d2178e3f247106623117dc8ac87db8f84ecd878c,80805e1f0f050000,valid,None,unique,TURM_03753,True,
TURM_03754,DATASET/Image Dataset for Turmeric Plant Leaf Disease Detection.zip#Image Dataset for Turmeric Plant Leaf Disease Detection/Original DataSet/Blotch/blotch_(131).jpg,Image Dataset for Turmeric Plant Leaf Disease Detection,Blotch,Leaf Blotch,disease,leaf,.jpg,4000,3000,RGB,f1110a91d11e33c53733ce8fcd88a5ecb8b39e4bda55169b632d4cafdf557815,8006063f0f0707a7,valid,None,unique,TURM_03754,True,
TURM_03755,DATASET/Image Dataset for Turmeric Plant Leaf Disease Detection.zip#Image Dataset for Turmeric Plant Leaf Disease Detection/Original DataSet/Blotch/blotch_(133).jpg,Image Dataset for Turmeric Plant Leaf Disease Detection,Blotch,Leaf Blotch,disease,leaf,.jpg,4000,3000,RGB,fc221247d9a2007aac7eb575656e170507031aef4654c89a448fec214c3b166a,0000040c0f0f0c0e,valid,None,unique,TURM_03755,True,
TURM_03756,DATASET/Image Dataset for Turmeric Plant Leaf Disease Detection.zip#Image Dataset for Turmeric Plant Leaf Disease Detection/Original DataSet/Blotch/blotch_(132).jpg,Image Dataset for Turmeric Plant Leaf Disease Detection,Blotch,Leaf Blotch,disease,leaf,.jpg,4000,3000,RGB,db06ee16c52da89418c4a43b4c0ab41af35d0098350e6d263b700a320b82645b,8000081f1c000088,valid,None,unique,TURM_03756,True,
TURM_03757,DATASET/Image Dataset for Turmeric Plant Leaf Disease Detection.zip#Image Dataset for Turmeric Plant Leaf Disease Detection/Original DataSet/Blotch/blotch_(134).jpg,Image Dataset for Turmeric Plant Leaf Disease Detection,Blotch,Leaf Blotch,disease,leaf,.jpg,4000,3000,RGB,c7eb82a7a172018eec6e58c07ae7214bd51874bdaa1c70bef1f1b317fedde099,84860b1f0f0d0004,valid,None,unique,TURM_03757,True,
TURM_03758,DATASET/Image Dataset for Turmeric Plant Leaf Disease Detection.zip#Image Dataset for Turmeric Plant Leaf Disease Detection/Original DataSet/Blotch/blotch_(135).jpg,Image Dataset for Turmeric Plant Leaf Disease Detection,Blotch,Leaf Blotch,disease,leaf,.jpg,4000,3000,RGB,3ebe5026b068d6d92891427150246aa223539e37c80f811dc86ecea41ee752a2,80801f0f0e060300,valid,None,unique,TURM_03758,True,
TURM_03759,DATASET/Image Dataset for Turmeric Plant Leaf Disease Detection.zip#Image Dataset for Turmeric Plant Leaf Disease Detection/Original DataSet/Blotch/blotch_(136).jpg,Image Dataset for Turmeric Plant Leaf Disease Detection,Blotch,Leaf Blotch,disease,leaf,.jpg,4000,3000,RGB,524d0a58ab9a8f787bf20643daac01e1026b012a1f0081fd7cc6d41032a6bc7a,800a0e1f07070783,valid,None,unique,TURM_03759,True,
TURM_03760,DATASET/Image Dataset for Turmeric Plant Leaf Disease Detection.zip#Image Dataset for Turmeric Plant Leaf Disease Detection/Original DataSet/Blotch/blotch_(137).jpg,Image Dataset for Turmeric Plant Leaf Disease Detection,Blotch,Leaf Blotch,disease,leaf,.jpg,4000,3000,RGB,b8b30d92cc32c50ccc5426daafd3e41c4d069f5cbcee41e26613ca22f6ee5f3a,90001c1f1c000008,valid,None,unique,TURM_03760,True,
TURM_03761,DATASET/Image Dataset for Turmeric Plant Leaf Disease Detection.zip#Image Dataset for Turmeric Plant Leaf Disease Detection/Original DataSet/Blotch/blotch_(138).jpg,Image Dataset for Turmeric Plant Leaf Disease Detection,Blotch,Leaf Blotch,disease,leaf,.jpg,4000,3000,RGB,87856d5cd77a46cc5ba03c3aa75209b794175fa3db22997a6d3a151736c809fd,00041c1f0f0c0c0d,valid,None,unique,TURM_03761,True,
TURM_03762,DATASET/Image Dataset for Turmeric Plant Leaf Disease Detection.zip#Image Dataset for Turmeric Plant Leaf Disease Detection/Original DataSet/Blotch/blotch_(14).jpg,Image Dataset for Turmeric Plant Leaf Disease Detection,Blotch,Leaf Blotch,disease,leaf,.jpg,4000,3000,RGB,8c9bedebf5c57363e6cd308e662245d0d2b181807cb438056b1a3268aa4e1c55,8880222f1f190108,valid,None,unique,TURM_03762,True,
TURM_03763,DATASET/Image Dataset for Turmeric Plant Leaf Disease Detection.zip#Image Dataset for Turmeric Plant Leaf Disease Detection/Original DataSet/Blotch/blotch_(139).jpg,Image Dataset for Turmeric Plant Leaf Disease Detection,Blotch,Leaf Blotch,disease,leaf,.jpg,4000,3000,RGB,fac362c3b88019419b4e971502ede8c22596967d1ea5216f8dbace5af4780747,040e07070707090c,valid,None,unique,TURM_03763,True,
TURM_03764,DATASET/Image Dataset for Turmeric Plant Leaf Disease Detection.zip#Image Dataset for Turmeric Plant Leaf Disease Detection/Original DataSet/Blotch/blotch_(140).jpg,Image Dataset for Turmeric Plant Leaf Disease Detection,Blotch,Leaf Blotch,disease,leaf,.jpg,4000,3000,RGB,6d6d1be43418b4ec56f2d58199ed98cb0052258dea396acc18569820198fa22f,880f0f0707070400,valid,None,unique,TURM_03764,True,
TURM_03765,DATASET/Image Dataset for Turmeric Plant Leaf Disease Detection.zip#Image Dataset for Turmeric Plant Leaf Disease Detection/Original DataSet/Blotch/blotch_(141).jpg,Image Dataset for Turmeric Plant Leaf Disease Detection,Blotch,Leaf Blotch,disease,leaf,.jpg,4000,3000,RGB,a7e3f48e71f8c471773b3ad51ab70f2fcff222bf041e0b87df8c5015b957d77a,90060717070707a3,valid,None,unique,TURM_03765,True,
TURM_03766,DATASET/Image Dataset for Turmeric Plant Leaf Disease Detection.zip#Image Dataset for Turmeric Plant Leaf Disease Detection/Original DataSet/Blotch/blotch_(142).jpg,Image Dataset for Turmeric Plant Leaf Disease Detection,Blotch,Leaf Blotch,disease,leaf,.jpg,4000,3000,RGB,0c230be2d317b70ca5dd64db9722b6598817b413936fa6baaf527a995e3f66bd,800c0e070f0d0103,valid,None,unique,TURM_03766,True,
TURM_03767,DATASET/Image Dataset for Turmeric Plant Leaf Disease Detection.zip#Image Dataset for Turmeric Plant Leaf Disease Detection/Original DataSet/Blotch/blotch_(143).jpg,Image Dataset for Turmeric Plant Leaf Disease Detection,Blotch,Leaf Blotch,disease,leaf,.jpg,4000,3000,RGB,d6b2e396ffac0dd0995ad279b22147f98c005cc5fcc3306a6b62af8498ba78e1,00080c0e070f0c0c,valid,None,unique,TURM_03767,True,
TURM_03768,DATASET/Image Dataset for Turmeric Plant Leaf Disease Detection.zip#Image Dataset for Turmeric Plant Leaf Disease Detection/Original DataSet/Blotch/blotch_(144).jpg,Image Dataset for Turmeric Plant Leaf Disease Detection,Blotch,Leaf Blotch,disease,leaf,.jpg,4000,3000,RGB,0f95c4bc6503846008f1b6f419946a7a1f43b13d0ee524d7314ad5d930de06dd,880805071f033b99,valid,None,unique,TURM_03768,True,
TURM_03769,DATASET/Image Dataset for Turmeric Plant Leaf Disease Detection.zip#Image Dataset for Turmeric Plant Leaf Disease Detection/Original DataSet/Blotch/blotch_(145).jpg,Image Dataset for Turmeric Plant Leaf Disease Detection,Blotch,Leaf Blotch,disease,leaf,.jpg,4000,3000,RGB,615391520ca1a1d20571e7a30ddc7bad4e6a47c262586aa093d8fa30a3417b1f,80400f1f8e070701,valid,None,unique,TURM_03769,True,
TURM_03770,DATASET/Image Dataset for Turmeric Plant Leaf Disease Detection.zip#Image Dataset for Turmeric Plant Leaf Disease Detection/Original DataSet/Blotch/blotch_(146).jpg,Image Dataset for Turmeric Plant Leaf Disease Detection,Blotch,Leaf Blotch,disease,leaf,.jpg,4000,3000,RGB,b855dbd394d44360e83403d33729d5ea23af37776fc4687d24f19c1bbb852445,941e7f1f0fc7e7e6,valid,None,unique,TURM_03770,True,
TURM_03771,DATASET/Image Dataset for Turmeric Plant Leaf Disease Detection.zip#Image Dataset for Turmeric Plant Leaf Disease Detection/Original DataSet/Blotch/blotch_(147).jpg,Image Dataset for Turmeric Plant Leaf Disease Detection,Blotch,Leaf Blotch,disease,leaf,.jpg,4000,3000,RGB,1b6c1333858ffa12e109f9ab6f9e0f062e8a3720657c62ef25ad3f76508c61ee,000080071e030301,valid,None,unique,TURM_03771,True,
TURM_03772,DATASET/Image Dataset for Turmeric Plant Leaf Disease Detection.zip#Image Dataset for Turmeric Plant Leaf Disease Detection/Original DataSet/Blotch/blotch_(150).jpg,Image Dataset for Turmeric Plant Leaf Disease Detection,Blotch,Leaf Blotch,disease,leaf,.jpg,4000,3000,RGB,7b87aa59194134dd3a0d25b0a8561d794f287e69a00c1c0754fd08f533d36815,8080073f1f870100,valid,None,unique,TURM_03772,True,
TURM_03773,DATASET/Image Dataset for Turmeric Plant Leaf Disease Detection.zip#Image Dataset for Turmeric Plant Leaf Disease Detection/Original DataSet/Blotch/blotch_(149).jpg,Image Dataset for Turmeric Plant Leaf Disease Detection,Blotch,Leaf Blotch,disease,leaf,.jpg,4000,3000,RGB,7ad4b7b50bd3fb4c352fcd7ef756d84aff7e7a3e3dcea8a0db2f090754274683,8486071f1f091d1c,valid,None,unique,TURM_03773,True,
TURM_03774,DATASET/Image Dataset for Turmeric Plant Leaf Disease Detection.zip#Image Dataset for Turmeric Plant Leaf Disease Detection/Original DataSet/Blotch/blotch_(154).jpg,Image Dataset for Turmeric Plant Leaf Disease Detection,Blotch,Leaf Blotch,disease,leaf,.jpg,4000,3000,RGB,244d6138ed35b77fbf4fda472f0e5818803885d4a893e3cb480136ade7fd6318,080a0f0f0f01099c,valid,None,unique,TURM_03774,True,
TURM_03775,DATASET/Image Dataset for Turmeric Plant Leaf Disease Detection.zip#Image Dataset for Turmeric Plant Leaf Disease Detection/Original DataSet/Blotch/blotch_(15).jpg,Image Dataset for Turmeric Plant Leaf Disease Detection,Blotch,Leaf Blotch,disease,leaf,.jpg,4000,3000,RGB,af2f021920122630a313dcafd8db337ade9fd09d5a8f2da21247c181445455ce,80643f071e0e0400,valid,None,unique,TURM_03775,True,
TURM_03776,DATASET/Image Dataset for Turmeric Plant Leaf Disease Detection.zip#Image Dataset for Turmeric Plant Leaf Disease Detection/Original DataSet/Blotch/blotch_(153).jpg,Image Dataset for Turmeric Plant Leaf Disease Detection,Blotch,Leaf Blotch,disease,leaf,.jpg,4000,3000,RGB,2a86e3cc7e5143307fe667d1444cb0ccc25b3d39d1edd8d5285a1478598e0b64,04040c3f1f8e0e0e,valid,None,unique,TURM_03776,True,
TURM_03777,DATASET/Image Dataset for Turmeric Plant Leaf Disease Detection.zip#Image Dataset for Turmeric Plant Leaf Disease Detection/Original DataSet/Blotch/blotch_(151).jpg,Image Dataset for Turmeric Plant Leaf Disease Detection,Blotch,Leaf Blotch,disease,leaf,.jpg,4000,3000,RGB,403ad75544955f53fe1c30be6faad02930489697852c3b53c22f1a62b78294d4,8a0e1f1f1fc7e3f3,valid,None,unique,TURM_03777,True,
TURM_03778,DATASET/Image Dataset for Turmeric Plant Leaf Disease Detection.zip#Image Dataset for Turmeric Plant Leaf Disease Detection/Original DataSet/Blotch/blotch_(152).jpg,Image Dataset for Turmeric Plant Leaf Disease Detection,Blotch,Leaf Blotch,disease,leaf,.jpg,4000,3000,RGB,48b4892cc3ae0bf7718eec53968dd61b198d6d19b47ff5be498fe21e50f0f88f,0000000f3c808080,valid,None,unique,TURM_03778,True,
TURM_03779,DATASET/Image Dataset for Turmeric Plant Leaf Disease Detection.zip#Image Dataset for Turmeric Plant Leaf Disease Detection/Original DataSet/Blotch/blotch_(148).jpg,Image Dataset for Turmeric Plant Leaf Disease Detection,Blotch,Leaf Blotch,disease,leaf,.jpg,4000,3000,RGB,0f6f2fdcdc2b7a453d7c2054aa2864f4866cc60dc25cdf1f42ecabe31a5ea71a,01010d602f1f9d0d,valid,None,unique,TURM_03779,True,
TURM_03780,DATASET/Image Dataset for Turmeric Plant Leaf Disease Detection.zip#Image Dataset for Turmeric Plant Leaf Disease Detection/Original DataSet/Blotch/blotch_(155).jpg,Image Dataset for Turmeric Plant Leaf Disease Detection,Blotch,Leaf Blotch,disease,leaf,.jpg,4000,3000,RGB,8883b150f94d3cef5e273b77c961d3fb7e9a168e898fe79aaf985b58bd10fc9b,00002e0f0f050500,valid,None,unique,TURM_03780,True,
TURM_03781,DATASET/Image Dataset for Turmeric Plant Leaf Disease Detection.zip#Image Dataset for Turmeric Plant Leaf Disease Detection/Original DataSet/Blotch/blotch_(156).jpg,Image Dataset for Turmeric Plant Leaf Disease Detection,Blotch,Leaf Blotch,disease,leaf,.jpg,4000,3000,RGB,ead9152b9b3786bd7e6fc165748f4890d7f1d6accecda2668e27c3497c195baf,060e3f0f0747e7e3,valid,None,unique,TURM_03781,True,
TURM_03782,DATASET/Image Dataset for Turmeric Plant Leaf Disease Detection.zip#Image Dataset for Turmeric Plant Leaf Disease Detection/Original DataSet/Blotch/blotch_(157).jpg,Image Dataset for Turmeric Plant Leaf Disease Detection,Blotch,Leaf Blotch,disease,leaf,.jpg,4000,3000,RGB,994b1c437a2cef7e46ddaf5b12caf958a2f58bb309df8b545152df5c6015dabc,1000101d1d000080,valid,None,unique,TURM_03782,True,
TURM_03783,DATASET/Image Dataset for Turmeric Plant Leaf Disease Detection.zip#Image Dataset for Turmeric Plant Leaf Disease Detection/Original DataSet/Blotch/blotch_(158).jpg,Image Dataset for Turmeric Plant Leaf Disease Detection,Blotch,Leaf Blotch,disease,leaf,.jpg,4000,3000,RGB,611f93c1acb4c54ba750c2b73ae774e881665d3b1c1e736646665d1c1abf0fdf,08080c1c0f0c0c8c,valid,None,unique,TURM_03783,True,
TURM_03784,DATASET/Image Dataset for Turmeric Plant Leaf Disease Detection.zip#Image Dataset for Turmeric Plant Leaf Disease Detection/Original DataSet/Blotch/blotch_(162).jpg,Image Dataset for Turmeric Plant Leaf Disease Detection,Blotch,Leaf Blotch,disease,leaf,.jpg,4000,3000,RGB,2c607ef3acd2b79d267743ec04b8c8968bcc4842e64a3e90894428c37834de8d,80880e0e1f010080,valid,None,unique,TURM_03784,True,
TURM_03785,DATASET/Image Dataset for Turmeric Plant Leaf Disease Detection.zip#Image Dataset for Turmeric Plant Leaf Disease Detection/Original DataSet/Blotch/blotch_(16).jpg,Image Dataset for Turmeric Plant Leaf Disease Detection,Blotch,Leaf Blotch,disease,leaf,.jpg,4000,3000,RGB,88480dd440e25bbed57537cd3ab3ee4979145d1e0ad844c7db99a7a49434fca9,828a3b1f070f0f03,valid,None,unique,TURM_03785,True,
TURM_03786,DATASET/Image Dataset for Turmeric Plant Leaf Disease Detection.zip#Image Dataset for Turmeric Plant Leaf Disease Detection/Original DataSet/Blotch/blotch_(164).jpg,Image Dataset for Turmeric Plant Leaf Disease Detection,Blotch,Leaf Blotch,disease,leaf,.jpg,4000,3000,RGB,50a22b4fe8d71821a74656fd1e2502eb1461089b865866d67f7bf9fd936a8b59,03030107070f0c0c,valid,None,unique,TURM_03786,True,
TURM_03787,DATASET/Image Dataset for Turmeric Plant Leaf Disease Detection.zip#Image Dataset for Turmeric Plant Leaf Disease Detection/Original DataSet/Blotch/blotch_(161).jpg,Image Dataset for Turmeric Plant Leaf Disease Detection,Blotch,Leaf Blotch,disease,leaf,.jpg,4000,3000,RGB,323c90a2a702dfd37a229da2dae81d8a7bf60fa73f46bd22a672ef3e2a7ab254,80940e0e0e0f0620,valid,None,unique,TURM_03787,True,
TURM_03788,DATASET/Image Dataset for Turmeric Plant Leaf Disease Detection.zip#Image Dataset for Turmeric Plant Leaf Disease Detection/Original DataSet/Blotch/blotch_(160).jpg,Image Dataset for Turmeric Plant Leaf Disease Detection,Blotch,Leaf Blotch,disease,leaf,.jpg,4000,3000,RGB,2a2af709edb0d23679d988acb8f6997636a1b4862b6e5b3dc0c88345696f8636,888c0e0f1d070101,valid,None,unique,TURM_03788,True,
TURM_03789,DATASET/Image Dataset for Turmeric Plant Leaf Disease Detection.zip#Image Dataset for Turmeric Plant Leaf Disease Detection/Original DataSet/Blotch/blotch_(159).jpg,Image Dataset for Turmeric Plant Leaf Disease Detection,Blotch,Leaf Blotch,disease,leaf,.jpg,4000,3000,RGB,19234d22229e48564a13c30cfa58e254244b60c8e6e56fb2479404c92c0e5f9e,80848e0f0f0d010c,valid,None,unique,TURM_03789,True,
TURM_03790,DATASET/Image Dataset for Turmeric Plant Leaf Disease Detection.zip#Image Dataset for Turmeric Plant Leaf Disease Detection/Original DataSet/Blotch/blotch_(163).jpg,Image Dataset for Turmeric Plant Leaf Disease Detection,Blotch,Leaf Blotch,disease,leaf,.jpg,4000,3000,RGB,508acc01415d551df7c18c1b52fab330548237770ec5c31d153210a998771f8a,03030d0e0f1d0c0c,valid,None,unique,TURM_03790,True,
TURM_03791,DATASET/Image Dataset for Turmeric Plant Leaf Disease Detection.zip#Image Dataset for Turmeric Plant Leaf Disease Detection/Original DataSet/Blotch/blotch_(166).jpg,Image Dataset for Turmeric Plant Leaf Disease Detection,Blotch,Leaf Blotch,disease,leaf,.jpg,4000,3000,RGB,b1f89c8e6372c47eebe426efa1c3bb01e318cfa826970ca11308244d9a448710,12160f171f0f0302,valid,None,unique,TURM_03791,True,
TURM_03792,DATASET/Image Dataset for Turmeric Plant Leaf Disease Detection.zip#Image Dataset for Turmeric Plant Leaf Disease Detection/Original DataSet/Blotch/blotch_(165).jpg,Image Dataset for Turmeric Plant Leaf Disease Detection,Blotch,Leaf Blotch,disease,leaf,.jpg,4000,3000,RGB,2fa628011ce3ce4ed9095cab87af7221f9191158f2c87ae74f7dec18544868be,840407071f0d010c,valid,None,unique,TURM_03792,True,
TURM_03793,DATASET/Image Dataset for Turmeric Plant Leaf Disease Detection.zip#Image Dataset for Turmeric Plant Leaf Disease Detection/Original DataSet/Blotch/blotch_(167).jpg,Image Dataset for Turmeric Plant Leaf Disease Detection,Blotch,Leaf Blotch,disease,leaf,.jpg,4000,3000,RGB,76b4963a138231a3a2fd1524642b5eeece8c64c8f3ec0b913dd256491f3ba98e,80400c062f1c0080,valid,None,unique,TURM_03793,True,
TURM_03794,DATASET/Image Dataset for Turmeric Plant Leaf Disease Detection.zip#Image Dataset for Turmeric Plant Leaf Disease Detection/Original DataSet/Blotch/blotch_(171).jpg,Image Dataset for Turmeric Plant Leaf Disease Detection,Blotch,Leaf Blotch,disease,leaf,.jpg,4000,3000,RGB,21f5ffb58b83ed396f2ad31c4e756f3fdd06170fa3a6d6b3da1f9dabfd1a187d,240e0f0f0f0f0362,valid,None,unique,TURM_03794,True,
TURM_03795,DATASET/Image Dataset for Turmeric Plant Leaf Disease Detection.zip#Image Dataset for Turmeric Plant Leaf Disease Detection/Original DataSet/Blotch/blotch_(168).jpg,Image Dataset for Turmeric Plant Leaf Disease Detection,Blotch,Leaf Blotch,disease,leaf,.jpg,4000,3000,RGB,4433a2dc657f9e25d11077edf2ed53dd5825ab82df2b242ba71a879bb75f135a,000006073f0c0c0c,valid,None,unique,TURM_03795,True,
TURM_03796,DATASET/Image Dataset for Turmeric Plant Leaf Disease Detection.zip#Image Dataset for Turmeric Plant Leaf Disease Detection/Original DataSet/Blotch/blotch_(170).jpg,Image Dataset for Turmeric Plant Leaf Disease Detection,Blotch,Leaf Blotch,disease,leaf,.jpg,4000,3000,RGB,9f5a1ab1e1ceaa3829b2aff4a8d69ddb3ac70a659fa26fd653857d4a773ac906,800c0f0f0f0e0000,valid,None,unique,TURM_03796,True,
TURM_03797,DATASET/Image Dataset for Turmeric Plant Leaf Disease Detection.zip#Image Dataset for Turmeric Plant Leaf Disease Detection/Original DataSet/Blotch/blotch_(17).jpg,Image Dataset for Turmeric Plant Leaf Disease Detection,Blotch,Leaf Blotch,disease,leaf,.jpg,4000,3000,RGB,fbae6ea5d25138dcec9dad0d611e2d06a200eac4c5cbe414676750f17215ba25,1808585d3d300000,valid,None,unique,TURM_03797,True,
TURM_03798,DATASET/Image Dataset for Turmeric Plant Leaf Disease Detection.zip#Image Dataset for Turmeric Plant Leaf Disease Detection/Original DataSet/Blotch/blotch_(169).jpg,Image Dataset for Turmeric Plant Leaf Disease Detection,Blotch,Leaf Blotch,disease,leaf,.jpg,4000,3000,RGB,ebc05b6770403bfef64a5f8fa7647192b571c29fbc3665909310312103cd4455,080a0f1f0f0f0918,valid,None,unique,TURM_03798,True,
TURM_03799,DATASET/Image Dataset for Turmeric Plant Leaf Disease Detection.zip#Image Dataset for Turmeric Plant Leaf Disease Detection/Original DataSet/Blotch/blotch_(173).jpg,Image Dataset for Turmeric Plant Leaf Disease Detection,Blotch,Leaf Blotch,disease,leaf,.jpg,4000,3000,RGB,25d844b08ed5e4761e4c4028d3da383730cea82129fd7b60ee46e726bd481636,0000060f0f0f0c0e,valid,None,unique,TURM_03799,True,
TURM_03800,DATASET/Image Dataset for Turmeric Plant Leaf Disease Detection.zip#Image Dataset for Turmeric Plant Leaf Disease Detection/Original DataSet/Blotch/blotch_(172).jpg,Image Dataset for Turmeric Plant Leaf Disease Detection,Blotch,Leaf Blotch,disease,leaf,.jpg,4000,3000,RGB,adb6d82bca822ae0ac8802e6987a60cb770ff5f3395897a918cc767bebfb0504,90101c3f0e180080,valid,None,unique,TURM_03800,True,
TURM_03801,DATASET/Image Dataset for Turmeric Plant Leaf Disease Detection.zip#Image Dataset for Turmeric Plant Leaf Disease Detection/Original DataSet/Blotch/blotch_(175).jpg,Image Dataset for Turmeric Plant Leaf Disease Detection,Blotch,Leaf Blotch,disease,leaf,.jpg,4000,3000,RGB,ebaefd7a4255be811cd908216790604d872cd62b015b594aa8b890acb207ad18,808c0f17071f0000,valid,None,unique,TURM_03801,True,
TURM_03802,DATASET/Image Dataset for Turmeric Plant Leaf Disease Detection.zip#Image Dataset for Turmeric Plant Leaf Disease Detection/Original DataSet/Blotch/blotch_(174).jpg,Image Dataset for Turmeric Plant Leaf Disease Detection,Blotch,Leaf Blotch,disease,leaf,.jpg,4000,3000,RGB,22a37cc8a38be2bd0a3e68610e2a3664f3155fbcf5967201909dbcaac871d686,848e0f17071f011c,valid,None,unique,TURM_03802,True,
TURM_03803,DATASET/Image Dataset for Turmeric Plant Leaf Disease Detection.zip#Image Dataset for Turmeric Plant Leaf Disease Detection/Original DataSet/Blotch/blotch_(176).jpg,Image Dataset for Turmeric Plant Leaf Disease Detection,Blotch,Leaf Blotch,disease,leaf,.jpg,4000,3000,RGB,f58390c37f779b312f8cb7edc3569e9a0feb30f462ec379101fce590b851229a,160f0f1f0f1f2624,valid,None,unique,TURM_03803,True,
TURM_03804,DATASET/Image Dataset for Turmeric Plant Leaf Disease Detection.zip#Image Dataset for Turmeric Plant Leaf Disease Detection/Original DataSet/Blotch/blotch_(177).jpg,Image Dataset for Turmeric Plant Leaf Disease Detection,Blotch,Leaf Blotch,disease,leaf,.jpg,4000,3000,RGB,4d9b50d3b2f333941dfbc9f4fd04d391d3d5591c4700e1cbe37559e9da9367dd,88081e0f0e0c0028,valid,None,unique,TURM_03804,True,
TURM_03805,DATASET/Image Dataset for Turmeric Plant Leaf Disease Detection.zip#Image Dataset for Turmeric Plant Leaf Disease Detection/Original DataSet/Blotch/blotch_(178).jpg,Image Dataset for Turmeric Plant Leaf Disease Detection,Blotch,Leaf Blotch,disease,leaf,.jpg,4000,3000,RGB,f9547782661a63acbce547bc7c85aaa970a013c585b2f81310888e60867c1a38,00000e0f0f0f0c0e,valid,None,unique,TURM_03805,True,
TURM_03806,DATASET/Image Dataset for Turmeric Plant Leaf Disease Detection.zip#Image Dataset for Turmeric Plant Leaf Disease Detection/Original DataSet/Blotch/blotch_(181).jpg,Image Dataset for Turmeric Plant Leaf Disease Detection,Blotch,Leaf Blotch,disease,leaf,.jpg,4000,3000,RGB,146edf6b29a68140b112b5aa259cb844706d5a82e53b957ed3827ad46e53ff03,94160f0f0f0f0624,valid,None,unique,TURM_03806,True,
TURM_03807,DATASET/Image Dataset for Turmeric Plant Leaf Disease Detection.zip#Image Dataset for Turmeric Plant Leaf Disease Detection/Original DataSet/Blotch/blotch_(182).jpg,Image Dataset for Turmeric Plant Leaf Disease Detection,Blotch,Leaf Blotch,disease,leaf,.jpg,4000,3000,RGB,84b56779ceb4954a73f4145de8faf48921e82d603fe2727b05086916edd90d15,90080c0f1f180008,valid,None,unique,TURM_03807,True,
TURM_03808,DATASET/Image Dataset for Turmeric Plant Leaf Disease Detection.zip#Image Dataset for Turmeric Plant Leaf Disease Detection/Original DataSet/Blotch/blotch_(18).jpg,Image Dataset for Turmeric Plant Leaf Disease Detection,Blotch,Leaf Blotch,disease,leaf,.jpg,4000,3000,RGB,ec451feb61074267c5691914adf419236730daef7ceb5134d9587daa9233ec2f,000004ec2f1f1c08,valid,None,unique,TURM_03808,True,
TURM_03809,DATASET/Image Dataset for Turmeric Plant Leaf Disease Detection.zip#Image Dataset for Turmeric Plant Leaf Disease Detection/Original DataSet/Blotch/blotch_(179).jpg,Image Dataset for Turmeric Plant Leaf Disease Detection,Blotch,Leaf Blotch,disease,leaf,.jpg,4000,3000,RGB,c03d6cc5798e39792e393b5c93e7930c148806c24214face8537aa28bf9ca0a3,04020f0f0f1d0c1c,valid,None,unique,TURM_03809,True,
TURM_03810,DATASET/Image Dataset for Turmeric Plant Leaf Disease Detection.zip#Image Dataset for Turmeric Plant Leaf Disease Detection/Original DataSet/Blotch/blotch_(180).jpg,Image Dataset for Turmeric Plant Leaf Disease Detection,Blotch,Leaf Blotch,disease,leaf,.jpg,4000,3000,RGB,64b83d1d8a37d83f21a12128f294a4a2571e7bdc46a774b9e5b81a80c625e9e6,88880e0f1e070300,valid,None,unique,TURM_03810,True,
TURM_03811,DATASET/Image Dataset for Turmeric Plant Leaf Disease Detection.zip#Image Dataset for Turmeric Plant Leaf Disease Detection/Original DataSet/Blotch/blotch_(185).jpg,Image Dataset for Turmeric Plant Leaf Disease Detection,Blotch,Leaf Blotch,disease,leaf,.jpg,4000,3000,RGB,ba5817fbd863a5abda213ab29b8f90579158ac9cee064f9c6d60478ebaaa1c1b,80843e0f0f010000,valid,None,unique,TURM_03811,True,
TURM_03812,DATASET/Image Dataset for Turmeric Plant Leaf Disease Detection.zip#Image Dataset for Turmeric Plant Leaf Disease Detection/Original DataSet/Blotch/blotch_(184).jpg,Image Dataset for Turmeric Plant Leaf Disease Detection,Blotch,Leaf Blotch,disease,leaf,.jpg,4000,3000,RGB,8e89ab08446b6c7d0169b78fdea31f77dd2aa07d23fe878e6d9ae63d6d1d2eff,8484010f0f0f040e,valid,None,unique,TURM_03812,True,
TURM_03813,DATASET/Image Dataset for Turmeric Plant Leaf Disease Detection.zip#Image Dataset for Turmeric Plant Leaf Disease Detection/Original DataSet/Blotch/blotch_(183).jpg,Image Dataset for Turmeric Plant Leaf Disease Detection,Blotch,Leaf Blotch,disease,leaf,.jpg,4000,3000,RGB,de305da15743d29f5879176b02a2b926e3b06e650cceb17dcd137e10d5445d3c,0001000f0f0f1c0e,valid,None,unique,TURM_03813,True,
TURM_03814,DATASET/Image Dataset for Turmeric Plant Leaf Disease Detection.zip#Image Dataset for Turmeric Plant Leaf Disease Detection/Original DataSet/Blotch/blotch_(186).jpg,Image Dataset for Turmeric Plant Leaf Disease Detection,Blotch,Leaf Blotch,disease,leaf,.jpg,4000,3000,RGB,f6448aacde8a7137e6c51365db7c6900a65796ea7be7b5392e06aa16ef2ff406,8207070f070f2312,valid,None,unique,TURM_03814,True,
TURM_03815,DATASET/Image Dataset for Turmeric Plant Leaf Disease Detection.zip#Image Dataset for Turmeric Plant Leaf Disease Detection/Original DataSet/Blotch/blotch_(187).jpg,Image Dataset for Turmeric Plant Leaf Disease Detection,Blotch,Leaf Blotch,disease,leaf,.jpg,4000,3000,RGB,d35bcaa937ba009c48413a65499e025d75976d9040be1c9c557c4672a6262a5c,2000800e0f0e0014,valid,None,unique,TURM_03815,True,
TURM_03816,DATASET/Image Dataset for Turmeric Plant Leaf Disease Detection.zip#Image Dataset for Turmeric Plant Leaf Disease Detection/Original DataSet/Blotch/blotch_(188).jpg,Image Dataset for Turmeric Plant Leaf Disease Detection,Blotch,Leaf Blotch,disease,leaf,.jpg,4000,3000,RGB,d8e26ae8b89fc9a5d77d511812d0ac7b1badc676b7e9f90d6f3475187c73d284,0004040f0f0f0e0f,valid,None,unique,TURM_03816,True,
TURM_03817,DATASET/Image Dataset for Turmeric Plant Leaf Disease Detection.zip#Image Dataset for Turmeric Plant Leaf Disease Detection/Original DataSet/Blotch/blotch_(189).jpg,Image Dataset for Turmeric Plant Leaf Disease Detection,Blotch,Leaf Blotch,disease,leaf,.jpg,4000,3000,RGB,bac8b79b3dce42d26dcbaa13d04b1858ce1dc1525f071c5dc14d97664b8ee22c,0c0501070f01050c,valid,None,unique,TURM_03817,True,
TURM_03818,DATASET/Image Dataset for Turmeric Plant Leaf Disease Detection.zip#Image Dataset for Turmeric Plant Leaf Disease Detection/Original DataSet/Blotch/blotch_(19).jpg,Image Dataset for Turmeric Plant Leaf Disease Detection,Blotch,Leaf Blotch,disease,leaf,.jpg,4000,3000,RGB,7dce9a7132ea4466fc38d706b3ab747b086c3a12ba9c0ba9b61dc4541086baf1,040001071f00000c,valid,None,unique,TURM_03818,True,
TURM_03819,DATASET/Image Dataset for Turmeric Plant Leaf Disease Detection.zip#Image Dataset for Turmeric Plant Leaf Disease Detection/Original DataSet/Blotch/blotch_(191).jpg,Image Dataset for Turmeric Plant Leaf Disease Detection,Blotch,Leaf Blotch,disease,leaf,.jpg,4000,3000,RGB,1ab711fdb7912ff2fe307a17ae7d46ef739433216afefb73e8e2329205886457,160607070f474766,valid,None,unique,TURM_03819,True,
TURM_03820,DATASET/Image Dataset for Turmeric Plant Leaf Disease Detection.zip#Image Dataset for Turmeric Plant Leaf Disease Detection/Original DataSet/Blotch/blotch_(190).jpg,Image Dataset for Turmeric Plant Leaf Disease Detection,Blotch,Leaf Blotch,disease,leaf,.jpg,4000,3000,RGB,248dd6863bb54ae1538b6f081428434ff7086c371ba272fee9a245668ad9c01e,88080e0f0d050400,valid,None,unique,TURM_03820,True,
TURM_03821,DATASET/Image Dataset for Turmeric Plant Leaf Disease Detection.zip#Image Dataset for Turmeric Plant Leaf Disease Detection/Original DataSet/Blotch/blotch_(193).jpg,Image Dataset for Turmeric Plant Leaf Disease Detection,Blotch,Leaf Blotch,disease,leaf,.jpg,4000,3000,RGB,020249da7c42d3f3080b158bf7955a3429eaf8a4544956a7f9eccef02b50da9e,080c0c0e0f0c0e0e,valid,None,unique,TURM_03821,True,
TURM_03822,DATASET/Image Dataset for Turmeric Plant Leaf Disease Detection.zip#Image Dataset for Turmeric Plant Leaf Disease Detection/Original DataSet/Blotch/blotch_(194).jpg,Image Dataset for Turmeric Plant Leaf Disease Detection,Blotch,Leaf Blotch,disease,leaf,.jpg,4000,3000,RGB,f86720373cc3a12390a49e55f07dc9058bc8118a5e12ac509796a7c6f330c0a5,080c0f0f0f010109,valid,None,unique,TURM_03822,True,
TURM_03823,DATASET/Image Dataset for Turmeric Plant Leaf Disease Detection.zip#Image Dataset for Turmeric Plant Leaf Disease Detection/Original DataSet/Blotch/blotch_(192).jpg,Image Dataset for Turmeric Plant Leaf Disease Detection,Blotch,Leaf Blotch,disease,leaf,.jpg,4000,3000,RGB,57a8436058aab0f6fc4e74c2f0e50374c3dc538170511e7a964d8923f1edb363,1000181e1b00181c,valid,None,unique,TURM_03823,True,
TURM_03824,DATASET/Image Dataset for Turmeric Plant Leaf Disease Detection.zip#Image Dataset for Turmeric Plant Leaf Disease Detection/Original DataSet/Blotch/blotch_(195).jpg,Image Dataset for Turmeric Plant Leaf Disease Detection,Blotch,Leaf Blotch,disease,leaf,.jpg,4000,3000,RGB,f08f906918c8d5453b05307a2674e507e6b863398474736e91351b2a3d445f80,88080f0f1f040400,valid,None,unique,TURM_03824,True,
TURM_03825,DATASET/Image Dataset for Turmeric Plant Leaf Disease Detection.zip#Image Dataset for Turmeric Plant Leaf Disease Detection/Original DataSet/Blotch/blotch_(196).jpg,Image Dataset for Turmeric Plant Leaf Disease Detection,Blotch,Leaf Blotch,disease,leaf,.jpg,4000,3000,RGB,adf93677617687a1dedcb60f4ee1cf53e586f1f6018114acfdbca631d03540d3,14140607070f0707,valid,None,unique,TURM_03825,True,
TURM_03826,DATASET/Image Dataset for Turmeric Plant Leaf Disease Detection.zip#Image Dataset for Turmeric Plant Leaf Disease Detection/Original DataSet/Blotch/blotch_(197).jpg,Image Dataset for Turmeric Plant Leaf Disease Detection,Blotch,Leaf Blotch,disease,leaf,.jpg,4000,3000,RGB,556e2017669e7263fac66e4cb48defaf16a4947d32513a5dabb470abc0b201eb,1010000f1e180818,valid,None,unique,TURM_03826,True,
TURM_03827,DATASET/Image Dataset for Turmeric Plant Leaf Disease Detection.zip#Image Dataset for Turmeric Plant Leaf Disease Detection/Original DataSet/Blotch/blotch_(198).jpg,Image Dataset for Turmeric Plant Leaf Disease Detection,Blotch,Leaf Blotch,disease,leaf,.jpg,4000,3000,RGB,6d735d6b59809225a35b97f863d093eb98df529429ae26fb296fabdb6d4371f7,08080c0f0f0f0c0d,valid,None,unique,TURM_03827,True,
TURM_03828,DATASET/Image Dataset for Turmeric Plant Leaf Disease Detection.zip#Image Dataset for Turmeric Plant Leaf Disease Detection/Original DataSet/Blotch/blotch_(199).jpg,Image Dataset for Turmeric Plant Leaf Disease Detection,Blotch,Leaf Blotch,disease,leaf,.jpg,4000,3000,RGB,fc68eebd5daee531a339d28be5370d382d636c00f945f965d5b07f132a726022,08040e0f03070104,valid,None,unique,TURM_03828,True,
TURM_03829,DATASET/Image Dataset for Turmeric Plant Leaf Disease Detection.zip#Image Dataset for Turmeric Plant Leaf Disease Detection/Original DataSet/Blotch/blotch_(20).jpg,Image Dataset for Turmeric Plant Leaf Disease Detection,Blotch,Leaf Blotch,disease,leaf,.jpg,4000,3000,RGB,524e41e64f802dc07f309156f79bb95ea327877c28187d57e26ce244b0a1d83e,08000f1f1e060080,valid,None,unique,TURM_03829,True,
TURM_03830,DATASET/Image Dataset for Turmeric Plant Leaf Disease Detection.zip#Image Dataset for Turmeric Plant Leaf Disease Detection/Original DataSet/Blotch/blotch_(2).jpg,Image Dataset for Turmeric Plant Leaf Disease Detection,Blotch,Leaf Blotch,disease,leaf,.jpg,4000,3000,RGB,9b90e483d457e8637e4de33c70c63293b1cb2cfd21167bdfd3930beb55a98be9,08080f03070f0303,valid,None,unique,TURM_03830,True,
TURM_03831,DATASET/Image Dataset for Turmeric Plant Leaf Disease Detection.zip#Image Dataset for Turmeric Plant Leaf Disease Detection/Original DataSet/Blotch/blotch_(201).jpg,Image Dataset for Turmeric Plant Leaf Disease Detection,Blotch,Leaf Blotch,disease,leaf,.jpg,4000,3000,RGB,7eb5e47d9eedcf8e401015e70223600fb663bf9071143366ee043e684bf5a21e,90401c0f0f0d000c,valid,None,unique,TURM_03831,True,
TURM_03832,DATASET/Image Dataset for Turmeric Plant Leaf Disease Detection.zip#Image Dataset for Turmeric Plant Leaf Disease Detection/Original DataSet/Blotch/blotch_(200).jpg,Image Dataset for Turmeric Plant Leaf Disease Detection,Blotch,Leaf Blotch,disease,leaf,.jpg,4000,3000,RGB,61dbce0f9a8b4c6b62c4dabede2bda89416a5729c4fbc435c21a12f44e9715a2,8a86878b13030383,valid,None,unique,TURM_03832,True,
TURM_03833,DATASET/Image Dataset for Turmeric Plant Leaf Disease Detection.zip#Image Dataset for Turmeric Plant Leaf Disease Detection/Original DataSet/Blotch/blotch_(202).jpg,Image Dataset for Turmeric Plant Leaf Disease Detection,Blotch,Leaf Blotch,disease,leaf,.jpg,4000,3000,RGB,fa89814e20734f74af9db4ab819884675f9e18ce69469cfb36e008fd0872d128,00040c0f2707040f,valid,None,unique,TURM_03833,True,
TURM_03834,DATASET/Image Dataset for Turmeric Plant Leaf Disease Detection.zip#Image Dataset for Turmeric Plant Leaf Disease Detection/Original DataSet/Blotch/blotch_(204).jpg,Image Dataset for Turmeric Plant Leaf Disease Detection,Blotch,Leaf Blotch,disease,leaf,.jpg,4000,3000,RGB,8683da382292e51b043591c1310641f4edc564f92c98dcb1e32e00ae3272b2ca,0406070f1f01090c,valid,None,unique,TURM_03834,True,
TURM_03835,DATASET/Image Dataset for Turmeric Plant Leaf Disease Detection.zip#Image Dataset for Turmeric Plant Leaf Disease Detection/Original DataSet/Blotch/blotch_(203).jpg,Image Dataset for Turmeric Plant Leaf Disease Detection,Blotch,Leaf Blotch,disease,leaf,.jpg,4000,3000,RGB,ae1a7e428079f157148eafb89be70d336c6d0bae18c945d479b5200311a2faf9,800e2f0707070706,valid,None,unique,TURM_03835,True,
TURM_03836,DATASET/Image Dataset for Turmeric Plant Leaf Disease Detection.zip#Image Dataset for Turmeric Plant Leaf Disease Detection/Original DataSet/Blotch/blotch_(205).jpg,Image Dataset for Turmeric Plant Leaf Disease Detection,Blotch,Leaf Blotch,disease,leaf,.jpg,4000,3000,RGB,d2325b7cfa47b9b4546b0b3a3fd6c4cbc398c707a77abd584dc9d12ad7d6ff61,84840f1f37030200,valid,None,unique,TURM_03836,True,
TURM_03837,DATASET/Image Dataset for Turmeric Plant Leaf Disease Detection.zip#Image Dataset for Turmeric Plant Leaf Disease Detection/Original DataSet/Blotch/blotch_(206).jpg,Image Dataset for Turmeric Plant Leaf Disease Detection,Blotch,Leaf Blotch,disease,leaf,.jpg,4000,3000,RGB,6ce6c657e02776d4b6978eaa7357c640293604befd3d6fbf96c03f4c2df14c5a,8a878f0f07072383,valid,None,unique,TURM_03837,True,
TURM_03838,DATASET/Image Dataset for Turmeric Plant Leaf Disease Detection.zip#Image Dataset for Turmeric Plant Leaf Disease Detection/Original DataSet/Blotch/blotch_(207).jpg,Image Dataset for Turmeric Plant Leaf Disease Detection,Blotch,Leaf Blotch,disease,leaf,.jpg,4000,3000,RGB,4b0079fbc2134c8466cb5773cab87813e42c1d117182acb9e3e1f194ac42c079,0000001e1f01040e,valid,None,unique,TURM_03838,True,
TURM_03839,DATASET/Image Dataset for Turmeric Plant Leaf Disease Detection.zip#Image Dataset for Turmeric Plant Leaf Disease Detection/Original DataSet/Blotch/blotch_(208).jpg,Image Dataset for Turmeric Plant Leaf Disease Detection,Blotch,Leaf Blotch,disease,leaf,.jpg,4000,3000,RGB,38fca5b910a7db95034c2b7c410c6c1c09464714525a694c83e6bffa53de314a,0606060f070e070f,valid,None,unique,TURM_03839,True,
TURM_03840,DATASET/Image Dataset for Turmeric Plant Leaf Disease Detection.zip#Image Dataset for Turmeric Plant Leaf Disease Detection/Original DataSet/Blotch/blotch_(209).jpg,Image Dataset for Turmeric Plant Leaf Disease Detection,Blotch,Leaf Blotch,disease,leaf,.jpg,4000,3000,RGB,cd8844274303796afd52fc1cda49fc7469068947d795aeaf3e1230bc4132a4e4,0485030f0707000c,valid,None,unique,TURM_03840,True,
TURM_03841,DATASET/Image Dataset for Turmeric Plant Leaf Disease Detection.zip#Image Dataset for Turmeric Plant Leaf Disease Detection/Original DataSet/Blotch/blotch_(213).jpg,Image Dataset for Turmeric Plant Leaf Disease Detection,Blotch,Leaf Blotch,disease,leaf,.jpg,4000,3000,RGB,f726852304fe4d5dd4e5ffbb06de410cf29942748f6d22e91bdd4801114ecfa1,0404040c0f070c0d,valid,None,unique,TURM_03841,True,
TURM_03842,DATASET/Image Dataset for Turmeric Plant Leaf Disease Detection.zip#Image Dataset for Turmeric Plant Leaf Disease Detection/Original DataSet/Blotch/blotch_(210).jpg,Image Dataset for Turmeric Plant Leaf Disease Detection,Blotch,Leaf Blotch,disease,leaf,.jpg,4000,3000,RGB,5b7919c2589235715bc5e5c82b79872350cae69526054fda6da36f2cb4dc3d2b,88800e0f0f060200,valid,None,unique,TURM_03842,True,
TURM_03843,DATASET/Image Dataset for Turmeric Plant Leaf Disease Detection.zip#Image Dataset for Turmeric Plant Leaf Disease Detection/Original DataSet/Blotch/blotch_(21).jpg,Image Dataset for Turmeric Plant Leaf Disease Detection,Blotch,Leaf Blotch,disease,leaf,.jpg,4000,3000,RGB,0a062440a99ce9eda0e57559fe0086b95f288bb5db869a6bdd8f18aa9c5fee9c,961616070f0f0706,valid,None,unique,TURM_03843,True,
TURM_03844,DATASET/Image Dataset for Turmeric Plant Leaf Disease Detection.zip#Image Dataset for Turmeric Plant Leaf Disease Detection/Original DataSet/Blotch/blotch_(215).jpg,Image Dataset for Turmeric Plant Leaf Disease Detection,Blotch,Leaf Blotch,disease,leaf,.jpg,4000,3000,RGB,c80591b65048c7ac160fd8743de7b822fde78b66fc446f76b03b61c4cae9c75c,c8081d1f1f9f8682,valid,None,unique,TURM_03844,True,
TURM_03845,DATASET/Image Dataset for Turmeric Plant Leaf Disease Detection.zip#Image Dataset for Turmeric Plant Leaf Disease Detection/Original DataSet/Blotch/blotch_(212).jpg,Image Dataset for Turmeric Plant Leaf Disease Detection,Blotch,Leaf Blotch,disease,leaf,.jpg,4000,3000,RGB,bdec7f02bf03e999637f6904a6ace739b7251faebc5beedc721d9c0471d995f7,0808181f0f09098b,valid,None,unique,TURM_03845,True,
TURM_03846,DATASET/Image Dataset for Turmeric Plant Leaf Disease Detection.zip#Image Dataset for Turmeric Plant Leaf Disease Detection/Original DataSet/Blotch/blotch_(214).jpg,Image Dataset for Turmeric Plant Leaf Disease Detection,Blotch,Leaf Blotch,disease,leaf,.jpg,4000,3000,RGB,c6823b58adacf99c1d6326ebb1e6b539c401cade32c53a994907cf1a95a7c28c,0a0a091f1f1d0c0c,valid,None,unique,TURM_03846,True,
TURM_03847,DATASET/Image Dataset for Turmeric Plant Leaf Disease Detection.zip#Image Dataset for Turmeric Plant Leaf Disease Detection/Original DataSet/Blotch/blotch_(216).jpg,Image Dataset for Turmeric Plant Leaf Disease Detection,Blotch,Leaf Blotch,disease,leaf,.jpg,4000,3000,RGB,ecedb270df2b34fff42f9c0eab933dfe660dd2b158fabf0731281246139bfe1b,2e0e0f1f0f9fe3e3,valid,None,unique,TURM_03847,True,
TURM_03848,DATASET/Image Dataset for Turmeric Plant Leaf Disease Detection.zip#Image Dataset for Turmeric Plant Leaf Disease Detection/Original DataSet/Blotch/blotch_(211).jpg,Image Dataset for Turmeric Plant Leaf Disease Detection,Blotch,Leaf Blotch,disease,leaf,.jpg,4000,3000,RGB,64b5044dc673b724231f538db7c2744eb6e6704d854ad739a19d0b29f4ecc620,9a1e0f0727070787,valid,None,unique,TURM_03848,True,
TURM_03849,DATASET/Image Dataset for Turmeric Plant Leaf Disease Detection.zip#Image Dataset for Turmeric Plant Leaf Disease Detection/Original DataSet/Blotch/blotch_(217).jpg,Image Dataset for Turmeric Plant Leaf Disease Detection,Blotch,Leaf Blotch,disease,leaf,.jpg,4000,3000,RGB,6239776b565ac26ebe6a1b1d55d1b45d08b7d279c40915ceab9f1c469771529e,0000011b1e18000c,valid,None,unique,TURM_03849,True,
TURM_03850,DATASET/Image Dataset for Turmeric Plant Leaf Disease Detection.zip#Image Dataset for Turmeric Plant Leaf Disease Detection/Original DataSet/Blotch/blotch_(218).jpg,Image Dataset for Turmeric Plant Leaf Disease Detection,Blotch,Leaf Blotch,disease,leaf,.jpg,4000,3000,RGB,3c3e720c960c12046cd743bef3d2fec5eb571bfdc3f800f1c3b9e5672f52670a,0c0c0c0d0f1e040c,valid,None,unique,TURM_03850,True,
TURM_03851,DATASET/Image Dataset for Turmeric Plant Leaf Disease Detection.zip#Image Dataset for Turmeric Plant Leaf Disease Detection/Original DataSet/Blotch/blotch_(219).jpg,Image Dataset for Turmeric Plant Leaf Disease Detection,Blotch,Leaf Blotch,disease,leaf,.jpg,4000,3000,RGB,d4e9277158b8a8a01aeb797b92720e247632567bda7bf50c64fc6c177b3dd7c1,486c27170f09040c,valid,None,unique,TURM_03851,True,
TURM_03852,DATASET/Image Dataset for Turmeric Plant Leaf Disease Detection.zip#Image Dataset for Turmeric Plant Leaf Disease Detection/Original DataSet/Blotch/blotch_(22).jpg,Image Dataset for Turmeric Plant Leaf Disease Detection,Blotch,Leaf Blotch,disease,leaf,.jpg,4000,3000,RGB,1f0ed7305fdf25c57cd6842ae727e2964cdd96c76deb78cd09fad124a30df408,1000000e3e000000,valid,None,unique,TURM_03852,True,
TURM_03853,DATASET/Image Dataset for Turmeric Plant Leaf Disease Detection.zip#Image Dataset for Turmeric Plant Leaf Disease Detection/Original DataSet/Blotch/blotch_(220).jpg,Image Dataset for Turmeric Plant Leaf Disease Detection,Blotch,Leaf Blotch,disease,leaf,.jpg,4000,3000,RGB,bad9288c89300b00dea891b64013cf6b6f365ab5e1910204680a833e58e59a53,88242f0f8f8f8f80,valid,None,unique,TURM_03853,True,
TURM_03854,DATASET/Image Dataset for Turmeric Plant Leaf Disease Detection.zip#Image Dataset for Turmeric Plant Leaf Disease Detection/Original DataSet/Blotch/blotch_(222).jpg,Image Dataset for Turmeric Plant Leaf Disease Detection,Blotch,Leaf Blotch,disease,leaf,.jpg,4000,3000,RGB,6ca364653d24c134543583b7a32b2eef55028f4808f2a4996efe2a96b1e0ed7e,004060391f180016,valid,None,unique,TURM_03854,True,
TURM_03855,DATASET/Image Dataset for Turmeric Plant Leaf Disease Detection.zip#Image Dataset for Turmeric Plant Leaf Disease Detection/Original DataSet/Blotch/blotch_(221).jpg,Image Dataset for Turmeric Plant Leaf Disease Detection,Blotch,Leaf Blotch,disease,leaf,.jpg,4000,3000,RGB,2edaa85f2e262d6c6b98e88616fe7b90e2391bb3357f782a99d00c3974271f65,282e3e1f8f8f8787,valid,None,unique,TURM_03855,True,
TURM_03856,DATASET/Image Dataset for Turmeric Plant Leaf Disease Detection.zip#Image Dataset for Turmeric Plant Leaf Disease Detection/Original DataSet/Blotch/blotch_(223).jpg,Image Dataset for Turmeric Plant Leaf Disease Detection,Blotch,Leaf Blotch,disease,leaf,.jpg,4000,3000,RGB,2f54eb6c79aa1b5edda0afc6b74a79461bd0d7f7b0d317113dd756aa91803306,080c6c3c3f1f0c0d,valid,None,unique,TURM_03856,True,
TURM_03857,DATASET/Image Dataset for Turmeric Plant Leaf Disease Detection.zip#Image Dataset for Turmeric Plant Leaf Disease Detection/Original DataSet/Blotch/blotch_(224).jpg,Image Dataset for Turmeric Plant Leaf Disease Detection,Blotch,Leaf Blotch,disease,leaf,.jpg,4000,3000,RGB,2a946550503d6711f6db4cc7c822602ea07a509a773dce16fb28727e836716b5,0e0e0707170f080c,valid,None,unique,TURM_03857,True,
TURM_03858,DATASET/Image Dataset for Turmeric Plant Leaf Disease Detection.zip#Image Dataset for Turmeric Plant Leaf Disease Detection/Original DataSet/Blotch/blotch_(225).jpg,Image Dataset for Turmeric Plant Leaf Disease Detection,Blotch,Leaf Blotch,disease,leaf,.jpg,4000,3000,RGB,aaee8ee1637c0603cc79cb77370fbd9160cc1fb087bd09afc2ae800087d4cb22,34160e0f0f0e46e6,valid,None,unique,TURM_03858,True,
TURM_03859,DATASET/Image Dataset for Turmeric Plant Leaf Disease Detection.zip#Image Dataset for Turmeric Plant Leaf Disease Detection/Original DataSet/Blotch/blotch_(226).jpg,Image Dataset for Turmeric Plant Leaf Disease Detection,Blotch,Leaf Blotch,disease,leaf,.jpg,4000,3000,RGB,60002cb2e3316d116b291a7e0ef7eae397be9cb4892b9768b86c68e624bb3750,281f17170f0f0800,valid,None,unique,TURM_03859,True,
TURM_03860,DATASET/Image Dataset for Turmeric Plant Leaf Disease Detection.zip#Image Dataset for Turmeric Plant Leaf Disease Detection/Original DataSet/Blotch/blotch_(227).jpg,Image Dataset for Turmeric Plant Leaf Disease Detection,Blotch,Leaf Blotch,disease,leaf,.jpg,4000,3000,RGB,74e102fb70c8a4247a14f9812dc7abebf722c8bd27443d81f9c80cc0eafd815f,1000060e0e1c0010,valid,None,unique,TURM_03860,True,
TURM_03861,DATASET/Image Dataset for Turmeric Plant Leaf Disease Detection.zip#Image Dataset for Turmeric Plant Leaf Disease Detection/Original DataSet/Blotch/blotch_(228).jpg,Image Dataset for Turmeric Plant Leaf Disease Detection,Blotch,Leaf Blotch,disease,leaf,.jpg,4000,3000,RGB,e9fadba7a6a9967c32d642d65987d1a4d4174636d34d91ab2cdccfc969491d8a,040c4e07070f4c4c,valid,None,unique,TURM_03861,True,
TURM_03862,DATASET/Image Dataset for Turmeric Plant Leaf Disease Detection.zip#Image Dataset for Turmeric Plant Leaf Disease Detection/Original DataSet/Blotch/blotch_(229).jpg,Image Dataset for Turmeric Plant Leaf Disease Detection,Blotch,Leaf Blotch,disease,leaf,.jpg,4000,3000,RGB,597c641a75868b71371716a7e79a786f668003e0b09c142d6364482e309edac2,8607070f03070c0c,valid,None,unique,TURM_03862,True,
TURM_03863,DATASET/Image Dataset for Turmeric Plant Leaf Disease Detection.zip#Image Dataset for Turmeric Plant Leaf Disease Detection/Original DataSet/Blotch/blotch_(23).jpg,Image Dataset for Turmeric Plant Leaf Disease Detection,Blotch,Leaf Blotch,disease,leaf,.jpg,4000,3000,RGB,0bb74dfeb5c172c52dcf740da3272105db178d5267c8d3df8ebf999c5d6b199b,00000c0f1f040c8d,valid,None,unique,TURM_03863,True,
TURM_03864,DATASET/Image Dataset for Turmeric Plant Leaf Disease Detection.zip#Image Dataset for Turmeric Plant Leaf Disease Detection/Original DataSet/Blotch/blotch_(232).jpg,Image Dataset for Turmeric Plant Leaf Disease Detection,Blotch,Leaf Blotch,disease,leaf,.jpg,4000,3000,RGB,08c77d35cf636f04118187b777584fc95af9b503b0301027e238d58f2b67f6c4,8a0b0f0f0f032313,valid,None,unique,TURM_03864,True,
TURM_03865,DATASET/Image Dataset for Turmeric Plant Leaf Disease Detection.zip#Image Dataset for Turmeric Plant Leaf Disease Detection/Original DataSet/Blotch/blotch_(230).jpg,Image Dataset for Turmeric Plant Leaf Disease Detection,Blotch,Leaf Blotch,disease,leaf,.jpg,4000,3000,RGB,05b28fa29a85eac11898cb0d0b0d11b2227a519dc203cbef9afe76aad6f7ea2b,8084071b07030300,valid,None,unique,TURM_03865,True,
TURM_03866,DATASET/Image Dataset for Turmeric Plant Leaf Disease Detection.zip#Image Dataset for Turmeric Plant Leaf Disease Detection/Original DataSet/Blotch/blotch_(233).jpg,Image Dataset for Turmeric Plant Leaf Disease Detection,Blotch,Leaf Blotch,disease,leaf,.jpg,4000,3000,RGB,e06d77c209baeaa23ee844b7b239f7f64654a7eef3ef058ba375f3d2b98f92b8,1216060f0b070c41,valid,None,unique,TURM_03866,True,
TURM_03867,DATASET/Image Dataset for Turmeric Plant Leaf Disease Detection.zip#Image Dataset for Turmeric Plant Leaf Disease Detection/Original DataSet/Blotch/blotch_(231).jpg,Image Dataset for Turmeric Plant Leaf Disease Detection,Blotch,Leaf Blotch,disease,leaf,.jpg,4000,3000,RGB,8fee1bd21aa2125ad4deda68123b87089150c5588681980772d4a02814587221,1000000c2f0f0806,valid,None,unique,TURM_03867,True,
TURM_03868,DATASET/Image Dataset for Turmeric Plant Leaf Disease Detection.zip#Image Dataset for Turmeric Plant Leaf Disease Detection/Original DataSet/Blotch/blotch_(234).jpg,Image Dataset for Turmeric Plant Leaf Disease Detection,Blotch,Leaf Blotch,disease,leaf,.jpg,4000,3000,RGB,7a8c2af68fc7b293834b32c9ba9fd3e1206300da0833c4a4593ed18239026dc6,8687070f070f0d1d,valid,None,unique,TURM_03868,True,
TURM_03869,DATASET/Image Dataset for Turmeric Plant Leaf Disease Detection.zip#Image Dataset for Turmeric Plant Leaf Disease Detection/Original DataSet/Blotch/blotch_(236).jpg,Image Dataset for Turmeric Plant Leaf Disease Detection,Blotch,Leaf Blotch,disease,leaf,.jpg,4000,3000,RGB,53d8fa063f364a1a1ae3b6d6b3df2ae10fb8032ded46d09b997f86c5f59ad3df,0800880f0f1d8109,valid,None,unique,TURM_03869,True,
TURM_03870,DATASET/Image Dataset for Turmeric Plant Leaf Disease Detection.zip#Image Dataset for Turmeric Plant Leaf Disease Detection/Original DataSet/Blotch/blotch_(237).jpg,Image Dataset for Turmeric Plant Leaf Disease Detection,Blotch,Leaf Blotch,disease,leaf,.jpg,4000,3000,RGB,96dc635b4fe86711f67172b9d2fee94196a3723af175389b37c82a61de6d90ec,04151d0f0f0f1f0f,valid,None,unique,TURM_03870,True,
TURM_03871,DATASET/Image Dataset for Turmeric Plant Leaf Disease Detection.zip#Image Dataset for Turmeric Plant Leaf Disease Detection/Original DataSet/Blotch/blotch_(235).jpg,Image Dataset for Turmeric Plant Leaf Disease Detection,Blotch,Leaf Blotch,disease,leaf,.jpg,4000,3000,RGB,17a041c24c463899f6384b906326899cb51f7a0945bbc96276ec6da564264141,9a1e0607070fcfe7,valid,None,unique,TURM_03871,True,
TURM_03872,DATASET/Image Dataset for Turmeric Plant Leaf Disease Detection.zip#Image Dataset for Turmeric Plant Leaf Disease Detection/Original DataSet/Blotch/blotch_(238).jpg,Image Dataset for Turmeric Plant Leaf Disease Detection,Blotch,Leaf Blotch,disease,leaf,.jpg,4000,3000,RGB,cece1d1aa30b8133fd8b1bbdf4a7219cb1f111460a7fa5ec02a0ca83dfd32133,80840f070f8d0484,valid,None,unique,TURM_03872,True,
TURM_03873,DATASET/Image Dataset for Turmeric Plant Leaf Disease Detection.zip#Image Dataset for Turmeric Plant Leaf Disease Detection/Original DataSet/Blotch/blotch_(24).jpg,Image Dataset for Turmeric Plant Leaf Disease Detection,Blotch,Leaf Blotch,disease,leaf,.jpg,4000,3000,RGB,cbcbf405d7b7dac437c06a8d7fb5205d9b2391f735364d988bee67ae4687af3d,8482021f1f01080c,valid,None,unique,TURM_03873,True,
TURM_03874,DATASET/Image Dataset for Turmeric Plant Leaf Disease Detection.zip#Image Dataset for Turmeric Plant Leaf Disease Detection/Original DataSet/Blotch/blotch_(25).jpg,Image Dataset for Turmeric Plant Leaf Disease Detection,Blotch,Leaf Blotch,disease,leaf,.jpg,4000,3000,RGB,5ac1ce208b7aa74d180aed8bd537b818e5eb78b5cde296204c07af688f1cf25b,803c3f1f06070500,valid,None,unique,TURM_03874,True,
TURM_03875,DATASET/Image Dataset for Turmeric Plant Leaf Disease Detection.zip#Image Dataset for Turmeric Plant Leaf Disease Detection/Original DataSet/Blotch/blotch_(26).jpg,Image Dataset for Turmeric Plant Leaf Disease Detection,Blotch,Leaf Blotch,disease,leaf,.jpg,4000,3000,RGB,a27b492684fdde9623619f6e1de2672796b4ebab1ea01f254cc94b143eb61ba2,90021e0f0f070380,valid,None,unique,TURM_03875,True,
TURM_03876,DATASET/Image Dataset for Turmeric Plant Leaf Disease Detection.zip#Image Dataset for Turmeric Plant Leaf Disease Detection/Original DataSet/Blotch/blotch_(28).jpg,Image Dataset for Turmeric Plant Leaf Disease Detection,Blotch,Leaf Blotch,disease,leaf,.jpg,4000,3000,RGB,222f1e8f89f150f12e7eaa95316871ea7e198c993fec245462409c3140b599df,0004041e1f0e0606,valid,None,unique,TURM_03876,True,
TURM_03877,DATASET/Image Dataset for Turmeric Plant Leaf Disease Detection.zip#Image Dataset for Turmeric Plant Leaf Disease Detection/Original DataSet/Blotch/blotch_(27).jpg,Image Dataset for Turmeric Plant Leaf Disease Detection,Blotch,Leaf Blotch,disease,leaf,.jpg,4000,3000,RGB,c5d26e8a8b3b09c2fedb08b86acb2518ec0406f69d8fad03e86cbf69df347590,100000033f000000,valid,None,unique,TURM_03877,True,
TURM_03878,DATASET/Image Dataset for Turmeric Plant Leaf Disease Detection.zip#Image Dataset for Turmeric Plant Leaf Disease Detection/Original DataSet/Blotch/blotch_(29).jpg,Image Dataset for Turmeric Plant Leaf Disease Detection,Blotch,Leaf Blotch,disease,leaf,.jpg,4000,3000,RGB,fa28e1f6dbce29b983f1f0b55d9e09240b4b1650b70972c781b5705fd592d2c1,8484073723030104,valid,None,unique,TURM_03878,True,
TURM_03879,DATASET/Image Dataset for Turmeric Plant Leaf Disease Detection.zip#Image Dataset for Turmeric Plant Leaf Disease Detection/Original DataSet/Blotch/blotch_(31).jpg,Image Dataset for Turmeric Plant Leaf Disease Detection,Blotch,Leaf Blotch,disease,leaf,.jpg,4000,3000,RGB,9f1b4f696b655c4166ec3cd1e5f08360362c9e500af4ec2e6b1ad4e453bb0816,9016163f030b0783,valid,None,unique,TURM_03879,True,
TURM_03880,DATASET/Image Dataset for Turmeric Plant Leaf Disease Detection.zip#Image Dataset for Turmeric Plant Leaf Disease Detection/Original DataSet/Blotch/blotch_(30).jpg,Image Dataset for Turmeric Plant Leaf Disease Detection,Blotch,Leaf Blotch,disease,leaf,.jpg,4000,3000,RGB,a8707a255b99ffd4e803733a3407fd2b8937358361b46cf3d31dc5bfa0ccfcfb,8080172303060000,valid,None,unique,TURM_03880,True,
TURM_03881,DATASET/Image Dataset for Turmeric Plant Leaf Disease Detection.zip#Image Dataset for Turmeric Plant Leaf Disease Detection/Original DataSet/Blotch/blotch_(32).jpg,Image Dataset for Turmeric Plant Leaf Disease Detection,Blotch,Leaf Blotch,disease,leaf,.jpg,4000,3000,RGB,74582e1e7d837456bf7ce3cc75ade5c392d7c0d35c938ff0a79b0c8b05a6d0cc,0000002e47060002,valid,None,unique,TURM_03881,True,
TURM_03882,DATASET/Image Dataset for Turmeric Plant Leaf Disease Detection.zip#Image Dataset for Turmeric Plant Leaf Disease Detection/Original DataSet/Blotch/blotch_(3).jpg,Image Dataset for Turmeric Plant Leaf Disease Detection,Blotch,Leaf Blotch,disease,leaf,.jpg,4000,3000,RGB,71c9bed779f1cfb752d402c0852866d98893466672757e41de2ffcd61cd30881,a00e0f1b0fed0908,valid,None,unique,TURM_03882,True,
TURM_03883,DATASET/Image Dataset for Turmeric Plant Leaf Disease Detection.zip#Image Dataset for Turmeric Plant Leaf Disease Detection/Original DataSet/Blotch/blotch_(33).jpg,Image Dataset for Turmeric Plant Leaf Disease Detection,Blotch,Leaf Blotch,disease,leaf,.jpg,4000,3000,RGB,bbba9a13d45b725987744627c4e72ab0dff7e329475ddcd7ce27f51a1bf2c0d6,0004141613030404,valid,None,unique,TURM_03883,True,
TURM_03884,DATASET/Image Dataset for Turmeric Plant Leaf Disease Detection.zip#Image Dataset for Turmeric Plant Leaf Disease Detection/Original DataSet/Blotch/blotch_(34).jpg,Image Dataset for Turmeric Plant Leaf Disease Detection,Blotch,Leaf Blotch,disease,leaf,.jpg,4000,3000,RGB,087477ec869701fa2b093bb2337ed5d1ce889862ce7ed5353ad90211534a0da9,84840f0f0f010104,valid,None,unique,TURM_03884,True,
TURM_03885,DATASET/Image Dataset for Turmeric Plant Leaf Disease Detection.zip#Image Dataset for Turmeric Plant Leaf Disease Detection/Original DataSet/Blotch/blotch_(35).jpg,Image Dataset for Turmeric Plant Leaf Disease Detection,Blotch,Leaf Blotch,disease,leaf,.jpg,4000,3000,RGB,fcbfb5e81d1a8f019ea3dd0750715f4b512710ea070b1967ca48e452ba00fc09,808487071f030200,valid,None,unique,TURM_03885,True,
TURM_03886,DATASET/Image Dataset for Turmeric Plant Leaf Disease Detection.zip#Image Dataset for Turmeric Plant Leaf Disease Detection/Original DataSet/Blotch/blotch_(36).jpg,Image Dataset for Turmeric Plant Leaf Disease Detection,Blotch,Leaf Blotch,disease,leaf,.jpg,4000,3000,RGB,d8d846fd504bf19ad11cdfc8f6b214370195887e2cc1e0db312228213aedbde0,90120f47170f0707,valid,None,unique,TURM_03886,True,
TURM_03887,DATASET/Image Dataset for Turmeric Plant Leaf Disease Detection.zip#Image Dataset for Turmeric Plant Leaf Disease Detection/Original DataSet/Blotch/blotch_(37).jpg,Image Dataset for Turmeric Plant Leaf Disease Detection,Blotch,Leaf Blotch,disease,leaf,.jpg,4000,3000,RGB,f677c89f73a26b288adc84134dbbca59324834d9c981bcd630b142aaa54ba3fb,1800003c0f0c0000,valid,None,unique,TURM_03887,True,
TURM_03888,DATASET/Image Dataset for Turmeric Plant Leaf Disease Detection.zip#Image Dataset for Turmeric Plant Leaf Disease Detection/Original DataSet/Blotch/blotch_(38).jpg,Image Dataset for Turmeric Plant Leaf Disease Detection,Blotch,Leaf Blotch,disease,leaf,.jpg,4000,3000,RGB,c3a7d87f0e7b1b1285a1038b275bc0d7c2d14ef9c1e1ca061475abd81a682d02,0404040e071e0404,valid,None,unique,TURM_03888,True,
TURM_03889,DATASET/Image Dataset for Turmeric Plant Leaf Disease Detection.zip#Image Dataset for Turmeric Plant Leaf Disease Detection/Original DataSet/Blotch/blotch_(39).jpg,Image Dataset for Turmeric Plant Leaf Disease Detection,Blotch,Leaf Blotch,disease,leaf,.jpg,4000,3000,RGB,827dae6387d35cf55f3008f41dfc534d18468f59264f7d99dc86346cc6a5df68,0404030f0f210101,valid,None,unique,TURM_03889,True,
TURM_03890,DATASET/Image Dataset for Turmeric Plant Leaf Disease Detection.zip#Image Dataset for Turmeric Plant Leaf Disease Detection/Original DataSet/Blotch/blotch_(4).jpg,Image Dataset for Turmeric Plant Leaf Disease Detection,Blotch,Leaf Blotch,disease,leaf,.jpg,4000,3000,RGB,24dea5a100c05e987c66498553b8d4ab73b9d8733faa3fd0152151ebf904613f,888086070701010c,valid,None,unique,TURM_03890,True,
TURM_03891,DATASET/Image Dataset for Turmeric Plant Leaf Disease Detection.zip#Image Dataset for Turmeric Plant Leaf Disease Detection/Original DataSet/Blotch/blotch_(40).jpg,Image Dataset for Turmeric Plant Leaf Disease Detection,Blotch,Leaf Blotch,disease,leaf,.jpg,4000,3000,RGB,298b378b53a71ffeb44e60afc7a9362d474ed7bb84718aa9266ffed3ea677f97,80a01e1f65070000,valid,None,unique,TURM_03891,True,
TURM_03892,DATASET/Image Dataset for Turmeric Plant Leaf Disease Detection.zip#Image Dataset for Turmeric Plant Leaf Disease Detection/Original DataSet/Blotch/blotch_(42).jpg,Image Dataset for Turmeric Plant Leaf Disease Detection,Blotch,Leaf Blotch,disease,leaf,.jpg,4000,3000,RGB,2252729e2a29a08ab618e4756f3f34e443b2d45f832b635169d382b5a37da9ab,000000181e220404,valid,None,unique,TURM_03892,True,
TURM_03893,DATASET/Image Dataset for Turmeric Plant Leaf Disease Detection.zip#Image Dataset for Turmeric Plant Leaf Disease Detection/Original DataSet/Blotch/blotch_(41).jpg,Image Dataset for Turmeric Plant Leaf Disease Detection,Blotch,Leaf Blotch,disease,leaf,.jpg,4000,3000,RGB,7c09c3be16c293a82e257df10959ee43d689c4a72b79276b270e8d3ac72e82e7,12160f0f0f170706,valid,None,unique,TURM_03893,True,
TURM_03894,DATASET/Image Dataset for Turmeric Plant Leaf Disease Detection.zip#Image Dataset for Turmeric Plant Leaf Disease Detection/Original DataSet/Blotch/blotch_(43).jpg,Image Dataset for Turmeric Plant Leaf Disease Detection,Blotch,Leaf Blotch,disease,leaf,.jpg,4000,3000,RGB,d7c80d71b94419837cae02adedb8e5675b07772646f95d1b70b14f8b530044c0,0404040c1e0b0103,valid,None,unique,TURM_03894,True,
TURM_03895,DATASET/Image Dataset for Turmeric Plant Leaf Disease Detection.zip#Image Dataset for Turmeric Plant Leaf Disease Detection/Original DataSet/Blotch/blotch_(44).jpg,Image Dataset for Turmeric Plant Leaf Disease Detection,Blotch,Leaf Blotch,disease,leaf,.jpg,4000,3000,RGB,70c9747f868a0e0385820633eb42c7cee7341809190e33c6cd083506b2f5e945,8082021f0f1f010c,valid,None,unique,TURM_03895,True,
TURM_03896,DATASET/Image Dataset for Turmeric Plant Leaf Disease Detection.zip#Image Dataset for Turmeric Plant Leaf Disease Detection/Original DataSet/Blotch/blotch_(45).jpg,Image Dataset for Turmeric Plant Leaf Disease Detection,Blotch,Leaf Blotch,disease,leaf,.jpg,4000,3000,RGB,17f1d582275467068c619ed20663cbf5ffe529563d00d9681ce26453533922d8,80383f3f1e060000,valid,None,unique,TURM_03896,True,
TURM_03897,DATASET/Image Dataset for Turmeric Plant Leaf Disease Detection.zip#Image Dataset for Turmeric Plant Leaf Disease Detection/Original DataSet/Blotch/blotch_(46).jpg,Image Dataset for Turmeric Plant Leaf Disease Detection,Blotch,Leaf Blotch,disease,leaf,.jpg,4000,3000,RGB,16d6f576443030b0cb17e40872fb64bf52975016ca30f77d97f41c2aea16f12e,9a1a1f1f1f0f0782,valid,None,unique,TURM_03897,True,
TURM_03898,DATASET/Image Dataset for Turmeric Plant Leaf Disease Detection.zip#Image Dataset for Turmeric Plant Leaf Disease Detection/Original DataSet/Blotch/blotch_(47).jpg,Image Dataset for Turmeric Plant Leaf Disease Detection,Blotch,Leaf Blotch,disease,leaf,.jpg,4000,3000,RGB,698d16b127db7b87d2cfe564b285be967d2e4a1db25f201327bf63f23fed87dc,90003c0f1c380000,valid,None,unique,TURM_03898,True,
TURM_03899,DATASET/Image Dataset for Turmeric Plant Leaf Disease Detection.zip#Image Dataset for Turmeric Plant Leaf Disease Detection/Original DataSet/Blotch/blotch_(48).jpg,Image Dataset for Turmeric Plant Leaf Disease Detection,Blotch,Leaf Blotch,disease,leaf,.jpg,4000,3000,RGB,348b1a04d3d75794afd9cfb0a58d01c185dd84ea680c8821989df7c57b8cf82c,0004043e0f1f0e06,valid,None,unique,TURM_03899,True,
TURM_03900,DATASET/Image Dataset for Turmeric Plant Leaf Disease Detection.zip#Image Dataset for Turmeric Plant Leaf Disease Detection/Original DataSet/Blotch/blotch_(5).jpg,Image Dataset for Turmeric Plant Leaf Disease Detection,Blotch,Leaf Blotch,disease,leaf,.jpg,4000,3000,RGB,3431bec9201125d7ec9f68e243571f5ade943a58b5cfd0009c9e4ba84ea22db6,88840f0707040100,valid,None,unique,TURM_03900,True,
TURM_03901,DATASET/Image Dataset for Turmeric Plant Leaf Disease Detection.zip#Image Dataset for Turmeric Plant Leaf Disease Detection/Original DataSet/Blotch/blotch_(49).jpg,Image Dataset for Turmeric Plant Leaf Disease Detection,Blotch,Leaf Blotch,disease,leaf,.jpg,4000,3000,RGB,03e9c7896cbcfba2651a4b98e095608c6baa8e1839e262684c1726694b63c798,80848e0f070f0909,valid,None,unique,TURM_03901,True,
TURM_03902,DATASET/Image Dataset for Turmeric Plant Leaf Disease Detection.zip#Image Dataset for Turmeric Plant Leaf Disease Detection/Original DataSet/Blotch/blotch_(50).jpg,Image Dataset for Turmeric Plant Leaf Disease Detection,Blotch,Leaf Blotch,disease,leaf,.jpg,4000,3000,RGB,2d189f3ca6cf2a796c1989fccfd5ba03bf545e821ac77c421e327254397be2bb,800d0d270f0e0100,valid,None,unique,TURM_03902,True,
TURM_03903,DATASET/Image Dataset for Turmeric Plant Leaf Disease Detection.zip#Image Dataset for Turmeric Plant Leaf Disease Detection/Original DataSet/Blotch/blotch_(51).jpg,Image Dataset for Turmeric Plant Leaf Disease Detection,Blotch,Leaf Blotch,disease,leaf,.jpg,4000,3000,RGB,9d9117cf702bac19f1736373c04105f5cc28289214526a0a952beb5513de4660,8086071f1b274786,valid,None,unique,TURM_03903,True,
TURM_03904,DATASET/Image Dataset for Turmeric Plant Leaf Disease Detection.zip#Image Dataset for Turmeric Plant Leaf Disease Detection/Original DataSet/Blotch/blotch_(52).jpg,Image Dataset for Turmeric Plant Leaf Disease Detection,Blotch,Leaf Blotch,disease,leaf,.jpg,4000,3000,RGB,b277d5bb6e085c460c79f2a0dd8229d80cb6c0ef5739ee1b0003126384e51ec7,80181e07071e1800,valid,None,unique,TURM_03904,True,
TURM_03905,DATASET/Image Dataset for Turmeric Plant Leaf Disease Detection.zip#Image Dataset for Turmeric Plant Leaf Disease Detection/Original DataSet/Blotch/blotch_(54).jpg,Image Dataset for Turmeric Plant Leaf Disease Detection,Blotch,Leaf Blotch,disease,leaf,.jpg,4000,3000,RGB,a9b789791125f342043143a232920798592a04cc0dc19b0653b73813153977f7,04020f1f070f090c,valid,None,unique,TURM_03905,True,
TURM_03906,DATASET/Image Dataset for Turmeric Plant Leaf Disease Detection.zip#Image Dataset for Turmeric Plant Leaf Disease Detection/Original DataSet/Blotch/blotch_(55).jpg,Image Dataset for Turmeric Plant Leaf Disease Detection,Blotch,Leaf Blotch,disease,leaf,.jpg,4000,3000,RGB,6026d4d49a204962525c245e19622ab5a90c727d6a108a3f7461135146997337,808c1f270f070100,valid,None,unique,TURM_03906,True,
TURM_03907,DATASET/Image Dataset for Turmeric Plant Leaf Disease Detection.zip#Image Dataset for Turmeric Plant Leaf Disease Detection/Original DataSet/Blotch/blotch_(53).jpg,Image Dataset for Turmeric Plant Leaf Disease Detection,Blotch,Leaf Blotch,disease,leaf,.jpg,4000,3000,RGB,717f3e8211a76ab2b57d5330bc966a1632816049d565c499666f6541bafe415c,0001040f0347ce04,valid,None,unique,TURM_03907,True,
TURM_03908,DATASET/Image Dataset for Turmeric Plant Leaf Disease Detection.zip#Image Dataset for Turmeric Plant Leaf Disease Detection/Original DataSet/Blotch/blotch_(56).jpg,Image Dataset for Turmeric Plant Leaf Disease Detection,Blotch,Leaf Blotch,disease,leaf,.jpg,4000,3000,RGB,4ae4872665366d6221f555e6ce503df0a28da057ffedd3f9715643bdea598491,989e070f1b070786,valid,None,unique,TURM_03908,True,
TURM_03909,DATASET/Image Dataset for Turmeric Plant Leaf Disease Detection.zip#Image Dataset for Turmeric Plant Leaf Disease Detection/Original DataSet/Blotch/blotch_(57).jpg,Image Dataset for Turmeric Plant Leaf Disease Detection,Blotch,Leaf Blotch,disease,leaf,.jpg,4000,3000,RGB,ea95b3160e65d59f575b330364475baff7cc55a862cd18d2121b075c7a13f525,80001c270e1c0000,valid,None,unique,TURM_03909,True,
TURM_03910,DATASET/Image Dataset for Turmeric Plant Leaf Disease Detection.zip#Image Dataset for Turmeric Plant Leaf Disease Detection/Original DataSet/Blotch/blotch_(59).jpg,Image Dataset for Turmeric Plant Leaf Disease Detection,Blotch,Leaf Blotch,disease,leaf,.jpg,4000,3000,RGB,319a398eddd79cb4763199350899480dd19937e091e0882cf51e4936c1436722,0a0a0f070f0d080c,valid,None,unique,TURM_03910,True,
TURM_03911,DATASET/Image Dataset for Turmeric Plant Leaf Disease Detection.zip#Image Dataset for Turmeric Plant Leaf Disease Detection/Original DataSet/Blotch/blotch_(58).jpg,Image Dataset for Turmeric Plant Leaf Disease Detection,Blotch,Leaf Blotch,disease,leaf,.jpg,4000,3000,RGB,ed07c1f491fa9887acf9ccc03b6f7d6341c7d325afae7eca7b60efcd300a3182,04040c0e170f0c0c,valid,None,unique,TURM_03911,True,
TURM_03912,DATASET/Image Dataset for Turmeric Plant Leaf Disease Detection.zip#Image Dataset for Turmeric Plant Leaf Disease Detection/Original DataSet/Blotch/blotch_(6).jpg,Image Dataset for Turmeric Plant Leaf Disease Detection,Blotch,Leaf Blotch,disease,leaf,.jpg,4000,3000,RGB,a4616ee4c7ecbc0517f1ef248dc5c7e478508a69cd1c1c1fec3650f3ba37694b,c20a0f0703030302,valid,None,unique,TURM_03912,True,
TURM_03913,DATASET/Image Dataset for Turmeric Plant Leaf Disease Detection.zip#Image Dataset for Turmeric Plant Leaf Disease Detection/Original DataSet/Blotch/blotch_(60).jpg,Image Dataset for Turmeric Plant Leaf Disease Detection,Blotch,Leaf Blotch,disease,leaf,.jpg,4000,3000,RGB,9e7278cc65072a01bd84da40d779932b5840752a9f6a28f1fe14bbe9c30fbbb2,80080f070f070100,valid,None,unique,TURM_03913,True,
TURM_03914,DATASET/Image Dataset for Turmeric Plant Leaf Disease Detection.zip#Image Dataset for Turmeric Plant Leaf Disease Detection/Original DataSet/Blotch/blotch_(62).jpg,Image Dataset for Turmeric Plant Leaf Disease Detection,Blotch,Leaf Blotch,disease,leaf,.jpg,4000,3000,RGB,3fb3ddc3564bfef8754c13efa7bb423550cd9113de6fa0fdde2e3caa0806a0a8,00000c0e0f0c0000,valid,None,unique,TURM_03914,True,
TURM_03915,DATASET/Image Dataset for Turmeric Plant Leaf Disease Detection.zip#Image Dataset for Turmeric Plant Leaf Disease Detection/Original DataSet/Blotch/blotch_(61).jpg,Image Dataset for Turmeric Plant Leaf Disease Detection,Blotch,Leaf Blotch,disease,leaf,.jpg,4000,3000,RGB,76d54f4ba6bd6da593789246687e187b0d9e1e9f3481b63b52dc36501be30190,94160e0f070747c6,valid,None,unique,TURM_03915,True,
TURM_03916,DATASET/Image Dataset for Turmeric Plant Leaf Disease Detection.zip#Image Dataset for Turmeric Plant Leaf Disease Detection/Original DataSet/Blotch/blotch_(63).jpg,Image Dataset for Turmeric Plant Leaf Disease Detection,Blotch,Leaf Blotch,disease,leaf,.jpg,4000,3000,RGB,819bbfdb1531a5951221c226ca7fb5bcdce827a20eb71d28d2058279e3c69f4f,0c0c0c0e070f0606,valid,None,unique,TURM_03916,True,
TURM_03917,DATASET/Image Dataset for Turmeric Plant Leaf Disease Detection.zip#Image Dataset for Turmeric Plant Leaf Disease Detection/Original DataSet/Blotch/blotch_(64).jpg,Image Dataset for Turmeric Plant Leaf Disease Detection,Blotch,Leaf Blotch,disease,leaf,.jpg,4000,3000,RGB,8f50fe27144258e680170c67237219a01c225da2291a4745dff6f79df10de383,84849e0f0705010c,valid,None,unique,TURM_03917,True,
TURM_03918,DATASET/Image Dataset for Turmeric Plant Leaf Disease Detection.zip#Image Dataset for Turmeric Plant Leaf Disease Detection/Original DataSet/Blotch/blotch_(65).jpg,Image Dataset for Turmeric Plant Leaf Disease Detection,Blotch,Leaf Blotch,disease,leaf,.jpg,4000,3000,RGB,7deb168437099e826f04c232cf9d19b03e4e78164c25538a23cace035360e65c,809c1f0707060000,valid,None,unique,TURM_03918,True,
TURM_03919,DATASET/Image Dataset for Turmeric Plant Leaf Disease Detection.zip#Image Dataset for Turmeric Plant Leaf Disease Detection/Original DataSet/Blotch/blotch_(66).jpg,Image Dataset for Turmeric Plant Leaf Disease Detection,Blotch,Leaf Blotch,disease,leaf,.jpg,4000,3000,RGB,23aa75f58ac8ecab88d156f81a6b3098bf41a5832f4456f9af4a889dd8d10bdb,90120e0f07070786,valid,None,unique,TURM_03919,True,
TURM_03920,DATASET/Image Dataset for Turmeric Plant Leaf Disease Detection.zip#Image Dataset for Turmeric Plant Leaf Disease Detection/Original DataSet/Blotch/blotch_(67).jpg,Image Dataset for Turmeric Plant Leaf Disease Detection,Blotch,Leaf Blotch,disease,leaf,.jpg,4000,3000,RGB,e4a222f75a75b2325f3fe0dba65824a840ebacdc650b5542911392d85b9e8635,0101011f070f0c0c,valid,None,unique,TURM_03920,True,
TURM_03921,DATASET/Image Dataset for Turmeric Plant Leaf Disease Detection.zip#Image Dataset for Turmeric Plant Leaf Disease Detection/Original DataSet/Blotch/blotch_(68).jpg,Image Dataset for Turmeric Plant Leaf Disease Detection,Blotch,Leaf Blotch,disease,leaf,.jpg,4000,3000,RGB,e33b05288c719aa6022943f3622150d5eee85d723a384b5c2b26c86f2d0a7074,8008101f0f0c0101,valid,None,unique,TURM_03921,True,
TURM_03922,DATASET/Image Dataset for Turmeric Plant Leaf Disease Detection.zip#Image Dataset for Turmeric Plant Leaf Disease Detection/Original DataSet/Blotch/blotch_(69).jpg,Image Dataset for Turmeric Plant Leaf Disease Detection,Blotch,Leaf Blotch,disease,leaf,.jpg,4000,3000,RGB,662d87aa35db90558f7c8fa4cf8a56f06e36500d1fd753ab34f555d6fd099c6e,080a0f07070f0918,valid,None,unique,TURM_03922,True,
TURM_03923,DATASET/Image Dataset for Turmeric Plant Leaf Disease Detection.zip#Image Dataset for Turmeric Plant Leaf Disease Detection/Original DataSet/Blotch/blotch_(7).jpg,Image Dataset for Turmeric Plant Leaf Disease Detection,Blotch,Leaf Blotch,disease,leaf,.jpg,4000,3000,RGB,4c6b9fe596184c058cd35b918007d0eee2db4a80a2e9b07a9b0085a5b1e0e424,80800f0f03000000,valid,None,unique,TURM_03923,True,
TURM_03924,DATASET/Image Dataset for Turmeric Plant Leaf Disease Detection.zip#Image Dataset for Turmeric Plant Leaf Disease Detection/Original DataSet/Blotch/blotch_(70).jpg,Image Dataset for Turmeric Plant Leaf Disease Detection,Blotch,Leaf Blotch,disease,leaf,.jpg,4000,3000,RGB,d7cee48d1f727862cc0f605e7c6afdd8b9915e4990a1bead3dbc5d8927492ac8,808c0f070f0e0500,valid,None,unique,TURM_03924,True,
TURM_03925,DATASET/Image Dataset for Turmeric Plant Leaf Disease Detection.zip#Image Dataset for Turmeric Plant Leaf Disease Detection/Original DataSet/Blotch/blotch_(72).jpg,Image Dataset for Turmeric Plant Leaf Disease Detection,Blotch,Leaf Blotch,disease,leaf,.jpg,4000,3000,RGB,fd73285a4250a85c1d761c840da59379d7ca7dc87b70f392d61f877f8a0990e7,10001e0f0c180000,valid,None,unique,TURM_03925,True,
TURM_03926,DATASET/Image Dataset for Turmeric Plant Leaf Disease Detection.zip#Image Dataset for Turmeric Plant Leaf Disease Detection/Original DataSet/Blotch/blotch_(71).jpg,Image Dataset for Turmeric Plant Leaf Disease Detection,Blotch,Leaf Blotch,disease,leaf,.jpg,4000,3000,RGB,b8555c89922a2bd5c848739e8c1cbb632a396bb376ed38dea0979cac2170ed8c,90162617130707c7,valid,None,unique,TURM_03926,True,
TURM_03927,DATASET/Image Dataset for Turmeric Plant Leaf Disease Detection.zip#Image Dataset for Turmeric Plant Leaf Disease Detection/Original DataSet/Blotch/blotch_(73).jpg,Image Dataset for Turmeric Plant Leaf Disease Detection,Blotch,Leaf Blotch,disease,leaf,.jpg,4000,3000,RGB,e4ff0c0f9d52cf0566fb1934cb3306b291c29d593bb368eb4577372115cf267f,00000c0f370f0c0c,valid,None,unique,TURM_03927,True,
TURM_03928,DATASET/Image Dataset for Turmeric Plant Leaf Disease Detection.zip#Image Dataset for Turmeric Plant Leaf Disease Detection/Original DataSet/Blotch/blotch_(74).jpg,Image Dataset for Turmeric Plant Leaf Disease Detection,Blotch,Leaf Blotch,disease,leaf,.jpg,4000,3000,RGB,168f3c4b41494a25a96557d6a1bfd5ce15c42e3e73008baa6d067ecf55599357,84860e0f0101010c,valid,None,unique,TURM_03928,True,
TURM_03929,DATASET/Image Dataset for Turmeric Plant Leaf Disease Detection.zip#Image Dataset for Turmeric Plant Leaf Disease Detection/Original DataSet/Blotch/blotch_(75).jpg,Image Dataset for Turmeric Plant Leaf Disease Detection,Blotch,Leaf Blotch,disease,leaf,.jpg,4000,3000,RGB,10b323f1d5a056d4e4b0b4c6b11939e2f67f14b5145138cf93999c961787f8bf,84840f2506060000,valid,None,unique,TURM_03929,True,
TURM_03930,DATASET/Image Dataset for Turmeric Plant Leaf Disease Detection.zip#Image Dataset for Turmeric Plant Leaf Disease Detection/Original DataSet/Blotch/blotch_(76).jpg,Image Dataset for Turmeric Plant Leaf Disease Detection,Blotch,Leaf Blotch,disease,leaf,.jpg,4000,3000,RGB,6678ca64dea9e8fdc2c72d5335c42dd91107d0e6787a5826360130090a46ba07,920a0e0f03070783,valid,None,unique,TURM_03930,True,
TURM_03931,DATASET/Image Dataset for Turmeric Plant Leaf Disease Detection.zip#Image Dataset for Turmeric Plant Leaf Disease Detection/Original DataSet/Blotch/blotch_(77).jpg,Image Dataset for Turmeric Plant Leaf Disease Detection,Blotch,Leaf Blotch,disease,leaf,.jpg,4000,3000,RGB,71a55537e8ed3d38a40eeaedfd1f427a0cf3c58fa4d3b9838cc0809e6798e373,88881e0bc0000000,valid,None,unique,TURM_03931,True,
TURM_03932,DATASET/Image Dataset for Turmeric Plant Leaf Disease Detection.zip#Image Dataset for Turmeric Plant Leaf Disease Detection/Original DataSet/Blotch/blotch_(78).jpg,Image Dataset for Turmeric Plant Leaf Disease Detection,Blotch,Leaf Blotch,disease,leaf,.jpg,4000,3000,RGB,5bab9af1dc1f30cda420e3eb570d55b030358e852fd73453214bc845781ccb13,0004040f470c0c0e,valid,None,unique,TURM_03932,True,
TURM_03933,DATASET/Image Dataset for Turmeric Plant Leaf Disease Detection.zip#Image Dataset for Turmeric Plant Leaf Disease Detection/Original DataSet/Blotch/blotch_(79).jpg,Image Dataset for Turmeric Plant Leaf Disease Detection,Blotch,Leaf Blotch,disease,leaf,.jpg,4000,3000,RGB,9184e0f7a2f3f8927376c45df42fe4dde7317018a845568a8828081654fde96a,040501070f0e0404,valid,None,unique,TURM_03933,True,
TURM_03934,DATASET/Image Dataset for Turmeric Plant Leaf Disease Detection.zip#Image Dataset for Turmeric Plant Leaf Disease Detection/Original DataSet/Blotch/blotch_(81).jpg,Image Dataset for Turmeric Plant Leaf Disease Detection,Blotch,Leaf Blotch,disease,leaf,.jpg,4000,3000,RGB,085af786a7e219a7f2244a51f66e26e71223c991b711677347293f5d84c6a48d,94141e0e0f0e46c6,valid,None,unique,TURM_03934,True,
TURM_03935,DATASET/Image Dataset for Turmeric Plant Leaf Disease Detection.zip#Image Dataset for Turmeric Plant Leaf Disease Detection/Original DataSet/Blotch/blotch_(80).jpg,Image Dataset for Turmeric Plant Leaf Disease Detection,Blotch,Leaf Blotch,disease,leaf,.jpg,4000,3000,RGB,ba3efa7966504f7f92c2efc806367f47b14bcd559301724897c7851078170141,80801f1f0e050000,valid,None,unique,TURM_03935,True,
TURM_03936,DATASET/Image Dataset for Turmeric Plant Leaf Disease Detection.zip#Image Dataset for Turmeric Plant Leaf Disease Detection/Original DataSet/Blotch/blotch_(8).jpg,Image Dataset for Turmeric Plant Leaf Disease Detection,Blotch,Leaf Blotch,disease,leaf,.jpg,4000,3000,RGB,6880873d083ee19c8163f1017de15fb5983e62ba019408d8b9a8666b9cd2adbb,8080010f0f010101,valid,None,unique,TURM_03936,True,
TURM_03937,DATASET/Image Dataset for Turmeric Plant Leaf Disease Detection.zip#Image Dataset for Turmeric Plant Leaf Disease Detection/Original DataSet/Blotch/blotch_(82).jpg,Image Dataset for Turmeric Plant Leaf Disease Detection,Blotch,Leaf Blotch,disease,leaf,.jpg,4000,3000,RGB,f97fbb4a4bbdad192c3e51a13451a0690deefc7ee4e30547899571968157b15a,8000001c1e180000,valid,None,unique,TURM_03937,True,
TURM_03938,DATASET/Image Dataset for Turmeric Plant Leaf Disease Detection.zip#Image Dataset for Turmeric Plant Leaf Disease Detection/Original DataSet/Blotch/blotch_(83).jpg,Image Dataset for Turmeric Plant Leaf Disease Detection,Blotch,Leaf Blotch,disease,leaf,.jpg,4000,3000,RGB,5fe672cbc05e34d87537abe29d5226e7300974555c6e0a1dbb705b4aef9b99ba,04040c0e1f1e0404,valid,None,unique,TURM_03938,True,
TURM_03939,DATASET/Image Dataset for Turmeric Plant Leaf Disease Detection.zip#Image Dataset for Turmeric Plant Leaf Disease Detection/Original DataSet/Blotch/blotch_(84).jpg,Image Dataset for Turmeric Plant Leaf Disease Detection,Blotch,Leaf Blotch,disease,leaf,.jpg,4000,3000,RGB,29ada7b3473724825db3b93991a552c7bb85516914fc7d05dbabd7cc671dec0f,0c0427030b0b000c,valid,None,unique,TURM_03939,True,
TURM_03940,DATASET/Image Dataset for Turmeric Plant Leaf Disease Detection.zip#Image Dataset for Turmeric Plant Leaf Disease Detection/Original DataSet/Blotch/blotch_(85).jpg,Image Dataset for Turmeric Plant Leaf Disease Detection,Blotch,Leaf Blotch,disease,leaf,.jpg,4000,3000,RGB,38fb8939ba1e8fa0f0f6e821d9c20eda4b63cbaaacf2101a2d705b301960aa7f,888027010b440000,valid,None,unique,TURM_03940,True,
TURM_03941,DATASET/Image Dataset for Turmeric Plant Leaf Disease Detection.zip#Image Dataset for Turmeric Plant Leaf Disease Detection/Original DataSet/Blotch/blotch_(86).jpg,Image Dataset for Turmeric Plant Leaf Disease Detection,Blotch,Leaf Blotch,disease,leaf,.jpg,4000,3000,RGB,5acf8844379d03f6e98b2c68b642060f7c35ba0fb787deb56ee6bde38a90690b,9414170f0b0e06c6,valid,None,unique,TURM_03941,True,
TURM_03942,DATASET/Image Dataset for Turmeric Plant Leaf Disease Detection.zip#Image Dataset for Turmeric Plant Leaf Disease Detection/Original DataSet/Blotch/blotch_(87).jpg,Image Dataset for Turmeric Plant Leaf Disease Detection,Blotch,Leaf Blotch,disease,leaf,.jpg,4000,3000,RGB,7193e441b528e89f8a28f926ad048d359a066aa2f274913a34f94b28b8868aec,80000c0707060000,valid,None,unique,TURM_03942,True,
TURM_03943,DATASET/Image Dataset for Turmeric Plant Leaf Disease Detection.zip#Image Dataset for Turmeric Plant Leaf Disease Detection/Original DataSet/Blotch/blotch_(88).jpg,Image Dataset for Turmeric Plant Leaf Disease Detection,Blotch,Leaf Blotch,disease,leaf,.jpg,4000,3000,RGB,1fb604da46fe78a2635292467408c79fd67b5fe0c575fbd78a3c35737e8416b0,000427030b000404,valid,None,unique,TURM_03943,True,
TURM_03944,DATASET/Image Dataset for Turmeric Plant Leaf Disease Detection.zip#Image Dataset for Turmeric Plant Leaf Disease Detection/Original DataSet/Blotch/blotch_(89).jpg,Image Dataset for Turmeric Plant Leaf Disease Detection,Blotch,Leaf Blotch,disease,leaf,.jpg,4000,3000,RGB,1ee67395b2b00c95794595db852e931d666fb76de6e656a1262eb78ed09a9904,8485032723060404,valid,None,unique,TURM_03944,True,
TURM_03945,DATASET/Image Dataset for Turmeric Plant Leaf Disease Detection.zip#Image Dataset for Turmeric Plant Leaf Disease Detection/Original DataSet/Blotch/blotch_(9).jpg,Image Dataset for Turmeric Plant Leaf Disease Detection,Blotch,Leaf Blotch,disease,leaf,.jpg,4000,3000,RGB,01bb35fd4c265df729a662a4994abfc5ec81b1204c1801e447cc9e1d97705a99,84003c1f17000404,valid,None,unique,TURM_03945,True,
TURM_03946,DATASET/Image Dataset for Turmeric Plant Leaf Disease Detection.zip#Image Dataset for Turmeric Plant Leaf Disease Detection/Original DataSet/Blotch/blotch_(90).jpg,Image Dataset for Turmeric Plant Leaf Disease Detection,Blotch,Leaf Blotch,disease,leaf,.jpg,4000,3000,RGB,86d08c9b631e2151efdcbb80027f1528e0584a86ba1bee08ca5cadc9c9a0e538,8082232706060000,valid,None,unique,TURM_03946,True,
TURM_03947,DATASET/Image Dataset for Turmeric Plant Leaf Disease Detection.zip#Image Dataset for Turmeric Plant Leaf Disease Detection/Original DataSet/Blotch/blotch_(91).jpg,Image Dataset for Turmeric Plant Leaf Disease Detection,Blotch,Leaf Blotch,disease,leaf,.jpg,4000,3000,RGB,a0bf65e22280cd2d6b003f335b264f48de9417d5dab65bd02f2914f5ac2f1911,901e5f1f170706c2,valid,None,unique,TURM_03947,True,
TURM_03948,DATASET/Image Dataset for Turmeric Plant Leaf Disease Detection.zip#Image Dataset for Turmeric Plant Leaf Disease Detection/Original DataSet/Blotch/blotch_(92).jpg,Image Dataset for Turmeric Plant Leaf Disease Detection,Blotch,Leaf Blotch,disease,leaf,.jpg,4000,3000,RGB,dff1d7a06952d2c5432f617f4fc77ac97cc4c299c0c5f23268afdb2355abcc42,800006070c000000,valid,None,unique,TURM_03948,True,
TURM_03949,DATASET/Image Dataset for Turmeric Plant Leaf Disease Detection.zip#Image Dataset for Turmeric Plant Leaf Disease Detection/Original DataSet/Blotch/blotch_(93).jpg,Image Dataset for Turmeric Plant Leaf Disease Detection,Blotch,Leaf Blotch,disease,leaf,.jpg,4000,3000,RGB,39d107de8b8b61926f87637ebbd89b5414b4a422efedbee6ba70fe0af80fdd36,00000c2327040004,valid,None,unique,TURM_03949,True,
TURM_03950,DATASET/Image Dataset for Turmeric Plant Leaf Disease Detection.zip#Image Dataset for Turmeric Plant Leaf Disease Detection/Original DataSet/Blotch/blotch_(94).jpg,Image Dataset for Turmeric Plant Leaf Disease Detection,Blotch,Leaf Blotch,disease,leaf,.jpg,4000,3000,RGB,3ebbe24b92f92aeff5472883d6695fc7dd895466f1f8d26b11b3e952bb29f394,06010f0f4e040c0c,valid,None,unique,TURM_03950,True,
TURM_03951,DATASET/Image Dataset for Turmeric Plant Leaf Disease Detection.zip#Image Dataset for Turmeric Plant Leaf Disease Detection/Original DataSet/Blotch/blotch_(95).jpg,Image Dataset for Turmeric Plant Leaf Disease Detection,Blotch,Leaf Blotch,disease,leaf,.jpg,4000,3000,RGB,a21b42f90513b2beb1b794a37786d7a75e62ababdf8711a499e48163451cfd73,88a80f0f46060400,valid,None,unique,TURM_03951,True,
TURM_03952,DATASET/Image Dataset for Turmeric Plant Leaf Disease Detection.zip#Image Dataset for Turmeric Plant Leaf Disease Detection/Original DataSet/Blotch/blotch_(96).jpg,Image Dataset for Turmeric Plant Leaf Disease Detection,Blotch,Leaf Blotch,disease,leaf,.jpg,4000,3000,RGB,e2255816ed22b46800a8cbb026a68f04182fe2eb759505f9fa354da529941213,24060e0f07466260,valid,None,unique,TURM_03952,True,
TURM_03953,DATASET/Image Dataset for Turmeric Plant Leaf Disease Detection.zip#Image Dataset for Turmeric Plant Leaf Disease Detection/Original DataSet/Blotch/blotch_(97).jpg,Image Dataset for Turmeric Plant Leaf Disease Detection,Blotch,Leaf Blotch,disease,leaf,.jpg,4000,3000,RGB,e52793a73e8fa609a37be5c2b6c8ace21bd163150d8cfa25b8349d44bd9f62b4,8000801f0c000006,valid,None,unique,TURM_03953,True,
TURM_03954,DATASET/Image Dataset for Turmeric Plant Leaf Disease Detection.zip#Image Dataset for Turmeric Plant Leaf Disease Detection/Original DataSet/Blotch/blotch_(98).jpg,Image Dataset for Turmeric Plant Leaf Disease Detection,Blotch,Leaf Blotch,disease,leaf,.jpg,4000,3000,RGB,f4c79db4820feccbacf312caf6d0bf773a5a1f2d2365e8e078f65c77b9fb814b,00040c0e0f0c0c0c,valid,None,unique,TURM_03954,True,
TURM_03955,DATASET/Image Dataset for Turmeric Plant Leaf Disease Detection.zip#Image Dataset for Turmeric Plant Leaf Disease Detection/Original DataSet/Blotch/blotch_(99).jpg,Image Dataset for Turmeric Plant Leaf Disease Detection,Blotch,Leaf Blotch,disease,leaf,.jpg,4000,3000,RGB,31b46f7e98e3691f1e8853c9973514054496a12c0803064ea441f84b0e00e346,0405313d0f0c0406,valid,None,unique,TURM_03955,True,
TURM_03956,DATASET/Image Dataset for Turmeric Plant Leaf Disease Detection.zip#Image Dataset for Turmeric Plant Leaf Disease Detection/Original DataSet/Healthy_Leaf/healthy_(1).jpg,Image Dataset for Turmeric Plant Leaf Disease Detection,Healthy_Leaf,Healthy,healthy,leaf,.jpg,4000,3000,RGB,7695925806b45988bb4215f41d30aeac52b4aa6e4638da48817e91ff476e4ba0,a00e0f1b0fed0908,valid,None,unique,TURM_03956,True,
TURM_03957,DATASET/Image Dataset for Turmeric Plant Leaf Disease Detection.zip#Image Dataset for Turmeric Plant Leaf Disease Detection/Original DataSet/Healthy_Leaf/healthy_(10).jpg,Image Dataset for Turmeric Plant Leaf Disease Detection,Healthy_Leaf,Healthy,healthy,leaf,.jpg,4000,3000,RGB,e1c4e05f1900b2bdef99545ad302571963f888be181eec81c376eb54d84a0954,84040f0f0f8d1909,valid,None,unique,TURM_03957,True,
TURM_03958,DATASET/Image Dataset for Turmeric Plant Leaf Disease Detection.zip#Image Dataset for Turmeric Plant Leaf Disease Detection/Original DataSet/Healthy_Leaf/healthy_(101).jpg,Image Dataset for Turmeric Plant Leaf Disease Detection,Healthy_Leaf,Healthy,healthy,leaf,.jpg,4000,3000,RGB,2eab14647c7acbe6a743a509872a49e1558d10ba048f8e00c1a15f26c98e1537,fff73f3f078fff97,valid,None,unique,TURM_03958,True,
TURM_03959,DATASET/Image Dataset for Turmeric Plant Leaf Disease Detection.zip#Image Dataset for Turmeric Plant Leaf Disease Detection/Original DataSet/Healthy_Leaf/healthy_(100).jpg,Image Dataset for Turmeric Plant Leaf Disease Detection,Healthy_Leaf,Healthy,healthy,leaf,.jpg,4000,3000,RGB,d34b544c317965dd9004ee41956f68ef8733004a4dfdef20279fbc1fb3925e50,ff1f0f0387f7f7b6,valid,None,unique,TURM_03959,True,
TURM_03960,DATASET/Image Dataset for Turmeric Plant Leaf Disease Detection.zip#Image Dataset for Turmeric Plant Leaf Disease Detection/Original DataSet/Healthy_Leaf/healthy_(103).jpg,Image Dataset for Turmeric Plant Leaf Disease Detection,Healthy_Leaf,Healthy,healthy,leaf,.jpg,4000,3000,RGB,a0935ce7ee8335ddd85e77a0f79c37420d9e6152f317fb2d18fbabe8eab59958,fefe0f070f1fdfe0,valid,None,unique,TURM_03960,True,
TURM_03961,DATASET/Image Dataset for Turmeric Plant Leaf Disease Detection.zip#Image Dataset for Turmeric Plant Leaf Disease Detection/Original DataSet/Healthy_Leaf/healthy_(102).jpg,Image Dataset for Turmeric Plant Leaf Disease Detection,Healthy_Leaf,Healthy,healthy,leaf,.jpg,4000,3000,RGB,d83e3916446f97ea559260511f6ee2708c9c546a1054441146c81985275e5104,ff2f0f0f07ff7fbe,valid,None,unique,TURM_03961,True,
TURM_03962,DATASET/Image Dataset for Turmeric Plant Leaf Disease Detection.zip#Image Dataset for Turmeric Plant Leaf Disease Detection/Original DataSet/Healthy_Leaf/healthy_(104).jpg,Image Dataset for Turmeric Plant Leaf Disease Detection,Healthy_Leaf,Healthy,healthy,leaf,.jpg,4000,3000,RGB,da1f337c9c4e1d05411eb97faa3710d715886badc9b7a6c3fcc10d583592f451,830b1f03078f6f7f,valid,None,unique,TURM_03962,True,
TURM_03963,DATASET/Image Dataset for Turmeric Plant Leaf Disease Detection.zip#Image Dataset for Turmeric Plant Leaf Disease Detection/Original DataSet/Healthy_Leaf/healthy_(105).jpg,Image Dataset for Turmeric Plant Leaf Disease Detection,Healthy_Leaf,Healthy,healthy,leaf,.jpg,4000,3000,RGB,b799d927d03d85d753013cff288770e568008f0dd241a9bebb4d9f1fe13470fe,ff03030f1ff7b7ff,valid,None,unique,TURM_03963,True,
TURM_03964,DATASET/Image Dataset for Turmeric Plant Leaf Disease Detection.zip#Image Dataset for Turmeric Plant Leaf Disease Detection/Original DataSet/Healthy_Leaf/healthy_(107).jpg,Image Dataset for Turmeric Plant Leaf Disease Detection,Healthy_Leaf,Healthy,healthy,leaf,.jpg,4000,3000,RGB,3e837846b653b27f66798d9f057fddefc8d8605362a1ee455a90daf3105597f8,df8f0f3f0f0fffb7,valid,None,unique,TURM_03964,True,
TURM_03965,DATASET/Image Dataset for Turmeric Plant Leaf Disease Detection.zip#Image Dataset for Turmeric Plant Leaf Disease Detection/Original DataSet/Healthy_Leaf/healthy_(106).jpg,Image Dataset for Turmeric Plant Leaf Disease Detection,Healthy_Leaf,Healthy,healthy,leaf,.jpg,4000,3000,RGB,995f59225aa2d60a32daf42132a7b36d393aa2bfb7f191d3f257cf54284295f4,9ff31f070f8fff87,valid,None,unique,TURM_03965,True,
TURM_03966,DATASET/Image Dataset for Turmeric Plant Leaf Disease Detection.zip#Image Dataset for Turmeric Plant Leaf Disease Detection/Original DataSet/Healthy_Leaf/healthy_(108).jpg,Image Dataset for Turmeric Plant Leaf Disease Detection,Healthy_Leaf,Healthy,healthy,leaf,.jpg,4000,3000,RGB,80c34c628cd96aec690659a080d79bd5d401e3fbe2184ddcf7f1f3e56cedfc73,bfff0f0f0f1f9fe4,valid,None,unique,TURM_03966,True,
TURM_03967,DATASET/Image Dataset for Turmeric Plant Leaf Disease Detection.zip#Image Dataset for Turmeric Plant Leaf Disease Detection/Original DataSet/Healthy_Leaf/healthy_(109).jpg,Image Dataset for Turmeric Plant Leaf Disease Detection,Healthy_Leaf,Healthy,healthy,leaf,.jpg,4000,3000,RGB,f6d02ca46ad1b55c5f8e4b0c294ba29edf34318e994e7a4befc07b2d7807c013,838f0f130b8fef3f,valid,None,unique,TURM_03967,True,
TURM_03968,DATASET/Image Dataset for Turmeric Plant Leaf Disease Detection.zip#Image Dataset for Turmeric Plant Leaf Disease Detection/Original DataSet/Healthy_Leaf/healthy_(11).jpg,Image Dataset for Turmeric Plant Leaf Disease Detection,Healthy_Leaf,Healthy,healthy,leaf,.jpg,4000,3000,RGB,53097517be6a312358a9b71f2a62aea0d7d9fccef0e4389043df8d2e793062b4,a61e0f070787ac88,valid,None,unique,TURM_03968,True,
TURM_03969,DATASET/Image Dataset for Turmeric Plant Leaf Disease Detection.zip#Image Dataset for Turmeric Plant Leaf Disease Detection/Original DataSet/Healthy_Leaf/healthy_(110).jpg,Image Dataset for Turmeric Plant Leaf Disease Detection,Healthy_Leaf,Healthy,healthy,leaf,.jpg,4000,3000,RGB,9a7b983b360992f7b9813d1466d4acc37e183bb70de2048ffe75ddcd309c20b1,9f8303370f9fefbe,valid,None,unique,TURM_03969,True,
TURM_03970,DATASET/Image Dataset for Turmeric Plant Leaf Disease Detection.zip#Image Dataset for Turmeric Plant Leaf Disease Detection/Original DataSet/Healthy_Leaf/healthy_(111).jpg,Image Dataset for Turmeric Plant Leaf Disease Detection,Healthy_Leaf,Healthy,healthy,leaf,.jpg,4000,3000,RGB,1805c921f3169d46166512b7d4d94775b1932491637ad9bb0040eee97c9a43d6,9ff70707170fdf87,valid,None,unique,TURM_03970,True,
TURM_03971,DATASET/Image Dataset for Turmeric Plant Leaf Disease Detection.zip#Image Dataset for Turmeric Plant Leaf Disease Detection/Original DataSet/Healthy_Leaf/healthy_(112).jpg,Image Dataset for Turmeric Plant Leaf Disease Detection,Healthy_Leaf,Healthy,healthy,leaf,.jpg,4000,3000,RGB,27e0a72729f121348b58ae54c66592c9710da987353cb70bf035683fdb780502,cf1f3f77170feffe,valid,None,unique,TURM_03971,True,
TURM_03972,DATASET/Image Dataset for Turmeric Plant Leaf Disease Detection.zip#Image Dataset for Turmeric Plant Leaf Disease Detection/Original DataSet/Healthy_Leaf/healthy_(114).jpg,Image Dataset for Turmeric Plant Leaf Disease Detection,Healthy_Leaf,Healthy,healthy,leaf,.jpg,4000,3000,RGB,90f380da18b5ad360d53018b8f0ae04e1a4271a45f47699f1fc957299a8aa4bd,820727330707cf7f,valid,None,unique,TURM_03972,True,
TURM_03973,DATASET/Image Dataset for Turmeric Plant Leaf Disease Detection.zip#Image Dataset for Turmeric Plant Leaf Disease Detection/Original DataSet/Healthy_Leaf/healthy_(113).jpg,Image Dataset for Turmeric Plant Leaf Disease Detection,Healthy_Leaf,Healthy,healthy,leaf,.jpg,4000,3000,RGB,b51f295ee6e2421aeaf747f547d8cd6f522c4c8e4bfccad4e9ec4339ef98c3c8,bffe0f1f1b0f8fea,valid,None,unique,TURM_03973,True,
TURM_03974,DATASET/Image Dataset for Turmeric Plant Leaf Disease Detection.zip#Image Dataset for Turmeric Plant Leaf Disease Detection/Original DataSet/Healthy_Leaf/healthy_(115).jpg,Image Dataset for Turmeric Plant Leaf Disease Detection,Healthy_Leaf,Healthy,healthy,leaf,.jpg,4000,3000,RGB,2deacebd6d75c5db4f727589ad4c04e85382111fb86cd848a31058e598608442,9f0f0f450f87efb7,valid,None,unique,TURM_03974,True,
TURM_03975,DATASET/Image Dataset for Turmeric Plant Leaf Disease Detection.zip#Image Dataset for Turmeric Plant Leaf Disease Detection/Original DataSet/Healthy_Leaf/healthy_(116).jpg,Image Dataset for Turmeric Plant Leaf Disease Detection,Healthy_Leaf,Healthy,healthy,leaf,.jpg,4000,3000,RGB,cc10a9707c7c4169a5737b850cea674b1e7a8b25d4e4e6da3cb25ec472b73c6a,9fd70f2f0f87ffc7,valid,None,unique,TURM_03975,True,
TURM_03976,DATASET/Image Dataset for Turmeric Plant Leaf Disease Detection.zip#Image Dataset for Turmeric Plant Leaf Disease Detection/Original DataSet/Healthy_Leaf/healthy_(117).jpg,Image Dataset for Turmeric Plant Leaf Disease Detection,Healthy_Leaf,Healthy,healthy,leaf,.jpg,4000,3000,RGB,e0ec93a229e93c28d85dbfb9d73029775ac4e117e96b9a9a24137a8b5553b15e,ff9f0f1f1fefdff7,valid,None,unique,TURM_03976,True,
TURM_03977,DATASET/Image Dataset for Turmeric Plant Leaf Disease Detection.zip#Image Dataset for Turmeric Plant Leaf Disease Detection/Original DataSet/Healthy_Leaf/healthy_(118).jpg,Image Dataset for Turmeric Plant Leaf Disease Detection,Healthy_Leaf,Healthy,healthy,leaf,.jpg,4000,3000,RGB,9b06debf211feae1dd25248be575be68f68e4622822ff36a8674214dec110f48,fefe0f070f1fcbc2,valid,None,unique,TURM_03977,True,
TURM_03978,DATASET/Image Dataset for Turmeric Plant Leaf Disease Detection.zip#Image Dataset for Turmeric Plant Leaf Disease Detection/Original DataSet/Healthy_Leaf/healthy_(119).jpg,Image Dataset for Turmeric Plant Leaf Disease Detection,Healthy_Leaf,Healthy,healthy,leaf,.jpg,4000,3000,RGB,64faa2c8f08063f49c2c9e66f59f2f73c4a5f697d8711aa9db29ff0263c03c87,00831f270787cfcf,valid,None,unique,TURM_03978,True,
TURM_03979,DATASET/Image Dataset for Turmeric Plant Leaf Disease Detection.zip#Image Dataset for Turmeric Plant Leaf Disease Detection/Original DataSet/Healthy_Leaf/healthy_(12).jpg,Image Dataset for Turmeric Plant Leaf Disease Detection,Healthy_Leaf,Healthy,healthy,leaf,.jpg,4000,3000,RGB,e051048ac4432d0024ccbf8b1c7c5f49498ab9a7250a9da1003b966d26a8a7d3,68081f270f1f090e,valid,None,unique,TURM_03979,True,
TURM_03980,DATASET/Image Dataset for Turmeric Plant Leaf Disease Detection.zip#Image Dataset for Turmeric Plant Leaf Disease Detection/Original DataSet/Healthy_Leaf/healthy_(120).jpg,Image Dataset for Turmeric Plant Leaf Disease Detection,Healthy_Leaf,Healthy,healthy,leaf,.jpg,4000,3000,RGB,8463bdc6ff58fa94e1b0068c92469b061396b79384485119b565eb3e228d3de8,ffc7070f0fffdfff,valid,None,unique,TURM_03980,True,
TURM_03981,DATASET/Image Dataset for Turmeric Plant Leaf Disease Detection.zip#Image Dataset for Turmeric Plant Leaf Disease Detection/Original DataSet/Healthy_Leaf/healthy_(121).jpg,Image Dataset for Turmeric Plant Leaf Disease Detection,Healthy_Leaf,Healthy,healthy,leaf,.jpg,4000,3000,RGB,5ea3f7f9398d31eb2f336f3252175fc19bd65025a042d003f5cab84561cc971b,bffbe70f0f0ffff7,valid,None,unique,TURM_03981,True,
TURM_03982,DATASET/Image Dataset for Turmeric Plant Leaf Disease Detection.zip#Image Dataset for Turmeric Plant Leaf Disease Detection/Original DataSet/Healthy_Leaf/healthy_(122).jpg,Image Dataset for Turmeric Plant Leaf Disease Detection,Healthy_Leaf,Healthy,healthy,leaf,.jpg,4000,3000,RGB,cd9298588e79f3efe3c7158f94b13d843f84ee3a15cbb551ed39734ee407077b,ff7f3f67170feff4,valid,None,unique,TURM_03982,True,
TURM_03983,DATASET/Image Dataset for Turmeric Plant Leaf Disease Detection.zip#Image Dataset for Turmeric Plant Leaf Disease Detection/Original DataSet/Healthy_Leaf/healthy_(123).jpg,Image Dataset for Turmeric Plant Leaf Disease Detection,Healthy_Leaf,Healthy,healthy,leaf,.jpg,4000,3000,RGB,5a9271f7e9c65268e01c636ff86f51b9712a859767318ecdeb3604fc717b0251,fefe8f1f5b1f0efe,valid,None,unique,TURM_03983,True,
TURM_03984,DATASET/Image Dataset for Turmeric Plant Leaf Disease Detection.zip#Image Dataset for Turmeric Plant Leaf Disease Detection/Original DataSet/Healthy_Leaf/healthy_(124).jpg,Image Dataset for Turmeric Plant Leaf Disease Detection,Healthy_Leaf,Healthy,healthy,leaf,.jpg,4000,3000,RGB,12d6751e3a3ce3c096d3a266dc6bdfd8dace0283d60e062d0f559f9501764b5e,008507170707c77f,valid,None,unique,TURM_03984,True,
TURM_03985,DATASET/Image Dataset for Turmeric Plant Leaf Disease Detection.zip#Image Dataset for Turmeric Plant Leaf Disease Detection/Original DataSet/Healthy_Leaf/healthy_(125).jpg,Image Dataset for Turmeric Plant Leaf Disease Detection,Healthy_Leaf,Healthy,healthy,leaf,.jpg,4000,3000,RGB,af5d1b416cd6738923b261e5ddb279c4b0ee62de49c323a94750ca1efc2a0dd6,ff8f0f0d0727f5f4,valid,None,unique,TURM_03985,True,
TURM_03986,DATASET/Image Dataset for Turmeric Plant Leaf Disease Detection.zip#Image Dataset for Turmeric Plant Leaf Disease Detection/Original DataSet/Healthy_Leaf/healthy_(126).jpg,Image Dataset for Turmeric Plant Leaf Disease Detection,Healthy_Leaf,Healthy,healthy,leaf,.jpg,4000,3000,RGB,95d1b9ae57f91e4e1b15e4d625259f635af807cbd7f535b4628254149f42ebf8,fdf70f2f0f0fafe7,valid,None,unique,TURM_03986,True,
TURM_03987,DATASET/Image Dataset for Turmeric Plant Leaf Disease Detection.zip#Image Dataset for Turmeric Plant Leaf Disease Detection/Original DataSet/Healthy_Leaf/healthy_(127).jpg,Image Dataset for Turmeric Plant Leaf Disease Detection,Healthy_Leaf,Healthy,healthy,leaf,.jpg,4000,3000,RGB,950eeb23765b0fee321cfc1085327e62518e2fc745a447fdc85f7e01f60a1cb0,ff9f1f3f2f1fffef,valid,None,unique,TURM_03987,True,
TURM_03988,DATASET/Image Dataset for Turmeric Plant Leaf Disease Detection.zip#Image Dataset for Turmeric Plant Leaf Disease Detection/Original DataSet/Healthy_Leaf/healthy_(128).jpg,Image Dataset for Turmeric Plant Leaf Disease Detection,Healthy_Leaf,Healthy,healthy,leaf,.jpg,4000,3000,RGB,dbe1db8feff41ece3cddfc4ac04e1f5e9ad2e6dc3cccef30a2552e938855becf,82830f0f070f8fdf,valid,None,unique,TURM_03988,True,
TURM_03989,DATASET/Image Dataset for Turmeric Plant Leaf Disease Detection.zip#Image Dataset for Turmeric Plant Leaf Disease Detection/Original DataSet/Healthy_Leaf/healthy_(13).jpg,Image Dataset for Turmeric Plant Leaf Disease Detection,Healthy_Leaf,Healthy,healthy,leaf,.jpg,4000,3000,RGB,483637f103732c9ac867946cdb98aa2bf86bdbc4fcdccf37b50303e3c4ef5ee4,1a1f1f0f0787f3b1,valid,None,unique,TURM_03989,True,
TURM_03990,DATASET/Image Dataset for Turmeric Plant Leaf Disease Detection.zip#Image Dataset for Turmeric Plant Leaf Disease Detection/Original DataSet/Healthy_Leaf/healthy_(129).jpg,Image Dataset for Turmeric Plant Leaf Disease Detection,Healthy_Leaf,Healthy,healthy,leaf,.jpg,4000,3000,RGB,27b6a9fa905137c7111b51e4b568f9231a8946f28f024766728b49b89b65f5e7,fefc9c070f1f9fc7,valid,None,unique,TURM_03990,True,
TURM_03991,DATASET/Image Dataset for Turmeric Plant Leaf Disease Detection.zip#Image Dataset for Turmeric Plant Leaf Disease Detection/Original DataSet/Healthy_Leaf/healthy_(130).jpg,Image Dataset for Turmeric Plant Leaf Disease Detection,Healthy_Leaf,Healthy,healthy,leaf,.jpg,4000,3000,RGB,c45bee7b2f828e487dff38a4b55b52f98bd69b6c1149245151f0462bd294c735,ff8703070783d7f6,valid,None,unique,TURM_03991,True,
TURM_03992,DATASET/Image Dataset for Turmeric Plant Leaf Disease Detection.zip#Image Dataset for Turmeric Plant Leaf Disease Detection/Original DataSet/Healthy_Leaf/healthy_(131).jpg,Image Dataset for Turmeric Plant Leaf Disease Detection,Healthy_Leaf,Healthy,healthy,leaf,.jpg,4000,3000,RGB,9ffa83e6c3fcff64511e23769cf0eb9b90ffcfa0bc886e449421bdabfbf8c291,fdf31f1f070fffe7,valid,None,unique,TURM_03992,True,
TURM_03993,DATASET/Image Dataset for Turmeric Plant Leaf Disease Detection.zip#Image Dataset for Turmeric Plant Leaf Disease Detection/Original DataSet/Healthy_Leaf/healthy_(132).jpg,Image Dataset for Turmeric Plant Leaf Disease Detection,Healthy_Leaf,Healthy,healthy,leaf,.jpg,4000,3000,RGB,3cafa0407dc40d9495211617359496804ff3e819c19e79e1ef7027fe2782cda3,ffdf1f3f1f0fbff5,valid,None,unique,TURM_03993,True,
TURM_03994,DATASET/Image Dataset for Turmeric Plant Leaf Disease Detection.zip#Image Dataset for Turmeric Plant Leaf Disease Detection/Original DataSet/Healthy_Leaf/healthy_(135).jpg,Image Dataset for Turmeric Plant Leaf Disease Detection,Healthy_Leaf,Healthy,healthy,leaf,.jpg,4000,3000,RGB,223af929f2b70f1ddd2ae9fa421e3184db69e3f0f75b48784103e0023c46e458,ff8f070f1ff3cafa,valid,None,unique,TURM_03994,True,
TURM_03995,DATASET/Image Dataset for Turmeric Plant Leaf Disease Detection.zip#Image Dataset for Turmeric Plant Leaf Disease Detection/Original DataSet/Healthy_Leaf/healthy_(133).jpg,Image Dataset for Turmeric Plant Leaf Disease Detection,Healthy_Leaf,Healthy,healthy,leaf,.jpg,4000,3000,RGB,570c7aa4e7cbb00998c87bc0b1b04a7f5b457e3791d509ff23b4f20a138b0722,fefe3e1f1f1f16fb,valid,None,unique,TURM_03995,True,
TURM_03996,DATASET/Image Dataset for Turmeric Plant Leaf Disease Detection.zip#Image Dataset for Turmeric Plant Leaf Disease Detection/Original DataSet/Healthy_Leaf/healthy_(134).jpg,Image Dataset for Turmeric Plant Leaf Disease Detection,Healthy_Leaf,Healthy,healthy,leaf,.jpg,4000,3000,RGB,eb13c3c1e8e734e1bf36aa35b27dda0a0a59d1bbc91c8e0b99b402dcf59fe67a,00bf0f0503c7cff7,valid,None,unique,TURM_03996,True,
TURM_03997,DATASET/Image Dataset for Turmeric Plant Leaf Disease Detection.zip#Image Dataset for Turmeric Plant Leaf Disease Detection/Original DataSet/Healthy_Leaf/healthy_(136).jpg,Image Dataset for Turmeric Plant Leaf Disease Detection,Healthy_Leaf,Healthy,healthy,leaf,.jpg,4000,3000,RGB,f899e5d50bc3b9c85a4671311cc3362bbefe5e232c17e28e08f20642d5b8b1bd,fff31f1f0f8fffff,valid,None,unique,TURM_03997,True,
TURM_03998,DATASET/Image Dataset for Turmeric Plant Leaf Disease Detection.zip#Image Dataset for Turmeric Plant Leaf Disease Detection/Original DataSet/Healthy_Leaf/healthy_(137).jpg,Image Dataset for Turmeric Plant Leaf Disease Detection,Healthy_Leaf,Healthy,healthy,leaf,.jpg,4000,3000,RGB,dd2eeb72064a5fab320a5c6565d23e551009dcfb04bacf5a93ca01ce1e29d843,ff87070f0f0eb3e6,valid,None,unique,TURM_03998,True,
TURM_03999,DATASET/Image Dataset for Turmeric Plant Leaf Disease Detection.zip#Image Dataset for Turmeric Plant Leaf Disease Detection/Original DataSet/Healthy_Leaf/healthy_(14).jpg,Image Dataset for Turmeric Plant Leaf Disease Detection,Healthy_Leaf,Healthy,healthy,leaf,.jpg,4000,3000,RGB,2c6d076e10f35f9b002867f5d9f3b72f004981777f885922343be24245b276c9,a60e0f270f8c8404,valid,None,unique,TURM_03999,True,
TURM_04000,DATASET/Image Dataset for Turmeric Plant Leaf Disease Detection.zip#Image Dataset for Turmeric Plant Leaf Disease Detection/Original DataSet/Healthy_Leaf/healthy_(138).jpg,Image Dataset for Turmeric Plant Leaf Disease Detection,Healthy_Leaf,Healthy,healthy,leaf,.jpg,4000,3000,RGB,81741eb6a8b5c631cc7846d049f656fc3b8498b95715d38a8d86d432afd3af83,8083131f070f8fe7,valid,None,unique,TURM_04000,True,
TURM_04001,DATASET/Image Dataset for Turmeric Plant Leaf Disease Detection.zip#Image Dataset for Turmeric Plant Leaf Disease Detection/Original DataSet/Healthy_Leaf/healthy_(139).jpg,Image Dataset for Turmeric Plant Leaf Disease Detection,Healthy_Leaf,Healthy,healthy,leaf,.jpg,4000,3000,RGB,b297d271b5073f94ac4b04d481496aff50ce1ca78d2d3bc21c5c912f24faefdd,fefe9c1f6f1f1fb6,valid,None,unique,TURM_04001,True,
TURM_04002,DATASET/Image Dataset for Turmeric Plant Leaf Disease Detection.zip#Image Dataset for Turmeric Plant Leaf Disease Detection/Original DataSet/Healthy_Leaf/healthy_(141).jpg,Image Dataset for Turmeric Plant Leaf Disease Detection,Healthy_Leaf,Healthy,healthy,leaf,.jpg,4000,3000,RGB,2194ea06c736187a9dc2fb4a1e413a0f48e520b97ea06f049a4332bc00de314e,fdf18f0f3f1f8f9a,valid,None,unique,TURM_04002,True,
TURM_04003,DATASET/Image Dataset for Turmeric Plant Leaf Disease Detection.zip#Image Dataset for Turmeric Plant Leaf Disease Detection/Original DataSet/Healthy_Leaf/healthy_(140).jpg,Image Dataset for Turmeric Plant Leaf Disease Detection,Healthy_Leaf,Healthy,healthy,leaf,.jpg,4000,3000,RGB,0a5ee44f6ca7e450cdffd7f1d898ced9cc890738e7e7fd2c1fc98e84b82197df,ff8f1f5f0f1eb3e7,valid,None,unique,TURM_04003,True,
TURM_04004,DATASET/Image Dataset for Turmeric Plant Leaf Disease Detection.zip#Image Dataset for Turmeric Plant Leaf Disease Detection/Original DataSet/Healthy_Leaf/healthy_(145).jpg,Image Dataset for Turmeric Plant Leaf Disease Detection,Healthy_Leaf,Healthy,healthy,leaf,.jpg,4000,3000,RGB,5d5b417c885a29014c8d1fa1d58bb60005a4f7a6ea10c0b5cf83470d07e61ff9,ffffdd1f0f0f0fff,valid,None,unique,TURM_04004,True,
TURM_04005,DATASET/Image Dataset for Turmeric Plant Leaf Disease Detection.zip#Image Dataset for Turmeric Plant Leaf Disease Detection/Original DataSet/Healthy_Leaf/healthy_(143).jpg,Image Dataset for Turmeric Plant Leaf Disease Detection,Healthy_Leaf,Healthy,healthy,leaf,.jpg,4000,3000,RGB,ae7eda05b72a0ec8f2f4238bd8174571d8af8f46a88e3ab3980a8b5c3569db79,00103f170b8383e7,valid,None,unique,TURM_04005,True,
TURM_04006,DATASET/Image Dataset for Turmeric Plant Leaf Disease Detection.zip#Image Dataset for Turmeric Plant Leaf Disease Detection/Original DataSet/Healthy_Leaf/healthy_(144).jpg,Image Dataset for Turmeric Plant Leaf Disease Detection,Healthy_Leaf,Healthy,healthy,leaf,.jpg,4000,3000,RGB,15c921a9e16fb61865eccf0e1b5de209fb1a1ae37b0d6c938f0da238974cefc0,fffd9f1f0f0f8fff,valid,None,unique,TURM_04006,True,
TURM_04007,DATASET/Image Dataset for Turmeric Plant Leaf Disease Detection.zip#Image Dataset for Turmeric Plant Leaf Disease Detection/Original DataSet/Healthy_Leaf/healthy_(142).jpg,Image Dataset for Turmeric Plant Leaf Disease Detection,Healthy_Leaf,Healthy,healthy,leaf,.jpg,4000,3000,RGB,2892b571d4a04c34ef36dfdc1277229dba3829be1076ffbf7afc6859b2cade39,fe9f3f3f0f1fb7ef,valid,None,unique,TURM_04007,True,
TURM_04008,DATASET/Image Dataset for Turmeric Plant Leaf Disease Detection.zip#Image Dataset for Turmeric Plant Leaf Disease Detection/Original DataSet/Healthy_Leaf/healthy_(146).jpg,Image Dataset for Turmeric Plant Leaf Disease Detection,Healthy_Leaf,Healthy,healthy,leaf,.jpg,4000,3000,RGB,325211c2e5da3ca2680842376e6cae4af6f3eb58b364d3ef62fd87c14c22f6fe,bec70703078bf7f5,valid,None,unique,TURM_04008,True,
TURM_04009,DATASET/Image Dataset for Turmeric Plant Leaf Disease Detection.zip#Image Dataset for Turmeric Plant Leaf Disease Detection/Original DataSet/Healthy_Leaf/healthy_(148).jpg,Image Dataset for Turmeric Plant Leaf Disease Detection,Healthy_Leaf,Healthy,healthy,leaf,.jpg,4000,3000,RGB,d28990343fefd1c4fed9fb50d3afca044d1ddfa7ea63b4c632d76edda075d347,ff8f3f3f1f2ce7e9,valid,None,unique,TURM_04009,True,
TURM_04010,DATASET/Image Dataset for Turmeric Plant Leaf Disease Detection.zip#Image Dataset for Turmeric Plant Leaf Disease Detection/Original DataSet/Healthy_Leaf/healthy_(149).jpg,Image Dataset for Turmeric Plant Leaf Disease Detection,Healthy_Leaf,Healthy,healthy,leaf,.jpg,4000,3000,RGB,9c1bd7e421e33966c0ead3152612530ef1c094003e82f221b54ee8f2985f456d,80801f0f0387afcf,valid,None,unique,TURM_04010,True,
TURM_04011,DATASET/Image Dataset for Turmeric Plant Leaf Disease Detection.zip#Image Dataset for Turmeric Plant Leaf Disease Detection/Original DataSet/Healthy_Leaf/healthy_(147).jpg,Image Dataset for Turmeric Plant Leaf Disease Detection,Healthy_Leaf,Healthy,healthy,leaf,.jpg,4000,3000,RGB,0cb81c4dab02e3187bff8a32d22fd512071a228f552b626d3b6ac2bd9869387d,fffd9f0f070fdfff,valid,None,unique,TURM_04011,True,
TURM_04012,DATASET/Image Dataset for Turmeric Plant Leaf Disease Detection.zip#Image Dataset for Turmeric Plant Leaf Disease Detection/Original DataSet/Healthy_Leaf/healthy_(15).jpg,Image Dataset for Turmeric Plant Leaf Disease Detection,Healthy_Leaf,Healthy,healthy,leaf,.jpg,4000,3000,RGB,b772cb8536f15989fd57ad959d429c806ffcd81aa150a32a2966725890effbce,a4040f0f030f8d0d,valid,None,unique,TURM_04012,True,
TURM_04013,DATASET/Image Dataset for Turmeric Plant Leaf Disease Detection.zip#Image Dataset for Turmeric Plant Leaf Disease Detection/Original DataSet/Healthy_Leaf/healthy_(150).jpg,Image Dataset for Turmeric Plant Leaf Disease Detection,Healthy_Leaf,Healthy,healthy,leaf,.jpg,4000,3000,RGB,0aeb19fb8756e54b53be73c63657509defc7474623b50f789db99f0c905e10ba,fefcdb1b1f1fbfc3,valid,None,unique,TURM_04013,True,
TURM_04014,DATASET/Image Dataset for Turmeric Plant Leaf Disease Detection.zip#Image Dataset for Turmeric Plant Leaf Disease Detection/Original DataSet/Healthy_Leaf/healthy_(151).jpg,Image Dataset for Turmeric Plant Leaf Disease Detection,Healthy_Leaf,Healthy,healthy,leaf,.jpg,4000,3000,RGB,c98f8054f65fa0beef7d139d02633727688e50a228abc129e1cabfafbe2f0178,ffe303070ff8b7f4,valid,None,unique,TURM_04014,True,
TURM_04015,DATASET/Image Dataset for Turmeric Plant Leaf Disease Detection.zip#Image Dataset for Turmeric Plant Leaf Disease Detection/Original DataSet/Healthy_Leaf/healthy_(153).jpg,Image Dataset for Turmeric Plant Leaf Disease Detection,Healthy_Leaf,Healthy,healthy,leaf,.jpg,4000,3000,RGB,f88b7086b85e418e5b900bc43d7e7bc1f22d09ba4d34a12a734567c6df854610,ff9f1f4b0fe2f1e6,valid,None,unique,TURM_04015,True,
TURM_04016,DATASET/Image Dataset for Turmeric Plant Leaf Disease Detection.zip#Image Dataset for Turmeric Plant Leaf Disease Detection/Original DataSet/Healthy_Leaf/healthy_(154).jpg,Image Dataset for Turmeric Plant Leaf Disease Detection,Healthy_Leaf,Healthy,healthy,leaf,.jpg,4000,3000,RGB,21c88807d664cb320c0302f131bd93089865203bdbaf97660368afbaa8ecd00e,fffcbd3d1f1fcfbe,valid,None,unique,TURM_04016,True,
TURM_04017,DATASET/Image Dataset for Turmeric Plant Leaf Disease Detection.zip#Image Dataset for Turmeric Plant Leaf Disease Detection/Original DataSet/Healthy_Leaf/healthy_(152).jpg,Image Dataset for Turmeric Plant Leaf Disease Detection,Healthy_Leaf,Healthy,healthy,leaf,.jpg,4000,3000,RGB,231d77d88b18ff9cd98193a762bc1651435662e6c6aa15f0f53b7853e248bac8,fdf1ef0f070fcfd7,valid,None,unique,TURM_04017,True,
TURM_04018,DATASET/Image Dataset for Turmeric Plant Leaf Disease Detection.zip#Image Dataset for Turmeric Plant Leaf Disease Detection/Original DataSet/Healthy_Leaf/healthy_(155).jpg,Image Dataset for Turmeric Plant Leaf Disease Detection,Healthy_Leaf,Healthy,healthy,leaf,.jpg,4000,3000,RGB,893b23274576dd0cc2521173547c7cc610b614fd03d119f45a7848b174e5fc27,80010f2707879fe7,valid,None,unique,TURM_04018,True,
TURM_04019,DATASET/Image Dataset for Turmeric Plant Leaf Disease Detection.zip#Image Dataset for Turmeric Plant Leaf Disease Detection/Original DataSet/Healthy_Leaf/healthy_(156).jpg,Image Dataset for Turmeric Plant Leaf Disease Detection,Healthy_Leaf,Healthy,healthy,leaf,.jpg,4000,3000,RGB,c10f80aa48fcc0f7b7e196f619e0fb77cdeac1b84cfc190ccb1dbe396fe70135,ffc707070ff9f7f4,valid,None,unique,TURM_04019,True,
TURM_04020,DATASET/Image Dataset for Turmeric Plant Leaf Disease Detection.zip#Image Dataset for Turmeric Plant Leaf Disease Detection/Original DataSet/Healthy_Leaf/healthy_(16).jpg,Image Dataset for Turmeric Plant Leaf Disease Detection,Healthy_Leaf,Healthy,healthy,leaf,.jpg,4000,3000,RGB,76ab8daf58d8db48149c3f6c4acaa48dd1f008532d5ce2e554e216b10ad580f2,e4e603070f0f0909,valid,None,unique,TURM_04020,True,
TURM_04021,DATASET/Image Dataset for Turmeric Plant Leaf Disease Detection.zip#Image Dataset for Turmeric Plant Leaf Disease Detection/Original DataSet/Healthy_Leaf/healthy_(157).jpg,Image Dataset for Turmeric Plant Leaf Disease Detection,Healthy_Leaf,Healthy,healthy,leaf,.jpg,4000,3000,RGB,e1f4f2fbfbd41b35476b1b7d77dda1f9301fe501d772ea25cac636732f31f126,f4f09e1f0f0fbfd7,valid,None,unique,TURM_04021,True,
TURM_04022,DATASET/Image Dataset for Turmeric Plant Leaf Disease Detection.zip#Image Dataset for Turmeric Plant Leaf Disease Detection/Original DataSet/Healthy_Leaf/healthy_(158).jpg,Image Dataset for Turmeric Plant Leaf Disease Detection,Healthy_Leaf,Healthy,healthy,leaf,.jpg,4000,3000,RGB,3da59b319efc612265ac440cb3b4493fe47d78f5e486dfd076eb261a7dfb0a45,bff71f1f1f0ffbd7,valid,None,unique,TURM_04022,True,
TURM_04023,DATASET/Image Dataset for Turmeric Plant Leaf Disease Detection.zip#Image Dataset for Turmeric Plant Leaf Disease Detection/Original DataSet/Healthy_Leaf/healthy_(159).jpg,Image Dataset for Turmeric Plant Leaf Disease Detection,Healthy_Leaf,Healthy,healthy,leaf,.jpg,4000,3000,RGB,b5500c265b6890c3375337c000ae000f23a5590064362023ee1d445c9c18999a,00000f130707c7df,valid,None,unique,TURM_04023,True,
TURM_04024,DATASET/Image Dataset for Turmeric Plant Leaf Disease Detection.zip#Image Dataset for Turmeric Plant Leaf Disease Detection/Original DataSet/Healthy_Leaf/healthy_(160).jpg,Image Dataset for Turmeric Plant Leaf Disease Detection,Healthy_Leaf,Healthy,healthy,leaf,.jpg,4000,3000,RGB,5bf1e45fd6c41f5f7563fb57e32d2bda0b28a51c83ad2dddeb31f10c6f5eba5c,fffc1f1f0f1f9fc3,valid,None,unique,TURM_04024,True,
TURM_04025,DATASET/Image Dataset for Turmeric Plant Leaf Disease Detection.zip#Image Dataset for Turmeric Plant Leaf Disease Detection/Original DataSet/Healthy_Leaf/healthy_(163).jpg,Image Dataset for Turmeric Plant Leaf Disease Detection,Healthy_Leaf,Healthy,healthy,leaf,.jpg,4000,3000,RGB,d9e04904265e86ae3a632c2c258e2703d0df4e7a8770c9e0b455cca7b86033a0,bfe73f3f170ff7ed,valid,None,unique,TURM_04025,True,
TURM_04026,DATASET/Image Dataset for Turmeric Plant Leaf Disease Detection.zip#Image Dataset for Turmeric Plant Leaf Disease Detection/Original DataSet/Healthy_Leaf/healthy_(161).jpg,Image Dataset for Turmeric Plant Leaf Disease Detection,Healthy_Leaf,Healthy,healthy,leaf,.jpg,4000,3000,RGB,99a4bfb91291507475732c0276949b8f0e8429e41c44ad2d97b48d4fe8664f8d,ffc7030b0f2cfbf5,valid,None,unique,TURM_04026,True,
TURM_04027,DATASET/Image Dataset for Turmeric Plant Leaf Disease Detection.zip#Image Dataset for Turmeric Plant Leaf Disease Detection/Original DataSet/Healthy_Leaf/healthy_(162).jpg,Image Dataset for Turmeric Plant Leaf Disease Detection,Healthy_Leaf,Healthy,healthy,leaf,.jpg,4000,3000,RGB,6d1bd377beb930c08e8db239f7bde9f2537c5c828d7678e3fe888c9662664197,fdf30f1f1f0fdf9d,valid,None,unique,TURM_04027,True,
TURM_04028,DATASET/Image Dataset for Turmeric Plant Leaf Disease Detection.zip#Image Dataset for Turmeric Plant Leaf Disease Detection/Original DataSet/Healthy_Leaf/healthy_(164).jpg,Image Dataset for Turmeric Plant Leaf Disease Detection,Healthy_Leaf,Healthy,healthy,leaf,.jpg,4000,3000,RGB,f3b602da6d5f513822688ee444c026b2c882a9028a0cb24baa20056a8f2890db,fede1e0f1f17ffd6,valid,None,unique,TURM_04028,True,
TURM_04029,DATASET/Image Dataset for Turmeric Plant Leaf Disease Detection.zip#Image Dataset for Turmeric Plant Leaf Disease Detection/Original DataSet/Healthy_Leaf/healthy_(165).jpg,Image Dataset for Turmeric Plant Leaf Disease Detection,Healthy_Leaf,Healthy,healthy,leaf,.jpg,4000,3000,RGB,a532de22c415a84f3a7823ac94aecf451b21c45292649703ad5e736bdef4b9db,001c3f0383838fdf,valid,None,unique,TURM_04029,True,
TURM_04030,DATASET/Image Dataset for Turmeric Plant Leaf Disease Detection.zip#Image Dataset for Turmeric Plant Leaf Disease Detection/Original DataSet/Healthy_Leaf/healthy_(166).jpg,Image Dataset for Turmeric Plant Leaf Disease Detection,Healthy_Leaf,Healthy,healthy,leaf,.jpg,4000,3000,RGB,7d9aa4ca3956350040cbaa63940ed17f502ec5944c76a4c9096093e87a55b06d,3e83030d071bb7ed,valid,None,unique,TURM_04030,True,
TURM_04031,DATASET/Image Dataset for Turmeric Plant Leaf Disease Detection.zip#Image Dataset for Turmeric Plant Leaf Disease Detection/Original DataSet/Healthy_Leaf/healthy_(168).jpg,Image Dataset for Turmeric Plant Leaf Disease Detection,Healthy_Leaf,Healthy,healthy,leaf,.jpg,4000,3000,RGB,cf135bf3b8b4d08e97d0414a4e5061087e7bcc41cb06dd23df51f486dbc0b81d,fbfb3f3f0fc6ebea,valid,None,unique,TURM_04031,True,
TURM_04032,DATASET/Image Dataset for Turmeric Plant Leaf Disease Detection.zip#Image Dataset for Turmeric Plant Leaf Disease Detection/Original DataSet/Healthy_Leaf/healthy_(167).jpg,Image Dataset for Turmeric Plant Leaf Disease Detection,Healthy_Leaf,Healthy,healthy,leaf,.jpg,4000,3000,RGB,b96e4fccf04e76a4b6f53fa56b28e9196933c8bcae7775098cea77bd6b149c09,ffffff1f3f1ffefc,valid,None,unique,TURM_04032,True,
TURM_04033,DATASET/Image Dataset for Turmeric Plant Leaf Disease Detection.zip#Image Dataset for Turmeric Plant Leaf Disease Detection/Original DataSet/Healthy_Leaf/healthy_(169).jpg,Image Dataset for Turmeric Plant Leaf Disease Detection,Healthy_Leaf,Healthy,healthy,leaf,.jpg,4000,3000,RGB,19051cc5d4b5b0031763e03295b404edcda2ae17cc6f2c880b1110315fb8d8ec,f9f9f93f1fbdf6fe,valid,None,unique,TURM_04033,True,
TURM_04034,DATASET/Image Dataset for Turmeric Plant Leaf Disease Detection.zip#Image Dataset for Turmeric Plant Leaf Disease Detection/Original DataSet/Healthy_Leaf/healthy_(17).jpg,Image Dataset for Turmeric Plant Leaf Disease Detection,Healthy_Leaf,Healthy,healthy,leaf,.jpg,4000,3000,RGB,a2ed143dcf611ac8a371f0e7bea83cf989095928a50563ff0b6d0bbd874e6a00,c0401c17071f989e,valid,None,unique,TURM_04034,True,
TURM_04035,DATASET/Image Dataset for Turmeric Plant Leaf Disease Detection.zip#Image Dataset for Turmeric Plant Leaf Disease Detection/Original DataSet/Healthy_Leaf/healthy_(170).jpg,Image Dataset for Turmeric Plant Leaf Disease Detection,Healthy_Leaf,Healthy,healthy,leaf,.jpg,4000,3000,RGB,dfb9fd7fdedc9843e33e7e1bc7f2dd5b7699ea32e740407dea507e15671aecca,feffff0f0fc7bf3f,valid,None,unique,TURM_04035,True,
TURM_04036,DATASET/Image Dataset for Turmeric Plant Leaf Disease Detection.zip#Image Dataset for Turmeric Plant Leaf Disease Detection/Original DataSet/Healthy_Leaf/healthy_(171).jpg,Image Dataset for Turmeric Plant Leaf Disease Detection,Healthy_Leaf,Healthy,healthy,leaf,.jpg,4000,3000,RGB,5e30594761ddbd8e5c0e8abdbdaab912c34d8a222cd7cf48664a9d9e90ad9e06,f9f99f1f07efffed,valid,None,unique,TURM_04036,True,
TURM_04037,DATASET/Image Dataset for Turmeric Plant Leaf Disease Detection.zip#Image Dataset for Turmeric Plant Leaf Disease Detection/Original DataSet/Healthy_Leaf/healthy_(172).jpg,Image Dataset for Turmeric Plant Leaf Disease Detection,Healthy_Leaf,Healthy,healthy,leaf,.jpg,4000,3000,RGB,e12e88853611ae6dbeef9f7e671928a25ffbc7e403b6e413c7e916b580d0c8d5,f8f9ff3f1f8ffffe,valid,None,unique,TURM_04037,True,
TURM_04038,DATASET/Image Dataset for Turmeric Plant Leaf Disease Detection.zip#Image Dataset for Turmeric Plant Leaf Disease Detection/Original DataSet/Healthy_Leaf/healthy_(173).jpg,Image Dataset for Turmeric Plant Leaf Disease Detection,Healthy_Leaf,Healthy,healthy,leaf,.jpg,4000,3000,RGB,3bbfc37aa06280cfeac6e56d22a8b0a1f9a38b2f63af9f5164ad31809f8c98ec,80921f0f1f070780,valid,None,unique,TURM_04038,True,
TURM_04039,DATASET/Image Dataset for Turmeric Plant Leaf Disease Detection.zip#Image Dataset for Turmeric Plant Leaf Disease Detection/Original DataSet/Healthy_Leaf/healthy_(174).jpg,Image Dataset for Turmeric Plant Leaf Disease Detection,Healthy_Leaf,Healthy,healthy,leaf,.jpg,4000,3000,RGB,64dbfdafecaaed134c20e93600c15e03642d7e0948a9cc3a6552e18584c05b27,80800607070e0202,valid,None,unique,TURM_04039,True,
TURM_04040,DATASET/Image Dataset for Turmeric Plant Leaf Disease Detection.zip#Image Dataset for Turmeric Plant Leaf Disease Detection/Original DataSet/Healthy_Leaf/healthy_(175).jpg,Image Dataset for Turmeric Plant Leaf Disease Detection,Healthy_Leaf,Healthy,healthy,leaf,.jpg,4000,3000,RGB,a9b38dda19704016cefb426c114bd17c02f40cccaf04813c276f9aacde154be5,000c3f0f07070342,valid,None,unique,TURM_04040,True,
TURM_04041,DATASET/Image Dataset for Turmeric Plant Leaf Disease Detection.zip#Image Dataset for Turmeric Plant Leaf Disease Detection/Original DataSet/Healthy_Leaf/healthy_(176).jpg,Image Dataset for Turmeric Plant Leaf Disease Detection,Healthy_Leaf,Healthy,healthy,leaf,.jpg,4000,3000,RGB,be8d08e380551bd610e04bc939d44891170dd08e9f1660b44677bd3231cecb3a,808007070f070780,valid,None,unique,TURM_04041,True,
TURM_04042,DATASET/Image Dataset for Turmeric Plant Leaf Disease Detection.zip#Image Dataset for Turmeric Plant Leaf Disease Detection/Original DataSet/Healthy_Leaf/healthy_(177).jpg,Image Dataset for Turmeric Plant Leaf Disease Detection,Healthy_Leaf,Healthy,healthy,leaf,.jpg,4000,3000,RGB,8915dac7850bc511ae1ad78113e2c8d63385a742713047ff1a2c83372545b84c,808007070f0d0d0d,valid,None,unique,TURM_04042,True,
TURM_04043,DATASET/Image Dataset for Turmeric Plant Leaf Disease Detection.zip#Image Dataset for Turmeric Plant Leaf Disease Detection/Original DataSet/Healthy_Leaf/healthy_(178).jpg,Image Dataset for Turmeric Plant Leaf Disease Detection,Healthy_Leaf,Healthy,healthy,leaf,.jpg,4000,3000,RGB,28bf82643dc38c2eb1c8f959114cb8da1c3c6f7b271c20c426ff312bbd4cc023,80801f0f0f050000,valid,None,unique,TURM_04043,True,
TURM_04044,DATASET/Image Dataset for Turmeric Plant Leaf Disease Detection.zip#Image Dataset for Turmeric Plant Leaf Disease Detection/Original DataSet/Healthy_Leaf/healthy_(179).jpg,Image Dataset for Turmeric Plant Leaf Disease Detection,Healthy_Leaf,Healthy,healthy,leaf,.jpg,4000,3000,RGB,613f69bb92adba95f3d20697f85e6898a84db36cff5ef9c360f6efc6f374011b,8080130303070000,valid,None,unique,TURM_04044,True,
TURM_04045,DATASET/Image Dataset for Turmeric Plant Leaf Disease Detection.zip#Image Dataset for Turmeric Plant Leaf Disease Detection/Original DataSet/Healthy_Leaf/healthy_(18).jpg,Image Dataset for Turmeric Plant Leaf Disease Detection,Healthy_Leaf,Healthy,healthy,leaf,.jpg,4000,3000,RGB,9ccd3b660cb91a23c441189c30aa731f19950b38302708112184e74269506199,8a0a1f070387e0f0,valid,None,unique,TURM_04045,True,
TURM_04046,DATASET/Image Dataset for Turmeric Plant Leaf Disease Detection.zip#Image Dataset for Turmeric Plant Leaf Disease Detection/Original DataSet/Healthy_Leaf/healthy_(180).jpg,Image Dataset for Turmeric Plant Leaf Disease Detection,Healthy_Leaf,Healthy,healthy,leaf,.jpg,4000,3000,RGB,089c66a4669a07d2e8b0bf10101e2303f18dbfb5c6f66e0e4a365ded1f087946,8080040707060307,valid,None,unique,TURM_04046,True,
TURM_04047,DATASET/Image Dataset for Turmeric Plant Leaf Disease Detection.zip#Image Dataset for Turmeric Plant Leaf Disease Detection/Original DataSet/Healthy_Leaf/healthy_(181).jpg,Image Dataset for Turmeric Plant Leaf Disease Detection,Healthy_Leaf,Healthy,healthy,leaf,.jpg,4000,3000,RGB,3c36558b38f2a417dfc4c87d0965c1d338a4827f12d52bc0bcad64dfcd2776a1,400a1f0f03070707,valid,None,unique,TURM_04047,True,
TURM_04048,DATASET/Image Dataset for Turmeric Plant Leaf Disease Detection.zip#Image Dataset for Turmeric Plant Leaf Disease Detection/Original DataSet/Healthy_Leaf/healthy_(182).jpg,Image Dataset for Turmeric Plant Leaf Disease Detection,Healthy_Leaf,Healthy,healthy,leaf,.jpg,4000,3000,RGB,f1bce603e48aba147e90fa2dfd658119373a33304d086513c2ed20757b28ea75,84840f070701090d,valid,None,unique,TURM_04048,True,
TURM_04049,DATASET/Image Dataset for Turmeric Plant Leaf Disease Detection.zip#Image Dataset for Turmeric Plant Leaf Disease Detection/Original DataSet/Healthy_Leaf/healthy_(183).jpg,Image Dataset for Turmeric Plant Leaf Disease Detection,Healthy_Leaf,Healthy,healthy,leaf,.jpg,4000,3000,RGB,3cd3d064741aa4b7cc8bb71d7585970c844c8b0de65b548aabe328a38d80f4b9,80840f0f0f0f0000,valid,None,unique,TURM_04049,True,
TURM_04050,DATASET/Image Dataset for Turmeric Plant Leaf Disease Detection.zip#Image Dataset for Turmeric Plant Leaf Disease Detection/Original DataSet/Healthy_Leaf/healthy_(184).jpg,Image Dataset for Turmeric Plant Leaf Disease Detection,Healthy_Leaf,Healthy,healthy,leaf,.jpg,4000,3000,RGB,aaa4cc90ac0f45534a91ab980807dac6c3a9a2b8463898ab7dce91719ac8db92,8800080e060e0004,valid,None,unique,TURM_04050,True,
TURM_04051,DATASET/Image Dataset for Turmeric Plant Leaf Disease Detection.zip#Image Dataset for Turmeric Plant Leaf Disease Detection/Original DataSet/Healthy_Leaf/healthy_(185).jpg,Image Dataset for Turmeric Plant Leaf Disease Detection,Healthy_Leaf,Healthy,healthy,leaf,.jpg,4000,3000,RGB,7d328c4d9ab993c8f3f3635c135e32091d2698e005b55caced9f747c8b7d5369,980e0f0f07070703,valid,None,unique,TURM_04051,True,
TURM_04052,DATASET/Image Dataset for Turmeric Plant Leaf Disease Detection.zip#Image Dataset for Turmeric Plant Leaf Disease Detection/Original DataSet/Healthy_Leaf/healthy_(186).jpg,Image Dataset for Turmeric Plant Leaf Disease Detection,Healthy_Leaf,Healthy,healthy,leaf,.jpg,4000,3000,RGB,fb8d83903f3437c0a727526757501efdc48501686c0ab162d586d07da2dd37a2,80800f0f07070200,valid,None,unique,TURM_04052,True,
TURM_04053,DATASET/Image Dataset for Turmeric Plant Leaf Disease Detection.zip#Image Dataset for Turmeric Plant Leaf Disease Detection/Original DataSet/Healthy_Leaf/healthy_(187).jpg,Image Dataset for Turmeric Plant Leaf Disease Detection,Healthy_Leaf,Healthy,healthy,leaf,.jpg,4000,3000,RGB,eb0f59301d3d1663fc414c535c6f85437f293aab702884598238c55dfea6e917,84820d0f0f0f0404,valid,None,unique,TURM_04053,True,
TURM_04054,DATASET/Image Dataset for Turmeric Plant Leaf Disease Detection.zip#Image Dataset for Turmeric Plant Leaf Disease Detection/Original DataSet/Healthy_Leaf/healthy_(188).jpg,Image Dataset for Turmeric Plant Leaf Disease Detection,Healthy_Leaf,Healthy,healthy,leaf,.jpg,4000,3000,RGB,f75cbe2cd44da07cc68eaaebaffb922a1335524c5554862ef4732a048388002c,00080e0f0707040c,valid,None,unique,TURM_04054,True,
TURM_04055,DATASET/Image Dataset for Turmeric Plant Leaf Disease Detection.zip#Image Dataset for Turmeric Plant Leaf Disease Detection/Original DataSet/Healthy_Leaf/healthy_(19).jpg,Image Dataset for Turmeric Plant Leaf Disease Detection,Healthy_Leaf,Healthy,healthy,leaf,.jpg,4000,3000,RGB,46fb766adea91584dc811392137b8de7c6262e36396fcbcfa3557af95f4c4785,a40e0f030f8c8080,valid,None,unique,TURM_04055,True,
TURM_04056,DATASET/Image Dataset for Turmeric Plant Leaf Disease Detection.zip#Image Dataset for Turmeric Plant Leaf Disease Detection/Original DataSet/Healthy_Leaf/healthy_(189).jpg,Image Dataset for Turmeric Plant Leaf Disease Detection,Healthy_Leaf,Healthy,healthy,leaf,.jpg,4000,3000,RGB,fb4957a52f59047853717e801915d1647e5373882742b06d4a5e59931cc494b6,80000c0f030f0400,valid,None,unique,TURM_04056,True,
TURM_04057,DATASET/Image Dataset for Turmeric Plant Leaf Disease Detection.zip#Image Dataset for Turmeric Plant Leaf Disease Detection/Original DataSet/Healthy_Leaf/healthy_(191).jpg,Image Dataset for Turmeric Plant Leaf Disease Detection,Healthy_Leaf,Healthy,healthy,leaf,.jpg,4000,3000,RGB,7dcf8e75e1309424dc4cd790495accd1eb505ebc1c016e94ef4649607e3d52d3,80800f070f070000,valid,None,unique,TURM_04057,True,
TURM_04058,DATASET/Image Dataset for Turmeric Plant Leaf Disease Detection.zip#Image Dataset for Turmeric Plant Leaf Disease Detection/Original DataSet/Healthy_Leaf/healthy_(190).jpg,Image Dataset for Turmeric Plant Leaf Disease Detection,Healthy_Leaf,Healthy,healthy,leaf,.jpg,4000,3000,RGB,a1fbb1976bf7ac49a5e734827096d4321df548e6cf32aae124146c6856513fcf,900e0f0f070787c3,valid,None,unique,TURM_04058,True,
TURM_04059,DATASET/Image Dataset for Turmeric Plant Leaf Disease Detection.zip#Image Dataset for Turmeric Plant Leaf Disease Detection/Original DataSet/Healthy_Leaf/healthy_(192).jpg,Image Dataset for Turmeric Plant Leaf Disease Detection,Healthy_Leaf,Healthy,healthy,leaf,.jpg,4000,3000,RGB,22a4184048ad71d2e56085c82dda3ba291c7865e343de1d1a4eb6a928aa44793,84800f0707060406,valid,None,unique,TURM_04059,True,
TURM_04060,DATASET/Image Dataset for Turmeric Plant Leaf Disease Detection.zip#Image Dataset for Turmeric Plant Leaf Disease Detection/Original DataSet/Healthy_Leaf/healthy_(193).jpg,Image Dataset for Turmeric Plant Leaf Disease Detection,Healthy_Leaf,Healthy,healthy,leaf,.jpg,4000,3000,RGB,5151df9b9f1f0bc231c22746666a07287bfe569accf292b46de5f0e0a9b692a7,808e0f0f07878782,valid,None,unique,TURM_04060,True,
TURM_04061,DATASET/Image Dataset for Turmeric Plant Leaf Disease Detection.zip#Image Dataset for Turmeric Plant Leaf Disease Detection/Original DataSet/Healthy_Leaf/healthy_(194).jpg,Image Dataset for Turmeric Plant Leaf Disease Detection,Healthy_Leaf,Healthy,healthy,leaf,.jpg,4000,3000,RGB,d0873ec2d9aa47d98b2febaf8755464336a90826c481e34cabacfb0f78ca8a04,80000c0f070e0004,valid,None,unique,TURM_04061,True,
TURM_04062,DATASET/Image Dataset for Turmeric Plant Leaf Disease Detection.zip#Image Dataset for Turmeric Plant Leaf Disease Detection/Original DataSet/Healthy_Leaf/healthy_(195).jpg,Image Dataset for Turmeric Plant Leaf Disease Detection,Healthy_Leaf,Healthy,healthy,leaf,.jpg,4000,3000,RGB,56b12b38c828067e470624f550cbf983c92d399afdcac7b97062bad6353734af,080e0f0f07070303,valid,None,unique,TURM_04062,True,
TURM_04063,DATASET/Image Dataset for Turmeric Plant Leaf Disease Detection.zip#Image Dataset for Turmeric Plant Leaf Disease Detection/Original DataSet/Healthy_Leaf/healthy_(196).jpg,Image Dataset for Turmeric Plant Leaf Disease Detection,Healthy_Leaf,Healthy,healthy,leaf,.jpg,4000,3000,RGB,5ff2cd138f135f770119871c1d9aeae2deff632d7ffb397f36baebfdc7a46263,80801e0f0f0e0200,valid,None,unique,TURM_04063,True,
TURM_04064,DATASET/Image Dataset for Turmeric Plant Leaf Disease Detection.zip#Image Dataset for Turmeric Plant Leaf Disease Detection/Original DataSet/Healthy_Leaf/healthy_(197).jpg,Image Dataset for Turmeric Plant Leaf Disease Detection,Healthy_Leaf,Healthy,healthy,leaf,.jpg,4000,3000,RGB,b389683d7cfab5dfd64dc87fed1a40f3e342b5d736e3165431be6db341eaad69,820a0f070f080004,valid,None,unique,TURM_04064,True,
TURM_04065,DATASET/Image Dataset for Turmeric Plant Leaf Disease Detection.zip#Image Dataset for Turmeric Plant Leaf Disease Detection/Original DataSet/Healthy_Leaf/healthy_(198).jpg,Image Dataset for Turmeric Plant Leaf Disease Detection,Healthy_Leaf,Healthy,healthy,leaf,.jpg,4000,3000,RGB,7b71b44e5bde06589820bd49044124b39d1334f39a0e01ae494ce1ff6b04e320,80800f0707070400,valid,None,unique,TURM_04065,True,
TURM_04066,DATASET/Image Dataset for Turmeric Plant Leaf Disease Detection.zip#Image Dataset for Turmeric Plant Leaf Disease Detection/Original DataSet/Healthy_Leaf/healthy_(199).jpg,Image Dataset for Turmeric Plant Leaf Disease Detection,Healthy_Leaf,Healthy,healthy,leaf,.jpg,4000,3000,RGB,d8811f3365cd7e789ce9be6ab0446db8a50d46585c8ab853cadbc3830b1c24b1,00000e070e080808,valid,None,unique,TURM_04066,True,
TURM_04067,DATASET/Image Dataset for Turmeric Plant Leaf Disease Detection.zip#Image Dataset for Turmeric Plant Leaf Disease Detection/Original DataSet/Healthy_Leaf/healthy_(20).jpg,Image Dataset for Turmeric Plant Leaf Disease Detection,Healthy_Leaf,Healthy,healthy,leaf,.jpg,4000,3000,RGB,65927a98a2df3bc0f6c164bd87c83098ad550c312be77a5989d975d50477770d,84043e1f070fe989,valid,None,unique,TURM_04067,True,
TURM_04068,DATASET/Image Dataset for Turmeric Plant Leaf Disease Detection.zip#Image Dataset for Turmeric Plant Leaf Disease Detection/Original DataSet/Healthy_Leaf/healthy_(200).jpg,Image Dataset for Turmeric Plant Leaf Disease Detection,Healthy_Leaf,Healthy,healthy,leaf,.jpg,4000,3000,RGB,8ced1a10286358a5011af848f7dd2e19748fce6933da60aa0d8afcf4c0181659,800e0f0f07070382,valid,None,unique,TURM_04068,True,
TURM_04069,DATASET/Image Dataset for Turmeric Plant Leaf Disease Detection.zip#Image Dataset for Turmeric Plant Leaf Disease Detection/Original DataSet/Healthy_Leaf/healthy_(2).jpg,Image Dataset for Turmeric Plant Leaf Disease Detection,Healthy_Leaf,Healthy,healthy,leaf,.jpg,4000,3000,RGB,f08ae5fce20787b276ae05316982648aabffe469044e4092e6587a7bb00f0304,08080f03070f0303,valid,None,unique,TURM_04069,True,
TURM_04070,DATASET/Image Dataset for Turmeric Plant Leaf Disease Detection.zip#Image Dataset for Turmeric Plant Leaf Disease Detection/Original DataSet/Healthy_Leaf/healthy_(201).jpg,Image Dataset for Turmeric Plant Leaf Disease Detection,Healthy_Leaf,Healthy,healthy,leaf,.jpg,4000,3000,RGB,6a03b2df8235d0b40e358438189bf4da6851368432d6e91671d77f79b1ec24ad,800f0f0f0e070500,valid,None,unique,TURM_04070,True,
TURM_04071,DATASET/Image Dataset for Turmeric Plant Leaf Disease Detection.zip#Image Dataset for Turmeric Plant Leaf Disease Detection/Original DataSet/Healthy_Leaf/healthy_(204).jpg,Image Dataset for Turmeric Plant Leaf Disease Detection,Healthy_Leaf,Healthy,healthy,leaf,.jpg,4000,3000,RGB,d911f0017f530bf9b50dac33ade2611f4b83a261c84b3fddf453576653007f8b,80800e071e0008d8,valid,None,unique,TURM_04071,True,
TURM_04072,DATASET/Image Dataset for Turmeric Plant Leaf Disease Detection.zip#Image Dataset for Turmeric Plant Leaf Disease Detection/Original DataSet/Healthy_Leaf/healthy_(203).jpg,Image Dataset for Turmeric Plant Leaf Disease Detection,Healthy_Leaf,Healthy,healthy,leaf,.jpg,4000,3000,RGB,21d5e0de9e8df1216c3e02ad4563eb7d1a06e4d412e673a442202b42a088ce47,800c1f0707070080,valid,None,unique,TURM_04072,True,
TURM_04073,DATASET/Image Dataset for Turmeric Plant Leaf Disease Detection.zip#Image Dataset for Turmeric Plant Leaf Disease Detection/Original DataSet/Healthy_Leaf/healthy_(202).jpg,Image Dataset for Turmeric Plant Leaf Disease Detection,Healthy_Leaf,Healthy,healthy,leaf,.jpg,4000,3000,RGB,c46b8c3693333ac1b845c77bf54c6c297036652be835eb3a8be911682e24ef9d,00010f070f0e040e,valid,None,unique,TURM_04073,True,
TURM_04074,DATASET/Image Dataset for Turmeric Plant Leaf Disease Detection.zip#Image Dataset for Turmeric Plant Leaf Disease Detection/Original DataSet/Healthy_Leaf/healthy_(205).jpg,Image Dataset for Turmeric Plant Leaf Disease Detection,Healthy_Leaf,Healthy,healthy,leaf,.jpg,4000,3000,RGB,59183d1e156a064143e7198210aea858233c8ed54e0b99b1557920470d52c102,80000e0f1e0008dc,valid,None,unique,TURM_04074,True,
TURM_04075,DATASET/Image Dataset for Turmeric Plant Leaf Disease Detection.zip#Image Dataset for Turmeric Plant Leaf Disease Detection/Original DataSet/Healthy_Leaf/healthy_(206).jpg,Image Dataset for Turmeric Plant Leaf Disease Detection,Healthy_Leaf,Healthy,healthy,leaf,.jpg,4000,3000,RGB,c100d47d4eb93b02902550de81957ec35aab6a1f9f0869dee35404d09d745a3c,500c0f0f070747c6,valid,None,unique,TURM_04075,True,
TURM_04076,DATASET/Image Dataset for Turmeric Plant Leaf Disease Detection.zip#Image Dataset for Turmeric Plant Leaf Disease Detection/Original DataSet/Healthy_Leaf/healthy_(207).jpg,Image Dataset for Turmeric Plant Leaf Disease Detection,Healthy_Leaf,Healthy,healthy,leaf,.jpg,4000,3000,RGB,5e4ad2213455f74acacc52fb2d4609677e6a9398b4d983bd6ab5d90a0daaa014,80801f030f050080,valid,None,unique,TURM_04076,True,
TURM_04077,DATASET/Image Dataset for Turmeric Plant Leaf Disease Detection.zip#Image Dataset for Turmeric Plant Leaf Disease Detection/Original DataSet/Healthy_Leaf/healthy_(210).jpg,Image Dataset for Turmeric Plant Leaf Disease Detection,Healthy_Leaf,Healthy,healthy,leaf,.jpg,4000,3000,RGB,6203eb52e339bfe8e4a44f9ad9108677e97dedb635df445e16f8b603de0c48b9,80000c0e1e180000,valid,None,unique,TURM_04077,True,
TURM_04078,DATASET/Image Dataset for Turmeric Plant Leaf Disease Detection.zip#Image Dataset for Turmeric Plant Leaf Disease Detection/Original DataSet/Healthy_Leaf/healthy_(209).jpg,Image Dataset for Turmeric Plant Leaf Disease Detection,Healthy_Leaf,Healthy,healthy,leaf,.jpg,4000,3000,RGB,96ad5ea1f2a7de00a35690c45782ac1a991afbe69b31743f1f41bc79177c84e8,80880f0f0f070480,valid,None,unique,TURM_04078,True,
TURM_04079,DATASET/Image Dataset for Turmeric Plant Leaf Disease Detection.zip#Image Dataset for Turmeric Plant Leaf Disease Detection/Original DataSet/Healthy_Leaf/healthy_(208).jpg,Image Dataset for Turmeric Plant Leaf Disease Detection,Healthy_Leaf,Healthy,healthy,leaf,.jpg,4000,3000,RGB,f7eefee9b5b02ca0d4925fbc154f1c16eecf368830c2bee127f92644606e1e1e,80000f070f0f010d,valid,None,unique,TURM_04079,True,
TURM_04080,DATASET/Image Dataset for Turmeric Plant Leaf Disease Detection.zip#Image Dataset for Turmeric Plant Leaf Disease Detection/Original DataSet/Healthy_Leaf/healthy_(21).jpg,Image Dataset for Turmeric Plant Leaf Disease Detection,Healthy_Leaf,Healthy,healthy,leaf,.jpg,4000,3000,RGB,5c21a12d41438d4e22da5681c8d015b68e70aea4169bfcd09fadec98227cbaf5,ac2f070307080808,valid,None,unique,TURM_04080,True,
TURM_04081,DATASET/Image Dataset for Turmeric Plant Leaf Disease Detection.zip#Image Dataset for Turmeric Plant Leaf Disease Detection/Original DataSet/Healthy_Leaf/healthy_(211).jpg,Image Dataset for Turmeric Plant Leaf Disease Detection,Healthy_Leaf,Healthy,healthy,leaf,.jpg,4000,3000,RGB,53ec0fe670631e3687b596fa0c0d867b6ea38c1c8fa7928af6e5ecec4a3f1687,d00c0f0f070787e3,valid,None,unique,TURM_04081,True,
TURM_04082,DATASET/Image Dataset for Turmeric Plant Leaf Disease Detection.zip#Image Dataset for Turmeric Plant Leaf Disease Detection/Original DataSet/Healthy_Leaf/healthy_(213).jpg,Image Dataset for Turmeric Plant Leaf Disease Detection,Healthy_Leaf,Healthy,healthy,leaf,.jpg,4000,3000,RGB,eb5b39033228fd5385d44faf25ee4a39856b073456d873e160118d5ea218806f,80020707070f090c,valid,None,unique,TURM_04082,True,
TURM_04083,DATASET/Image Dataset for Turmeric Plant Leaf Disease Detection.zip#Image Dataset for Turmeric Plant Leaf Disease Detection/Original DataSet/Healthy_Leaf/healthy_(212).jpg,Image Dataset for Turmeric Plant Leaf Disease Detection,Healthy_Leaf,Healthy,healthy,leaf,.jpg,4000,3000,RGB,7300df35951e4e4f38978655c243af722645af812fdcfb06f70c723b3aa9a91f,808007070f070404,valid,None,unique,TURM_04083,True,
TURM_04084,DATASET/Image Dataset for Turmeric Plant Leaf Disease Detection.zip#Image Dataset for Turmeric Plant Leaf Disease Detection/Original DataSet/Healthy_Leaf/healthy_(22).jpg,Image Dataset for Turmeric Plant Leaf Disease Detection,Healthy_Leaf,Healthy,healthy,leaf,.jpg,4000,3000,RGB,8e46e935fd2707e60b73420609ada90a46c1aafef776b0c9841256e6b49ef308,c8081c0f03030010,valid,None,unique,TURM_04084,True,
TURM_04085,DATASET/Image Dataset for Turmeric Plant Leaf Disease Detection.zip#Image Dataset for Turmeric Plant Leaf Disease Detection/Original DataSet/Healthy_Leaf/healthy_(24).jpg,Image Dataset for Turmeric Plant Leaf Disease Detection,Healthy_Leaf,Healthy,healthy,leaf,.jpg,4000,3000,RGB,6fe2ef08a378ce30d2d10ca42a31863e04d399d8091472060178e475c3861576,a40c1f070f040404,valid,None,unique,TURM_04085,True,
TURM_04086,DATASET/Image Dataset for Turmeric Plant Leaf Disease Detection.zip#Image Dataset for Turmeric Plant Leaf Disease Detection/Original DataSet/Healthy_Leaf/healthy_(23).jpg,Image Dataset for Turmeric Plant Leaf Disease Detection,Healthy_Leaf,Healthy,healthy,leaf,.jpg,4000,3000,RGB,cffaad842758d74115460894985f9cb8a38f33469d4539c0a7454e1da523d6ab,0a1b1f0f03030100,valid,None,unique,TURM_04086,True,
TURM_04087,DATASET/Image Dataset for Turmeric Plant Leaf Disease Detection.zip#Image Dataset for Turmeric Plant Leaf Disease Detection/Original DataSet/Healthy_Leaf/healthy_(25).jpg,Image Dataset for Turmeric Plant Leaf Disease Detection,Healthy_Leaf,Healthy,healthy,leaf,.jpg,4000,3000,RGB,8e756bf3f40cc8e216d25eee7f24038e09e0c2774eb7bde03cb34ecdbe5c6f7c,96140717070f0480,valid,None,unique,TURM_04087,True,
TURM_04088,DATASET/Image Dataset for Turmeric Plant Leaf Disease Detection.zip#Image Dataset for Turmeric Plant Leaf Disease Detection/Original DataSet/Healthy_Leaf/healthy_(27).jpg,Image Dataset for Turmeric Plant Leaf Disease Detection,Healthy_Leaf,Healthy,healthy,leaf,.jpg,4000,3000,RGB,57c665e7e0b493477c45d01e0fde6cd8ead863030e3ce25235ba91845a41b2fb,c8480e1f031f1e10,valid,None,unique,TURM_04088,True,
TURM_04089,DATASET/Image Dataset for Turmeric Plant Leaf Disease Detection.zip#Image Dataset for Turmeric Plant Leaf Disease Detection/Original DataSet/Healthy_Leaf/healthy_(26).jpg,Image Dataset for Turmeric Plant Leaf Disease Detection,Healthy_Leaf,Healthy,healthy,leaf,.jpg,4000,3000,RGB,43f46a61c0c3c1535ae84232fcce131b126db132cedece5d182e15a370f85f82,26270707070e0808,valid,None,unique,TURM_04089,True,
TURM_04090,DATASET/Image Dataset for Turmeric Plant Leaf Disease Detection.zip#Image Dataset for Turmeric Plant Leaf Disease Detection/Original DataSet/Healthy_Leaf/healthy_(28).jpg,Image Dataset for Turmeric Plant Leaf Disease Detection,Healthy_Leaf,Healthy,healthy,leaf,.jpg,4000,3000,RGB,92366457c6767e9d4209cd56dd7dac18c28c4bb4a001ea261a062d7b8ce0579b,1203071707070700,valid,None,unique,TURM_04090,True,
TURM_04091,DATASET/Image Dataset for Turmeric Plant Leaf Disease Detection.zip#Image Dataset for Turmeric Plant Leaf Disease Detection/Original DataSet/Healthy_Leaf/healthy_(29).jpg,Image Dataset for Turmeric Plant Leaf Disease Detection,Healthy_Leaf,Healthy,healthy,leaf,.jpg,4000,3000,RGB,32951e510541c778a7d3b5e3276350f5bf12fa2ddc838f98ab57e45305a9b03e,a40b0f0f0f040000,valid,None,unique,TURM_04091,True,
TURM_04092,DATASET/Image Dataset for Turmeric Plant Leaf Disease Detection.zip#Image Dataset for Turmeric Plant Leaf Disease Detection/Original DataSet/Healthy_Leaf/healthy_(30).jpg,Image Dataset for Turmeric Plant Leaf Disease Detection,Healthy_Leaf,Healthy,healthy,leaf,.jpg,4000,3000,RGB,dd6c3df837cebc7b5e88b6565bbead0b47aba4d6a31b2ea275a15acb476263be,ac2a0f0f0f0f0800,valid,None,unique,TURM_04092,True,
TURM_04093,DATASET/Image Dataset for Turmeric Plant Leaf Disease Detection.zip#Image Dataset for Turmeric Plant Leaf Disease Detection/Original DataSet/Healthy_Leaf/healthy_(31).jpg,Image Dataset for Turmeric Plant Leaf Disease Detection,Healthy_Leaf,Healthy,healthy,leaf,.jpg,4000,3000,RGB,e170f384693e292aa08533d67c17e921c4cd0bff277f4a5086586ff6c9df6046,a80e0f0703090908,valid,None,unique,TURM_04093,True,
TURM_04094,DATASET/Image Dataset for Turmeric Plant Leaf Disease Detection.zip#Image Dataset for Turmeric Plant Leaf Disease Detection/Original DataSet/Healthy_Leaf/healthy_(3).jpg,Image Dataset for Turmeric Plant Leaf Disease Detection,Healthy_Leaf,Healthy,healthy,leaf,.jpg,4000,3000,RGB,12598557825366cf5d6786d17f882def19f1b3487e84dce7acc17d236c6062ea,120f0747078773b1,valid,None,unique,TURM_04094,True,
TURM_04095,DATASET/Image Dataset for Turmeric Plant Leaf Disease Detection.zip#Image Dataset for Turmeric Plant Leaf Disease Detection/Original DataSet/Healthy_Leaf/healthy_(32).jpg,Image Dataset for Turmeric Plant Leaf Disease Detection,Healthy_Leaf,Healthy,healthy,leaf,.jpg,4000,3000,RGB,60d0c0ed4a8ef1c0d324ff1c2ab79969b582ee8bff80b95db7a908430d86b750,c0c0130b04171111,valid,None,unique,TURM_04095,True,
TURM_04096,DATASET/Image Dataset for Turmeric Plant Leaf Disease Detection.zip#Image Dataset for Turmeric Plant Leaf Disease Detection/Original DataSet/Healthy_Leaf/healthy_(33).jpg,Image Dataset for Turmeric Plant Leaf Disease Detection,Healthy_Leaf,Healthy,healthy,leaf,.jpg,4000,3000,RGB,fa9423f931838f2f37855fb0483b436cd62b1a0b41c3d793c1fb268fe7f2d05c,0a0b1f0707878280,valid,None,unique,TURM_04096,True,
TURM_04097,DATASET/Image Dataset for Turmeric Plant Leaf Disease Detection.zip#Image Dataset for Turmeric Plant Leaf Disease Detection/Original DataSet/Healthy_Leaf/healthy_(34).jpg,Image Dataset for Turmeric Plant Leaf Disease Detection,Healthy_Leaf,Healthy,healthy,leaf,.jpg,4000,3000,RGB,5e5dfc3402393e15f186e8ad820d2867572a7ad796e6f2adfae9ce453d0553d6,a4270f1f0f040404,valid,None,unique,TURM_04097,True,
TURM_04098,DATASET/Image Dataset for Turmeric Plant Leaf Disease Detection.zip#Image Dataset for Turmeric Plant Leaf Disease Detection/Original DataSet/Healthy_Leaf/healthy_(36).jpg,Image Dataset for Turmeric Plant Leaf Disease Detection,Healthy_Leaf,Healthy,healthy,leaf,.jpg,4000,3000,RGB,791053696efcc85a7d06627be9dd3993ca4765ef5ec81f054f867e3acd343d35,a88e0f030f0d0908,valid,None,unique,TURM_04098,True,
TURM_04099,DATASET/Image Dataset for Turmeric Plant Leaf Disease Detection.zip#Image Dataset for Turmeric Plant Leaf Disease Detection/Original DataSet/Healthy_Leaf/healthy_(35).jpg,Image Dataset for Turmeric Plant Leaf Disease Detection,Healthy_Leaf,Healthy,healthy,leaf,.jpg,4000,3000,RGB,9051f2084dfb66577e646a8702b0c1aaf7f8a9cc54a364c2ad39bd4b2ddec3f0,84040707070f0101,valid,None,unique,TURM_04099,True,
TURM_04100,DATASET/Image Dataset for Turmeric Plant Leaf Disease Detection.zip#Image Dataset for Turmeric Plant Leaf Disease Detection/Original DataSet/Healthy_Leaf/healthy_(37).jpg,Image Dataset for Turmeric Plant Leaf Disease Detection,Healthy_Leaf,Healthy,healthy,leaf,.jpg,4000,3000,RGB,3133f686306cf084a7ce72d93e70bc7038e5526a481242e06195788de848a3d9,88080f070f3e080c,valid,None,unique,TURM_04100,True,
TURM_04101,DATASET/Image Dataset for Turmeric Plant Leaf Disease Detection.zip#Image Dataset for Turmeric Plant Leaf Disease Detection/Original DataSet/Healthy_Leaf/healthy_(38).jpg,Image Dataset for Turmeric Plant Leaf Disease Detection,Healthy_Leaf,Healthy,healthy,leaf,.jpg,4000,3000,RGB,ae92ee8f30815ff5e7b4ca4e8446498c607592a6f6f2c7390e957f54fe7bf44b,8a0b0f0f070f0600,valid,None,unique,TURM_04101,True,
TURM_04102,DATASET/Image Dataset for Turmeric Plant Leaf Disease Detection.zip#Image Dataset for Turmeric Plant Leaf Disease Detection/Original DataSet/Healthy_Leaf/healthy_(39).jpg,Image Dataset for Turmeric Plant Leaf Disease Detection,Healthy_Leaf,Healthy,healthy,leaf,.jpg,4000,3000,RGB,e4769761accb165aa6621fee50568b15904f408015a0421584ed363f2250f5d0,d494071f1f140404,valid,None,unique,TURM_04102,True,
TURM_04103,DATASET/Image Dataset for Turmeric Plant Leaf Disease Detection.zip#Image Dataset for Turmeric Plant Leaf Disease Detection/Original DataSet/Healthy_Leaf/healthy_(40).jpg,Image Dataset for Turmeric Plant Leaf Disease Detection,Healthy_Leaf,Healthy,healthy,leaf,.jpg,4000,3000,RGB,21edb823e283edfaf5667127d767de22855b922f25ff841b9b4be629fddf7c66,a4840407071f0900,valid,None,unique,TURM_04103,True,
TURM_04104,DATASET/Image Dataset for Turmeric Plant Leaf Disease Detection.zip#Image Dataset for Turmeric Plant Leaf Disease Detection/Original DataSet/Healthy_Leaf/healthy_(4).jpg,Image Dataset for Turmeric Plant Leaf Disease Detection,Healthy_Leaf,Healthy,healthy,leaf,.jpg,4000,3000,RGB,ab5eba9cb2b657c98dd29dfd474bcbf4a527e27be2629156b0fd1ebf62462bdb,a40e0f230f8e0400,valid,None,unique,TURM_04104,True,
TURM_04105,DATASET/Image Dataset for Turmeric Plant Leaf Disease Detection.zip#Image Dataset for Turmeric Plant Leaf Disease Detection/Original DataSet/Healthy_Leaf/healthy_(41).jpg,Image Dataset for Turmeric Plant Leaf Disease Detection,Healthy_Leaf,Healthy,healthy,leaf,.jpg,4000,3000,RGB,b6573cf3454ba91776279ef47ee78286d3282e4d59e77860877ca73a5d50216d,a4861f0f07070808,valid,None,unique,TURM_04105,True,
TURM_04106,DATASET/Image Dataset for Turmeric Plant Leaf Disease Detection.zip#Image Dataset for Turmeric Plant Leaf Disease Detection/Original DataSet/Healthy_Leaf/healthy_(42).jpg,Image Dataset for Turmeric Plant Leaf Disease Detection,Healthy_Leaf,Healthy,healthy,leaf,.jpg,4000,3000,RGB,b033815b5a24f74f373974214c10bcdbb8cbdccf8a7eeeac01588adc692e7e67,e4ae0f07070e0808,valid,None,unique,TURM_04106,True,
TURM_04107,DATASET/Image Dataset for Turmeric Plant Leaf Disease Detection.zip#Image Dataset for Turmeric Plant Leaf Disease Detection/Original DataSet/Healthy_Leaf/healthy_(43).jpg,Image Dataset for Turmeric Plant Leaf Disease Detection,Healthy_Leaf,Healthy,healthy,leaf,.jpg,4000,3000,RGB,43adffe4df7f9591a3624f52b60d9e7c4e392b741bfb4b1c6e42aa4c524b5ac8,92031f0703070400,valid,None,unique,TURM_04107,True,
TURM_04108,DATASET/Image Dataset for Turmeric Plant Leaf Disease Detection.zip#Image Dataset for Turmeric Plant Leaf Disease Detection/Original DataSet/Healthy_Leaf/healthy_(44).jpg,Image Dataset for Turmeric Plant Leaf Disease Detection,Healthy_Leaf,Healthy,healthy,leaf,.jpg,4000,3000,RGB,2d4fe7b225fc166e456e5ddf36764fa1f4e0fd76313805bd549a3eaadbd76b6b,c8c81c0f070f0082,valid,None,unique,TURM_04108,True,
TURM_04109,DATASET/Image Dataset for Turmeric Plant Leaf Disease Detection.zip#Image Dataset for Turmeric Plant Leaf Disease Detection/Original DataSet/Healthy_Leaf/healthy_(45).jpg,Image Dataset for Turmeric Plant Leaf Disease Detection,Healthy_Leaf,Healthy,healthy,leaf,.jpg,4000,3000,RGB,d3e978bf533938c1073fa91956678bbb1eea90e90f6d258f099b69c04cd3655c,a4240c0f070f0808,valid,None,unique,TURM_04109,True,
TURM_04110,DATASET/Image Dataset for Turmeric Plant Leaf Disease Detection.zip#Image Dataset for Turmeric Plant Leaf Disease Detection/Original DataSet/Healthy_Leaf/healthy_(46).jpg,Image Dataset for Turmeric Plant Leaf Disease Detection,Healthy_Leaf,Healthy,healthy,leaf,.jpg,4000,3000,RGB,56b38767971f7042ac943f6947ec258962bd09796c5027eb15f25396336d8c71,a427170b070f0808,valid,None,unique,TURM_04110,True,
TURM_04111,DATASET/Image Dataset for Turmeric Plant Leaf Disease Detection.zip#Image Dataset for Turmeric Plant Leaf Disease Detection/Original DataSet/Healthy_Leaf/healthy_(47).jpg,Image Dataset for Turmeric Plant Leaf Disease Detection,Healthy_Leaf,Healthy,healthy,leaf,.jpg,4000,3000,RGB,e3c06f0b0c0f8e9cfe3e43c85e1c9627f827614114ad6a43cd3439460ddbd819,c80c2f2703130712,valid,None,unique,TURM_04111,True,
TURM_04112,DATASET/Image Dataset for Turmeric Plant Leaf Disease Detection.zip#Image Dataset for Turmeric Plant Leaf Disease Detection/Original DataSet/Healthy_Leaf/healthy_(49).jpg,Image Dataset for Turmeric Plant Leaf Disease Detection,Healthy_Leaf,Healthy,healthy,leaf,.jpg,4000,3000,RGB,b83d909adb4893f60173e2d2bc85e9d22b00eedca807bb3a56a8e61ce39e833a,a607110d0f070000,valid,None,unique,TURM_04112,True,
TURM_04113,DATASET/Image Dataset for Turmeric Plant Leaf Disease Detection.zip#Image Dataset for Turmeric Plant Leaf Disease Detection/Original DataSet/Healthy_Leaf/healthy_(5).jpg,Image Dataset for Turmeric Plant Leaf Disease Detection,Healthy_Leaf,Healthy,healthy,leaf,.jpg,4000,3000,RGB,f083c46db390275cefce1372102a93924b1a95f46edd938165ad0d3fb8488db0,84850f0f070f0909,valid,None,unique,TURM_04113,True,
TURM_04114,DATASET/Image Dataset for Turmeric Plant Leaf Disease Detection.zip#Image Dataset for Turmeric Plant Leaf Disease Detection/Original DataSet/Healthy_Leaf/healthy_(48).jpg,Image Dataset for Turmeric Plant Leaf Disease Detection,Healthy_Leaf,Healthy,healthy,leaf,.jpg,4000,3000,RGB,ef4e355a9fb1d779acdf29622ec6b9b1a86917250f91fa1f64e7e63bba8980cb,921f0f0305070704,valid,None,unique,TURM_04114,True,
TURM_04115,DATASET/Image Dataset for Turmeric Plant Leaf Disease Detection.zip#Image Dataset for Turmeric Plant Leaf Disease Detection/Original DataSet/Healthy_Leaf/healthy_(50).jpg,Image Dataset for Turmeric Plant Leaf Disease Detection,Healthy_Leaf,Healthy,healthy,leaf,.jpg,4000,3000,RGB,4dd89fc736c92317ffbe01d3e14bdf6b2ad7035abfb89e6fdf2fe86422799444,a4840713030f0404,valid,None,unique,TURM_04115,True,
TURM_04116,DATASET/Image Dataset for Turmeric Plant Leaf Disease Detection.zip#Image Dataset for Turmeric Plant Leaf Disease Detection/Original DataSet/Healthy_Leaf/healthy_(51).jpg,Image Dataset for Turmeric Plant Leaf Disease Detection,Healthy_Leaf,Healthy,healthy,leaf,.jpg,4000,3000,RGB,964fa82a7dd770c22904358a23f33b786797361a74d0116e0937a3c374bb8a48,bfef373f1f3fdfff,valid,None,unique,TURM_04116,True,
TURM_04117,DATASET/Image Dataset for Turmeric Plant Leaf Disease Detection.zip#Image Dataset for Turmeric Plant Leaf Disease Detection/Original DataSet/Healthy_Leaf/healthy_(52).jpg,Image Dataset for Turmeric Plant Leaf Disease Detection,Healthy_Leaf,Healthy,healthy,leaf,.jpg,4000,3000,RGB,a0e503e47f6aa59901231a5ad4dfa1861e2b0877ca47fa94af124ecf23f5d049,fffeef0f1f1ffef2,valid,None,unique,TURM_04117,True,
TURM_04118,DATASET/Image Dataset for Turmeric Plant Leaf Disease Detection.zip#Image Dataset for Turmeric Plant Leaf Disease Detection/Original DataSet/Healthy_Leaf/healthy_(53).jpg,Image Dataset for Turmeric Plant Leaf Disease Detection,Healthy_Leaf,Healthy,healthy,leaf,.jpg,4000,3000,RGB,d0144525b86430b395b503cbe7b73cb317ea2504a8ca09b403ffdbf0a9233826,0083871f0f8fef7f,valid,None,unique,TURM_04118,True,
TURM_04119,DATASET/Image Dataset for Turmeric Plant Leaf Disease Detection.zip#Image Dataset for Turmeric Plant Leaf Disease Detection/Original DataSet/Healthy_Leaf/healthy_(54).jpg,Image Dataset for Turmeric Plant Leaf Disease Detection,Healthy_Leaf,Healthy,healthy,leaf,.jpg,4000,3000,RGB,203f62388236489f6b40fb013e3b638d8abf1f04ea6bfa1d6c2200980da2d965,9fcf07070fdbffb6,valid,None,unique,TURM_04119,True,
TURM_04120,DATASET/Image Dataset for Turmeric Plant Leaf Disease Detection.zip#Image Dataset for Turmeric Plant Leaf Disease Detection/Original DataSet/Healthy_Leaf/healthy_(55).jpg,Image Dataset for Turmeric Plant Leaf Disease Detection,Healthy_Leaf,Healthy,healthy,leaf,.jpg,4000,3000,RGB,26458b362ac8521bf4c4a9b5f2483b9d9f850c8eab309be4bd0cbd9ff0d5243b,f3f7870f0f9f1f8f,valid,None,unique,TURM_04120,True,
TURM_04121,DATASET/Image Dataset for Turmeric Plant Leaf Disease Detection.zip#Image Dataset for Turmeric Plant Leaf Disease Detection/Original DataSet/Healthy_Leaf/healthy_(56).jpg,Image Dataset for Turmeric Plant Leaf Disease Detection,Healthy_Leaf,Healthy,healthy,leaf,.jpg,4000,3000,RGB,e9a5fabb80e078cc3f0b07ef04f62552f18f116861d1b340c005412e5ef95534,bef7071f0f0f3fff,valid,None,unique,TURM_04121,True,
TURM_04122,DATASET/Image Dataset for Turmeric Plant Leaf Disease Detection.zip#Image Dataset for Turmeric Plant Leaf Disease Detection/Original DataSet/Healthy_Leaf/healthy_(58).jpg,Image Dataset for Turmeric Plant Leaf Disease Detection,Healthy_Leaf,Healthy,healthy,leaf,.jpg,4000,3000,RGB,caec246c2a1ed3565df27b6d7e6ebcc912915ec0ef26c8b70cb5ea72bb8e8bdf,01010f1b0b07efdf,valid,None,unique,TURM_04122,True,
TURM_04123,DATASET/Image Dataset for Turmeric Plant Leaf Disease Detection.zip#Image Dataset for Turmeric Plant Leaf Disease Detection/Original DataSet/Healthy_Leaf/healthy_(57).jpg,Image Dataset for Turmeric Plant Leaf Disease Detection,Healthy_Leaf,Healthy,healthy,leaf,.jpg,4000,3000,RGB,c5e854f61daece79ce800db4d1bacbc8beab0c7143f888e33f597abeca4b01ac,fefe1f171f3fbfc0,valid,None,unique,TURM_04123,True,
TURM_04124,DATASET/Image Dataset for Turmeric Plant Leaf Disease Detection.zip#Image Dataset for Turmeric Plant Leaf Disease Detection/Original DataSet/Healthy_Leaf/healthy_(6).jpg,Image Dataset for Turmeric Plant Leaf Disease Detection,Healthy_Leaf,Healthy,healthy,leaf,.jpg,4000,3000,RGB,3f42c0807be000c465c87ad7197329cfdad2cafa47e559ba07c860651a8c400d,a48e0f0787ad0908,valid,None,unique,TURM_04124,True,
TURM_04125,DATASET/Image Dataset for Turmeric Plant Leaf Disease Detection.zip#Image Dataset for Turmeric Plant Leaf Disease Detection/Original DataSet/Healthy_Leaf/healthy_(59).jpg,Image Dataset for Turmeric Plant Leaf Disease Detection,Healthy_Leaf,Healthy,healthy,leaf,.jpg,4000,3000,RGB,956e8dd39793dfe8fac396bffbf6c1b1163f67f7351c9d01a7bc006af6182471,ffcf0f070f9fbff7,valid,None,unique,TURM_04125,True,
TURM_04126,DATASET/Image Dataset for Turmeric Plant Leaf Disease Detection.zip#Image Dataset for Turmeric Plant Leaf Disease Detection/Original DataSet/Healthy_Leaf/healthy_(60).jpg,Image Dataset for Turmeric Plant Leaf Disease Detection,Healthy_Leaf,Healthy,healthy,leaf,.jpg,4000,3000,RGB,532450abf7734dad4db519b57ef419a26242aeefd1c64e595dd9bf4c9ee4cfe8,f7ef0f0f1f1fbf87,valid,None,unique,TURM_04126,True,
TURM_04127,DATASET/Image Dataset for Turmeric Plant Leaf Disease Detection.zip#Image Dataset for Turmeric Plant Leaf Disease Detection/Original DataSet/Healthy_Leaf/healthy_(61).jpg,Image Dataset for Turmeric Plant Leaf Disease Detection,Healthy_Leaf,Healthy,healthy,leaf,.jpg,4000,3000,RGB,4e7a5fb532a9f2de9b01ba422a1d03863091a880e037c3a1c38b93bc40862c3b,bfdf0f3f1fdfbfff,valid,None,unique,TURM_04127,True,
TURM_04128,DATASET/Image Dataset for Turmeric Plant Leaf Disease Detection.zip#Image Dataset for Turmeric Plant Leaf Disease Detection/Original DataSet/Healthy_Leaf/healthy_(64).jpg,Image Dataset for Turmeric Plant Leaf Disease Detection,Healthy_Leaf,Healthy,healthy,leaf,.jpg,4000,3000,RGB,242dbfda85b8f159086db3cca57cd9ab8c65fec934ccb51a1f7d02ed8a63c7b9,ffcf0f1f0fe7f7fe,valid,None,unique,TURM_04128,True,
TURM_04129,DATASET/Image Dataset for Turmeric Plant Leaf Disease Detection.zip#Image Dataset for Turmeric Plant Leaf Disease Detection/Original DataSet/Healthy_Leaf/healthy_(63).jpg,Image Dataset for Turmeric Plant Leaf Disease Detection,Healthy_Leaf,Healthy,healthy,leaf,.jpg,4000,3000,RGB,15149af2cfbafc0d4ffb76a79565cb0264c18d5cdcb1955f78596abcf4452ccf,00820f3f07c3dfdf,valid,None,unique,TURM_04129,True,
TURM_04130,DATASET/Image Dataset for Turmeric Plant Leaf Disease Detection.zip#Image Dataset for Turmeric Plant Leaf Disease Detection/Original DataSet/Healthy_Leaf/healthy_(62).jpg,Image Dataset for Turmeric Plant Leaf Disease Detection,Healthy_Leaf,Healthy,healthy,leaf,.jpg,4000,3000,RGB,6af419e5e2ad11a3bf09b09a1259f0f740bc8ded1b26ac4c6c3156dce3023a7d,ffff8f0f370fcfee,valid,None,unique,TURM_04130,True,
TURM_04131,DATASET/Image Dataset for Turmeric Plant Leaf Disease Detection.zip#Image Dataset for Turmeric Plant Leaf Disease Detection/Original DataSet/Healthy_Leaf/healthy_(65).jpg,Image Dataset for Turmeric Plant Leaf Disease Detection,Healthy_Leaf,Healthy,healthy,leaf,.jpg,4000,3000,RGB,49794f01b400988a0c03cd3a1299e17bb623dff1cb508d07ed68b21181c7e0ea,9ff78f0f0f0fefbf,valid,None,unique,TURM_04131,True,
TURM_04132,DATASET/Image Dataset for Turmeric Plant Leaf Disease Detection.zip#Image Dataset for Turmeric Plant Leaf Disease Detection/Original DataSet/Healthy_Leaf/healthy_(66).jpg,Image Dataset for Turmeric Plant Leaf Disease Detection,Healthy_Leaf,Healthy,healthy,leaf,.jpg,4000,3000,RGB,7222b4d0c1ed1e6179b7a1813648c8351889e782898ce92fc1886260a2343b0d,bfef1f771f1fecee,valid,None,unique,TURM_04132,True,
TURM_04133,DATASET/Image Dataset for Turmeric Plant Leaf Disease Detection.zip#Image Dataset for Turmeric Plant Leaf Disease Detection/Original DataSet/Healthy_Leaf/healthy_(69).jpg,Image Dataset for Turmeric Plant Leaf Disease Detection,Healthy_Leaf,Healthy,healthy,leaf,.jpg,4000,3000,RGB,bc0f48a36a2da56bc1a970c80bae2a635aa35178b8f853cddae3ca15114e3f45,bfc7070707f1f6f6,valid,None,unique,TURM_04133,True,
TURM_04134,DATASET/Image Dataset for Turmeric Plant Leaf Disease Detection.zip#Image Dataset for Turmeric Plant Leaf Disease Detection/Original DataSet/Healthy_Leaf/healthy_(67).jpg,Image Dataset for Turmeric Plant Leaf Disease Detection,Healthy_Leaf,Healthy,healthy,leaf,.jpg,4000,3000,RGB,36179f0859af58efa6c486c3ff76bd70c5096e0dc46740c657cc8b329cae1e9d,fefe8f1f0b07cef0,valid,None,unique,TURM_04134,True,
TURM_04135,DATASET/Image Dataset for Turmeric Plant Leaf Disease Detection.zip#Image Dataset for Turmeric Plant Leaf Disease Detection/Original DataSet/Healthy_Leaf/healthy_(68).jpg,Image Dataset for Turmeric Plant Leaf Disease Detection,Healthy_Leaf,Healthy,healthy,leaf,.jpg,4000,3000,RGB,e39d5fde583a389698d50942dcdc6564874a4349460d431079a308920e96c7c5,000287170787efff,valid,None,unique,TURM_04135,True,
TURM_04136,DATASET/Image Dataset for Turmeric Plant Leaf Disease Detection.zip#Image Dataset for Turmeric Plant Leaf Disease Detection/Original DataSet/Healthy_Leaf/healthy_(7).jpg,Image Dataset for Turmeric Plant Leaf Disease Detection,Healthy_Leaf,Healthy,healthy,leaf,.jpg,4000,3000,RGB,9cd5754ef9a1d8ca907509d43220b040722f21fed52b21b9c8bae2bcf35c6a68,08081e0f0f1f0703,valid,None,unique,TURM_04136,True,
TURM_04137,DATASET/Image Dataset for Turmeric Plant Leaf Disease Detection.zip#Image Dataset for Turmeric Plant Leaf Disease Detection/Original DataSet/Healthy_Leaf/healthy_(70).jpg,Image Dataset for Turmeric Plant Leaf Disease Detection,Healthy_Leaf,Healthy,healthy,leaf,.jpg,4000,3000,RGB,0db014f91dc88a3410f46f711b9a259569cc4ba7992a0eb7b00984233551ec61,f7f7c70f078fffa7,valid,None,unique,TURM_04137,True,
TURM_04138,DATASET/Image Dataset for Turmeric Plant Leaf Disease Detection.zip#Image Dataset for Turmeric Plant Leaf Disease Detection/Original DataSet/Healthy_Leaf/healthy_(71).jpg,Image Dataset for Turmeric Plant Leaf Disease Detection,Healthy_Leaf,Healthy,healthy,leaf,.jpg,4000,3000,RGB,6f652ab3c72c6bd91a25ccfeda3f42da4f674f930e0e52ab1fa9faeb66424bc0,fe1f3f370fcfeff6,valid,None,unique,TURM_04138,True,
TURM_04139,DATASET/Image Dataset for Turmeric Plant Leaf Disease Detection.zip#Image Dataset for Turmeric Plant Leaf Disease Detection/Original DataSet/Healthy_Leaf/healthy_(72).jpg,Image Dataset for Turmeric Plant Leaf Disease Detection,Healthy_Leaf,Healthy,healthy,leaf,.jpg,4000,3000,RGB,ba4ac7e43a436d4035a9851bf93b7396b5be659d690aef9f89df7c891e0b04ee,fefe9f1f230f8ffe,valid,None,unique,TURM_04139,True,
TURM_04140,DATASET/Image Dataset for Turmeric Plant Leaf Disease Detection.zip#Image Dataset for Turmeric Plant Leaf Disease Detection/Original DataSet/Healthy_Leaf/healthy_(73).jpg,Image Dataset for Turmeric Plant Leaf Disease Detection,Healthy_Leaf,Healthy,healthy,leaf,.jpg,4000,3000,RGB,482cffeef5097fcde3289874270ea4bb258174f83944b281ed6785acd434b0da,000d1f5b0d87e7df,valid,None,unique,TURM_04140,True,
TURM_04141,DATASET/Image Dataset for Turmeric Plant Leaf Disease Detection.zip#Image Dataset for Turmeric Plant Leaf Disease Detection/Original DataSet/Healthy_Leaf/healthy_(74).jpg,Image Dataset for Turmeric Plant Leaf Disease Detection,Healthy_Leaf,Healthy,healthy,leaf,.jpg,4000,3000,RGB,3b149304cd80c5d7336284fa7d38c1bcf361524c1fdb416e4228ee805d814d9d,ff1f01130fedf6be,valid,None,unique,TURM_04141,True,
TURM_04142,DATASET/Image Dataset for Turmeric Plant Leaf Disease Detection.zip#Image Dataset for Turmeric Plant Leaf Disease Detection/Original DataSet/Healthy_Leaf/healthy_(78).jpg,Image Dataset for Turmeric Plant Leaf Disease Detection,Healthy_Leaf,Healthy,healthy,leaf,.jpg,4000,3000,RGB,93f1fca6023123cbcb4e0716d1a1492e0a008f03960724325af78c695bbba312,fefedf1f1f0feba2,valid,None,unique,TURM_04142,True,
TURM_04143,DATASET/Image Dataset for Turmeric Plant Leaf Disease Detection.zip#Image Dataset for Turmeric Plant Leaf Disease Detection/Original DataSet/Healthy_Leaf/healthy_(75).jpg,Image Dataset for Turmeric Plant Leaf Disease Detection,Healthy_Leaf,Healthy,healthy,leaf,.jpg,4000,3000,RGB,5c270e93f9ccd6b509e9d9e8ef66fc5e81c2c15f642fd2d05de09f143d57a126,f7f78f0f130fcf87,valid,None,unique,TURM_04143,True,
TURM_04144,DATASET/Image Dataset for Turmeric Plant Leaf Disease Detection.zip#Image Dataset for Turmeric Plant Leaf Disease Detection/Original DataSet/Healthy_Leaf/healthy_(76).jpg,Image Dataset for Turmeric Plant Leaf Disease Detection,Healthy_Leaf,Healthy,healthy,leaf,.jpg,4000,3000,RGB,7af914f02b28095eb7218f744b45d24d39ee26d1c7ffe7ce7744a57643239134,ffff0f0f07e6e0e6,valid,None,unique,TURM_04144,True,
TURM_04145,DATASET/Image Dataset for Turmeric Plant Leaf Disease Detection.zip#Image Dataset for Turmeric Plant Leaf Disease Detection/Original DataSet/Healthy_Leaf/healthy_(77).jpg,Image Dataset for Turmeric Plant Leaf Disease Detection,Healthy_Leaf,Healthy,healthy,leaf,.jpg,4000,3000,RGB,cf6b91956b219dc1785ee62cefb072e9a00dce09cc7ebd5e9a82608becd0cf07,fefedf1f1f0fefa2,valid,None,unique,TURM_04145,True,
TURM_04146,DATASET/Image Dataset for Turmeric Plant Leaf Disease Detection.zip#Image Dataset for Turmeric Plant Leaf Disease Detection/Original DataSet/Healthy_Leaf/healthy_(79).jpg,Image Dataset for Turmeric Plant Leaf Disease Detection,Healthy_Leaf,Healthy,healthy,leaf,.jpg,4000,3000,RGB,5836ea8c2194d0d2cdd7862f41eeef4a7677f604aa7b6ad5d2e6484a60284b99,42c38f0f0f8fffff,valid,None,unique,TURM_04146,True,
TURM_04147,DATASET/Image Dataset for Turmeric Plant Leaf Disease Detection.zip#Image Dataset for Turmeric Plant Leaf Disease Detection/Original DataSet/Healthy_Leaf/healthy_(8).jpg,Image Dataset for Turmeric Plant Leaf Disease Detection,Healthy_Leaf,Healthy,healthy,leaf,.jpg,4000,3000,RGB,63669ff0cb05008f6241c0b737d1bd927c5e883ebddf3543ed96a6482d2a4731,9a0b0f2707c7f393,valid,None,unique,TURM_04147,True,
TURM_04148,DATASET/Image Dataset for Turmeric Plant Leaf Disease Detection.zip#Image Dataset for Turmeric Plant Leaf Disease Detection/Original DataSet/Healthy_Leaf/healthy_(80).jpg,Image Dataset for Turmeric Plant Leaf Disease Detection,Healthy_Leaf,Healthy,healthy,leaf,.jpg,4000,3000,RGB,4d19cebf94ba8a6634c8fadf1e89a943caa78e4c96ba8913a1308069360af924,ffff0f0f0fbcf2f6,valid,None,unique,TURM_04148,True,
TURM_04149,DATASET/Image Dataset for Turmeric Plant Leaf Disease Detection.zip#Image Dataset for Turmeric Plant Leaf Disease Detection/Original DataSet/Healthy_Leaf/healthy_(81).jpg,Image Dataset for Turmeric Plant Leaf Disease Detection,Healthy_Leaf,Healthy,healthy,leaf,.jpg,4000,3000,RGB,ed57ace3258e4401d630f6091ec234b965070ea7758dd377eac9ea8b078980bd,f3f39f1f0f8f9f8f,valid,None,unique,TURM_04149,True,
TURM_04150,DATASET/Image Dataset for Turmeric Plant Leaf Disease Detection.zip#Image Dataset for Turmeric Plant Leaf Disease Detection/Original DataSet/Healthy_Leaf/healthy_(82).jpg,Image Dataset for Turmeric Plant Leaf Disease Detection,Healthy_Leaf,Healthy,healthy,leaf,.jpg,4000,3000,RGB,1533285c8eed7d036f4885dc563cf783000ba6dc22cf33b90eb9a9329daff940,ff9f1f570faf3ff6,valid,None,unique,TURM_04150,True,
TURM_04151,DATASET/Image Dataset for Turmeric Plant Leaf Disease Detection.zip#Image Dataset for Turmeric Plant Leaf Disease Detection/Original DataSet/Healthy_Leaf/healthy_(83).jpg,Image Dataset for Turmeric Plant Leaf Disease Detection,Healthy_Leaf,Healthy,healthy,leaf,.jpg,4000,3000,RGB,105a79b64babd83f1e352014424a98bdaf1420759b0b4d848060b375d35a4e82,fefe1f1f4f1f8ef2,valid,None,unique,TURM_04151,True,
TURM_04152,DATASET/Image Dataset for Turmeric Plant Leaf Disease Detection.zip#Image Dataset for Turmeric Plant Leaf Disease Detection/Original DataSet/Healthy_Leaf/healthy_(85).jpg,Image Dataset for Turmeric Plant Leaf Disease Detection,Healthy_Leaf,Healthy,healthy,leaf,.jpg,4000,3000,RGB,b22d37131c84c28350787ddba45d1aeef55affed452d3340c383620224692234,9ec6073b0f87fff7,valid,None,unique,TURM_04152,True,
TURM_04153,DATASET/Image Dataset for Turmeric Plant Leaf Disease Detection.zip#Image Dataset for Turmeric Plant Leaf Disease Detection/Original DataSet/Healthy_Leaf/healthy_(84).jpg,Image Dataset for Turmeric Plant Leaf Disease Detection,Healthy_Leaf,Healthy,healthy,leaf,.jpg,4000,3000,RGB,036254c2ec48882f6c5978dfa42221fa47c5708f0647ddb89b1144ef889e9bd5,80c00f331f07f7ff,valid,None,unique,TURM_04153,True,
TURM_04154,DATASET/Image Dataset for Turmeric Plant Leaf Disease Detection.zip#Image Dataset for Turmeric Plant Leaf Disease Detection/Original DataSet/Healthy_Leaf/healthy_(86).jpg,Image Dataset for Turmeric Plant Leaf Disease Detection,Healthy_Leaf,Healthy,healthy,leaf,.jpg,4000,3000,RGB,1254d0fff4c1dc58bbc04ab9b599def1ca066a866f525ad023a099efcc2ccb06,bef00f071f0fffbf,valid,None,unique,TURM_04154,True,
TURM_04155,DATASET/Image Dataset for Turmeric Plant Leaf Disease Detection.zip#Image Dataset for Turmeric Plant Leaf Disease Detection/Original DataSet/Healthy_Leaf/healthy_(87).jpg,Image Dataset for Turmeric Plant Leaf Disease Detection,Healthy_Leaf,Healthy,healthy,leaf,.jpg,4000,3000,RGB,b3240c50152f808ae7d6b501b9289efbfead8e73ad132f1aaa4814ff86f828a1,ffaf2f2f330fcfe6,valid,None,unique,TURM_04155,True,
TURM_04156,DATASET/Image Dataset for Turmeric Plant Leaf Disease Detection.zip#Image Dataset for Turmeric Plant Leaf Disease Detection/Original DataSet/Healthy_Leaf/healthy_(88).jpg,Image Dataset for Turmeric Plant Leaf Disease Detection,Healthy_Leaf,Healthy,healthy,leaf,.jpg,4000,3000,RGB,8618c3308494accba1b5d863bf1deb7d0584fdd77cb6347599b0c888998da3b0,c08087030787e7ff,valid,None,unique,TURM_04156,True,
TURM_04157,DATASET/Image Dataset for Turmeric Plant Leaf Disease Detection.zip#Image Dataset for Turmeric Plant Leaf Disease Detection/Original DataSet/Healthy_Leaf/healthy_(89).jpg,Image Dataset for Turmeric Plant Leaf Disease Detection,Healthy_Leaf,Healthy,healthy,leaf,.jpg,4000,3000,RGB,46e6db88ee9a059acb8288289eedae880eeee7ee844982134de71bb8f6ce3d5b,ffff9f0f0f8fcfe0,valid,None,unique,TURM_04157,True,
TURM_04158,DATASET/Image Dataset for Turmeric Plant Leaf Disease Detection.zip#Image Dataset for Turmeric Plant Leaf Disease Detection/Original DataSet/Healthy_Leaf/healthy_(9).jpg,Image Dataset for Turmeric Plant Leaf Disease Detection,Healthy_Leaf,Healthy,healthy,leaf,.jpg,4000,3000,RGB,1e3941bbce9b9664642aacf89bdd8a7e4afaf64929b720be85edb2a8f1454f06,a4040f070f840404,valid,None,unique,TURM_04158,True,
TURM_04159,DATASET/Image Dataset for Turmeric Plant Leaf Disease Detection.zip#Image Dataset for Turmeric Plant Leaf Disease Detection/Original DataSet/Healthy_Leaf/healthy_(90).jpg,Image Dataset for Turmeric Plant Leaf Disease Detection,Healthy_Leaf,Healthy,healthy,leaf,.jpg,4000,3000,RGB,c506ea0cbae3472eb9bdf782155cd8727a9a078c974adc12a5c91b10e7f6bdd8,fbc7030f0f8fe1e6,valid,None,unique,TURM_04159,True,
TURM_04160,DATASET/Image Dataset for Turmeric Plant Leaf Disease Detection.zip#Image Dataset for Turmeric Plant Leaf Disease Detection/Original DataSet/Healthy_Leaf/healthy_(91).jpg,Image Dataset for Turmeric Plant Leaf Disease Detection,Healthy_Leaf,Healthy,healthy,leaf,.jpg,4000,3000,RGB,0e7183ec5ea00850d193dd171cedc93b920b403bb71440c08e6ac9b42b2dbcb2,f3e78f070f8fff3f,valid,None,unique,TURM_04160,True,
TURM_04161,DATASET/Image Dataset for Turmeric Plant Leaf Disease Detection.zip#Image Dataset for Turmeric Plant Leaf Disease Detection/Original DataSet/Healthy_Leaf/healthy_(92).jpg,Image Dataset for Turmeric Plant Leaf Disease Detection,Healthy_Leaf,Healthy,healthy,leaf,.jpg,4000,3000,RGB,c5b4c73c8981a2629a3d58faf6d9e4188634b2227561162dd895c76fcda35bdd,fb0f3f5b1f0fefb7,valid,None,unique,TURM_04161,True,
TURM_04162,DATASET/Image Dataset for Turmeric Plant Leaf Disease Detection.zip#Image Dataset for Turmeric Plant Leaf Disease Detection/Original DataSet/Healthy_Leaf/healthy_(93).jpg,Image Dataset for Turmeric Plant Leaf Disease Detection,Healthy_Leaf,Healthy,healthy,leaf,.jpg,4000,3000,RGB,39d8e300c616e6d5c55d6c3b3304be01472da1d65183275839ae29c4c6faf0e2,c08e1f070787e77f,valid,None,unique,TURM_04162,True,
TURM_04163,DATASET/Image Dataset for Turmeric Plant Leaf Disease Detection.zip#Image Dataset for Turmeric Plant Leaf Disease Detection/Original DataSet/Healthy_Leaf/healthy_(94).jpg,Image Dataset for Turmeric Plant Leaf Disease Detection,Healthy_Leaf,Healthy,healthy,leaf,.jpg,4000,3000,RGB,9b12f1cee2617cf1d596abf78f9a22ed54b7576afd55b34055590043309a5b85,ffff1f0f0f0fcfe2,valid,None,unique,TURM_04163,True,
TURM_04164,DATASET/Image Dataset for Turmeric Plant Leaf Disease Detection.zip#Image Dataset for Turmeric Plant Leaf Disease Detection/Original DataSet/Healthy_Leaf/healthy_(96).jpg,Image Dataset for Turmeric Plant Leaf Disease Detection,Healthy_Leaf,Healthy,healthy,leaf,.jpg,4000,3000,RGB,557aab98c5a14022190d2ee033abaedad700f8253a13d514182c0ea2caf43726,fff38f070787ef9f,valid,None,unique,TURM_04164,True,
TURM_04165,DATASET/Image Dataset for Turmeric Plant Leaf Disease Detection.zip#Image Dataset for Turmeric Plant Leaf Disease Detection/Original DataSet/Healthy_Leaf/healthy_(97).jpg,Image Dataset for Turmeric Plant Leaf Disease Detection,Healthy_Leaf,Healthy,healthy,leaf,.jpg,4000,3000,RGB,b86d74664321e23e28b4e728c4998e8315efe1b8f35a4d6373f52349a2a4082a,9ecf0f3f3faff7b6,valid,None,unique,TURM_04165,True,
TURM_04166,DATASET/Image Dataset for Turmeric Plant Leaf Disease Detection.zip#Image Dataset for Turmeric Plant Leaf Disease Detection/Original DataSet/Healthy_Leaf/healthy_(98).jpg,Image Dataset for Turmeric Plant Leaf Disease Detection,Healthy_Leaf,Healthy,healthy,leaf,.jpg,4000,3000,RGB,e1ca994acd4f38902c70a4a1276b5282fe58947d522fb25b97647b3bd09e18c0,80181f0783c7ffbf,valid,None,unique,TURM_04166,True,
TURM_04167,DATASET/Image Dataset for Turmeric Plant Leaf Disease Detection.zip#Image Dataset for Turmeric Plant Leaf Disease Detection/Original DataSet/Healthy_Leaf/healthy_(95).jpg,Image Dataset for Turmeric Plant Leaf Disease Detection,Healthy_Leaf,Healthy,healthy,leaf,.jpg,4000,3000,RGB,f7486871317a681c31a2f4c548b6fbb7cbfb5541428b60ea90d037523b129de9,ffc3030f078fffb6,valid,None,unique,TURM_04167,True,
TURM_04168,DATASET/Image Dataset for Turmeric Plant Leaf Disease Detection.zip#Image Dataset for Turmeric Plant Leaf Disease Detection/Original DataSet/Healthy_Leaf/healthy_(99).jpg,Image Dataset for Turmeric Plant Leaf Disease Detection,Healthy_Leaf,Healthy,healthy,leaf,.jpg,4000,3000,RGB,fdc2bd4543571d88755b489581da495ad82ee060d84d542281d909c56c188c73,fefeff790f1fdfeb,valid,None,unique,TURM_04168,True,
TURM_04169,DATASET/Image Dataset for Turmeric Plant Leaf Disease Detection.zip#Image Dataset for Turmeric Plant Leaf Disease Detection/Original DataSet/Leaf_Spot/leaf_spot_(1).jpg,Image Dataset for Turmeric Plant Leaf Disease Detection,Leaf_Spot,Leaf Spot,disease,leaf,.jpg,4000,3000,RGB,ec1012d4decca1aeb1a2d7bc735972b507e6c6768889427c2d38da75927f9c61,f0ac0f0f0f0f0010,valid,None,unique,TURM_04169,True,
TURM_04170,DATASET/Image Dataset for Turmeric Plant Leaf Disease Detection.zip#Image Dataset for Turmeric Plant Leaf Disease Detection/Original DataSet/Leaf_Spot/leaf_spot_(10).jpg,Image Dataset for Turmeric Plant Leaf Disease Detection,Leaf_Spot,Leaf Spot,disease,leaf,.jpg,4000,3000,RGB,099d13a7aeb690bab808eb59eed1f75d90d03ca5352c0b31722f077d0949b5a2,a424060707030484,valid,None,unique,TURM_04170,True,
TURM_04171,DATASET/Image Dataset for Turmeric Plant Leaf Disease Detection.zip#Image Dataset for Turmeric Plant Leaf Disease Detection/Original DataSet/Leaf_Spot/leaf_spot_(100).jpg,Image Dataset for Turmeric Plant Leaf Disease Detection,Leaf_Spot,Leaf Spot,disease,leaf,.jpg,4000,3000,RGB,7e611a19588a8135d0b517eb8535816e8e6b60161a5bf6165bc13511a7c31bdd,02060607070f0606,valid,None,unique,TURM_04171,True,
TURM_04172,DATASET/Image Dataset for Turmeric Plant Leaf Disease Detection.zip#Image Dataset for Turmeric Plant Leaf Disease Detection/Original DataSet/Leaf_Spot/leaf_spot_(101).jpg,Image Dataset for Turmeric Plant Leaf Disease Detection,Leaf_Spot,Leaf Spot,disease,leaf,.jpg,4000,3000,RGB,4c9aaa0be3c62f63467be387579631ea8d4b41de02fb3adc6e096a5372fb6634,fc8b0f070f8f0f17,valid,None,unique,TURM_04172,True,
TURM_04173,DATASET/Image Dataset for Turmeric Plant Leaf Disease Detection.zip#Image Dataset for Turmeric Plant Leaf Disease Detection/Original DataSet/Leaf_Spot/leaf_spot_(102).jpg,Image Dataset for Turmeric Plant Leaf Disease Detection,Leaf_Spot,Leaf Spot,disease,leaf,.jpg,4000,3000,RGB,62cb42abaf27c590b3217d8462a2f330a5ba7a5b8449ce197765178c8d58d37e,c848480f070e0808,valid,None,unique,TURM_04173,True,
TURM_04174,DATASET/Image Dataset for Turmeric Plant Leaf Disease Detection.zip#Image Dataset for Turmeric Plant Leaf Disease Detection/Original DataSet/Leaf_Spot/leaf_spot_(103).jpg,Image Dataset for Turmeric Plant Leaf Disease Detection,Leaf_Spot,Leaf Spot,disease,leaf,.jpg,4000,3000,RGB,b9adefb643979ded71251b973f3950dca639531eaebcbf3b80b15ee7b78b2147,1a1b0307070f0393,valid,None,unique,TURM_04174,True,
TURM_04175,DATASET/Image Dataset for Turmeric Plant Leaf Disease Detection.zip#Image Dataset for Turmeric Plant Leaf Disease Detection/Original DataSet/Leaf_Spot/leaf_spot_(104).jpg,Image Dataset for Turmeric Plant Leaf Disease Detection,Leaf_Spot,Leaf Spot,disease,leaf,.jpg,4000,3000,RGB,4f79d4e23f8d43618c75e80f6b6c82c5997a9345107224b5f89eaf6b5479abba,a4a407073f240404,valid,None,unique,TURM_04175,True,
TURM_04176,DATASET/Image Dataset for Turmeric Plant Leaf Disease Detection.zip#Image Dataset for Turmeric Plant Leaf Disease Detection/Original DataSet/Leaf_Spot/leaf_spot_(106).jpg,Image Dataset for Turmeric Plant Leaf Disease Detection,Leaf_Spot,Leaf Spot,disease,leaf,.jpg,4000,3000,RGB,a7d15ea2a83b9193ae82cb200dd21720e4de0fce7f01b8b400298e033addfc41,fedc8e071f8e8682,valid,None,unique,TURM_04176,True,
TURM_04177,DATASET/Image Dataset for Turmeric Plant Leaf Disease Detection.zip#Image Dataset for Turmeric Plant Leaf Disease Detection/Original DataSet/Leaf_Spot/leaf_spot_(105).jpg,Image Dataset for Turmeric Plant Leaf Disease Detection,Leaf_Spot,Leaf Spot,disease,leaf,.jpg,4000,3000,RGB,337cf7f102685a6c4bba15982f3ae8306572aa65b472507564797c8d5e1d0dd5,a60407070f040404,valid,None,unique,TURM_04177,True,
TURM_04178,DATASET/Image Dataset for Turmeric Plant Leaf Disease Detection.zip#Image Dataset for Turmeric Plant Leaf Disease Detection/Original DataSet/Leaf_Spot/leaf_spot_(107).jpg,Image Dataset for Turmeric Plant Leaf Disease Detection,Leaf_Spot,Leaf Spot,disease,leaf,.jpg,4000,3000,RGB,8a4e9da21efee291c507c2204a5193852bc8437e90b5f39c7efefc0d7126276d,aedd8f0f070f8e80,valid,None,unique,TURM_04178,True,
TURM_04179,DATASET/Image Dataset for Turmeric Plant Leaf Disease Detection.zip#Image Dataset for Turmeric Plant Leaf Disease Detection/Original DataSet/Leaf_Spot/leaf_spot_(109).jpg,Image Dataset for Turmeric Plant Leaf Disease Detection,Leaf_Spot,Leaf Spot,disease,leaf,.jpg,4000,3000,RGB,9cb3b13baa28246ca3ea5c07eee0e7a25164dbb342256156e89cc18094e51fdd,d8d01e1f078ec080,valid,None,unique,TURM_04179,True,
TURM_04180,DATASET/Image Dataset for Turmeric Plant Leaf Disease Detection.zip#Image Dataset for Turmeric Plant Leaf Disease Detection/Original DataSet/Leaf_Spot/leaf_spot_(108).jpg,Image Dataset for Turmeric Plant Leaf Disease Detection,Leaf_Spot,Leaf Spot,disease,leaf,.jpg,4000,3000,RGB,136f2d17628f1a3099e6355a7645ca66e0e5f4b2e6fa74662019dbd069fc8c94,fcdc0f0f0f1c8080,valid,None,unique,TURM_04180,True,
TURM_04181,DATASET/Image Dataset for Turmeric Plant Leaf Disease Detection.zip#Image Dataset for Turmeric Plant Leaf Disease Detection/Original DataSet/Leaf_Spot/leaf_spot_(11).jpg,Image Dataset for Turmeric Plant Leaf Disease Detection,Leaf_Spot,Leaf Spot,disease,leaf,.jpg,4000,3000,RGB,63405e5375d0713c1a10758cc1746adff49c8aca4127ac5d2aa0b37a440d26a6,a604040706020606,valid,None,unique,TURM_04181,True,
TURM_04182,DATASET/Image Dataset for Turmeric Plant Leaf Disease Detection.zip#Image Dataset for Turmeric Plant Leaf Disease Detection/Original DataSet/Leaf_Spot/leaf_spot_(110).jpg,Image Dataset for Turmeric Plant Leaf Disease Detection,Leaf_Spot,Leaf Spot,disease,leaf,.jpg,4000,3000,RGB,7660dd6178fc793cef64293bc4a92692e617f265016ca5470b663f71980349d5,b0f21c1e068c8080,valid,None,unique,TURM_04182,True,
TURM_04183,DATASET/Image Dataset for Turmeric Plant Leaf Disease Detection.zip#Image Dataset for Turmeric Plant Leaf Disease Detection/Original DataSet/Leaf_Spot/leaf_spot_(111).jpg,Image Dataset for Turmeric Plant Leaf Disease Detection,Leaf_Spot,Leaf Spot,disease,leaf,.jpg,4000,3000,RGB,ebdeb290b0a2792c6666df840eb8a0d5a32c56d0620bb039643fb14451e3ae70,fcca030b07038080,valid,None,unique,TURM_04183,True,
TURM_04184,DATASET/Image Dataset for Turmeric Plant Leaf Disease Detection.zip#Image Dataset for Turmeric Plant Leaf Disease Detection/Original DataSet/Leaf_Spot/leaf_spot_(112).jpg,Image Dataset for Turmeric Plant Leaf Disease Detection,Leaf_Spot,Leaf Spot,disease,leaf,.jpg,4000,3000,RGB,8d8dc0804b93c1781cda3518e95c19fe0299df58899a2b92f60d2e4086f45d65,ac290e0707868080,valid,None,unique,TURM_04184,True,
TURM_04185,DATASET/Image Dataset for Turmeric Plant Leaf Disease Detection.zip#Image Dataset for Turmeric Plant Leaf Disease Detection/Original DataSet/Leaf_Spot/leaf_spot_(113).jpg,Image Dataset for Turmeric Plant Leaf Disease Detection,Leaf_Spot,Leaf Spot,disease,leaf,.jpg,4000,3000,RGB,2f93afaaa3912d225011afd65e03e257b5cb375a334fb8e5bc24906ff59ee783,b0b01c3f1e1e8080,valid,None,unique,TURM_04185,True,
TURM_04186,DATASET/Image Dataset for Turmeric Plant Leaf Disease Detection.zip#Image Dataset for Turmeric Plant Leaf Disease Detection/Original DataSet/Leaf_Spot/leaf_spot_(114).jpg,Image Dataset for Turmeric Plant Leaf Disease Detection,Leaf_Spot,Leaf Spot,disease,leaf,.jpg,4000,3000,RGB,2216abb8711119ec58cbfcb475e24efaa2959bc6a4cace17b175451123c2efc6,f8cc1f1f07848000,valid,None,unique,TURM_04186,True,
TURM_04187,DATASET/Image Dataset for Turmeric Plant Leaf Disease Detection.zip#Image Dataset for Turmeric Plant Leaf Disease Detection/Original DataSet/Leaf_Spot/leaf_spot_(115).jpg,Image Dataset for Turmeric Plant Leaf Disease Detection,Leaf_Spot,Leaf Spot,disease,leaf,.jpg,4000,3000,RGB,b10a90cb5bba42aea873a440e461c886fa9ec5175df6850c09923ad96dd83424,f0cc0f070f880180,valid,None,unique,TURM_04187,True,
TURM_04188,DATASET/Image Dataset for Turmeric Plant Leaf Disease Detection.zip#Image Dataset for Turmeric Plant Leaf Disease Detection/Original DataSet/Leaf_Spot/leaf_spot_(116).jpg,Image Dataset for Turmeric Plant Leaf Disease Detection,Leaf_Spot,Leaf Spot,disease,leaf,.jpg,4000,3000,RGB,6edb5fffab7e5e576bb5fd40efae623ef0624eceaa2638a0415a91158b495e77,f8f01c0f0f8c8080,valid,None,unique,TURM_04188,True,
TURM_04189,DATASET/Image Dataset for Turmeric Plant Leaf Disease Detection.zip#Image Dataset for Turmeric Plant Leaf Disease Detection/Original DataSet/Leaf_Spot/leaf_spot_(117).jpg,Image Dataset for Turmeric Plant Leaf Disease Detection,Leaf_Spot,Leaf Spot,disease,leaf,.jpg,4000,3000,RGB,602ade085712920ed8d89b58242a405eec3a33f36bedb72c8999afee6322761c,c8d89c0e071e8080,valid,None,unique,TURM_04189,True,
TURM_04190,DATASET/Image Dataset for Turmeric Plant Leaf Disease Detection.zip#Image Dataset for Turmeric Plant Leaf Disease Detection/Original DataSet/Leaf_Spot/leaf_spot_(118).jpg,Image Dataset for Turmeric Plant Leaf Disease Detection,Leaf_Spot,Leaf Spot,disease,leaf,.jpg,4000,3000,RGB,3af18933377bd5b295801062485b40c4d9dca724d50a0f6482066725a0261c72,ac880e0e070e8080,valid,None,unique,TURM_04190,True,
TURM_04191,DATASET/Image Dataset for Turmeric Plant Leaf Disease Detection.zip#Image Dataset for Turmeric Plant Leaf Disease Detection/Original DataSet/Leaf_Spot/leaf_spot_(119).jpg,Image Dataset for Turmeric Plant Leaf Disease Detection,Leaf_Spot,Leaf Spot,disease,leaf,.jpg,4000,3000,RGB,1e1e9c8ab4a648ff3ce5873b8464f888b74cffb2946d3439b0fe4aad5eb96490,f0cc0f0f0b0f0080,valid,None,unique,TURM_04191,True,
TURM_04192,DATASET/Image Dataset for Turmeric Plant Leaf Disease Detection.zip#Image Dataset for Turmeric Plant Leaf Disease Detection/Original DataSet/Leaf_Spot/leaf_spot_(12).jpg,Image Dataset for Turmeric Plant Leaf Disease Detection,Leaf_Spot,Leaf Spot,disease,leaf,.jpg,4000,3000,RGB,ba8452789a593e052f45ba09aeb1d2685e470d452eb187b5c232d0eb1c4cd7f3,1010100e07079193,valid,None,unique,TURM_04192,True,
TURM_04193,DATASET/Image Dataset for Turmeric Plant Leaf Disease Detection.zip#Image Dataset for Turmeric Plant Leaf Disease Detection/Original DataSet/Leaf_Spot/leaf_spot_(120).jpg,Image Dataset for Turmeric Plant Leaf Disease Detection,Leaf_Spot,Leaf Spot,disease,leaf,.jpg,4000,3000,RGB,8b4b291218193b406be9cf527f81f8e9396680ce1bc3f6173cd0c2b234797f6e,ba9c1e1f1f1c0080,valid,None,unique,TURM_04193,True,
TURM_04194,DATASET/Image Dataset for Turmeric Plant Leaf Disease Detection.zip#Image Dataset for Turmeric Plant Leaf Disease Detection/Original DataSet/Leaf_Spot/leaf_spot_(121).jpg,Image Dataset for Turmeric Plant Leaf Disease Detection,Leaf_Spot,Leaf Spot,disease,leaf,.jpg,4000,3000,RGB,376a0b9040f5bd30bbe294aa400198dae4dee26a7c7ab02213ac2ae6695a9705,b29c1c0f0f1c0080,valid,None,unique,TURM_04194,True,
TURM_04195,DATASET/Image Dataset for Turmeric Plant Leaf Disease Detection.zip#Image Dataset for Turmeric Plant Leaf Disease Detection/Original DataSet/Leaf_Spot/leaf_spot_(122).jpg,Image Dataset for Turmeric Plant Leaf Disease Detection,Leaf_Spot,Leaf Spot,disease,leaf,.jpg,4000,3000,RGB,db38d460eb5f9bc0a0c6c81cfb1a5ef7ea3d278c5dcdd9eff749f093c992a0bd,fc8f0b071f8c8080,valid,None,unique,TURM_04195,True,
TURM_04196,DATASET/Image Dataset for Turmeric Plant Leaf Disease Detection.zip#Image Dataset for Turmeric Plant Leaf Disease Detection/Original DataSet/Leaf_Spot/leaf_spot_(123).jpg,Image Dataset for Turmeric Plant Leaf Disease Detection,Leaf_Spot,Leaf Spot,disease,leaf,.jpg,4000,3000,RGB,7b5f10ab5c2e9044341bbd0e529aef9b6aeee088c5cffc5100d05246b336c94c,84ac0e0f070e8880,valid,None,unique,TURM_04196,True,
TURM_04197,DATASET/Image Dataset for Turmeric Plant Leaf Disease Detection.zip#Image Dataset for Turmeric Plant Leaf Disease Detection/Original DataSet/Leaf_Spot/leaf_spot_(124).jpg,Image Dataset for Turmeric Plant Leaf Disease Detection,Leaf_Spot,Leaf Spot,disease,leaf,.jpg,4000,3000,RGB,34a72791883b8c24f47ecee2cb01a15092eb4eb769f495cc8a761b12cdbe8c6f,d8ce0f07070f0c18,valid,None,unique,TURM_04197,True,
TURM_04198,DATASET/Image Dataset for Turmeric Plant Leaf Disease Detection.zip#Image Dataset for Turmeric Plant Leaf Disease Detection/Original DataSet/Leaf_Spot/leaf_spot_(125).jpg,Image Dataset for Turmeric Plant Leaf Disease Detection,Leaf_Spot,Leaf Spot,disease,leaf,.jpg,4000,3000,RGB,258aa820cc456d6900529713c5b0fb853f9eb9eb1500780bbff2786c0d973d2d,fcce07230f0f9e9e,valid,None,unique,TURM_04198,True,
TURM_04199,DATASET/Image Dataset for Turmeric Plant Leaf Disease Detection.zip#Image Dataset for Turmeric Plant Leaf Disease Detection/Original DataSet/Leaf_Spot/leaf_spot_(126).jpg,Image Dataset for Turmeric Plant Leaf Disease Detection,Leaf_Spot,Leaf Spot,disease,leaf,.jpg,4000,3000,RGB,2deed469b6cf4306d68f2845c0297da2a91a5b0c7a2c834e750a4fd13e98a3f4,90b01c0f0f1e1818,valid,None,unique,TURM_04199,True,
TURM_04200,DATASET/Image Dataset for Turmeric Plant Leaf Disease Detection.zip#Image Dataset for Turmeric Plant Leaf Disease Detection/Original DataSet/Leaf_Spot/leaf_spot_(128).jpg,Image Dataset for Turmeric Plant Leaf Disease Detection,Leaf_Spot,Leaf Spot,disease,leaf,.jpg,4000,3000,RGB,390b02721440845e2f8be3954164528fcba06584c0929bf8f3a14782e0413c12,fcbc0f230f8f8f85,valid,None,unique,TURM_04200,True,
TURM_04201,DATASET/Image Dataset for Turmeric Plant Leaf Disease Detection.zip#Image Dataset for Turmeric Plant Leaf Disease Detection/Original DataSet/Leaf_Spot/leaf_spot_(127).jpg,Image Dataset for Turmeric Plant Leaf Disease Detection,Leaf_Spot,Leaf Spot,disease,leaf,.jpg,4000,3000,RGB,02ca62b0600d60e2aabbc787e1b8818f1c5d490f5d041ecfde2e5a03bbba1593,faec0f331f1f8f9e,valid,None,unique,TURM_04201,True,
TURM_04202,DATASET/Image Dataset for Turmeric Plant Leaf Disease Detection.zip#Image Dataset for Turmeric Plant Leaf Disease Detection/Original DataSet/Leaf_Spot/leaf_spot_(13).jpg,Image Dataset for Turmeric Plant Leaf Disease Detection,Leaf_Spot,Leaf Spot,disease,leaf,.jpg,4000,3000,RGB,2e6bbd93b7ffb81cdb69901319c25e98d1bc02635efb85378d1159ebec89158b,f88e0f1d0f070e06,valid,None,unique,TURM_04202,True,
TURM_04203,DATASET/Image Dataset for Turmeric Plant Leaf Disease Detection.zip#Image Dataset for Turmeric Plant Leaf Disease Detection/Original DataSet/Leaf_Spot/leaf_spot_(129).jpg,Image Dataset for Turmeric Plant Leaf Disease Detection,Leaf_Spot,Leaf Spot,disease,leaf,.jpg,4000,3000,RGB,e444d907f55022c96f053574b8f1ac8b843bbc0b2e4e94d377e718063fcfbbd0,c6af0f07170f0c02,valid,None,unique,TURM_04203,True,
TURM_04204,DATASET/Image Dataset for Turmeric Plant Leaf Disease Detection.zip#Image Dataset for Turmeric Plant Leaf Disease Detection/Original DataSet/Leaf_Spot/leaf_spot_(130).jpg,Image Dataset for Turmeric Plant Leaf Disease Detection,Leaf_Spot,Leaf Spot,disease,leaf,.jpg,4000,3000,RGB,5c63ece055b3dd20f446b13556e878761f313bd4742be6c1d006ae4b4ec866ad,d8ba3e1f0f1e8c80,valid,None,unique,TURM_04204,True,
TURM_04205,DATASET/Image Dataset for Turmeric Plant Leaf Disease Detection.zip#Image Dataset for Turmeric Plant Leaf Disease Detection/Original DataSet/Leaf_Spot/leaf_spot_(131).jpg,Image Dataset for Turmeric Plant Leaf Disease Detection,Leaf_Spot,Leaf Spot,disease,leaf,.jpg,4000,3000,RGB,48695cff0a088bedd5fbcf1ec765ea5ab7a1ff8e6cbe3970e3ffb1ba705d75e3,fadc0e0f1f0e0880,valid,None,unique,TURM_04205,True,
TURM_04206,DATASET/Image Dataset for Turmeric Plant Leaf Disease Detection.zip#Image Dataset for Turmeric Plant Leaf Disease Detection/Original DataSet/Leaf_Spot/leaf_spot_(132).jpg,Image Dataset for Turmeric Plant Leaf Disease Detection,Leaf_Spot,Leaf Spot,disease,leaf,.jpg,4000,3000,RGB,80d804c764862a20175b96cad825a52089d168a4732c167277cdd5980d75b631,fccc0f0f07070f97,valid,None,unique,TURM_04206,True,
TURM_04207,DATASET/Image Dataset for Turmeric Plant Leaf Disease Detection.zip#Image Dataset for Turmeric Plant Leaf Disease Detection/Original DataSet/Leaf_Spot/leaf_spot_(133).jpg,Image Dataset for Turmeric Plant Leaf Disease Detection,Leaf_Spot,Leaf Spot,disease,leaf,.jpg,4000,3000,RGB,65c91fcf8b6724c1c817c3c8f1d8cf5f32efab85ab9f4dd6f4f5f39229086253,ecda1f0707878f87,valid,None,unique,TURM_04207,True,
TURM_04208,DATASET/Image Dataset for Turmeric Plant Leaf Disease Detection.zip#Image Dataset for Turmeric Plant Leaf Disease Detection/Original DataSet/Leaf_Spot/leaf_spot_(134).jpg,Image Dataset for Turmeric Plant Leaf Disease Detection,Leaf_Spot,Leaf Spot,disease,leaf,.jpg,4000,3000,RGB,ec9c68eced800415583bfc1d2e87897999f1c6651714f28c1fa99f19dfff45aa,8caf0f1f0f0f0e80,valid,None,unique,TURM_04208,True,
TURM_04209,DATASET/Image Dataset for Turmeric Plant Leaf Disease Detection.zip#Image Dataset for Turmeric Plant Leaf Disease Detection/Original DataSet/Leaf_Spot/leaf_spot_(135).jpg,Image Dataset for Turmeric Plant Leaf Disease Detection,Leaf_Spot,Leaf Spot,disease,leaf,.jpg,4000,3000,RGB,398095e4e2c6b5da0cf46949f121a1560edc0cf8608eb0068e0bbd6ef2da6419,00000f0f0f0e0e08,valid,None,unique,TURM_04209,True,
TURM_04210,DATASET/Image Dataset for Turmeric Plant Leaf Disease Detection.zip#Image Dataset for Turmeric Plant Leaf Disease Detection/Original DataSet/Leaf_Spot/leaf_spot_(136).jpg,Image Dataset for Turmeric Plant Leaf Disease Detection,Leaf_Spot,Leaf Spot,disease,leaf,.jpg,4000,3000,RGB,4c1ef0d741574b1d306d1242c03b7a6e69a404427d89cff562a3765be9316f17,960f0f0707030302,valid,None,unique,TURM_04210,True,
TURM_04211,DATASET/Image Dataset for Turmeric Plant Leaf Disease Detection.zip#Image Dataset for Turmeric Plant Leaf Disease Detection/Original DataSet/Leaf_Spot/leaf_spot_(137).jpg,Image Dataset for Turmeric Plant Leaf Disease Detection,Leaf_Spot,Leaf Spot,disease,leaf,.jpg,4000,3000,RGB,a4211847c72bdbe5079a951b84d1a3e358b3410dc5a0b5af82fc0e4ecddd0c56,d8d09c1f3f188080,valid,None,unique,TURM_04211,True,
TURM_04212,DATASET/Image Dataset for Turmeric Plant Leaf Disease Detection.zip#Image Dataset for Turmeric Plant Leaf Disease Detection/Original DataSet/Leaf_Spot/leaf_spot_(138).jpg,Image Dataset for Turmeric Plant Leaf Disease Detection,Leaf_Spot,Leaf Spot,disease,leaf,.jpg,4000,3000,RGB,f9558ea6284bd345d6d19b2277905e5df5b00a5203ffe43c186282b1fdb77628,eee8060f1e86c080,valid,None,unique,TURM_04212,True,
TURM_04213,DATASET/Image Dataset for Turmeric Plant Leaf Disease Detection.zip#Image Dataset for Turmeric Plant Leaf Disease Detection/Original DataSet/Leaf_Spot/leaf_spot_(139).jpg,Image Dataset for Turmeric Plant Leaf Disease Detection,Leaf_Spot,Leaf Spot,disease,leaf,.jpg,4000,3000,RGB,af5b01f17b15dee05169656d2263938707ea957b4c68015b2c27245da37f02bc,8cac1f0f078f8583,valid,None,unique,TURM_04213,True,
TURM_04214,DATASET/Image Dataset for Turmeric Plant Leaf Disease Detection.zip#Image Dataset for Turmeric Plant Leaf Disease Detection/Original DataSet/Leaf_Spot/leaf_spot_(14).jpg,Image Dataset for Turmeric Plant Leaf Disease Detection,Leaf_Spot,Leaf Spot,disease,leaf,.jpg,4000,3000,RGB,1866dca46dd4e663ef8d73449ae5337b43a19d8b6f8dcfea7f96081a03cca2ff,90908c0f070e20a0,valid,None,unique,TURM_04214,True,
TURM_04215,DATASET/Image Dataset for Turmeric Plant Leaf Disease Detection.zip#Image Dataset for Turmeric Plant Leaf Disease Detection/Original DataSet/Leaf_Spot/leaf_spot_(140).jpg,Image Dataset for Turmeric Plant Leaf Disease Detection,Leaf_Spot,Leaf Spot,disease,leaf,.jpg,4000,3000,RGB,ed918efd9b47167cc749a4ea4040811b37c6e34a7abc249492b5982416a4f23e,842c0c0f1f1e8080,valid,None,unique,TURM_04215,True,
TURM_04216,DATASET/Image Dataset for Turmeric Plant Leaf Disease Detection.zip#Image Dataset for Turmeric Plant Leaf Disease Detection/Original DataSet/Leaf_Spot/leaf_spot_(141).jpg,Image Dataset for Turmeric Plant Leaf Disease Detection,Leaf_Spot,Leaf Spot,disease,leaf,.jpg,4000,3000,RGB,39ccca52fede74b1f190ce7e1d385497e0a5eac559be0a2218b01184c44fd257,9a0707270f070180,valid,None,unique,TURM_04216,True,
TURM_04217,DATASET/Image Dataset for Turmeric Plant Leaf Disease Detection.zip#Image Dataset for Turmeric Plant Leaf Disease Detection/Original DataSet/Leaf_Spot/leaf_spot_(142).jpg,Image Dataset for Turmeric Plant Leaf Disease Detection,Leaf_Spot,Leaf Spot,disease,leaf,.jpg,4000,3000,RGB,7157dea0d57eb6a42242145ddc67ca4082d366190a022097bed49f6bfa2122e6,8000041e07030380,valid,None,unique,TURM_04217,True,
TURM_04218,DATASET/Image Dataset for Turmeric Plant Leaf Disease Detection.zip#Image Dataset for Turmeric Plant Leaf Disease Detection/Original DataSet/Leaf_Spot/leaf_spot_(143).jpg,Image Dataset for Turmeric Plant Leaf Disease Detection,Leaf_Spot,Leaf Spot,disease,leaf,.jpg,4000,3000,RGB,4219c0bb33579d572dfa4fd9b032ceff680312ef5607b966bd6595e8f9c711a3,d8d01c1f1f1e8c80,valid,None,unique,TURM_04218,True,
TURM_04219,DATASET/Image Dataset for Turmeric Plant Leaf Disease Detection.zip#Image Dataset for Turmeric Plant Leaf Disease Detection/Original DataSet/Leaf_Spot/leaf_spot_(144).jpg,Image Dataset for Turmeric Plant Leaf Disease Detection,Leaf_Spot,Leaf Spot,disease,leaf,.jpg,4000,3000,RGB,30aa6e512eade9798ff7668463fe961f4c60bc071fd4c3a5999c52d9efb05d33,f8cf070f0f078582,valid,None,unique,TURM_04219,True,
TURM_04220,DATASET/Image Dataset for Turmeric Plant Leaf Disease Detection.zip#Image Dataset for Turmeric Plant Leaf Disease Detection/Original DataSet/Leaf_Spot/leaf_spot_(145).jpg,Image Dataset for Turmeric Plant Leaf Disease Detection,Leaf_Spot,Leaf Spot,disease,leaf,.jpg,4000,3000,RGB,03da1c916e369f220fa3b8be96108df68c1cb2e9aa0567945a50c7e1d9ec1d88,f2f60f0f0f0f8686,valid,None,unique,TURM_04220,True,
TURM_04221,DATASET/Image Dataset for Turmeric Plant Leaf Disease Detection.zip#Image Dataset for Turmeric Plant Leaf Disease Detection/Original DataSet/Leaf_Spot/leaf_spot_(146).jpg,Image Dataset for Turmeric Plant Leaf Disease Detection,Leaf_Spot,Leaf Spot,disease,leaf,.jpg,4000,3000,RGB,6c7b9517ac8fae26394e4e496d22df3a369d358d55800585c6019f0a2e10f24f,b627072303070303,valid,None,unique,TURM_04221,True,
TURM_04222,DATASET/Image Dataset for Turmeric Plant Leaf Disease Detection.zip#Image Dataset for Turmeric Plant Leaf Disease Detection/Original DataSet/Leaf_Spot/leaf_spot_(148).jpg,Image Dataset for Turmeric Plant Leaf Disease Detection,Leaf_Spot,Leaf Spot,disease,leaf,.jpg,4000,3000,RGB,75e79fbc58271b781f2b78e22e253bc9a82915dd302aa7816d3a94266ebd75ec,b09c0c0e0e1c8080,valid,None,unique,TURM_04222,True,
TURM_04223,DATASET/Image Dataset for Turmeric Plant Leaf Disease Detection.zip#Image Dataset for Turmeric Plant Leaf Disease Detection/Original DataSet/Leaf_Spot/leaf_spot_(147).jpg,Image Dataset for Turmeric Plant Leaf Disease Detection,Leaf_Spot,Leaf Spot,disease,leaf,.jpg,4000,3000,RGB,12026eb12b8ae6701d776e9cabb0fe34925cc532fd1028e84b8dc0f71b044dc5,8000080f07030380,valid,None,unique,TURM_04223,True,
TURM_04224,DATASET/Image Dataset for Turmeric Plant Leaf Disease Detection.zip#Image Dataset for Turmeric Plant Leaf Disease Detection/Original DataSet/Leaf_Spot/leaf_spot_(149).jpg,Image Dataset for Turmeric Plant Leaf Disease Detection,Leaf_Spot,Leaf Spot,disease,leaf,.jpg,4000,3000,RGB,e7b2dffdb309a07423c39fb773e5ed9982bf3baed77fd323252a28905238eac4,dcce8703070f8080,valid,None,unique,TURM_04224,True,
TURM_04225,DATASET/Image Dataset for Turmeric Plant Leaf Disease Detection.zip#Image Dataset for Turmeric Plant Leaf Disease Detection/Original DataSet/Leaf_Spot/leaf_spot_(15).jpg,Image Dataset for Turmeric Plant Leaf Disease Detection,Leaf_Spot,Leaf Spot,disease,leaf,.jpg,4000,3000,RGB,218a91879462a38447aca9774d85776e76447b815701a683f1ad24f8a7be2cac,8e8f0f0f070f9b98,valid,None,unique,TURM_04225,True,
TURM_04226,DATASET/Image Dataset for Turmeric Plant Leaf Disease Detection.zip#Image Dataset for Turmeric Plant Leaf Disease Detection/Original DataSet/Leaf_Spot/leaf_spot_(150).jpg,Image Dataset for Turmeric Plant Leaf Disease Detection,Leaf_Spot,Leaf Spot,disease,leaf,.jpg,4000,3000,RGB,833d58b0db60599cfd26d45da7ea52220a388317665b0254fe62f61b56250cac,fcce0f0f07871f26,valid,None,unique,TURM_04226,True,
TURM_04227,DATASET/Image Dataset for Turmeric Plant Leaf Disease Detection.zip#Image Dataset for Turmeric Plant Leaf Disease Detection/Original DataSet/Leaf_Spot/leaf_spot_(151).jpg,Image Dataset for Turmeric Plant Leaf Disease Detection,Leaf_Spot,Leaf Spot,disease,leaf,.jpg,4000,3000,RGB,d56efa9a3e2ceba304b81c39b549beef4e965601cd319dcd30fbb1b2897db794,c8420707030e8080,valid,None,unique,TURM_04227,True,
TURM_04228,DATASET/Image Dataset for Turmeric Plant Leaf Disease Detection.zip#Image Dataset for Turmeric Plant Leaf Disease Detection/Original DataSet/Leaf_Spot/leaf_spot_(152).jpg,Image Dataset for Turmeric Plant Leaf Disease Detection,Leaf_Spot,Leaf Spot,disease,leaf,.jpg,4000,3000,RGB,849c03b269aeba22ce9382887768394f62343c6b92021b5cd606dbd19da712a5,fc0e0f1b0b070707,valid,None,unique,TURM_04228,True,
TURM_04229,DATASET/Image Dataset for Turmeric Plant Leaf Disease Detection.zip#Image Dataset for Turmeric Plant Leaf Disease Detection/Original DataSet/Leaf_Spot/leaf_spot_(153).jpg,Image Dataset for Turmeric Plant Leaf Disease Detection,Leaf_Spot,Leaf Spot,disease,leaf,.jpg,4000,3000,RGB,3b9740f750d183827546c149974fa87ccb3a439ce428dfdaf6fa487d1a6c4400,c0020e0f071e1800,valid,None,unique,TURM_04229,True,
TURM_04230,DATASET/Image Dataset for Turmeric Plant Leaf Disease Detection.zip#Image Dataset for Turmeric Plant Leaf Disease Detection/Original DataSet/Leaf_Spot/leaf_spot_(154).jpg,Image Dataset for Turmeric Plant Leaf Disease Detection,Leaf_Spot,Leaf Spot,disease,leaf,.jpg,4000,3000,RGB,819bbbbbdccaedbdafa807bddf2c7871f43c96e373695f1ec0b2dc085395b07c,800e07070f0f0f8f,valid,None,unique,TURM_04230,True,
TURM_04231,DATASET/Image Dataset for Turmeric Plant Leaf Disease Detection.zip#Image Dataset for Turmeric Plant Leaf Disease Detection/Original DataSet/Leaf_Spot/leaf_spot_(155).jpg,Image Dataset for Turmeric Plant Leaf Disease Detection,Leaf_Spot,Leaf Spot,disease,leaf,.jpg,4000,3000,RGB,a87878f9c0d46012f570613ef09a9309e6fad0504257ac2c17a01bb6b3b556d6,dc1f370f0f8f8f96,valid,None,unique,TURM_04231,True,
TURM_04232,DATASET/Image Dataset for Turmeric Plant Leaf Disease Detection.zip#Image Dataset for Turmeric Plant Leaf Disease Detection/Original DataSet/Leaf_Spot/leaf_spot_(158).jpg,Image Dataset for Turmeric Plant Leaf Disease Detection,Leaf_Spot,Leaf Spot,disease,leaf,.jpg,4000,3000,RGB,16df335fa212fb51372b936ee1c327511bb7185b2bf0342bf086ce22e56d708c,a4240c0f0f0c0080,valid,None,unique,TURM_04232,True,
TURM_04233,DATASET/Image Dataset for Turmeric Plant Leaf Disease Detection.zip#Image Dataset for Turmeric Plant Leaf Disease Detection/Original DataSet/Leaf_Spot/leaf_spot_(157).jpg,Image Dataset for Turmeric Plant Leaf Disease Detection,Leaf_Spot,Leaf Spot,disease,leaf,.jpg,4000,3000,RGB,5637c1e7030f0bf5c184109d4992699a6efb39d05cdb2eca3748c9a97f14b8ab,0000061f07070404,valid,None,unique,TURM_04233,True,
TURM_04234,DATASET/Image Dataset for Turmeric Plant Leaf Disease Detection.zip#Image Dataset for Turmeric Plant Leaf Disease Detection/Original DataSet/Leaf_Spot/leaf_spot_(159).jpg,Image Dataset for Turmeric Plant Leaf Disease Detection,Leaf_Spot,Leaf Spot,disease,leaf,.jpg,4000,3000,RGB,57ede8b4c1fd6c157ca4ad22896505144f4ffbb3c83bf4146b04999c2f2b1f27,1b1b0f0f07073210,valid,None,unique,TURM_04234,True,
TURM_04235,DATASET/Image Dataset for Turmeric Plant Leaf Disease Detection.zip#Image Dataset for Turmeric Plant Leaf Disease Detection/Original DataSet/Leaf_Spot/leaf_spot_(156).jpg,Image Dataset for Turmeric Plant Leaf Disease Detection,Leaf_Spot,Leaf Spot,disease,leaf,.jpg,4000,3000,RGB,a0b7aa94c50a6d3d6d84751f9bb28e386ba5987465cbcc479af5af06ebc5b932,e66f0f1f07070707,valid,None,unique,TURM_04235,True,
TURM_04236,DATASET/Image Dataset for Turmeric Plant Leaf Disease Detection.zip#Image Dataset for Turmeric Plant Leaf Disease Detection/Original DataSet/Leaf_Spot/leaf_spot_(16).jpg,Image Dataset for Turmeric Plant Leaf Disease Detection,Leaf_Spot,Leaf Spot,disease,leaf,.jpg,4000,3000,RGB,300bba4059e3d5cd68b5d23894da6876b99bd252f52f2f4f5e9a3f18035a6972,c8590f0707949080,valid,None,unique,TURM_04236,True,
TURM_04237,DATASET/Image Dataset for Turmeric Plant Leaf Disease Detection.zip#Image Dataset for Turmeric Plant Leaf Disease Detection/Original DataSet/Leaf_Spot/leaf_spot_(160).jpg,Image Dataset for Turmeric Plant Leaf Disease Detection,Leaf_Spot,Leaf Spot,disease,leaf,.jpg,4000,3000,RGB,cb842db8762b875c0f4402383a849ee20f48306a8fce1b4d17ab4bae9a586f73,a424040f07070404,valid,None,unique,TURM_04237,True,
TURM_04238,DATASET/Image Dataset for Turmeric Plant Leaf Disease Detection.zip#Image Dataset for Turmeric Plant Leaf Disease Detection/Original DataSet/Leaf_Spot/leaf_spot_(161).jpg,Image Dataset for Turmeric Plant Leaf Disease Detection,Leaf_Spot,Leaf Spot,disease,leaf,.jpg,4000,3000,RGB,08c0aa32b0b8797c7f68d3bcb9237ba9b2673f84c7626494331d7b5bea7cef4c,d886070f07871880,valid,None,unique,TURM_04238,True,
TURM_04239,DATASET/Image Dataset for Turmeric Plant Leaf Disease Detection.zip#Image Dataset for Turmeric Plant Leaf Disease Detection/Original DataSet/Leaf_Spot/leaf_spot_(163).jpg,Image Dataset for Turmeric Plant Leaf Disease Detection,Leaf_Spot,Leaf Spot,disease,leaf,.jpg,4000,3000,RGB,a9a8441ab6180797b0b1c2cd1330fb1f8dcc639c1d7b093939c7380df447127e,2424040f0f070404,valid,None,unique,TURM_04239,True,
TURM_04240,DATASET/Image Dataset for Turmeric Plant Leaf Disease Detection.zip#Image Dataset for Turmeric Plant Leaf Disease Detection/Original DataSet/Leaf_Spot/leaf_spot_(162).jpg,Image Dataset for Turmeric Plant Leaf Disease Detection,Leaf_Spot,Leaf Spot,disease,leaf,.jpg,4000,3000,RGB,6aea807094378846f0f913b95c4ab9a45751714f2539b5dcbd6832954f6f2e8c,0605050f07040404,valid,None,unique,TURM_04240,True,
TURM_04241,DATASET/Image Dataset for Turmeric Plant Leaf Disease Detection.zip#Image Dataset for Turmeric Plant Leaf Disease Detection/Original DataSet/Leaf_Spot/leaf_spot_(164).jpg,Image Dataset for Turmeric Plant Leaf Disease Detection,Leaf_Spot,Leaf Spot,disease,leaf,.jpg,4000,3000,RGB,7092b08b75bda9daa33bc663a738260eb5342aefb4f1d9181efe2a57e6942924,c8480c1f0f0c0808,valid,None,unique,TURM_04241,True,
TURM_04242,DATASET/Image Dataset for Turmeric Plant Leaf Disease Detection.zip#Image Dataset for Turmeric Plant Leaf Disease Detection/Original DataSet/Leaf_Spot/leaf_spot_(168).jpg,Image Dataset for Turmeric Plant Leaf Disease Detection,Leaf_Spot,Leaf Spot,disease,leaf,.jpg,4000,3000,RGB,4a3bddb5db9be7da4d1e8a1bd07e2da66b1e01c4aaa5abb65b61a841503ce59d,1018180f0f1f1110,valid,None,unique,TURM_04242,True,
TURM_04243,DATASET/Image Dataset for Turmeric Plant Leaf Disease Detection.zip#Image Dataset for Turmeric Plant Leaf Disease Detection/Original DataSet/Leaf_Spot/leaf_spot_(165).jpg,Image Dataset for Turmeric Plant Leaf Disease Detection,Leaf_Spot,Leaf Spot,disease,leaf,.jpg,4000,3000,RGB,ec419b784a9d9aa09f2dafaf560607ee76bdf6e96a6c58bb873babdab31067d5,1213070707031010,valid,None,unique,TURM_04243,True,
TURM_04244,DATASET/Image Dataset for Turmeric Plant Leaf Disease Detection.zip#Image Dataset for Turmeric Plant Leaf Disease Detection/Original DataSet/Leaf_Spot/leaf_spot_(166).jpg,Image Dataset for Turmeric Plant Leaf Disease Detection,Leaf_Spot,Leaf Spot,disease,leaf,.jpg,4000,3000,RGB,0ce78151456ecbbf0d3f5da4c0f862bebe1dad9cb91f94f518c66ec9dd57c6cb,a424070f17070404,valid,None,unique,TURM_04244,True,
TURM_04245,DATASET/Image Dataset for Turmeric Plant Leaf Disease Detection.zip#Image Dataset for Turmeric Plant Leaf Disease Detection/Original DataSet/Leaf_Spot/leaf_spot_(167).jpg,Image Dataset for Turmeric Plant Leaf Disease Detection,Leaf_Spot,Leaf Spot,disease,leaf,.jpg,4000,3000,RGB,2f2fa243cd2962fce86b4c2abd19b0521c560e51aa94d64e98b5f78ae0601979,24240f0f0704040c,valid,None,unique,TURM_04245,True,
TURM_04246,DATASET/Image Dataset for Turmeric Plant Leaf Disease Detection.zip#Image Dataset for Turmeric Plant Leaf Disease Detection/Original DataSet/Leaf_Spot/leaf_spot_(169).jpg,Image Dataset for Turmeric Plant Leaf Disease Detection,Leaf_Spot,Leaf Spot,disease,leaf,.jpg,4000,3000,RGB,2de08dea5c23d6155edd20f5dbbc622608d5e2968603c1ba1d023b948b1e9da1,9090900f0e181010,valid,None,unique,TURM_04246,True,
TURM_04247,DATASET/Image Dataset for Turmeric Plant Leaf Disease Detection.zip#Image Dataset for Turmeric Plant Leaf Disease Detection/Original DataSet/Leaf_Spot/leaf_spot_(17).jpg,Image Dataset for Turmeric Plant Leaf Disease Detection,Leaf_Spot,Leaf Spot,disease,leaf,.jpg,4000,3000,RGB,b8190c4e5f058ee4aeb71097c79e8b82672891e32ed6f2733aceb888b8473fe4,9a190f0707141c1e,valid,None,unique,TURM_04247,True,
TURM_04248,DATASET/Image Dataset for Turmeric Plant Leaf Disease Detection.zip#Image Dataset for Turmeric Plant Leaf Disease Detection/Original DataSet/Leaf_Spot/leaf_spot_(170).jpg,Image Dataset for Turmeric Plant Leaf Disease Detection,Leaf_Spot,Leaf Spot,disease,leaf,.jpg,4000,3000,RGB,13cf172aa8fca6ad1b89a2aad4532e5ac30b65ceb302d606242c90bf56441f55,ce0f0f070f0f0bc9,valid,None,unique,TURM_04248,True,
TURM_04249,DATASET/Image Dataset for Turmeric Plant Leaf Disease Detection.zip#Image Dataset for Turmeric Plant Leaf Disease Detection/Original DataSet/Leaf_Spot/leaf_spot_(171).jpg,Image Dataset for Turmeric Plant Leaf Disease Detection,Leaf_Spot,Leaf Spot,disease,leaf,.jpg,4000,3000,RGB,bfe9bb5b9925d78f51a4743724b39b61f87edf0b29546cbe4808f79c0f284309,c848ce070f9c9898,valid,None,unique,TURM_04249,True,
TURM_04250,DATASET/Image Dataset for Turmeric Plant Leaf Disease Detection.zip#Image Dataset for Turmeric Plant Leaf Disease Detection/Original DataSet/Leaf_Spot/leaf_spot_(172).jpg,Image Dataset for Turmeric Plant Leaf Disease Detection,Leaf_Spot,Leaf Spot,disease,leaf,.jpg,4000,3000,RGB,b18254072e0462c244f62396cae90320bf8f375f73ccfde803d2be0edb28cce4,98b41c0f0f1c1800,valid,None,unique,TURM_04250,True,
TURM_04251,DATASET/Image Dataset for Turmeric Plant Leaf Disease Detection.zip#Image Dataset for Turmeric Plant Leaf Disease Detection/Original DataSet/Leaf_Spot/leaf_spot_(173).jpg,Image Dataset for Turmeric Plant Leaf Disease Detection,Leaf_Spot,Leaf Spot,disease,leaf,.jpg,4000,3000,RGB,b800e3d21762ec04913da0050360af9d3a0f12f967ca7275d348e46f5f5b5b11,480806070f08081e,valid,None,unique,TURM_04251,True,
TURM_04252,DATASET/Image Dataset for Turmeric Plant Leaf Disease Detection.zip#Image Dataset for Turmeric Plant Leaf Disease Detection/Original DataSet/Leaf_Spot/leaf_spot_(174).jpg,Image Dataset for Turmeric Plant Leaf Disease Detection,Leaf_Spot,Leaf Spot,disease,leaf,.jpg,4000,3000,RGB,8212ffb491718a579ac3e77d21c55d9992ea3874ba55648870927333184a7203,880c4c0f0f0f0809,valid,None,unique,TURM_04252,True,
TURM_04253,DATASET/Image Dataset for Turmeric Plant Leaf Disease Detection.zip#Image Dataset for Turmeric Plant Leaf Disease Detection/Original DataSet/Leaf_Spot/leaf_spot_(179).jpg,Image Dataset for Turmeric Plant Leaf Disease Detection,Leaf_Spot,Leaf Spot,disease,leaf,.jpg,4000,3000,RGB,9c856d4ba70e72e1770ff09e47722ef71aef44d61072e4bdb254faa3a61a9e16,0809010f0f080c0c,valid,None,unique,TURM_04253,True,
TURM_04254,DATASET/Image Dataset for Turmeric Plant Leaf Disease Detection.zip#Image Dataset for Turmeric Plant Leaf Disease Detection/Original DataSet/Leaf_Spot/leaf_spot_(175).jpg,Image Dataset for Turmeric Plant Leaf Disease Detection,Leaf_Spot,Leaf Spot,disease,leaf,.jpg,4000,3000,RGB,5f99e6411e5197c965a07980b39693fd734867ba0655c6f3bdb4a735d538598e,c808180f0f180818,valid,None,unique,TURM_04254,True,
TURM_04255,DATASET/Image Dataset for Turmeric Plant Leaf Disease Detection.zip#Image Dataset for Turmeric Plant Leaf Disease Detection/Original DataSet/Leaf_Spot/leaf_spot_(177).jpg,Image Dataset for Turmeric Plant Leaf Disease Detection,Leaf_Spot,Leaf Spot,disease,leaf,.jpg,4000,3000,RGB,f2977357a30522e36fc86363feed355cd1d3c8682fd2be92f6fd13fa0333ee67,c8484c1f1f080000,valid,None,unique,TURM_04255,True,
TURM_04256,DATASET/Image Dataset for Turmeric Plant Leaf Disease Detection.zip#Image Dataset for Turmeric Plant Leaf Disease Detection/Original DataSet/Leaf_Spot/leaf_spot_(176).jpg,Image Dataset for Turmeric Plant Leaf Disease Detection,Leaf_Spot,Leaf Spot,disease,leaf,.jpg,4000,3000,RGB,b9de2d229e3119ac8a090e615422a3de02ef918ec2d4b447ac92bcb536cd141b,270707070f0f2424,valid,None,unique,TURM_04256,True,
TURM_04257,DATASET/Image Dataset for Turmeric Plant Leaf Disease Detection.zip#Image Dataset for Turmeric Plant Leaf Disease Detection/Original DataSet/Leaf_Spot/leaf_spot_(178).jpg,Image Dataset for Turmeric Plant Leaf Disease Detection,Leaf_Spot,Leaf Spot,disease,leaf,.jpg,4000,3000,RGB,9515f85a25b283751f4fc60ba9c50d28773980aeca9f14067ad8d6cf2c086100,0809010f0f080c0c,valid,None,unique,TURM_04257,True,
TURM_04258,DATASET/Image Dataset for Turmeric Plant Leaf Disease Detection.zip#Image Dataset for Turmeric Plant Leaf Disease Detection/Original DataSet/Leaf_Spot/leaf_spot_(18).jpg,Image Dataset for Turmeric Plant Leaf Disease Detection,Leaf_Spot,Leaf Spot,disease,leaf,.jpg,4000,3000,RGB,f80b4d4bc3cb27aeaf352728806be3a015d88a0c16210c53d2e302afc4a66d22,8808980f078f1f92,valid,None,unique,TURM_04258,True,
TURM_04259,DATASET/Image Dataset for Turmeric Plant Leaf Disease Detection.zip#Image Dataset for Turmeric Plant Leaf Disease Detection/Original DataSet/Leaf_Spot/leaf_spot_(180).jpg,Image Dataset for Turmeric Plant Leaf Disease Detection,Leaf_Spot,Leaf Spot,disease,leaf,.jpg,4000,3000,RGB,c25cb0fd1bbcd8979066819788029a1008f590da3cc68aba2d92d9ca62c8d98f,0606060607070602,valid,None,unique,TURM_04259,True,
TURM_04260,DATASET/Image Dataset for Turmeric Plant Leaf Disease Detection.zip#Image Dataset for Turmeric Plant Leaf Disease Detection/Original DataSet/Leaf_Spot/leaf_spot_(181).jpg,Image Dataset for Turmeric Plant Leaf Disease Detection,Leaf_Spot,Leaf Spot,disease,leaf,.jpg,4000,3000,RGB,a0eea5bdd229caf015bc26a67c921336851443cd82df54f456393d672a049ae2,0203030707070202,valid,None,unique,TURM_04260,True,
TURM_04261,DATASET/Image Dataset for Turmeric Plant Leaf Disease Detection.zip#Image Dataset for Turmeric Plant Leaf Disease Detection/Original DataSet/Leaf_Spot/leaf_spot_(182).jpg,Image Dataset for Turmeric Plant Leaf Disease Detection,Leaf_Spot,Leaf Spot,disease,leaf,.jpg,4000,3000,RGB,eee9a360a89231607173a7d2905d48d2998eefa00efb03b86ee0f26f2cdeff8f,cc4c040c060e0402,valid,None,unique,TURM_04261,True,
TURM_04262,DATASET/Image Dataset for Turmeric Plant Leaf Disease Detection.zip#Image Dataset for Turmeric Plant Leaf Disease Detection/Original DataSet/Leaf_Spot/leaf_spot_(183).jpg,Image Dataset for Turmeric Plant Leaf Disease Detection,Leaf_Spot,Leaf Spot,disease,leaf,.jpg,4000,3000,RGB,9e62929cad93ba0cef1ef3f7678a95adc3cc0fb5c6511decc1bea84b3de88a14,fc0707170f0f0e06,valid,None,unique,TURM_04262,True,
TURM_04263,DATASET/Image Dataset for Turmeric Plant Leaf Disease Detection.zip#Image Dataset for Turmeric Plant Leaf Disease Detection/Original DataSet/Leaf_Spot/leaf_spot_(185).jpg,Image Dataset for Turmeric Plant Leaf Disease Detection,Leaf_Spot,Leaf Spot,disease,leaf,.jpg,4000,3000,RGB,328342c7f416ad77e2bbca6421600187dd3f2109a65cf3154a543a09ff406b25,e464060707060102,valid,None,unique,TURM_04263,True,
TURM_04264,DATASET/Image Dataset for Turmeric Plant Leaf Disease Detection.zip#Image Dataset for Turmeric Plant Leaf Disease Detection/Original DataSet/Leaf_Spot/leaf_spot_(184).jpg,Image Dataset for Turmeric Plant Leaf Disease Detection,Leaf_Spot,Leaf Spot,disease,leaf,.jpg,4000,3000,RGB,5a8078270e3d6fc0c7f990e91cc7b6c51ddd09852a2d2ef92bf06ab2278cb41f,0707070707073030,valid,None,unique,TURM_04264,True,
TURM_04265,DATASET/Image Dataset for Turmeric Plant Leaf Disease Detection.zip#Image Dataset for Turmeric Plant Leaf Disease Detection/Original DataSet/Leaf_Spot/leaf_spot_(187).jpg,Image Dataset for Turmeric Plant Leaf Disease Detection,Leaf_Spot,Leaf Spot,disease,leaf,.jpg,4000,3000,RGB,8a7b3226beeaf06d6d97f96482d5cd97a79da23a46e97fb3e6c761aca265d962,06060606060e0604,valid,None,unique,TURM_04265,True,
TURM_04266,DATASET/Image Dataset for Turmeric Plant Leaf Disease Detection.zip#Image Dataset for Turmeric Plant Leaf Disease Detection/Original DataSet/Leaf_Spot/leaf_spot_(186).jpg,Image Dataset for Turmeric Plant Leaf Disease Detection,Leaf_Spot,Leaf Spot,disease,leaf,.jpg,4000,3000,RGB,8b3447031c5a9c159b3a6dd6d212b3a628449994a8836e85930068d6dc0bce4a,2604040606060606,valid,None,unique,TURM_04266,True,
TURM_04267,DATASET/Image Dataset for Turmeric Plant Leaf Disease Detection.zip#Image Dataset for Turmeric Plant Leaf Disease Detection/Original DataSet/Leaf_Spot/leaf_spot_(188).jpg,Image Dataset for Turmeric Plant Leaf Disease Detection,Leaf_Spot,Leaf Spot,disease,leaf,.jpg,4000,3000,RGB,1d9d87965b65d6079dad8bd6d25d7891ea32c0bb1cb3346349264edc3f6dc715,a4240406070e0006,valid,None,unique,TURM_04267,True,
TURM_04268,DATASET/Image Dataset for Turmeric Plant Leaf Disease Detection.zip#Image Dataset for Turmeric Plant Leaf Disease Detection/Original DataSet/Leaf_Spot/leaf_spot_(189).jpg,Image Dataset for Turmeric Plant Leaf Disease Detection,Leaf_Spot,Leaf Spot,disease,leaf,.jpg,4000,3000,RGB,4ec9b55878df780fc89d5a7587f67b1a5f6b715a8b4bdff32b5204f649633f2b,a4240406070e0204,valid,None,unique,TURM_04268,True,
TURM_04269,DATASET/Image Dataset for Turmeric Plant Leaf Disease Detection.zip#Image Dataset for Turmeric Plant Leaf Disease Detection/Original DataSet/Leaf_Spot/leaf_spot_(19).jpg,Image Dataset for Turmeric Plant Leaf Disease Detection,Leaf_Spot,Leaf Spot,disease,leaf,.jpg,4000,3000,RGB,7c6c2013c9287e5180dd1fa88be37a4ce629e2b8713137b7e0f3fdc0852f221e,909090061e1c1090,valid,None,unique,TURM_04269,True,
TURM_04270,DATASET/Image Dataset for Turmeric Plant Leaf Disease Detection.zip#Image Dataset for Turmeric Plant Leaf Disease Detection/Original DataSet/Leaf_Spot/leaf_spot_(190).jpg,Image Dataset for Turmeric Plant Leaf Disease Detection,Leaf_Spot,Leaf Spot,disease,leaf,.jpg,4000,3000,RGB,9fd0184f2cf9aca189db1f2678890d1f04f9f1f865880a76e961fd40cedae12c,1213070707072724,valid,None,unique,TURM_04270,True,
TURM_04271,DATASET/Image Dataset for Turmeric Plant Leaf Disease Detection.zip#Image Dataset for Turmeric Plant Leaf Disease Detection/Original DataSet/Leaf_Spot/leaf_spot_(191).jpg,Image Dataset for Turmeric Plant Leaf Disease Detection,Leaf_Spot,Leaf Spot,disease,leaf,.jpg,4000,3000,RGB,7fcaaf373eba56bd749b9c579ac288a90abc06de023c2785ba1ca539b88656a3,a4a404070f060284,valid,None,unique,TURM_04271,True,
TURM_04272,DATASET/Image Dataset for Turmeric Plant Leaf Disease Detection.zip#Image Dataset for Turmeric Plant Leaf Disease Detection/Original DataSet/Leaf_Spot/leaf_spot_(192).jpg,Image Dataset for Turmeric Plant Leaf Disease Detection,Leaf_Spot,Leaf Spot,disease,leaf,.jpg,4000,3000,RGB,e67293e29f22a84b1bf53184092d4cf3447f1eeba285a53eb311851852e2e1ef,8202060706060606,valid,None,unique,TURM_04272,True,
TURM_04273,DATASET/Image Dataset for Turmeric Plant Leaf Disease Detection.zip#Image Dataset for Turmeric Plant Leaf Disease Detection/Original DataSet/Leaf_Spot/leaf_spot_(193).jpg,Image Dataset for Turmeric Plant Leaf Disease Detection,Leaf_Spot,Leaf Spot,disease,leaf,.jpg,4000,3000,RGB,52d0932d3b9d52a75deb550e564fb648e8651d74fd17decbbeb71e6ad14324ec,02020206070e0000,valid,None,unique,TURM_04273,True,
TURM_04274,DATASET/Image Dataset for Turmeric Plant Leaf Disease Detection.zip#Image Dataset for Turmeric Plant Leaf Disease Detection/Original DataSet/Leaf_Spot/leaf_spot_(20).jpg,Image Dataset for Turmeric Plant Leaf Disease Detection,Leaf_Spot,Leaf Spot,disease,leaf,.jpg,4000,3000,RGB,4fec354f1b9776e882bcff3f756fc965cd2eb072a27bde91be35973add4a3298,9f1f1f0f0f1f1ab2,valid,None,unique,TURM_04274,True,
TURM_04275,DATASET/Image Dataset for Turmeric Plant Leaf Disease Detection.zip#Image Dataset for Turmeric Plant Leaf Disease Detection/Original DataSet/Leaf_Spot/leaf_spot_(21).jpg,Image Dataset for Turmeric Plant Leaf Disease Detection,Leaf_Spot,Leaf Spot,disease,leaf,.jpg,4000,3000,RGB,d7195dd49c7d8d8ff176d939c6e9442c28fe919db9378622b0661e7d6b95dfc2,c8c8868f8f191290,valid,None,unique,TURM_04275,True,
TURM_04276,DATASET/Image Dataset for Turmeric Plant Leaf Disease Detection.zip#Image Dataset for Turmeric Plant Leaf Disease Detection/Original DataSet/Leaf_Spot/leaf_spot_(22).jpg,Image Dataset for Turmeric Plant Leaf Disease Detection,Leaf_Spot,Leaf Spot,disease,leaf,.jpg,4000,3000,RGB,5e7d55bf31c48fbf9250dcfc880c726f1ea8f0e684032433e11471e1a0f0df0b,981810070f1e1216,valid,None,unique,TURM_04276,True,
TURM_04277,DATASET/Image Dataset for Turmeric Plant Leaf Disease Detection.zip#Image Dataset for Turmeric Plant Leaf Disease Detection/Original DataSet/Leaf_Spot/leaf_spot_(2).jpg,Image Dataset for Turmeric Plant Leaf Disease Detection,Leaf_Spot,Leaf Spot,disease,leaf,.jpg,4000,3000,RGB,57b42ca5949f954ced1ba0d68db89b694c1e76329b00efe5590755bf221218e1,8cae1e1f0f0e0892,valid,None,unique,TURM_04277,True,
TURM_04278,DATASET/Image Dataset for Turmeric Plant Leaf Disease Detection.zip#Image Dataset for Turmeric Plant Leaf Disease Detection/Original DataSet/Leaf_Spot/leaf_spot_(23).jpg,Image Dataset for Turmeric Plant Leaf Disease Detection,Leaf_Spot,Leaf Spot,disease,leaf,.jpg,4000,3000,RGB,42612bf106a00f9779a51cde41bcd170a4aea16af52b7fb1bf27b214b7537005,0103030307072604,valid,None,unique,TURM_04278,True,
TURM_04279,DATASET/Image Dataset for Turmeric Plant Leaf Disease Detection.zip#Image Dataset for Turmeric Plant Leaf Disease Detection/Original DataSet/Leaf_Spot/leaf_spot_(25).jpg,Image Dataset for Turmeric Plant Leaf Disease Detection,Leaf_Spot,Leaf Spot,disease,leaf,.jpg,4000,3000,RGB,debbe912ef47ba8c597a4f066da54982a6a946a9fc413956da0754c8a316f05c,a404040c0e0c0404,valid,None,unique,TURM_04279,True,
TURM_04280,DATASET/Image Dataset for Turmeric Plant Leaf Disease Detection.zip#Image Dataset for Turmeric Plant Leaf Disease Detection/Original DataSet/Leaf_Spot/leaf_spot_(26).jpg,Image Dataset for Turmeric Plant Leaf Disease Detection,Leaf_Spot,Leaf Spot,disease,leaf,.jpg,4000,3000,RGB,a78e289d466043bcc438583880693a4aefa2f494df46f5592d61c38e1231330c,33070707070767a3,valid,None,unique,TURM_04280,True,
TURM_04281,DATASET/Image Dataset for Turmeric Plant Leaf Disease Detection.zip#Image Dataset for Turmeric Plant Leaf Disease Detection/Original DataSet/Leaf_Spot/leaf_spot_(24).jpg,Image Dataset for Turmeric Plant Leaf Disease Detection,Leaf_Spot,Leaf Spot,disease,leaf,.jpg,4000,3000,RGB,79fc0e7f209f81349463609a6eb03b69fd093bd5ba8407507eabe3a449c62e8b,f08e0723190f8680,valid,None,unique,TURM_04281,True,
TURM_04282,DATASET/Image Dataset for Turmeric Plant Leaf Disease Detection.zip#Image Dataset for Turmeric Plant Leaf Disease Detection/Original DataSet/Leaf_Spot/leaf_spot_(27).jpg,Image Dataset for Turmeric Plant Leaf Disease Detection,Leaf_Spot,Leaf Spot,disease,leaf,.jpg,4000,3000,RGB,8c212a1bef4d9a9a721d3f69e6fad52b3832404bc3da21f8cfb01815243175fe,b212070707070705,valid,None,unique,TURM_04282,True,
TURM_04283,DATASET/Image Dataset for Turmeric Plant Leaf Disease Detection.zip#Image Dataset for Turmeric Plant Leaf Disease Detection/Original DataSet/Leaf_Spot/leaf_spot_(28).jpg,Image Dataset for Turmeric Plant Leaf Disease Detection,Leaf_Spot,Leaf Spot,disease,leaf,.jpg,4000,3000,RGB,34bdc28b012b5c94aa9fb9442d1c37b636c3b5126d35200c24dbfa974ea13f03,0302060707060606,valid,None,unique,TURM_04283,True,
TURM_04284,DATASET/Image Dataset for Turmeric Plant Leaf Disease Detection.zip#Image Dataset for Turmeric Plant Leaf Disease Detection/Original DataSet/Leaf_Spot/leaf_spot_(29).jpg,Image Dataset for Turmeric Plant Leaf Disease Detection,Leaf_Spot,Leaf Spot,disease,leaf,.jpg,4000,3000,RGB,8103107ab77c3b0d85a69570f5a0ca1381152b585d7ca1c026f0f030a17d81bf,020206070f0f0707,valid,None,unique,TURM_04284,True,
TURM_04285,DATASET/Image Dataset for Turmeric Plant Leaf Disease Detection.zip#Image Dataset for Turmeric Plant Leaf Disease Detection/Original DataSet/Leaf_Spot/leaf_spot_(3).jpg,Image Dataset for Turmeric Plant Leaf Disease Detection,Leaf_Spot,Leaf Spot,disease,leaf,.jpg,4000,3000,RGB,79b54d8b77dc6d6c678b60edcb3611db5ecc70506ddfe082f2a3e44e419365a2,a42406070e000280,valid,None,unique,TURM_04285,True,
TURM_04286,DATASET/Image Dataset for Turmeric Plant Leaf Disease Detection.zip#Image Dataset for Turmeric Plant Leaf Disease Detection/Original DataSet/Leaf_Spot/leaf_spot_(30).jpg,Image Dataset for Turmeric Plant Leaf Disease Detection,Leaf_Spot,Leaf Spot,disease,leaf,.jpg,4000,3000,RGB,7a311bb91ed51406770a169053b8e5eb82a951edbb0f7b23a809a35607a4ab53,a404040e0e0c0004,valid,None,unique,TURM_04286,True,
TURM_04287,DATASET/Image Dataset for Turmeric Plant Leaf Disease Detection.zip#Image Dataset for Turmeric Plant Leaf Disease Detection/Original DataSet/Leaf_Spot/leaf_spot_(31).jpg,Image Dataset for Turmeric Plant Leaf Disease Detection,Leaf_Spot,Leaf Spot,disease,leaf,.jpg,4000,3000,RGB,549108bcb8ed9a7d7ae11e0eb885ef2f0dd3485ee55a190c66b69ed68315d876,1a17070707070333,valid,None,unique,TURM_04287,True,
TURM_04288,DATASET/Image Dataset for Turmeric Plant Leaf Disease Detection.zip#Image Dataset for Turmeric Plant Leaf Disease Detection/Original DataSet/Leaf_Spot/leaf_spot_(32).jpg,Image Dataset for Turmeric Plant Leaf Disease Detection,Leaf_Spot,Leaf Spot,disease,leaf,.jpg,4000,3000,RGB,40e0b529a861e798533d68e07d91f5d943faaed952898077e90222540806c9bb,a424040e0e0e0404,valid,None,unique,TURM_04288,True,
TURM_04289,DATASET/Image Dataset for Turmeric Plant Leaf Disease Detection.zip#Image Dataset for Turmeric Plant Leaf Disease Detection/Original DataSet/Leaf_Spot/leaf_spot_(34).jpg,Image Dataset for Turmeric Plant Leaf Disease Detection,Leaf_Spot,Leaf Spot,disease,leaf,.jpg,4000,3000,RGB,554d6902845f1aad4452673a21011c8ebfc767a485a362bfd50f80e1bc78ba93,0226260707070607,valid,None,unique,TURM_04289,True,
TURM_04290,DATASET/Image Dataset for Turmeric Plant Leaf Disease Detection.zip#Image Dataset for Turmeric Plant Leaf Disease Detection/Original DataSet/Leaf_Spot/leaf_spot_(33).jpg,Image Dataset for Turmeric Plant Leaf Disease Detection,Leaf_Spot,Leaf Spot,disease,leaf,.jpg,4000,3000,RGB,116269e32d4148baa113998bba24230504f9ee6525dd1f8ec8ae96a6164b1d7a,060404070e0e0406,valid,None,unique,TURM_04290,True,
TURM_04291,DATASET/Image Dataset for Turmeric Plant Leaf Disease Detection.zip#Image Dataset for Turmeric Plant Leaf Disease Detection/Original DataSet/Leaf_Spot/leaf_spot_(36).jpg,Image Dataset for Turmeric Plant Leaf Disease Detection,Leaf_Spot,Leaf Spot,disease,leaf,.jpg,4000,3000,RGB,217e138ece04738692ada5596437f4393e75cfab892bc11a90a96297e7ff7f74,c848080c0e0e0888,valid,None,unique,TURM_04291,True,
TURM_04292,DATASET/Image Dataset for Turmeric Plant Leaf Disease Detection.zip#Image Dataset for Turmeric Plant Leaf Disease Detection/Original DataSet/Leaf_Spot/leaf_spot_(35).jpg,Image Dataset for Turmeric Plant Leaf Disease Detection,Leaf_Spot,Leaf Spot,disease,leaf,.jpg,4000,3000,RGB,e7328fc91c0ba5199d84fd3af76604570b91875370a49e53917f0da70c6417dc,f28c0c0f0f0e9880,valid,None,unique,TURM_04292,True,
TURM_04293,DATASET/Image Dataset for Turmeric Plant Leaf Disease Detection.zip#Image Dataset for Turmeric Plant Leaf Disease Detection/Original DataSet/Leaf_Spot/leaf_spot_(37).jpg,Image Dataset for Turmeric Plant Leaf Disease Detection,Leaf_Spot,Leaf Spot,disease,leaf,.jpg,4000,3000,RGB,ce66c8150999c07cf8b017e6ede1b67e0ec4386b8e749181059d43a0210942d6,b2130707070707e3,valid,None,unique,TURM_04293,True,
TURM_04294,DATASET/Image Dataset for Turmeric Plant Leaf Disease Detection.zip#Image Dataset for Turmeric Plant Leaf Disease Detection/Original DataSet/Leaf_Spot/leaf_spot_(38).jpg,Image Dataset for Turmeric Plant Leaf Disease Detection,Leaf_Spot,Leaf Spot,disease,leaf,.jpg,4000,3000,RGB,d2896f29d94863528d6d93e19b5a6df473c65a89ad7e84614af0e69c9db4533c,a4040e0707060404,valid,None,unique,TURM_04294,True,
TURM_04295,DATASET/Image Dataset for Turmeric Plant Leaf Disease Detection.zip#Image Dataset for Turmeric Plant Leaf Disease Detection/Original DataSet/Leaf_Spot/leaf_spot_(39).jpg,Image Dataset for Turmeric Plant Leaf Disease Detection,Leaf_Spot,Leaf Spot,disease,leaf,.jpg,4000,3000,RGB,335ce9fec27635da27eac9997464e52cbc5da34e103e2096fe682d14c21152ac,04040703030f0606,valid,None,unique,TURM_04295,True,
TURM_04296,DATASET/Image Dataset for Turmeric Plant Leaf Disease Detection.zip#Image Dataset for Turmeric Plant Leaf Disease Detection/Original DataSet/Leaf_Spot/leaf_spot_(4).jpg,Image Dataset for Turmeric Plant Leaf Disease Detection,Leaf_Spot,Leaf Spot,disease,leaf,.jpg,4000,3000,RGB,fcae4abca13d2ee50b20d7f281aa2fff026a4c9cc07e3f2d6e738f8e21491176,242404060e0c0084,valid,None,unique,TURM_04296,True,
TURM_04297,DATASET/Image Dataset for Turmeric Plant Leaf Disease Detection.zip#Image Dataset for Turmeric Plant Leaf Disease Detection/Original DataSet/Leaf_Spot/leaf_spot_(40).jpg,Image Dataset for Turmeric Plant Leaf Disease Detection,Leaf_Spot,Leaf Spot,disease,leaf,.jpg,4000,3000,RGB,e0f136f691dd82bf88f5d2cada5f30f866f9d4ae047eb28f31c977d8bd84c4e4,88080707060e0888,valid,None,unique,TURM_04297,True,
TURM_04298,DATASET/Image Dataset for Turmeric Plant Leaf Disease Detection.zip#Image Dataset for Turmeric Plant Leaf Disease Detection/Original DataSet/Leaf_Spot/leaf_spot_(41).jpg,Image Dataset for Turmeric Plant Leaf Disease Detection,Leaf_Spot,Leaf Spot,disease,leaf,.jpg,4000,3000,RGB,1ffe3d8fc10f0e1281b81b0595c259a8fa8573e75fdc20bb9dca99623ccf8ea3,1206070303070510,valid,None,unique,TURM_04298,True,
TURM_04299,DATASET/Image Dataset for Turmeric Plant Leaf Disease Detection.zip#Image Dataset for Turmeric Plant Leaf Disease Detection/Original DataSet/Leaf_Spot/leaf_spot_(42).jpg,Image Dataset for Turmeric Plant Leaf Disease Detection,Leaf_Spot,Leaf Spot,disease,leaf,.jpg,4000,3000,RGB,d0d5b0a614e60558322ea1b2624ea7d78d3fd3f4283621a344ad5153b8d53a02,a405010307072404,valid,None,unique,TURM_04299,True,
TURM_04300,DATASET/Image Dataset for Turmeric Plant Leaf Disease Detection.zip#Image Dataset for Turmeric Plant Leaf Disease Detection/Original DataSet/Leaf_Spot/leaf_spot_(44).jpg,Image Dataset for Turmeric Plant Leaf Disease Detection,Leaf_Spot,Leaf Spot,disease,leaf,.jpg,4000,3000,RGB,a5d959171e29dc06a53e3b56d78cd9251493192f4cb2212895bfa5467bd36073,0206061f0f070606,valid,None,unique,TURM_04300,True,
TURM_04301,DATASET/Image Dataset for Turmeric Plant Leaf Disease Detection.zip#Image Dataset for Turmeric Plant Leaf Disease Detection/Original DataSet/Leaf_Spot/leaf_spot_(43).jpg,Image Dataset for Turmeric Plant Leaf Disease Detection,Leaf_Spot,Leaf Spot,disease,leaf,.jpg,4000,3000,RGB,b5f123965df93f455648d74a6ba0246ecdb5ed73162c24fec1d6f7c51a4ac489,84040703030f040c,valid,None,unique,TURM_04301,True,
TURM_04302,DATASET/Image Dataset for Turmeric Plant Leaf Disease Detection.zip#Image Dataset for Turmeric Plant Leaf Disease Detection/Original DataSet/Leaf_Spot/leaf_spot_(45).jpg,Image Dataset for Turmeric Plant Leaf Disease Detection,Leaf_Spot,Leaf Spot,disease,leaf,.jpg,4000,3000,RGB,ebf54512aaf1a05e298c682dda2a60fb2f287ebdaeb5377f30f0b2e770000eae,28280c1f07070808,valid,None,unique,TURM_04302,True,
TURM_04303,DATASET/Image Dataset for Turmeric Plant Leaf Disease Detection.zip#Image Dataset for Turmeric Plant Leaf Disease Detection/Original DataSet/Leaf_Spot/leaf_spot_(47).jpg,Image Dataset for Turmeric Plant Leaf Disease Detection,Leaf_Spot,Leaf Spot,disease,leaf,.jpg,4000,3000,RGB,fdddbd13eda06fe5502394a72a700c684f51a66e4e78f143efa18609d2c8a256,12031f0f07070100,valid,None,unique,TURM_04303,True,
TURM_04304,DATASET/Image Dataset for Turmeric Plant Leaf Disease Detection.zip#Image Dataset for Turmeric Plant Leaf Disease Detection/Original DataSet/Leaf_Spot/leaf_spot_(46).jpg,Image Dataset for Turmeric Plant Leaf Disease Detection,Leaf_Spot,Leaf Spot,disease,leaf,.jpg,4000,3000,RGB,a3850575610725413684131768493662782954bd3df1616dbd02f72a73a9dca1,f81e0f07070f0f17,valid,None,unique,TURM_04304,True,
TURM_04305,DATASET/Image Dataset for Turmeric Plant Leaf Disease Detection.zip#Image Dataset for Turmeric Plant Leaf Disease Detection/Original DataSet/Leaf_Spot/leaf_spot_(48).jpg,Image Dataset for Turmeric Plant Leaf Disease Detection,Leaf_Spot,Leaf Spot,disease,leaf,.jpg,4000,3000,RGB,f8e33b934293a9633bf19cbd9398683fcfc9ff201df07c3a677439659eabf58b,a4a40f0f1f040404,valid,None,unique,TURM_04305,True,
TURM_04306,DATASET/Image Dataset for Turmeric Plant Leaf Disease Detection.zip#Image Dataset for Turmeric Plant Leaf Disease Detection/Original DataSet/Leaf_Spot/leaf_spot_(49).jpg,Image Dataset for Turmeric Plant Leaf Disease Detection,Leaf_Spot,Leaf Spot,disease,leaf,.jpg,4000,3000,RGB,2f49708dc9e0a1e4fdd4b58df85652fd64acd1c94741dc69d3703bc3b4e7b7b3,0604060f0b070406,valid,None,unique,TURM_04306,True,
TURM_04307,DATASET/Image Dataset for Turmeric Plant Leaf Disease Detection.zip#Image Dataset for Turmeric Plant Leaf Disease Detection/Original DataSet/Leaf_Spot/leaf_spot_(5).jpg,Image Dataset for Turmeric Plant Leaf Disease Detection,Leaf_Spot,Leaf Spot,disease,leaf,.jpg,4000,3000,RGB,4bbce3bb2a090398c01a621b84a0e8d569bd067d41358cf0e2f1c332939569c2,1207070707070301,valid,None,unique,TURM_04307,True,
TURM_04308,DATASET/Image Dataset for Turmeric Plant Leaf Disease Detection.zip#Image Dataset for Turmeric Plant Leaf Disease Detection/Original DataSet/Leaf_Spot/leaf_spot_(50).jpg,Image Dataset for Turmeric Plant Leaf Disease Detection,Leaf_Spot,Leaf Spot,disease,leaf,.jpg,4000,3000,RGB,4d6e90d2f64004a45f14c36ea1a8e831f4dae350c7c263fd447b0ad0e36ffa91,0202161717070706,valid,None,unique,TURM_04308,True,
TURM_04309,DATASET/Image Dataset for Turmeric Plant Leaf Disease Detection.zip#Image Dataset for Turmeric Plant Leaf Disease Detection/Original DataSet/Leaf_Spot/leaf_spot_(56).jpg,Image Dataset for Turmeric Plant Leaf Disease Detection,Leaf_Spot,Leaf Spot,disease,leaf,.jpg,1658,2210,RGB,e23ffa7fae9468efe78f34074df4ce7225bd439514e9987e882b430c8690749f,e8cccccdcdcd8faf,valid,None,unique,TURM_04309,True,
TURM_04310,DATASET/Image Dataset for Turmeric Plant Leaf Disease Detection.zip#Image Dataset for Turmeric Plant Leaf Disease Detection/Original DataSet/Leaf_Spot/leaf_spot_(55).jpg,Image Dataset for Turmeric Plant Leaf Disease Detection,Leaf_Spot,Leaf Spot,disease,leaf,.jpg,4000,3000,RGB,d764fd4f17f96db9bc5b5600bec56347c67c867ba4333481ffe8c1e737b541bf,060406270f0e0e02,valid,None,unique,TURM_04310,True,
TURM_04311,DATASET/Image Dataset for Turmeric Plant Leaf Disease Detection.zip#Image Dataset for Turmeric Plant Leaf Disease Detection/Original DataSet/Leaf_Spot/leaf_spot_(54).jpg,Image Dataset for Turmeric Plant Leaf Disease Detection,Leaf_Spot,Leaf Spot,disease,leaf,.jpg,4000,3000,RGB,71735d4fd4fbc17d73cbb31e1a89eac30390221091ec7837d9c753e9e0fd3486,0605070717070406,valid,None,unique,TURM_04311,True,
TURM_04312,DATASET/Image Dataset for Turmeric Plant Leaf Disease Detection.zip#Image Dataset for Turmeric Plant Leaf Disease Detection/Original DataSet/Leaf_Spot/leaf_spot_(53).jpg,Image Dataset for Turmeric Plant Leaf Disease Detection,Leaf_Spot,Leaf Spot,disease,leaf,.jpg,4000,3000,RGB,44b1a324c5a8ea64b2862de2f2bc0f7054921e62f65e1aa59864a9a9f5472f4b,a4840f1707040404,valid,None,unique,TURM_04312,True,
TURM_04313,DATASET/Image Dataset for Turmeric Plant Leaf Disease Detection.zip#Image Dataset for Turmeric Plant Leaf Disease Detection/Original DataSet/Leaf_Spot/leaf_spot_(52).jpg,Image Dataset for Turmeric Plant Leaf Disease Detection,Leaf_Spot,Leaf Spot,disease,leaf,.jpg,4000,3000,RGB,6a92144f74f33ea49e8d9a14a8e32f5d7d5924389deb74fc5980378b31479f3d,1a0b0f0b1b070310,valid,None,unique,TURM_04313,True,
TURM_04314,DATASET/Image Dataset for Turmeric Plant Leaf Disease Detection.zip#Image Dataset for Turmeric Plant Leaf Disease Detection/Original DataSet/Leaf_Spot/leaf_spot_(51).jpg,Image Dataset for Turmeric Plant Leaf Disease Detection,Leaf_Spot,Leaf Spot,disease,leaf,.jpg,4000,3000,RGB,2ed5014bf72754791262fd4d237e092270ee432951df863442b6559179981450,a8080f0f030f0808,valid,None,unique,TURM_04314,True,
TURM_04315,DATASET/Image Dataset for Turmeric Plant Leaf Disease Detection.zip#Image Dataset for Turmeric Plant Leaf Disease Detection/Original DataSet/Leaf_Spot/leaf_spot_(58).jpg,Image Dataset for Turmeric Plant Leaf Disease Detection,Leaf_Spot,Leaf Spot,disease,leaf,.jpg,4000,3000,RGB,a9d49726d059c9fc910c525a49a2579517f3b018ba72c32492a2abd2483a477e,4848480d0f080888,valid,None,unique,TURM_04315,True,
TURM_04316,DATASET/Image Dataset for Turmeric Plant Leaf Disease Detection.zip#Image Dataset for Turmeric Plant Leaf Disease Detection/Original DataSet/Leaf_Spot/leaf_spot_(57).jpg,Image Dataset for Turmeric Plant Leaf Disease Detection,Leaf_Spot,Leaf Spot,disease,leaf,.jpg,4000,3000,RGB,c02933998a8bf88e2eb60462ad794ab813ebafe840f3b7c36f65ac2ce684d24e,acfa1f0f070f8480,valid,None,unique,TURM_04316,True,
TURM_04317,DATASET/Image Dataset for Turmeric Plant Leaf Disease Detection.zip#Image Dataset for Turmeric Plant Leaf Disease Detection/Original DataSet/Leaf_Spot/leaf_spot_(59).jpg,Image Dataset for Turmeric Plant Leaf Disease Detection,Leaf_Spot,Leaf Spot,disease,leaf,.jpg,4000,3000,RGB,4519019366fb966d53c93e56368053e5e0711b1db062bf2cdf6349068df1c228,1213071707071310,valid,None,unique,TURM_04317,True,
TURM_04318,DATASET/Image Dataset for Turmeric Plant Leaf Disease Detection.zip#Image Dataset for Turmeric Plant Leaf Disease Detection/Original DataSet/Leaf_Spot/leaf_spot_(60).jpg,Image Dataset for Turmeric Plant Leaf Disease Detection,Leaf_Spot,Leaf Spot,disease,leaf,.jpg,4000,3000,RGB,9ce5c88648c049b04125469117173a13c5915123838af0b2ae886552ad5f0634,a424060707040404,valid,None,unique,TURM_04318,True,
TURM_04319,DATASET/Image Dataset for Turmeric Plant Leaf Disease Detection.zip#Image Dataset for Turmeric Plant Leaf Disease Detection/Original DataSet/Leaf_Spot/leaf_spot_(6).jpg,Image Dataset for Turmeric Plant Leaf Disease Detection,Leaf_Spot,Leaf Spot,disease,leaf,.jpg,4000,3000,RGB,edb7ec2b8501d625b8adf58b4a5db761cf162abc6cc1f6f3e3f4480581cdf257,0202060606060606,valid,None,unique,TURM_04319,True,
TURM_04320,DATASET/Image Dataset for Turmeric Plant Leaf Disease Detection.zip#Image Dataset for Turmeric Plant Leaf Disease Detection/Original DataSet/Leaf_Spot/leaf_spot_(61).jpg,Image Dataset for Turmeric Plant Leaf Disease Detection,Leaf_Spot,Leaf Spot,disease,leaf,.jpg,4000,3000,RGB,5e8c53804a059aad2f0032416873635efab167c987534c48c3cf807813fb37a4,0606040707040406,valid,None,unique,TURM_04320,True,
TURM_04321,DATASET/Image Dataset for Turmeric Plant Leaf Disease Detection.zip#Image Dataset for Turmeric Plant Leaf Disease Detection/Original DataSet/Leaf_Spot/leaf_spot_(62).jpg,Image Dataset for Turmeric Plant Leaf Disease Detection,Leaf_Spot,Leaf Spot,disease,leaf,.jpg,4000,3000,RGB,30a518703b8fdec668fb316ff275f4b3c2be74c2609fe33ae2180231b8f58abf,0404040f0b0f0404,valid,None,unique,TURM_04321,True,
TURM_04322,DATASET/Image Dataset for Turmeric Plant Leaf Disease Detection.zip#Image Dataset for Turmeric Plant Leaf Disease Detection/Original DataSet/Leaf_Spot/leaf_spot_(63).jpg,Image Dataset for Turmeric Plant Leaf Disease Detection,Leaf_Spot,Leaf Spot,disease,leaf,.jpg,4000,3000,RGB,6477dd0d1ed7e144ac40921ceafbfabbde0f36c0b7e036d20d448fec8e2b84de,48080f170b0f0888,valid,None,unique,TURM_04322,True,
TURM_04323,DATASET/Image Dataset for Turmeric Plant Leaf Disease Detection.zip#Image Dataset for Turmeric Plant Leaf Disease Detection/Original DataSet/Leaf_Spot/leaf_spot_(7).jpg,Image Dataset for Turmeric Plant Leaf Disease Detection,Leaf_Spot,Leaf Spot,disease,leaf,.jpg,4000,3000,RGB,99918873f908112648bcd4c557366c9156253300324c1bc6b15bdd1f18ce2549,0202020707060404,valid,None,unique,TURM_04323,True,
TURM_04324,DATASET/Image Dataset for Turmeric Plant Leaf Disease Detection.zip#Image Dataset for Turmeric Plant Leaf Disease Detection/Original DataSet/Leaf_Spot/leaf_spot_(67).jpg,Image Dataset for Turmeric Plant Leaf Disease Detection,Leaf_Spot,Leaf Spot,disease,leaf,.jpg,4000,3000,RGB,53e9435d92e6ab01c0a4cd3a5f27626449055ea27c0aec0c1ee65e8b03d3bbbd,020206171f070704,valid,None,unique,TURM_04324,True,
TURM_04325,DATASET/Image Dataset for Turmeric Plant Leaf Disease Detection.zip#Image Dataset for Turmeric Plant Leaf Disease Detection/Original DataSet/Leaf_Spot/leaf_spot_(69).jpg,Image Dataset for Turmeric Plant Leaf Disease Detection,Leaf_Spot,Leaf Spot,disease,leaf,.jpg,4000,3000,RGB,4a02bf0efa9fdb9f2d75a02d3dc051e0739129d78cfcd1fb118cd3a0cd021699,88480e0f0f0e0888,valid,None,unique,TURM_04325,True,
TURM_04326,DATASET/Image Dataset for Turmeric Plant Leaf Disease Detection.zip#Image Dataset for Turmeric Plant Leaf Disease Detection/Original DataSet/Leaf_Spot/leaf_spot_(68).jpg,Image Dataset for Turmeric Plant Leaf Disease Detection,Leaf_Spot,Leaf Spot,disease,leaf,.jpg,4000,3000,RGB,2823bef80d4ca2caa45bebd0a713cce57cd227d1b3893b9039a8131b60ad834d,f0fc0f070f0f0e0e,valid,None,unique,TURM_04326,True,
TURM_04327,DATASET/Image Dataset for Turmeric Plant Leaf Disease Detection.zip#Image Dataset for Turmeric Plant Leaf Disease Detection/Original DataSet/Leaf_Spot/leaf_spot_(65).jpg,Image Dataset for Turmeric Plant Leaf Disease Detection,Leaf_Spot,Leaf Spot,disease,leaf,.jpg,4000,3000,RGB,8eba04af6b5ce0b3043fe6eb68b759e51dea855e4833efd19f3da7aec1f9850a,a4060b0d07040404,valid,None,unique,TURM_04327,True,
TURM_04328,DATASET/Image Dataset for Turmeric Plant Leaf Disease Detection.zip#Image Dataset for Turmeric Plant Leaf Disease Detection/Original DataSet/Leaf_Spot/leaf_spot_(64).jpg,Image Dataset for Turmeric Plant Leaf Disease Detection,Leaf_Spot,Leaf Spot,disease,leaf,.jpg,4000,3000,RGB,9e806acb33f97a54eccc4314d6e5d9a120b25f6ce3d3710efdcb0d02037e24d9,1212070f07070714,valid,None,unique,TURM_04328,True,
TURM_04329,DATASET/Image Dataset for Turmeric Plant Leaf Disease Detection.zip#Image Dataset for Turmeric Plant Leaf Disease Detection/Original DataSet/Leaf_Spot/leaf_spot_(66).jpg,Image Dataset for Turmeric Plant Leaf Disease Detection,Leaf_Spot,Leaf Spot,disease,leaf,.jpg,4000,3000,RGB,90df07873661661f79d8b45ca4a50afd72de8d37b3bdf11e541459ad17d32cbf,06050f0b07040484,valid,None,unique,TURM_04329,True,
TURM_04330,DATASET/Image Dataset for Turmeric Plant Leaf Disease Detection.zip#Image Dataset for Turmeric Plant Leaf Disease Detection/Original DataSet/Leaf_Spot/leaf_spot_(70).jpg,Image Dataset for Turmeric Plant Leaf Disease Detection,Leaf_Spot,Leaf Spot,disease,leaf,.jpg,4000,3000,RGB,e18e91218a62daf1b1a451753241b7071d2c8a01905246e7ba4aa103d81e183c,12171f0f07072710,valid,None,unique,TURM_04330,True,
TURM_04331,DATASET/Image Dataset for Turmeric Plant Leaf Disease Detection.zip#Image Dataset for Turmeric Plant Leaf Disease Detection/Original DataSet/Leaf_Spot/leaf_spot_(71).jpg,Image Dataset for Turmeric Plant Leaf Disease Detection,Leaf_Spot,Leaf Spot,disease,leaf,.jpg,4000,3000,RGB,41e314c43c24e023e890fa186f289bcfd394c7b91851a855d7322138621df3e9,a40e0f070f0c0000,valid,None,unique,TURM_04331,True,
TURM_04332,DATASET/Image Dataset for Turmeric Plant Leaf Disease Detection.zip#Image Dataset for Turmeric Plant Leaf Disease Detection/Original DataSet/Leaf_Spot/leaf_spot_(72).jpg,Image Dataset for Turmeric Plant Leaf Disease Detection,Leaf_Spot,Leaf Spot,disease,leaf,.jpg,4000,3000,RGB,ceea04b51494c9b00db56cc4cbe1a4dc06d6764a8abcbdae748ba8cd9faa9cfc,96160f0707040404,valid,None,unique,TURM_04332,True,
TURM_04333,DATASET/Image Dataset for Turmeric Plant Leaf Disease Detection.zip#Image Dataset for Turmeric Plant Leaf Disease Detection/Original DataSet/Leaf_Spot/leaf_spot_(73).jpg,Image Dataset for Turmeric Plant Leaf Disease Detection,Leaf_Spot,Leaf Spot,disease,leaf,.jpg,4000,3000,RGB,9ac4e64d1c7493f47047c9c861ed74a373b94490f2a9dd3866a2aa5e5b58402d,444e0e030f0e0e0e,valid,None,unique,TURM_04333,True,
TURM_04334,DATASET/Image Dataset for Turmeric Plant Leaf Disease Detection.zip#Image Dataset for Turmeric Plant Leaf Disease Detection/Original DataSet/Leaf_Spot/leaf_spot_(74).jpg,Image Dataset for Turmeric Plant Leaf Disease Detection,Leaf_Spot,Leaf Spot,disease,leaf,.jpg,4000,3000,RGB,08039ad22abb5be6e7faf43257424503fd4074fe463237422fb2a21ef4c02c84,484808170f1c1898,valid,None,unique,TURM_04334,True,
TURM_04335,DATASET/Image Dataset for Turmeric Plant Leaf Disease Detection.zip#Image Dataset for Turmeric Plant Leaf Disease Detection/Original DataSet/Leaf_Spot/leaf_spot_(75).jpg,Image Dataset for Turmeric Plant Leaf Disease Detection,Leaf_Spot,Leaf Spot,disease,leaf,.jpg,4000,3000,RGB,025ad6440ec0541b24c4ccd69f221713b17acbb802743360207aec225e6323ef,26270f0f0f0f2220,valid,None,unique,TURM_04335,True,
TURM_04336,DATASET/Image Dataset for Turmeric Plant Leaf Disease Detection.zip#Image Dataset for Turmeric Plant Leaf Disease Detection/Original DataSet/Leaf_Spot/leaf_spot_(76).jpg,Image Dataset for Turmeric Plant Leaf Disease Detection,Leaf_Spot,Leaf Spot,disease,leaf,.jpg,4000,3000,RGB,612a3a374365783954327ed95953b3c45ae7649cf2cc73cf262ab4ffd5f13c69,a4240f0f1f0c0c0c,valid,None,unique,TURM_04336,True,
TURM_04337,DATASET/Image Dataset for Turmeric Plant Leaf Disease Detection.zip#Image Dataset for Turmeric Plant Leaf Disease Detection/Original DataSet/Leaf_Spot/leaf_spot_(78).jpg,Image Dataset for Turmeric Plant Leaf Disease Detection,Leaf_Spot,Leaf Spot,disease,leaf,.jpg,4000,3000,RGB,d3d8dfaef2d69d028ed05b1e589fec502408221302beb76e06a50dbe04a10498,062626070f0e2e2e,valid,None,unique,TURM_04337,True,
TURM_04338,DATASET/Image Dataset for Turmeric Plant Leaf Disease Detection.zip#Image Dataset for Turmeric Plant Leaf Disease Detection/Original DataSet/Leaf_Spot/leaf_spot_(77).jpg,Image Dataset for Turmeric Plant Leaf Disease Detection,Leaf_Spot,Leaf Spot,disease,leaf,.jpg,4000,3000,RGB,8b37878d52ff654c9cb7653da1558a577702cba5c8b3684d97a5c1dcb68741dd,2604040f0f0e2c0c,valid,None,unique,TURM_04338,True,
TURM_04339,DATASET/Image Dataset for Turmeric Plant Leaf Disease Detection.zip#Image Dataset for Turmeric Plant Leaf Disease Detection/Original DataSet/Leaf_Spot/leaf_spot_(79).jpg,Image Dataset for Turmeric Plant Leaf Disease Detection,Leaf_Spot,Leaf Spot,disease,leaf,.jpg,4000,3000,RGB,cb8af5b255070a1009b307020657c239194d03b705262827f20ea86982cadd40,f8da0e0f0f0c0000,valid,None,unique,TURM_04339,True,
TURM_04340,DATASET/Image Dataset for Turmeric Plant Leaf Disease Detection.zip#Image Dataset for Turmeric Plant Leaf Disease Detection/Original DataSet/Leaf_Spot/leaf_spot_(8).jpg,Image Dataset for Turmeric Plant Leaf Disease Detection,Leaf_Spot,Leaf Spot,disease,leaf,.jpg,4000,3000,RGB,453b88e7ff66883ecc12b70a4272a36aec4ebc6890ab757d239c58af6cac6039,a424240607060002,valid,None,unique,TURM_04340,True,
TURM_04341,DATASET/Image Dataset for Turmeric Plant Leaf Disease Detection.zip#Image Dataset for Turmeric Plant Leaf Disease Detection/Original DataSet/Leaf_Spot/leaf_spot_(80).jpg,Image Dataset for Turmeric Plant Leaf Disease Detection,Leaf_Spot,Leaf Spot,disease,leaf,.jpg,4000,3000,RGB,6bc27c6bd3fd3b520adbf94b026bf39d922746a88a8eb3db94cc51e304443aa4,8808080e0e080808,valid,None,unique,TURM_04341,True,
TURM_04342,DATASET/Image Dataset for Turmeric Plant Leaf Disease Detection.zip#Image Dataset for Turmeric Plant Leaf Disease Detection/Original DataSet/Leaf_Spot/leaf_spot_(81).jpg,Image Dataset for Turmeric Plant Leaf Disease Detection,Leaf_Spot,Leaf Spot,disease,leaf,.jpg,4000,3000,RGB,b716398a681b04e12849acdff1c1c0dd995619860b88ac2fdd168311e64571f0,1217078707072727,valid,None,unique,TURM_04342,True,
TURM_04343,DATASET/Image Dataset for Turmeric Plant Leaf Disease Detection.zip#Image Dataset for Turmeric Plant Leaf Disease Detection/Original DataSet/Leaf_Spot/leaf_spot_(82).jpg,Image Dataset for Turmeric Plant Leaf Disease Detection,Leaf_Spot,Leaf Spot,disease,leaf,.jpg,4000,3000,RGB,299153b0cc37336503e57ce616158425970ab3e28203da62fbf2f9dc0318add2,b434860707060404,valid,None,unique,TURM_04343,True,
TURM_04344,DATASET/Image Dataset for Turmeric Plant Leaf Disease Detection.zip#Image Dataset for Turmeric Plant Leaf Disease Detection/Original DataSet/Leaf_Spot/leaf_spot_(83).jpg,Image Dataset for Turmeric Plant Leaf Disease Detection,Leaf_Spot,Leaf Spot,disease,leaf,.jpg,4000,3000,RGB,2ed9bc62fd7ed9dd77366cf767addbf0a27ec295a545ce4234c4dd6b4bfd01ce,8606048707040404,valid,None,unique,TURM_04344,True,
TURM_04345,DATASET/Image Dataset for Turmeric Plant Leaf Disease Detection.zip#Image Dataset for Turmeric Plant Leaf Disease Detection/Original DataSet/Leaf_Spot/leaf_spot_(84).jpg,Image Dataset for Turmeric Plant Leaf Disease Detection,Leaf_Spot,Leaf Spot,disease,leaf,.jpg,4000,3000,RGB,6159829aa6f1e904e8921ef25312b7fbf8932efba8f0b25d1f3fd49718237eef,0206061e0f0f0604,valid,None,unique,TURM_04345,True,
TURM_04346,DATASET/Image Dataset for Turmeric Plant Leaf Disease Detection.zip#Image Dataset for Turmeric Plant Leaf Disease Detection/Original DataSet/Leaf_Spot/leaf_spot_(85).jpg,Image Dataset for Turmeric Plant Leaf Disease Detection,Leaf_Spot,Leaf Spot,disease,leaf,.jpg,4000,3000,RGB,06f00bfed2b22e4f12c4e36711189c698b96d6ce475bcc9548a1cf1df76e2f9e,a828081e0f0f0808,valid,None,unique,TURM_04346,True,
TURM_04347,DATASET/Image Dataset for Turmeric Plant Leaf Disease Detection.zip#Image Dataset for Turmeric Plant Leaf Disease Detection/Original DataSet/Leaf_Spot/leaf_spot_(87).jpg,Image Dataset for Turmeric Plant Leaf Disease Detection,Leaf_Spot,Leaf Spot,disease,leaf,.jpg,4000,3000,RGB,d10ca27b73207105902fe803f06d20ce2e9548e87b43d9580d6eff3b89a6ff16,a4240f0f0f860404,valid,None,unique,TURM_04347,True,
TURM_04348,DATASET/Image Dataset for Turmeric Plant Leaf Disease Detection.zip#Image Dataset for Turmeric Plant Leaf Disease Detection/Original DataSet/Leaf_Spot/leaf_spot_(86).jpg,Image Dataset for Turmeric Plant Leaf Disease Detection,Leaf_Spot,Leaf Spot,disease,leaf,.jpg,4000,3000,RGB,862f943d0d62ba5b10daf4bd0228e2f4ea7f89362a935ed66637f401874e9708,1a1b0f0f070f0383,valid,None,unique,TURM_04348,True,
TURM_04349,DATASET/Image Dataset for Turmeric Plant Leaf Disease Detection.zip#Image Dataset for Turmeric Plant Leaf Disease Detection/Original DataSet/Leaf_Spot/leaf_spot_(9).jpg,Image Dataset for Turmeric Plant Leaf Disease Detection,Leaf_Spot,Leaf Spot,disease,leaf,.jpg,4000,3000,RGB,311a667edf97beb3e140dafd297b8298ec66c7cf79d3b7ee60347996822b3244,3707070707070325,valid,None,unique,TURM_04349,True,
TURM_04350,DATASET/Image Dataset for Turmeric Plant Leaf Disease Detection.zip#Image Dataset for Turmeric Plant Leaf Disease Detection/Original DataSet/Leaf_Spot/leaf_spot_(88).jpg,Image Dataset for Turmeric Plant Leaf Disease Detection,Leaf_Spot,Leaf Spot,disease,leaf,.jpg,4000,3000,RGB,916d285616873db86dbe48675ffb30f765e0194ad78ea3037a68a683f5c3948c,8607050f070f0484,valid,None,unique,TURM_04350,True,
TURM_04351,DATASET/Image Dataset for Turmeric Plant Leaf Disease Detection.zip#Image Dataset for Turmeric Plant Leaf Disease Detection/Original DataSet/Leaf_Spot/leaf_spot_(89).jpg,Image Dataset for Turmeric Plant Leaf Disease Detection,Leaf_Spot,Leaf Spot,disease,leaf,.jpg,4000,3000,RGB,dfc005f9755e31c8f5d5401d9ffff742c6ec34eb2da52c1cb6525b4004e706ee,04040407070f0404,valid,None,unique,TURM_04351,True,
TURM_04352,DATASET/Image Dataset for Turmeric Plant Leaf Disease Detection.zip#Image Dataset for Turmeric Plant Leaf Disease Detection/Original DataSet/Leaf_Spot/leaf_spot_(90).jpg,Image Dataset for Turmeric Plant Leaf Disease Detection,Leaf_Spot,Leaf Spot,disease,leaf,.jpg,4000,3000,RGB,d6a81e88dfc06aaa3acc53f9d4981a257d241f99591adb91cbfc6cb3f266dcd7,daf21c1d0f1e8898,valid,None,unique,TURM_04352,True,
TURM_04353,DATASET/Image Dataset for Turmeric Plant Leaf Disease Detection.zip#Image Dataset for Turmeric Plant Leaf Disease Detection/Original DataSet/Leaf_Spot/leaf_spot_(91).jpg,Image Dataset for Turmeric Plant Leaf Disease Detection,Leaf_Spot,Leaf Spot,disease,leaf,.jpg,4000,3000,RGB,b6ffa309483ad714a108942bc532c9dad8093513ed95fc9cb52c1baf8164d834,58505003071e0010,valid,None,unique,TURM_04353,True,
TURM_04354,DATASET/Image Dataset for Turmeric Plant Leaf Disease Detection.zip#Image Dataset for Turmeric Plant Leaf Disease Detection/Original DataSet/Leaf_Spot/leaf_spot_(92).jpg,Image Dataset for Turmeric Plant Leaf Disease Detection,Leaf_Spot,Leaf Spot,disease,leaf,.jpg,4000,3000,RGB,e5749ed5d21ddaf8a70516c1b7fefb4072644ab25553e6023a34040038395605,1217070707072311,valid,None,unique,TURM_04354,True,
TURM_04355,DATASET/Image Dataset for Turmeric Plant Leaf Disease Detection.zip#Image Dataset for Turmeric Plant Leaf Disease Detection/Original DataSet/Leaf_Spot/leaf_spot_(93).jpg,Image Dataset for Turmeric Plant Leaf Disease Detection,Leaf_Spot,Leaf Spot,disease,leaf,.jpg,4000,3000,RGB,67dded1cff99464eb91a2cb35f10c680b8abb5cb972cd0045237ac9a26637d9a,a4240d0f0f0c0c0c,valid,None,unique,TURM_04355,True,
TURM_04356,DATASET/Image Dataset for Turmeric Plant Leaf Disease Detection.zip#Image Dataset for Turmeric Plant Leaf Disease Detection/Original DataSet/Leaf_Spot/leaf_spot_(94).jpg,Image Dataset for Turmeric Plant Leaf Disease Detection,Leaf_Spot,Leaf Spot,disease,leaf,.jpg,4000,3000,RGB,5e74e29ff75950b9e20289300d9ae41b074da25948e3315c40517510edbf3e7b,2624050f070f0c0c,valid,None,unique,TURM_04356,True,
TURM_04357,DATASET/Image Dataset for Turmeric Plant Leaf Disease Detection.zip#Image Dataset for Turmeric Plant Leaf Disease Detection/Original DataSet/Leaf_Spot/leaf_spot_(95).jpg,Image Dataset for Turmeric Plant Leaf Disease Detection,Leaf_Spot,Leaf Spot,disease,leaf,.jpg,4000,3000,RGB,0ba495c7c67be0b461e6c37d924ccbbda6f631f3890b4f634ea6b982b3867d79,0626060707060706,valid,None,unique,TURM_04357,True,
TURM_04358,DATASET/Image Dataset for Turmeric Plant Leaf Disease Detection.zip#Image Dataset for Turmeric Plant Leaf Disease Detection/Original DataSet/Leaf_Spot/leaf_spot_(96).jpg,Image Dataset for Turmeric Plant Leaf Disease Detection,Leaf_Spot,Leaf Spot,disease,leaf,.jpg,4000,3000,RGB,847fc225a961ae99fd8e4524d767d83c4c3c87488d3ca2f343cf7f838a002cc5,4848081c0e080818,valid,None,unique,TURM_04358,True,
TURM_04359,DATASET/Image Dataset for Turmeric Plant Leaf Disease Detection.zip#Image Dataset for Turmeric Plant Leaf Disease Detection/Original DataSet/Leaf_Spot/leaf_spot_(99).jpg,Image Dataset for Turmeric Plant Leaf Disease Detection,Leaf_Spot,Leaf Spot,disease,leaf,.jpg,4000,3000,RGB,ecde4f90c3bb525dc0b7822e104f18a34ebd4b3289889365609732be7f6110e0,2626070707040606,valid,None,unique,TURM_04359,True,
TURM_04360,DATASET/Image Dataset for Turmeric Plant Leaf Disease Detection.zip#Image Dataset for Turmeric Plant Leaf Disease Detection/Original DataSet/Leaf_Spot/leaf_spot_(98).jpg,Image Dataset for Turmeric Plant Leaf Disease Detection,Leaf_Spot,Leaf Spot,disease,leaf,.jpg,4000,3000,RGB,02eae9c87d40a5adfef9929935628a76944d4ccfd5f0a41149e0d61b46de6c5c,a4a40e0707070604,valid,None,unique,TURM_04360,True,
TURM_04361,DATASET/Image Dataset for Turmeric Plant Leaf Disease Detection.zip#Image Dataset for Turmeric Plant Leaf Disease Detection/Original DataSet/Leaf_Spot/leaf_spot_(97).jpg,Image Dataset for Turmeric Plant Leaf Disease Detection,Leaf_Spot,Leaf Spot,disease,leaf,.jpg,4000,3000,RGB,bca0432352e2ca6db78d0866d7fb1c74d4f139a0a0684d244cdfdf0fe45e94db,26261e0f060e46e6,valid,None,unique,TURM_04361,True,
TURM_04362,DATASET/Turmeric Plant Disease Dataset Advancing AI for Agricultural Sustainability.zip#Turmeric Plant Disease Dataset Advancing AI for Agricultural Sustainability/Turmeric Plant Disease.zip#Turmeric Plant Disease/Dry Leaf/Dry Leaf00001.JPG,Turmeric Plant Disease Dataset Advancing AI (Original),Dry Leaf,Dry Leaf,deficiency_or_stress,leaf,.jpg,1000,1000,RGB,e1c589a5298a3e87c82dc61d7eef4155df59d1d6158bf5c49ce3fa36d803a09c,f1f3e7cf8f0f0f0f,valid,TURM_DUP_0001,canonical,TURM_04362,True,
TURM_04363,DATASET/Turmeric Plant Disease Dataset Advancing AI for Agricultural Sustainability.zip#Turmeric Plant Disease Dataset Advancing AI for Agricultural Sustainability/Turmeric Plant Disease.zip#Turmeric Plant Disease/Dry Leaf/Dry Leaf00002.JPG,Turmeric Plant Disease Dataset Advancing AI (Original),Dry Leaf,Dry Leaf,deficiency_or_stress,leaf,.jpg,1000,1000,RGB,89039c16afc43f3ff6dee9f8998e80d1a58406b238029cabce8aee386c8da719,f9e3e7cf1f1f3f3f,valid,TURM_DUP_0002,canonical,TURM_04363,True,
TURM_04364,DATASET/Turmeric Plant Disease Dataset Advancing AI for Agricultural Sustainability.zip#Turmeric Plant Disease Dataset Advancing AI for Agricultural Sustainability/Turmeric Plant Disease.zip#Turmeric Plant Disease/Dry Leaf/Dry Leaf00003.JPG,Turmeric Plant Disease Dataset Advancing AI (Original),Dry Leaf,Dry Leaf,deficiency_or_stress,leaf,.jpg,1000,1000,RGB,e38e702cf5ea44692a397b15eb93601b4648eae165dff7bf2fdd89a7893ebac1,c3c7c68e1e0f0f1f,valid,TURM_DUP_0003,canonical,TURM_04364,True,
TURM_04365,DATASET/Turmeric Plant Disease Dataset Advancing AI for Agricultural Sustainability.zip#Turmeric Plant Disease Dataset Advancing AI for Agricultural Sustainability/Turmeric Plant Disease.zip#Turmeric Plant Disease/Dry Leaf/Dry Leaf00004.JPG,Turmeric Plant Disease Dataset Advancing AI (Original),Dry Leaf,Dry Leaf,deficiency_or_stress,leaf,.jpg,1000,1000,RGB,b3a1ec1b66cd1b13d6e2e908e0a6a9c6b37b786e85d4e57e70fa721945950f4f,9c98911b3fff6ecf,valid,TURM_DUP_0004,canonical,TURM_04365,True,
TURM_04366,DATASET/Turmeric Plant Disease Dataset Advancing AI for Agricultural Sustainability.zip#Turmeric Plant Disease Dataset Advancing AI for Agricultural Sustainability/Turmeric Plant Disease.zip#Turmeric Plant Disease/Dry Leaf/Dry Leaf00005.JPG,Turmeric Plant Disease Dataset Advancing AI (Original),Dry Leaf,Dry Leaf,deficiency_or_stress,leaf,.jpg,1000,1000,RGB,567a5b56c67ab0820a09da70d1674f0af096985e81b9ad87c47b931b64025cb7,01071f3e3cfee0e0,valid,TURM_DUP_0005,canonical,TURM_04366,True,
TURM_04367,DATASET/Turmeric Plant Disease Dataset Advancing AI for Agricultural Sustainability.zip#Turmeric Plant Disease Dataset Advancing AI for Agricultural Sustainability/Turmeric Plant Disease.zip#Turmeric Plant Disease/Dry Leaf/Dry Leaf00006.JPG,Turmeric Plant Disease Dataset Advancing AI (Original),Dry Leaf,Dry Leaf,deficiency_or_stress,leaf,.jpg,1000,1000,RGB,57b8547dff8490f74dafb5c3b24eae39a3e32bc822353c0bbd89cee6aae2379c,c000171ef8c10c0c,valid,TURM_DUP_0006,canonical,TURM_04367,True,
TURM_04368,DATASET/Turmeric Plant Disease Dataset Advancing AI for Agricultural Sustainability.zip#Turmeric Plant Disease Dataset Advancing AI for Agricultural Sustainability/Turmeric Plant Disease.zip#Turmeric Plant Disease/Dry Leaf/Dry Leaf00007.JPG,Turmeric Plant Disease Dataset Advancing AI (Original),Dry Leaf,Dry Leaf,deficiency_or_stress,leaf,.jpg,1000,1000,RGB,01662264b5fcf8943ea072b3bfb2432109fad192a2b7a015cc99164512bf645a,d0d3071f3dfcf3e0,valid,TURM_DUP_0007,canonical,TURM_04368,True,
TURM_04369,DATASET/Turmeric Plant Disease Dataset Advancing AI for Agricultural Sustainability.zip#Turmeric Plant Disease Dataset Advancing AI for Agricultural Sustainability/Turmeric Plant Disease.zip#Turmeric Plant Disease/Dry Leaf/Dry Leaf00008.JPG,Turmeric Plant Disease Dataset Advancing AI (Original),Dry Leaf,Dry Leaf,deficiency_or_stress,leaf,.jpg,1000,1000,RGB,e184c8cb7eb8585bfcbbbda7c194ae3df12eef72425f8844450ed7d12360a455,10c1471f7cfef1c8,valid,TURM_DUP_0008,canonical,TURM_04369,True,
TURM_04370,DATASET/Turmeric Plant Disease Dataset Advancing AI for Agricultural Sustainability.zip#Turmeric Plant Disease Dataset Advancing AI for Agricultural Sustainability/Turmeric Plant Disease.zip#Turmeric Plant Disease/Dry Leaf/Dry Leaf00009.JPG,Turmeric Plant Disease Dataset Advancing AI (Original),Dry Leaf,Dry Leaf,deficiency_or_stress,leaf,.jpg,1000,1000,RGB,612d8da160eaee6be9b8de9ff60ea63b8620eef75efd531b8f27aa79c2d469ee,1d19010383071f97,valid,TURM_DUP_0009,canonical,TURM_04370,True,
TURM_04371,DATASET/Turmeric Plant Disease Dataset Advancing AI for Agricultural Sustainability.zip#Turmeric Plant Disease Dataset Advancing AI for Agricultural Sustainability/Turmeric Plant Disease.zip#Turmeric Plant Disease/Dry Leaf/Dry Leaf00010.JPG,Turmeric Plant Disease Dataset Advancing AI (Original),Dry Leaf,Dry Leaf,deficiency_or_stress,leaf,.jpg,1000,1000,RGB,5b5bb6467d6edf8ee4f941dc057cad4c0753833fec7761b431fb27543026dcc5,3c1c1f1f1f0f1c1c,valid,TURM_DUP_0010,canonical,TURM_04371,True,
TURM_04372,DATASET/Turmeric Plant Disease Dataset Advancing AI for Agricultural Sustainability.zip#Turmeric Plant Disease Dataset Advancing AI for Agricultural Sustainability/Turmeric Plant Disease.zip#Turmeric Plant Disease/Dry Leaf/Dry Leaf00011.JPG,Turmeric Plant Disease Dataset Advancing AI (Original),Dry Leaf,Dry Leaf,deficiency_or_stress,leaf,.jpg,1000,1000,RGB,0b01ed2c687b7c3e7a83b4a7aebae54a1b47705714dee6fc9f2cc383d3474a4e,181f2f6fffffdfdf,valid,TURM_DUP_0011,canonical,TURM_04372,True,
TURM_04373,DATASET/Turmeric Plant Disease Dataset Advancing AI for Agricultural Sustainability.zip#Turmeric Plant Disease Dataset Advancing AI for Agricultural Sustainability/Turmeric Plant Disease.zip#Turmeric Plant Disease/Dry Leaf/Dry Leaf00012.JPG,Turmeric Plant Disease Dataset Advancing AI (Original),Dry Leaf,Dry Leaf,deficiency_or_stress,leaf,.jpg,1000,1000,RGB,4c0801063a28bfb166f77969086d85970450c14005102d19a9f93b30e638ab86,cc8e9f1f1b198c87,valid,TURM_DUP_0012,canonical,TURM_04373,True,
TURM_04374,DATASET/Turmeric Plant Disease Dataset Advancing AI for Agricultural Sustainability.zip#Turmeric Plant Disease Dataset Advancing AI for Agricultural Sustainability/Turmeric Plant Disease.zip#Turmeric Plant Disease/Dry Leaf/Dry Leaf00013.JPG,Turmeric Plant Disease Dataset Advancing AI (Original),Dry Leaf,Dry Leaf,deficiency_or_stress,leaf,.jpg,1000,1000,RGB,0a12bc3b59ee19bc4e81ded84783cabec7de90a686d419fb5d354a0403f23259,cc4c2c0401071f7f,valid,TURM_DUP_0013,canonical,TURM_04374,True,
TURM_04375,DATASET/Turmeric Plant Disease Dataset Advancing AI for Agricultural Sustainability.zip#Turmeric Plant Disease Dataset Advancing AI for Agricultural Sustainability/Turmeric Plant Disease.zip#Turmeric Plant Disease/Dry Leaf/Dry Leaf00014.JPG,Turmeric Plant Disease Dataset Advancing AI (Original),Dry Leaf,Dry Leaf,deficiency_or_stress,leaf,.jpg,1000,1000,RGB,6919478e025f8d265f27bd9c3394f214c8c894711039a0d54ec746dfbc928816,c1c3878e9c1d3f3f,valid,TURM_DUP_0014,canonical,TURM_04375,True,
TURM_04376,DATASET/Turmeric Plant Disease Dataset Advancing AI for Agricultural Sustainability.zip#Turmeric Plant Disease Dataset Advancing AI for Agricultural Sustainability/Turmeric Plant Disease.zip#Turmeric Plant Disease/Dry Leaf/Dry Leaf00015.JPG,Turmeric Plant Disease Dataset Advancing AI (Original),Dry Leaf,Dry Leaf,deficiency_or_stress,leaf,.jpg,1000,1000,RGB,a98ad8ba864da5d154bed9fc5568a9cf9afa9604b99dfeb1d7c6ade0981463b2,34060607070f0f1e,valid,TURM_DUP_0015,canonical,TURM_04376,True,
TURM_04377,DATASET/Turmeric Plant Disease Dataset Advancing AI for Agricultural Sustainability.zip#Turmeric Plant Disease Dataset Advancing AI for Agricultural Sustainability/Turmeric Plant Disease.zip#Turmeric Plant Disease/Dry Leaf/Dry Leaf00016.JPG,Turmeric Plant Disease Dataset Advancing AI (Original),Dry Leaf,Dry Leaf,deficiency_or_stress,leaf,.jpg,1000,1000,RGB,cd080caf346f38e2ce4a45fc7ecf797d8612ade0ef94f5e720d33c3c8055e8e9,301018180107cffe,valid,TURM_DUP_0016,canonical,TURM_04377,True,
TURM_04378,DATASET/Turmeric Plant Disease Dataset Advancing AI for Agricultural Sustainability.zip#Turmeric Plant Disease Dataset Advancing AI for Agricultural Sustainability/Turmeric Plant Disease.zip#Turmeric Plant Disease/Dry Leaf/Dry Leaf00017.JPG,Turmeric Plant Disease Dataset Advancing AI (Original),Dry Leaf,Dry Leaf,deficiency_or_stress,leaf,.jpg,1000,1000,RGB,ed54120ede7edce786fa82474bb632f107843e14ba2eebf9b578aa44c1ae7789,200c0f0f1ebefefc,valid,TURM_DUP_0017,canonical,TURM_04378,True,
TURM_04379,DATASET/Turmeric Plant Disease Dataset Advancing AI for Agricultural Sustainability.zip#Turmeric Plant Disease Dataset Advancing AI for Agricultural Sustainability/Turmeric Plant Disease.zip#Turmeric Plant Disease/Dry Leaf/Dry Leaf00018.JPG,Turmeric Plant Disease Dataset Advancing AI (Original),Dry Leaf,Dry Leaf,deficiency_or_stress,leaf,.jpg,1000,1000,RGB,a07c78da944b04c77800b3743b3ba52147df26e1808bc7d45b6310466782bc3f,0807070f4f5f7e76,valid,TURM_DUP_0018,canonical,TURM_04379,True,
TURM_04380,DATASET/Turmeric Plant Disease Dataset Advancing AI for Agricultural Sustainability.zip#Turmeric Plant Disease Dataset Advancing AI for Agricultural Sustainability/Turmeric Plant Disease.zip#Turmeric Plant Disease/Dry Leaf/Dry Leaf00019.JPG,Turmeric Plant Disease Dataset Advancing AI (Original),Dry Leaf,Dry Leaf,deficiency_or_stress,leaf,.jpg,1000,1000,RGB,8689c51d396962722efb39c23f5211fe7b8a5fdf01e853ab6ccf69dfb8ad930c,1119030303879efc,valid,TURM_DUP_0019,canonical,TURM_04380,True,
TURM_04381,DATASET/Turmeric Plant Disease Dataset Advancing AI for Agricultural Sustainability.zip#Turmeric Plant Disease Dataset Advancing AI for Agricultural Sustainability/Turmeric Plant Disease.zip#Turmeric Plant Disease/Dry Leaf/Dry Leaf00020.JPG,Turmeric Plant Disease Dataset Advancing AI (Original),Dry Leaf,Dry Leaf,deficiency_or_stress,leaf,.jpg,1000,1000,RGB,5d3e1f8c3a0b4978ce154a814d2fbecf2f2fff851b634549f89b00763e94546e,30111007173f7ffd,valid,TURM_DUP_0020,canonical,TURM_04381,True,
TURM_04382,DATASET/Turmeric Plant Disease Dataset Advancing AI for Agricultural Sustainability.zip#Turmeric Plant Disease Dataset Advancing AI for Agricultural Sustainability/Turmeric Plant Disease.zip#Turmeric Plant Disease/Dry Leaf/Dry Leaf00021.JPG,Turmeric Plant Disease Dataset Advancing AI (Original),Dry Leaf,Dry Leaf,deficiency_or_stress,leaf,.jpg,1000,1000,RGB,80b07af320ce31e8a146fc8c36d40920359a994dbb7ce32c5c787d0e269bb363,080c0607277dfae3,valid,TURM_DUP_0021,canonical,TURM_04382,True,
TURM_04383,DATASET/Turmeric Plant Disease Dataset Advancing AI for Agricultural Sustainability.zip#Turmeric Plant Disease Dataset Advancing AI for Agricultural Sustainability/Turmeric Plant Disease.zip#Turmeric Plant Disease/Dry Leaf/Dry Leaf00022.JPG,Turmeric Plant Disease Dataset Advancing AI (Original),Dry Leaf,Dry Leaf,deficiency_or_stress,leaf,.jpg,1000,1000,RGB,4633a3bf729d969e35a50238e5377ebbe1e2bb6e0d808db6abb9b1ac71f8e4f0,22211001073f73e1,valid,TURM_DUP_0022,canonical,TURM_04383,True,
TURM_04384,DATASET/Turmeric Plant Disease Dataset Advancing AI for Agricultural Sustainability.zip#Turmeric Plant Disease Dataset Advancing AI for Agricultural Sustainability/Turmeric Plant Disease.zip#Turmeric Plant Disease/Dry Leaf/Dry Leaf00023.JPG,Turmeric Plant Disease Dataset Advancing AI (Original),Dry Leaf,Dry Leaf,deficiency_or_stress,leaf,.jpg,1000,1000,RGB,c5c842e23075cf1d7f635e7b91eeb0d4581960cf85b77eb65e0e23551d42e8e4,0c04000f2dfefdf0,valid,TURM_DUP_0023,canonical,TURM_04384,True,
TURM_04385,DATASET/Turmeric Plant Disease Dataset Advancing AI for Agricultural Sustainability.zip#Turmeric Plant Disease Dataset Advancing AI for Agricultural Sustainability/Turmeric Plant Disease.zip#Turmeric Plant Disease/Dry Leaf/Dry Leaf00024.JPG,Turmeric Plant Disease Dataset Advancing AI (Original),Dry Leaf,Dry Leaf,deficiency_or_stress,leaf,.jpg,1000,1000,RGB,80c36be4a6b786cc1ab41db4aa24441b423a67e27b1595bb6c954a123cf606fc,180803060e3d3830,valid,TURM_DUP_0024,canonical,TURM_04385,True,
TURM_04386,DATASET/Turmeric Plant Disease Dataset Advancing AI for Agricultural Sustainability.zip#Turmeric Plant Disease Dataset Advancing AI for Agricultural Sustainability/Turmeric Plant Disease.zip#Turmeric Plant Disease/Dry Leaf/Dry Leaf00025.JPG,Turmeric Plant Disease Dataset Advancing AI (Original),Dry Leaf,Dry Leaf,deficiency_or_stress,leaf,.jpg,1000,1000,RGB,ce0e5556fb1c7b06eed131b51019a29a5080d826748e0c91a71039fad193fbb6,07868e1f1c183838,valid,TURM_DUP_0025,canonical,TURM_04386,True,
TURM_04387,DATASET/Turmeric Plant Disease Dataset Advancing AI for Agricultural Sustainability.zip#Turmeric Plant Disease Dataset Advancing AI for Agricultural Sustainability/Turmeric Plant Disease.zip#Turmeric Plant Disease/Dry Leaf/Dry Leaf00026.JPG,Turmeric Plant Disease Dataset Advancing AI (Original),Dry Leaf,Dry Leaf,deficiency_or_stress,leaf,.jpg,1000,1000,RGB,67204ade266c7b09ba68ebadf730ab929a5ca0efc4a204253e1b1e860779f077,1e0c0f0f0f0f0f0f,valid,TURM_DUP_0026,canonical,TURM_04387,True,
TURM_04388,DATASET/Turmeric Plant Disease Dataset Advancing AI for Agricultural Sustainability.zip#Turmeric Plant Disease Dataset Advancing AI for Agricultural Sustainability/Turmeric Plant Disease.zip#Turmeric Plant Disease/Dry Leaf/Dry Leaf00027.JPG,Turmeric Plant Disease Dataset Advancing AI (Original),Dry Leaf,Dry Leaf,deficiency_or_stress,leaf,.jpg,1000,1000,RGB,b421f183077cbe7ef9ac13ffffc418af34d0432052cd2576a19286379acb4c5b,0e0f0f0f0f1f1f3d,valid,TURM_DUP_0027,canonical,TURM_04388,True,
TURM_04389,DATASET/Turmeric Plant Disease Dataset Advancing AI for Agricultural Sustainability.zip#Turmeric Plant Disease Dataset Advancing AI for Agricultural Sustainability/Turmeric Plant Disease.zip#Turmeric Plant Disease/Dry Leaf/Dry Leaf00028.JPG,Turmeric Plant Disease Dataset Advancing AI (Original),Dry Leaf,Dry Leaf,deficiency_or_stress,leaf,.jpg,1000,1000,RGB,41676632da3910ba41f2a032a1adc49475dd702bd821d6c90fad16c4bb6c6d7f,e5cdcf9d9c1c1c9e,valid,TURM_DUP_0028,canonical,TURM_04389,True,
TURM_04390,DATASET/Turmeric Plant Disease Dataset Advancing AI for Agricultural Sustainability.zip#Turmeric Plant Disease Dataset Advancing AI for Agricultural Sustainability/Turmeric Plant Disease.zip#Turmeric Plant Disease/Dry Leaf/Dry Leaf00029.JPG,Turmeric Plant Disease Dataset Advancing AI (Original),Dry Leaf,Dry Leaf,deficiency_or_stress,leaf,.jpg,1000,1000,RGB,9d31dfae0e60555e4a0a8efec5048c5844c7c0d18478f50d3459b80812e48636,e5cdcf9d9c1e1e9e,valid,TURM_DUP_0029,canonical,TURM_04390,True,
TURM_04391,DATASET/Turmeric Plant Disease Dataset Advancing AI for Agricultural Sustainability.zip#Turmeric Plant Disease Dataset Advancing AI for Agricultural Sustainability/Turmeric Plant Disease.zip#Turmeric Plant Disease/Dry Leaf/Dry Leaf00030.JPG,Turmeric Plant Disease Dataset Advancing AI (Original),Dry Leaf,Dry Leaf,deficiency_or_stress,leaf,.jpg,1000,1000,RGB,886c56a8f23a5f3632a407e116e67d98c2f90de59de7d559d428fa971544a98e,f362676f4f1e3e38,valid,TURM_DUP_0030,canonical,TURM_04391,True,
TURM_04392,DATASET/Turmeric Plant Disease Dataset Advancing AI for Agricultural Sustainability.zip#Turmeric Plant Disease Dataset Advancing AI for Agricultural Sustainability/Turmeric Plant Disease.zip#Turmeric Plant Disease/Dry Leaf/Dry Leaf00031.JPG,Turmeric Plant Disease Dataset Advancing AI (Original),Dry Leaf,Dry Leaf,deficiency_or_stress,leaf,.jpg,1000,1000,RGB,7788904eb1c7fc7e6c0dbfd5a4fc9e4589878a01fbbc51cae794175671e7ffbf,6e2e38181c0cce8e,valid,TURM_DUP_0031,canonical,TURM_04392,True,
TURM_04393,DATASET/Turmeric Plant Disease Dataset Advancing AI for Agricultural Sustainability.zip#Turmeric Plant Disease Dataset Advancing AI for Agricultural Sustainability/Turmeric Plant Disease.zip#Turmeric Plant Disease/Dry Leaf/Dry Leaf00032.JPG,Turmeric Plant Disease Dataset Advancing AI (Original),Dry Leaf,Dry Leaf,deficiency_or_stress,leaf,.jpg,1000,1000,RGB,81dcd23e45f36cfcac69cc1a6875ae644556185025de3a1f371e41f84a1a4530,e56767474e1e1c1f,valid,TURM_DUP_0032,canonical,TURM_04393,True,
TURM_04394,DATASET/Turmeric Plant Disease Dataset Advancing AI for Agricultural Sustainability.zip#Turmeric Plant Disease Dataset Advancing AI for Agricultural Sustainability/Turmeric Plant Disease.zip#Turmeric Plant Disease/Dry Leaf/Dry Leaf00033.JPG,Turmeric Plant Disease Dataset Advancing AI (Original),Dry Leaf,Dry Leaf,deficiency_or_stress,leaf,.jpg,1000,1000,RGB,8873fc51e69da80e8a776d2f3b534bd1e7c2c50ae7b8692dcaf894f2ae88142e,e2e441177efce4ec,valid,TURM_DUP_0033,canonical,TURM_04394,True,
TURM_04395,DATASET/Turmeric Plant Disease Dataset Advancing AI for Agricultural Sustainability.zip#Turmeric Plant Disease Dataset Advancing AI for Agricultural Sustainability/Turmeric Plant Disease.zip#Turmeric Plant Disease/Dry Leaf/Dry Leaf00034.JPG,Turmeric Plant Disease Dataset Advancing AI (Original),Dry Leaf,Dry Leaf,deficiency_or_stress,leaf,.jpg,1000,1000,RGB,58ce23ea4c9e76713228cf326aa4290e5971a524592e37c0c7a9b7e5d3db9d1d,9a1c0e0606c68e9c,valid,TURM_DUP_0034,canonical,TURM_04395,True,
TURM_04396,DATASET/Turmeric Plant Disease Dataset Advancing AI for Agricultural Sustainability.zip#Turmeric Plant Disease Dataset Advancing AI for Agricultural Sustainability/Turmeric Plant Disease.zip#Turmeric Plant Disease/Dry Leaf/Dry Leaf00035.JPG,Turmeric Plant Disease Dataset Advancing AI (Original),Dry Leaf,Dry Leaf,deficiency_or_stress,leaf,.jpg,1000,1000,RGB,3caa2b9b0f46c1540a322f1db3ab17ae58a15db8e1bb8312730ec49e0eae0634,ebc78f8f9f1d3878,valid,TURM_DUP_0035,canonical,TURM_04396,True,
TURM_04397,DATASET/Turmeric Plant Disease Dataset Advancing AI for Agricultural Sustainability.zip#Turmeric Plant Disease Dataset Advancing AI for Agricultural Sustainability/Turmeric Plant Disease.zip#Turmeric Plant Disease/Dry Leaf/Dry Leaf00036.JPG,Turmeric Plant Disease Dataset Advancing AI (Original),Dry Leaf,Dry Leaf,deficiency_or_stress,leaf,.jpg,1000,1000,RGB,c8d7a02e7c914e3c5c75785b213286f6446f9fc1d44a0987249022a2cd1afbc5,9dc7c7c7c3838786,valid,TURM_DUP_0036,canonical,TURM_04397,True,
TURM_04398,DATASET/Turmeric Plant Disease Dataset Advancing AI for Agricultural Sustainability.zip#Turmeric Plant Disease Dataset Advancing AI for Agricultural Sustainability/Turmeric Plant Disease.zip#Turmeric Plant Disease/Dry Leaf/Dry Leaf00037.JPG,Turmeric Plant Disease Dataset Advancing AI (Original),Dry Leaf,Dry Leaf,deficiency_or_stress,leaf,.jpg,1000,1000,RGB,7a9ce8208cba75d7f70f2d013cc3e31aa2c864567ee9309e0b715a050f6c11ae,e74747c70e3e74e6,valid,TURM_DUP_0037,canonical,TURM_04398,True,
TURM_04399,DATASET/Turmeric Plant Disease Dataset Advancing AI for Agricultural Sustainability.zip#Turmeric Plant Disease Dataset Advancing AI for Agricultural Sustainability/Turmeric Plant Disease.zip#Turmeric Plant Disease/Dry Leaf/Dry Leaf00038.JPG,Turmeric Plant Disease Dataset Advancing AI (Original),Dry Leaf,Dry Leaf,deficiency_or_stress,leaf,.jpg,1000,1000,RGB,8de0c82821b424e0dcb5f7f7f94f9cf28de9be2cd6d5351a3d237b60ede72f75,e41e1a0e0c1c1d0d,valid,TURM_DUP_0038,canonical,TURM_04399,True,
TURM_04400,DATASET/Turmeric Plant Disease Dataset Advancing AI for Agricultural Sustainability.zip#Turmeric Plant Disease Dataset Advancing AI for Agricultural Sustainability/Turmeric Plant Disease.zip#Turmeric Plant Disease/Dry Leaf/Dry Leaf00039.JPG,Turmeric Plant Disease Dataset Advancing AI (Original),Dry Leaf,Dry Leaf,deficiency_or_stress,leaf,.jpg,1000,1000,RGB,5ecfa33d70749e3d210493df50c054c9b6dad951b542c285a4df7aaca5689b34,7f333b191f13613f,valid,TURM_DUP_0039,canonical,TURM_04400,True,
TURM_04401,DATASET/Turmeric Plant Disease Dataset Advancing AI for Agricultural Sustainability.zip#Turmeric Plant Disease Dataset Advancing AI for Agricultural Sustainability/Turmeric Plant Disease.zip#Turmeric Plant Disease/Dry Leaf/Dry Leaf00040.JPG,Turmeric Plant Disease Dataset Advancing AI (Original),Dry Leaf,Dry Leaf,deficiency_or_stress,leaf,.jpg,1000,1000,RGB,7215190d17b080940f9e079acc55a3581e0050cfb21dc019ab8c1849fae3d8ca,8f8f1f383038383c,valid,TURM_DUP_0040,canonical,TURM_04401,True,
TURM_04402,DATASET/Turmeric Plant Disease Dataset Advancing AI for Agricultural Sustainability.zip#Turmeric Plant Disease Dataset Advancing AI for Agricultural Sustainability/Turmeric Plant Disease.zip#Turmeric Plant Disease/Dry Leaf/Dry Leaf00041.JPG,Turmeric Plant Disease Dataset Advancing AI (Original),Dry Leaf,Dry Leaf,deficiency_or_stress,leaf,.jpg,1000,1000,RGB,c7271ce442c0a9d589614d7da286a68bbfb39243fea32e7ba225370dd952edc7,511d9c1c0e0f8f8f,valid,TURM_DUP_0041,canonical,TURM_04402,True,
TURM_04403,DATASET/Turmeric Plant Disease Dataset Advancing AI for Agricultural Sustainability.zip#Turmeric Plant Disease Dataset Advancing AI for Agricultural Sustainability/Turmeric Plant Disease.zip#Turmeric Plant Disease/Dry Leaf/Dry Leaf00042.JPG,Turmeric Plant Disease Dataset Advancing AI (Original),Dry Leaf,Dry Leaf,deficiency_or_stress,leaf,.jpg,1000,1000,RGB,6a06a08ef37666473942aa22d6034784644e704534e4aa21695fcba49d8db053,24351c1c0e0f1f1f,valid,TURM_DUP_0042,canonical,TURM_04403,True,
TURM_04404,DATASET/Turmeric Plant Disease Dataset Advancing AI for Agricultural Sustainability.zip#Turmeric Plant Disease Dataset Advancing AI for Agricultural Sustainability/Turmeric Plant Disease.zip#Turmeric Plant Disease/Dry Leaf/Dry Leaf00043.JPG,Turmeric Plant Disease Dataset Advancing AI (Original),Dry Leaf,Dry Leaf,deficiency_or_stress,leaf,.jpg,1000,1000,RGB,85ca35f300b9312458cc94df1b1cfd09327afbfa6195ba11f869c2277da90d32,674f4f9f99303133,valid,TURM_DUP_0043,canonical,TURM_04404,True,
TURM_04405,DATASET/Turmeric Plant Disease Dataset Advancing AI for Agricultural Sustainability.zip#Turmeric Plant Disease Dataset Advancing AI for Agricultural Sustainability/Turmeric Plant Disease.zip#Turmeric Plant Disease/Dry Leaf/Dry Leaf00044.JPG,Turmeric Plant Disease Dataset Advancing AI (Original),Dry Leaf,Dry Leaf,deficiency_or_stress,leaf,.jpg,1000,1000,RGB,84826228187766057ed61755d58b079502c9604e09f4dc3896e78b8680d78514,a1e78f1f7fe7c787,valid,TURM_DUP_0044,canonical,TURM_04405,True,
TURM_04406,DATASET/Turmeric Plant Disease Dataset Advancing AI for Agricultural Sustainability.zip#Turmeric Plant Disease Dataset Advancing AI for Agricultural Sustainability/Turmeric Plant Disease.zip#Turmeric Plant Disease/Dry Leaf/Dry Leaf00045.JPG,Turmeric Plant Disease Dataset Advancing AI (Original),Dry Leaf,Dry Leaf,deficiency_or_stress,leaf,.jpg,1000,1000,RGB,0e112a368eac7880b48b8dbae655f2ae802cbe8d4e1238326b33123baa4f726e,6037bf9fcf4fcf8f,valid,TURM_DUP_0045,canonical,TURM_04406,True,
TURM_04407,DATASET/Turmeric Plant Disease Dataset Advancing AI for Agricultural Sustainability.zip#Turmeric Plant Disease Dataset Advancing AI for Agricultural Sustainability/Turmeric Plant Disease.zip#Turmeric Plant Disease/Dry Leaf/Dry Leaf00046.JPG,Turmeric Plant Disease Dataset Advancing AI (Original),Dry Leaf,Dry Leaf,deficiency_or_stress,leaf,.jpg,1000,1000,RGB,384058d51292ecb2f5be2d5707461e9c11ca60ffd9ab8343b6f84ec535e5558b,6e3e9dccccc6c486,valid,TURM_DUP_0046,canonical,TURM_04407,True,
TURM_04408,DATASET/Turmeric Plant Disease Dataset Advancing AI for Agricultural Sustainability.zip#Turmeric Plant Disease Dataset Advancing AI for Agricultural Sustainability/Turmeric Plant Disease.zip#Turmeric Plant Disease/Dry Leaf/Dry Leaf00047.JPG,Turmeric Plant Disease Dataset Advancing AI (Original),Dry Leaf,Dry Leaf,deficiency_or_stress,leaf,.jpg,1000,1000,RGB,4e59250aa8504cdfb02e3a8f2ac48ca28a6d062a73234ce731ff56036f3565bf,c0012703a0200004,valid,TURM_DUP_0047,canonical,TURM_04408,True,
TURM_04409,DATASET/Turmeric Plant Disease Dataset Advancing AI for Agricultural Sustainability.zip#Turmeric Plant Disease Dataset Advancing AI for Agricultural Sustainability/Turmeric Plant Disease.zip#Turmeric Plant Disease/Dry Leaf/Dry Leaf00048.JPG,Turmeric Plant Disease Dataset Advancing AI (Original),Dry Leaf,Dry Leaf,deficiency_or_stress,leaf,.jpg,1000,1000,RGB,08844d769c3963a6bb7c6003189491995d44471a1327342521b3bbbc568e8690,2c2d21030f3e1c00,valid,TURM_DUP_0048,canonical,TURM_04409,True,
TURM_04410,DATASET/Turmeric Plant Disease Dataset Advancing AI for Agricultural Sustainability.zip#Turmeric Plant Disease Dataset Advancing AI for Agricultural Sustainability/Turmeric Plant Disease.zip#Turmeric Plant Disease/Dry Leaf/Dry Leaf00049.JPG,Turmeric Plant Disease Dataset Advancing AI (Original),Dry Leaf,Dry Leaf,deficiency_or_stress,leaf,.jpg,1000,1000,RGB,319d981af9df48246c86314c43f6489c9b8020dccdf45288eeeeef33f9cce8ad,537350000c444446,valid,TURM_DUP_0049,canonical,TURM_04410,True,
TURM_04411,DATASET/Turmeric Plant Disease Dataset Advancing AI for Agricultural Sustainability.zip#Turmeric Plant Disease Dataset Advancing AI for Agricultural Sustainability/Turmeric Plant Disease.zip#Turmeric Plant Disease/Dry Leaf/Dry Leaf00050.JPG,Turmeric Plant Disease Dataset Advancing AI (Original),Dry Leaf,Dry Leaf,deficiency_or_stress,leaf,.jpg,1000,1000,RGB,bf0c6e2e3ed3b7f8dcac296bbb73f51d77b3b608c2d40cd475baef12f4979f5f,a48f9d3c3c3c3c9c,valid,TURM_DUP_0050,canonical,TURM_04411,True,
TURM_04412,DATASET/Turmeric Plant Disease Dataset Advancing AI for Agricultural Sustainability.zip#Turmeric Plant Disease Dataset Advancing AI for Agricultural Sustainability/Turmeric Plant Disease.zip#Turmeric Plant Disease/Dry Leaf/Dry Leaf00051.JPG,Turmeric Plant Disease Dataset Advancing AI (Original),Dry Leaf,Dry Leaf,deficiency_or_stress,leaf,.jpg,1000,1000,RGB,2ec0fb94e71a8fdfc6c9e702750263998bbbb4f2120c672597797d590d3ede31,1d33071f3f3e3e7e,valid,TURM_DUP_0051,canonical,TURM_04412,True,
TURM_04413,DATASET/Turmeric Plant Disease Dataset Advancing AI for Agricultural Sustainability.zip#Turmeric Plant Disease Dataset Advancing AI for Agricultural Sustainability/Turmeric Plant Disease.zip#Turmeric Plant Disease/Dry Leaf/Dry Leaf00052.JPG,Turmeric Plant Disease Dataset Advancing AI (Original),Dry Leaf,Dry Leaf,deficiency_or_stress,leaf,.jpg,1000,1000,RGB,41a012d5f8efc72d19e5870c87fa4319e5bf8245cf33a3f6b8d3c2527ba9efbb,ff0f010000000000,valid,TURM_DUP_0052,canonical,TURM_04413,True,
TURM_04414,DATASET/Turmeric Plant Disease Dataset Advancing AI for Agricultural Sustainability.zip#Turmeric Plant Disease Dataset Advancing AI for Agricultural Sustainability/Turmeric Plant Disease.zip#Turmeric Plant Disease/Dry Leaf/Dry Leaf00053.JPG,Turmeric Plant Disease Dataset Advancing AI (Original),Dry Leaf,Dry Leaf,deficiency_or_stress,leaf,.jpg,1000,1000,RGB,d0d171b49d631fac0b5ad43043c0d2b36d684227fdb96b943d2c5186fa2f0614,1e0e06c6c7c78f9f,valid,TURM_DUP_0053,canonical,TURM_04414,True,
TURM_04415,DATASET/Turmeric Plant Disease Dataset Advancing AI for Agricultural Sustainability.zip#Turmeric Plant Disease Dataset Advancing AI for Agricultural Sustainability/Turmeric Plant Disease.zip#Turmeric Plant Disease/Dry Leaf/Dry Leaf00054.JPG,Turmeric Plant Disease Dataset Advancing AI (Original),Dry Leaf,Dry Leaf,deficiency_or_stress,leaf,.jpg,1000,1000,RGB,8a235e83d832cc47cfc220265871d65b756f5891a0e1411c86b1781532072683,1e3e0771387c3c3c,valid,TURM_DUP_0054,canonical,TURM_04415,True,
TURM_04416,DATASET/Turmeric Plant Disease Dataset Advancing AI for Agricultural Sustainability.zip#Turmeric Plant Disease Dataset Advancing AI for Agricultural Sustainability/Turmeric Plant Disease.zip#Turmeric Plant Disease/Dry Leaf/Dry Leaf00055.JPG,Turmeric Plant Disease Dataset Advancing AI (Original),Dry Leaf,Dry Leaf,deficiency_or_stress,leaf,.jpg,1000,1000,RGB,cc2911cb7eac31d9813eb5394c54464eb2650a975c01a8d36f7f9e6d2af9a67f,1e86e3f2e6e60707,valid,TURM_DUP_0055,canonical,TURM_04416,True,
TURM_04417,DATASET/Turmeric Plant Disease Dataset Advancing AI for Agricultural Sustainability.zip#Turmeric Plant Disease Dataset Advancing AI for Agricultural Sustainability/Turmeric Plant Disease.zip#Turmeric Plant Disease/Dry Leaf/Dry Leaf00056.JPG,Turmeric Plant Disease Dataset Advancing AI (Original),Dry Leaf,Dry Leaf,deficiency_or_stress,leaf,.jpg,1000,1000,RGB,2e759ab4ee856ac9101332fd137046cf391ebe1cc2a9f61383c9ddc8555f4859,ccccdcdccccc4c0e,valid,TURM_DUP_0056,canonical,TURM_04417,True,
TURM_04418,DATASET/Turmeric Plant Disease Dataset Advancing AI for Agricultural Sustainability.zip#Turmeric Plant Disease Dataset Advancing AI for Agricultural Sustainability/Turmeric Plant Disease.zip#Turmeric Plant Disease/Dry Leaf/Dry Leaf00057.JPG,Turmeric Plant Disease Dataset Advancing AI (Original),Dry Leaf,Dry Leaf,deficiency_or_stress,leaf,.jpg,1000,1000,RGB,1a96ae340a0386de264bdf993872ac51b6d49cfebea805499e45200eaccba587,8f1f878180869b97,valid,TURM_DUP_0057,canonical,TURM_04418,True,
TURM_04419,DATASET/Turmeric Plant Disease Dataset Advancing AI for Agricultural Sustainability.zip#Turmeric Plant Disease Dataset Advancing AI for Agricultural Sustainability/Turmeric Plant Disease.zip#Turmeric Plant Disease/Dry Leaf/Dry Leaf00058.JPG,Turmeric Plant Disease Dataset Advancing AI (Original),Dry Leaf,Dry Leaf,deficiency_or_stress,leaf,.jpg,1000,1000,RGB,fbbd0b580021bef2850b8022e2c0b3fae617b1ebe674d37d55b3d5ced3ee7fae,323373f3f7e7e7cf,valid,TURM_DUP_0058,canonical,TURM_04419,True,
TURM_04420,DATASET/Turmeric Plant Disease Dataset Advancing AI for Agricultural Sustainability.zip#Turmeric Plant Disease Dataset Advancing AI for Agricultural Sustainability/Turmeric Plant Disease.zip#Turmeric Plant Disease/Dry Leaf/Dry Leaf00059.JPG,Turmeric Plant Disease Dataset Advancing AI (Original),Dry Leaf,Dry Leaf,deficiency_or_stress,leaf,.jpg,1000,1000,RGB,6d9f56802bf5b2f629aa58c970f8b8edc6614fc38d9cbfd1b0dd36cf5ee8a0c8,ce8f9f3f3f1f0f07,valid,TURM_DUP_0059,canonical,TURM_04420,True,
TURM_04421,DATASET/Turmeric Plant Disease Dataset Advancing AI for Agricultural Sustainability.zip#Turmeric Plant Disease Dataset Advancing AI for Agricultural Sustainability/Turmeric Plant Disease.zip#Turmeric Plant Disease/Dry Leaf/Dry Leaf00060.JPG,Turmeric Plant Disease Dataset Advancing AI (Original),Dry Leaf,Dry Leaf,deficiency_or_stress,leaf,.jpg,1000,1000,RGB,25fd38c0c8773ce145dcfd8547abbda34dc6fa810f9579ac60573858a607e044,1e1c6ef6f6730181,valid,TURM_DUP_0060,canonical,TURM_04421,True,
TURM_04422,DATASET/Turmeric Plant Disease Dataset Advancing AI for Agricultural Sustainability.zip#Turmeric Plant Disease Dataset Advancing AI for Agricultural Sustainability/Turmeric Plant Disease.zip#Turmeric Plant Disease/Dry Leaf/Dry Leaf00061.JPG,Turmeric Plant Disease Dataset Advancing AI (Original),Dry Leaf,Dry Leaf,deficiency_or_stress,leaf,.jpg,1000,1000,RGB,9aa32c341e869bed4c60079e93b477972cd0201529b60228151bd5633888ce01,7070703038989898,valid,TURM_DUP_0061,canonical,TURM_04422,True,
TURM_04423,DATASET/Turmeric Plant Disease Dataset Advancing AI for Agricultural Sustainability.zip#Turmeric Plant Disease Dataset Advancing AI for Agricultural Sustainability/Turmeric Plant Disease.zip#Turmeric Plant Disease/Dry Leaf/Dry Leaf00062.JPG,Turmeric Plant Disease Dataset Advancing AI (Original),Dry Leaf,Dry Leaf,deficiency_or_stress,leaf,.jpg,1000,1000,RGB,052e974a96c438f0786614db5fdafa54c9618cca910fefa47fba31bde5b435bb,c2c1e3e1ff33c090,valid,TURM_DUP_0062,canonical,TURM_04423,True,
TURM_04424,DATASET/Turmeric Plant Disease Dataset Advancing AI for Agricultural Sustainability.zip#Turmeric Plant Disease Dataset Advancing AI for Agricultural Sustainability/Turmeric Plant Disease.zip#Turmeric Plant Disease/Dry Leaf/Dry Leaf00063.JPG,Turmeric Plant Disease Dataset Advancing AI (Original),Dry Leaf,Dry Leaf,deficiency_or_stress,leaf,.jpg,1000,1000,RGB,8e5ee39a92d4659c00d8facbcb68f0bce05904e263ecf81c382b040cd89162b9,1018188c868ecc8c,valid,TURM_DUP_0063,canonical,TURM_04424,True,
TURM_04425,DATASET/Turmeric Plant Disease Dataset Advancing AI for Agricultural Sustainability.zip#Turmeric Plant Disease Dataset Advancing AI for Agricultural Sustainability/Turmeric Plant Disease.zip#Turmeric Plant Disease/Dry Leaf/Dry Leaf00064.JPG,Turmeric Plant Disease Dataset Advancing AI (Original),Dry Leaf,Dry Leaf,deficiency_or_stress,leaf,.jpg,1000,1000,RGB,597da5b4e1e51f4ca9e44e01aff179c864065316f034c75a22c6267c01d453eb,90909b1e3a303231,valid,TURM_DUP_0064,canonical,TURM_04425,True,
TURM_04426,DATASET/Turmeric Plant Disease Dataset Advancing AI for Agricultural Sustainability.zip#Turmeric Plant Disease Dataset Advancing AI for Agricultural Sustainability/Turmeric Plant Disease.zip#Turmeric Plant Disease/Dry Leaf/Dry Leaf00065.JPG,Turmeric Plant Disease Dataset Advancing AI (Original),Dry Leaf,Dry Leaf,deficiency_or_stress,leaf,.jpg,1000,1000,RGB,7f279d8013bd6096641c836813cbdfe6d2930012a300c349c33f047f8eb09d19,40c0d07c1e0fc3e3,valid,TURM_DUP_0065,canonical,TURM_04426,True,
TURM_04427,DATASET/Turmeric Plant Disease Dataset Advancing AI for Agricultural Sustainability.zip#Turmeric Plant Disease Dataset Advancing AI for Agricultural Sustainability/Turmeric Plant Disease.zip#Turmeric Plant Disease/Dry Leaf/Dry Leaf00066.JPG,Turmeric Plant Disease Dataset Advancing AI (Original),Dry Leaf,Dry Leaf,deficiency_or_stress,leaf,.jpg,1000,1000,RGB,8d3a37317a38e956c4ff03ab59e19e5fcc7319739cef6b6784ac7d52a7a12037,060e0e0f1f1f1b09,valid,TURM_DUP_0066,canonical,TURM_04427,True,
TURM_04428,DATASET/Turmeric Plant Disease Dataset Advancing AI for Agricultural Sustainability.zip#Turmeric Plant Disease Dataset Advancing AI for Agricultural Sustainability/Turmeric Plant Disease.zip#Turmeric Plant Disease/Dry Leaf/Dry Leaf00067.JPG,Turmeric Plant Disease Dataset Advancing AI (Original),Dry Leaf,Dry Leaf,deficiency_or_stress,leaf,.jpg,1000,1000,RGB,eba9a2689362d0aac2ad26c333ca8248159062925e78a32e3e7d974e4083e79f,0002071f79f3e3c2,valid,TURM_DUP_0067,canonical,TURM_04428,True,
TURM_04429,DATASET/Turmeric Plant Disease Dataset Advancing AI for Agricultural Sustainability.zip#Turmeric Plant Disease Dataset Advancing AI for Agricultural Sustainability/Turmeric Plant Disease.zip#Turmeric Plant Disease/Dry Leaf/Dry Leaf00068.JPG,Turmeric Plant Disease Dataset Advancing AI (Original),Dry Leaf,Dry Leaf,deficiency_or_stress,leaf,.jpg,1000,1000,RGB,52e9a9427a766063b6188e14074404f0badc1328ef70c010788a4056a44bdcc9,0721707060706063,valid,TURM_DUP_0068,canonical,TURM_04429,True,
TURM_04430,DATASET/Turmeric Plant Disease Dataset Advancing AI for Agricultural Sustainability.zip#Turmeric Plant Disease Dataset Advancing AI for Agricultural Sustainability/Turmeric Plant Disease.zip#Turmeric Plant Disease/Dry Leaf/Dry Leaf00069.JPG,Turmeric Plant Disease Dataset Advancing AI (Original),Dry Leaf,Dry Leaf,deficiency_or_stress,leaf,.jpg,1000,1000,RGB,2ce30e64702d095a5ab84ba8a7303045d24a1b4be4d4f6374ca0c7dfaf0f62da,000f0f0901010100,valid,TURM_DUP_0069,canonical,TURM_04430,True,
TURM_04431,DATASET/Turmeric Plant Disease Dataset Advancing AI for Agricultural Sustainability.zip#Turmeric Plant Disease Dataset Advancing AI for Agricultural Sustainability/Turmeric Plant Disease.zip#Turmeric Plant Disease/Dry Leaf/Dry Leaf00070.JPG,Turmeric Plant Disease Dataset Advancing AI (Original),Dry Leaf,Dry Leaf,deficiency_or_stress,leaf,.jpg,1000,1000,RGB,a7f8fdb123beb7d220885e7834b6d909c9e6f45d1151ecb5765d4b2847109585,803e776703030303,valid,TURM_DUP_0070,canonical,TURM_04431,True,
TURM_04432,DATASET/Turmeric Plant Disease Dataset Advancing AI for Agricultural Sustainability.zip#Turmeric Plant Disease Dataset Advancing AI for Agricultural Sustainability/Turmeric Plant Disease.zip#Turmeric Plant Disease/Dry Leaf/Dry Leaf00071.JPG,Turmeric Plant Disease Dataset Advancing AI (Original),Dry Leaf,Dry Leaf,deficiency_or_stress,leaf,.jpg,1000,1000,RGB,0005236e4f5fc1b8401f9dd41efa838e754a539694f07d5194f2c6f53c575066,05fddd8f0f0e0606,valid,TURM_DUP_0071,canonical,TURM_04432,True,
TURM_04433,DATASET/Turmeric Plant Disease Dataset Advancing AI for Agricultural Sustainability.zip#Turmeric Plant Disease Dataset Advancing AI for Agricultural Sustainability/Turmeric Plant Disease.zip#Turmeric Plant Disease/Dry Leaf/Dry Leaf00072.JPG,Turmeric Plant Disease Dataset Advancing AI (Original),Dry Leaf,Dry Leaf,deficiency_or_stress,leaf,.jpg,1000,1000,RGB,0ae34b2cfac8174028b91944bc4881819bca0ab9e1f5a7d5f41b0389f407edac,0480fe0701000000,valid,TURM_DUP_0072,canonical,TURM_04433,True,
TURM_04434,DATASET/Turmeric Plant Disease Dataset Advancing AI for Agricultural Sustainability.zip#Turmeric Plant Disease Dataset Advancing AI for Agricultural Sustainability/Turmeric Plant Disease.zip#Turmeric Plant Disease/Dry Leaf/Dry Leaf00073.JPG,Turmeric Plant Disease Dataset Advancing AI (Original),Dry Leaf,Dry Leaf,deficiency_or_stress,leaf,.jpg,1000,1000,RGB,2ace82e204cbe9bb9faf747b8bf2aacd8105a44d0250f55caf1e1f6bdccff113,141c1f0f07010000,valid,TURM_DUP_0073,canonical,TURM_04434,True,
TURM_04435,DATASET/Turmeric Plant Disease Dataset Advancing AI for Agricultural Sustainability.zip#Turmeric Plant Disease Dataset Advancing AI for Agricultural Sustainability/Turmeric Plant Disease.zip#Turmeric Plant Disease/Dry Leaf/Dry Leaf00074.JPG,Turmeric Plant Disease Dataset Advancing AI (Original),Dry Leaf,Dry Leaf,deficiency_or_stress,leaf,.jpg,1000,1000,RGB,e8d4fca635b4a93f85a10829c5132a6346ebbb076efc29c3085f5bfbadb0b0e9,40381e0e07070303,valid,TURM_DUP_0074,canonical,TURM_04435,True,
TURM_04436,DATASET/Turmeric Plant Disease Dataset Advancing AI for Agricultural Sustainability.zip#Turmeric Plant Disease Dataset Advancing AI for Agricultural Sustainability/Turmeric Plant Disease.zip#Turmeric Plant Disease/Dry Leaf/Dry Leaf00075.JPG,Turmeric Plant Disease Dataset Advancing AI (Original),Dry Leaf,Dry Leaf,deficiency_or_stress,leaf,.jpg,1000,1000,RGB,fcdfb5cb3986449a64559adaa336b2a2b289d96ef5b40ac809060719cdd1e7e7,783c0f0707030303,valid,TURM_DUP_0075,canonical,TURM_04436,True,
TURM_04437,DATASET/Turmeric Plant Disease Dataset Advancing AI for Agricultural Sustainability.zip#Turmeric Plant Disease Dataset Advancing AI for Agricultural Sustainability/Turmeric Plant Disease.zip#Turmeric Plant Disease/Dry Leaf/Dry Leaf00076.JPG,Turmeric Plant Disease Dataset Advancing AI (Original),Dry Leaf,Dry Leaf,deficiency_or_stress,leaf,.jpg,1000,1000,RGB,532133aeb4630a479ddb7e4440a1aadf36aa0e67cc94694c08e25baed22c6a71,f83f1f0f0f070707,valid,TURM_DUP_0076,canonical,TURM_04437,True,
TURM_04438,DATASET/Turmeric Plant Disease Dataset Advancing AI for Agricultural Sustainability.zip#Turmeric Plant Disease Dataset Advancing AI for Agricultural Sustainability/Turmeric Plant Disease.zip#Turmeric Plant Disease/Dry Leaf/Dry Leaf00077.JPG,Turmeric Plant Disease Dataset Advancing AI (Original),Dry Leaf,Dry Leaf,deficiency_or_stress,leaf,.jpg,1000,1000,RGB,c7a04e3fb84ede079e4e6a784fadfc4d70466daef9fee9e62eaf7e0032e5b8b9,406030180c0f0300,valid,TURM_DUP_0077,canonical,TURM_04438,True,
TURM_04439,DATASET/Turmeric Plant Disease Dataset Advancing AI for Agricultural Sustainability.zip#Turmeric Plant Disease Dataset Advancing AI for Agricultural Sustainability/Turmeric Plant Disease.zip#Turmeric Plant Disease/Dry Leaf/Dry Leaf00078.JPG,Turmeric Plant Disease Dataset Advancing AI (Original),Dry Leaf,Dry Leaf,deficiency_or_stress,leaf,.jpg,1000,1000,RGB,da391945faa9b3d1b01ebc40e3a09cad2a51ce681755427cce6a4f4c947538ff,8082c171393e0601,valid,TURM_DUP_0078,canonical,TURM_04439,True,
TURM_04440,DATASET/Turmeric Plant Disease Dataset Advancing AI for Agricultural Sustainability.zip#Turmeric Plant Disease Dataset Advancing AI for Agricultural Sustainability/Turmeric Plant Disease.zip#Turmeric Plant Disease/Dry Leaf/Dry Leaf00079.JPG,Turmeric Plant Disease Dataset Advancing AI (Original),Dry Leaf,Dry Leaf,deficiency_or_stress,leaf,.jpg,1000,1000,RGB,1f6e087d7212035df77783d7de4752f7700ec05b7df4e4a76f3f7282d7157451,d078783f07010000,valid,TURM_DUP_0079,canonical,TURM_04440,True,
TURM_04441,DATASET/Turmeric Plant Disease Dataset Advancing AI for Agricultural Sustainability.zip#Turmeric Plant Disease Dataset Advancing AI for Agricultural Sustainability/Turmeric Plant Disease.zip#Turmeric Plant Disease/Dry Leaf/Dry Leaf00080.JPG,Turmeric Plant Disease Dataset Advancing AI (Original),Dry Leaf,Dry Leaf,deficiency_or_stress,leaf,.jpg,1000,1000,RGB,985a3e273e22bc9c9aee8b8325fe1b6980dd0f6bc58fb62956701b9e965c747c,18181c1c1e1f0b01,valid,TURM_DUP_0080,canonical,TURM_04441,True,
TURM_04442,DATASET/Turmeric Plant Disease Dataset Advancing AI for Agricultural Sustainability.zip#Turmeric Plant Disease Dataset Advancing AI for Agricultural Sustainability/Turmeric Plant Disease.zip#Turmeric Plant Disease/Dry Leaf/Dry Leaf00081.JPG,Turmeric Plant Disease Dataset Advancing AI (Original),Dry Leaf,Dry Leaf,deficiency_or_stress,leaf,.jpg,1000,1000,RGB,acc1bbaea4781da85f7fb23c86917f043caf2a519975f5028926ca8a4c6bfe9d,00607c3e0f070101,valid,TURM_DUP_0081,canonical,TURM_04442,True,
TURM_04443,DATASET/Turmeric Plant Disease Dataset Advancing AI for Agricultural Sustainability.zip#Turmeric Plant Disease Dataset Advancing AI for Agricultural Sustainability/Turmeric Plant Disease.zip#Turmeric Plant Disease/Dry Leaf/Dry Leaf00082.JPG,Turmeric Plant Disease Dataset Advancing AI (Original),Dry Leaf,Dry Leaf,deficiency_or_stress,leaf,.jpg,1000,1000,RGB,0fef36b29f2c7149a46f1781d1a4edbd110d22d5b39a80b27eba7248551a7943,61616f0703000000,valid,TURM_DUP_0082,canonical,TURM_04443,True,
TURM_04444,DATASET/Turmeric Plant Disease Dataset Advancing AI for Agricultural Sustainability.zip#Turmeric Plant Disease Dataset Advancing AI for Agricultural Sustainability/Turmeric Plant Disease.zip#Turmeric Plant Disease/Dry Leaf/Dry Leaf00083.JPG,Turmeric Plant Disease Dataset Advancing AI (Original),Dry Leaf,Dry Leaf,deficiency_or_stress,leaf,.jpg,1000,1000,RGB,b5c3ec570d1c2fa9cb523085015eb29afbe7450501fdc83f282d2e8e4404b3db,36303b3f0f1b0900,valid,TURM_DUP_0083,canonical,TURM_04444,True,
TURM_04445,DATASET/Turmeric Plant Disease Dataset Advancing AI for Agricultural Sustainability.zip#Turmeric Plant Disease Dataset Advancing AI for Agricultural Sustainability/Turmeric Plant Disease.zip#Turmeric Plant Disease/Dry Leaf/Dry Leaf00084.JPG,Turmeric Plant Disease Dataset Advancing AI (Original),Dry Leaf,Dry Leaf,deficiency_or_stress,leaf,.jpg,1000,1000,RGB,bdffd740336aba1f0e1b0a04af22ccd3538e0d06813b5cd17dc472d4d4691cdb,f079391e0e070301,valid,TURM_DUP_0084,canonical,TURM_04445,True,
TURM_04446,DATASET/Turmeric Plant Disease Dataset Advancing AI for Agricultural Sustainability.zip#Turmeric Plant Disease Dataset Advancing AI for Agricultural Sustainability/Turmeric Plant Disease.zip#Turmeric Plant Disease/Dry Leaf/Dry Leaf00085.JPG,Turmeric Plant Disease Dataset Advancing AI (Original),Dry Leaf,Dry Leaf,deficiency_or_stress,leaf,.jpg,1000,1000,RGB,36f5e9edddb16d3d34385e815b8b18488ffeb95324c8bec30cf11e8d1428de7a,603a1f0f07070301,valid,TURM_DUP_0085,canonical,TURM_04446,True,
TURM_04447,DATASET/Turmeric Plant Disease Dataset Advancing AI for Agricultural Sustainability.zip#Turmeric Plant Disease Dataset Advancing AI for Agricultural Sustainability/Turmeric Plant Disease.zip#Turmeric Plant Disease/Dry Leaf/Dry Leaf00086.JPG,Turmeric Plant Disease Dataset Advancing AI (Original),Dry Leaf,Dry Leaf,deficiency_or_stress,leaf,.jpg,1000,1000,RGB,669935f7b674dcef07777f58cc69df752ff36b9c81680b6d251dbdb747f54bd3,787c1e0f07070003,valid,TURM_DUP_0086,canonical,TURM_04447,True,
TURM_04448,DATASET/Turmeric Plant Disease Dataset Advancing AI for Agricultural Sustainability.zip#Turmeric Plant Disease Dataset Advancing AI for Agricultural Sustainability/Turmeric Plant Disease.zip#Turmeric Plant Disease/Dry Leaf/Dry Leaf00087.JPG,Turmeric Plant Disease Dataset Advancing AI (Original),Dry Leaf,Dry Leaf,deficiency_or_stress,leaf,.jpg,1000,1000,RGB,405f38df8c807fa2cad3162db545f951a56eb92bfd0bef0b9721c36f27f8a8c1,f4f63b3f2f0f0703,valid,TURM_DUP_0087,canonical,TURM_04448,True,
TURM_04449,DATASET/Turmeric Plant Disease Dataset Advancing AI for Agricultural Sustainability.zip#Turmeric Plant Disease Dataset Advancing AI for Agricultural Sustainability/Turmeric Plant Disease.zip#Turmeric Plant Disease/Dry Leaf/Dry Leaf00088.JPG,Turmeric Plant Disease Dataset Advancing AI (Original),Dry Leaf,Dry Leaf,deficiency_or_stress,leaf,.jpg,1000,1000,RGB,8e2514cd072d00fc1b1a20622a98c7d61bc1d8f17ee581a42b39b378bc1a5955,e0701a1e0f0f0303,valid,TURM_DUP_0088,canonical,TURM_04449,True,
TURM_04450,DATASET/Turmeric Plant Disease Dataset Advancing AI for Agricultural Sustainability.zip#Turmeric Plant Disease Dataset Advancing AI for Agricultural Sustainability/Turmeric Plant Disease.zip#Turmeric Plant Disease/Dry Leaf/Dry Leaf00089.JPG,Turmeric Plant Disease Dataset Advancing AI (Original),Dry Leaf,Dry Leaf,deficiency_or_stress,leaf,.jpg,1000,1000,RGB,9ee7bf94227218553b710fc3d8833fa59be072f23efd66088b714f7735d50241,c1e4707f3e0e0603,valid,TURM_DUP_0089,canonical,TURM_04450,True,
TURM_04451,DATASET/Turmeric Plant Disease Dataset Advancing AI for Agricultural Sustainability.zip#Turmeric Plant Disease Dataset Advancing AI for Agricultural Sustainability/Turmeric Plant Disease.zip#Turmeric Plant Disease/Dry Leaf/Dry Leaf00090.JPG,Turmeric Plant Disease Dataset Advancing AI (Original),Dry Leaf,Dry Leaf,deficiency_or_stress,leaf,.jpg,1000,1000,RGB,5babc4741878fb9b0092b8f847a4ac94edc50ccba145d7c588fe0a4cd9ee8874,01883f0f03010010,valid,TURM_DUP_0090,canonical,TURM_04451,True,
TURM_04452,DATASET/Turmeric Plant Disease Dataset Advancing AI for Agricultural Sustainability.zip#Turmeric Plant Disease Dataset Advancing AI for Agricultural Sustainability/Turmeric Plant Disease.zip#Turmeric Plant Disease/Dry Leaf/Dry Leaf00091.JPG,Turmeric Plant Disease Dataset Advancing AI (Original),Dry Leaf,Dry Leaf,deficiency_or_stress,leaf,.jpg,1000,1000,RGB,a2152f2967b974d5700b5ba31c0ccfd831e9d23ec967e85defcc37d73c88f3bb,0080771703010000,valid,TURM_DUP_0091,canonical,TURM_04452,True,
TURM_04453,DATASET/Turmeric Plant Disease Dataset Advancing AI for Agricultural Sustainability.zip#Turmeric Plant Disease Dataset Advancing AI for Agricultural Sustainability/Turmeric Plant Disease.zip#Turmeric Plant Disease/Dry Leaf/Dry Leaf00092.JPG,Turmeric Plant Disease Dataset Advancing AI (Original),Dry Leaf,Dry Leaf,deficiency_or_stress,leaf,.jpg,1000,1000,RGB,a5d1573816fd5535d949b9a303d62d309ffe0276c3a42ed15a69aab3a6ad2888,c0e07c7e1f0f0703,valid,TURM_DUP_0092,canonical,TURM_04453,True,
TURM_04454,DATASET/Turmeric Plant Disease Dataset Advancing AI for Agricultural Sustainability.zip#Turmeric Plant Disease Dataset Advancing AI for Agricultural Sustainability/Turmeric Plant Disease.zip#Turmeric Plant Disease/Dry Leaf/Dry Leaf00093.JPG,Turmeric Plant Disease Dataset Advancing AI (Original),Dry Leaf,Dry Leaf,deficiency_or_stress,leaf,.jpg,1000,1000,RGB,4818eb251c50733ab4b0f5511d47e5b0804aa1f297c7f44c45cac902e1c3ad17,c0771f0703000000,valid,TURM_DUP_0093,canonical,TURM_04454,True,
TURM_04455,DATASET/Turmeric Plant Disease Dataset Advancing AI for Agricultural Sustainability.zip#Turmeric Plant Disease Dataset Advancing AI for Agricultural Sustainability/Turmeric Plant Disease.zip#Turmeric Plant Disease/Dry Leaf/Dry Leaf00094.JPG,Turmeric Plant Disease Dataset Advancing AI (Original),Dry Leaf,Dry Leaf,deficiency_or_stress,leaf,.jpg,1000,1000,RGB,5484bb963cfd146f8c8585481f23ffd98743e7196e9aebe30aa7dd7fe26edfc2,46007c0f07030100,valid,TURM_DUP_0094,canonical,TURM_04455,True,
TURM_04456,DATASET/Turmeric Plant Disease Dataset Advancing AI for Agricultural Sustainability.zip#Turmeric Plant Disease Dataset Advancing AI for Agricultural Sustainability/Turmeric Plant Disease.zip#Turmeric Plant Disease/Dry Leaf/Dry Leaf00095.JPG,Turmeric Plant Disease Dataset Advancing AI (Original),Dry Leaf,Dry Leaf,deficiency_or_stress,leaf,.jpg,1000,1000,RGB,32797dc9e1652dd994245c66ada8d17b1a327517264386f58089b50c95c27411,e0703d0f07030101,valid,TURM_DUP_0095,canonical,TURM_04456,True,
TURM_04457,DATASET/Turmeric Plant Disease Dataset Advancing AI for Agricultural Sustainability.zip#Turmeric Plant Disease Dataset Advancing AI for Agricultural Sustainability/Turmeric Plant Disease.zip#Turmeric Plant Disease/Dry Leaf/Dry Leaf00096.JPG,Turmeric Plant Disease Dataset Advancing AI (Original),Dry Leaf,Dry Leaf,deficiency_or_stress,leaf,.jpg,1000,1000,RGB,15a30d8c8f3a19ce99eecc47a4abe555f59a70d4d8e18684e4a65746d5c6d50b,0280c0e0f6370300,valid,TURM_DUP_0096,canonical,TURM_04457,True,
TURM_04458,DATASET/Turmeric Plant Disease Dataset Advancing AI for Agricultural Sustainability.zip#Turmeric Plant Disease Dataset Advancing AI for Agricultural Sustainability/Turmeric Plant Disease.zip#Turmeric Plant Disease/Dry Leaf/Dry Leaf00097.JPG,Turmeric Plant Disease Dataset Advancing AI (Original),Dry Leaf,Dry Leaf,deficiency_or_stress,leaf,.jpg,1000,1000,RGB,50c442e5198b267336fcfd08802150e19fe15283a1f5ea3d4fb96dc45c144f0b,083c1f0100080018,valid,TURM_DUP_0097,canonical,TURM_04458,True,
TURM_04459,DATASET/Turmeric Plant Disease Dataset Advancing AI for Agricultural Sustainability.zip#Turmeric Plant Disease Dataset Advancing AI for Agricultural Sustainability/Turmeric Plant Disease.zip#Turmeric Plant Disease/Dry Leaf/Dry Leaf00098.JPG,Turmeric Plant Disease Dataset Advancing AI (Original),Dry Leaf,Dry Leaf,deficiency_or_stress,leaf,.jpg,1000,1000,RGB,983039ec75902df01439343faa3725316e0f3968f044c747edd8b4c2d51598b9,3c383830991f0921,valid,TURM_DUP_0098,canonical,TURM_04459,True,
TURM_04460,DATASET/Turmeric Plant Disease Dataset Advancing AI for Agricultural Sustainability.zip#Turmeric Plant Disease Dataset Advancing AI for Agricultural Sustainability/Turmeric Plant Disease.zip#Turmeric Plant Disease/Dry Leaf/Dry Leaf00099.JPG,Turmeric Plant Disease Dataset Advancing AI (Original),Dry Leaf,Dry Leaf,deficiency_or_stress,leaf,.jpg,1000,1000,RGB,90f2bf2684a759f96385d1e421eed88e187915a5a7a6cd2ed7e1daec095fca4b,82027071311c0c01,valid,TURM_DUP_0099,canonical,TURM_04460,True,
TURM_04461,DATASET/Turmeric Plant Disease Dataset Advancing AI for Agricultural Sustainability.zip#Turmeric Plant Disease Dataset Advancing AI for Agricultural Sustainability/Turmeric Plant Disease.zip#Turmeric Plant Disease/Dry Leaf/Dry Leaf00100.JPG,Turmeric Plant Disease Dataset Advancing AI (Original),Dry Leaf,Dry Leaf,deficiency_or_stress,leaf,.jpg,1000,1000,RGB,b59ac801dc168808d912a67b0bef41184f32dbaf6a28275e3499663538cb2fb2,0000028e07e3c202,valid,TURM_DUP_0100,canonical,TURM_04461,True,
TURM_04462,DATASET/Turmeric Plant Disease Dataset Advancing AI for Agricultural Sustainability.zip#Turmeric Plant Disease Dataset Advancing AI for Agricultural Sustainability/Turmeric Plant Disease.zip#Turmeric Plant Disease/Dry Leaf/Dry Leaf00101.JPG,Turmeric Plant Disease Dataset Advancing AI (Original),Dry Leaf,Dry Leaf,deficiency_or_stress,leaf,.jpg,1000,1000,RGB,73cb7f810bf151c572ac62839ed49124f365c095c038a35e9b0022a4f1b18e68,10783c5c1e262303,valid,TURM_DUP_0101,canonical,TURM_04462,True,
TURM_04463,DATASET/Turmeric Plant Disease Dataset Advancing AI for Agricultural Sustainability.zip#Turmeric Plant Disease Dataset Advancing AI for Agricultural Sustainability/Turmeric Plant Disease.zip#Turmeric Plant Disease/Dry Leaf/Dry Leaf00102.JPG,Turmeric Plant Disease Dataset Advancing AI (Original),Dry Leaf,Dry Leaf,deficiency_or_stress,leaf,.jpg,1000,1000,RGB,739c911ceac1773406e3b11cb09d783d792f3552a7806863c70ba9f0f2d71e0a,0000e07c0f070303,valid,TURM_DUP_0102,canonical,TURM_04463,True,
TURM_04464,DATASET/Turmeric Plant Disease Dataset Advancing AI for Agricultural Sustainability.zip#Turmeric Plant Disease Dataset Advancing AI for Agricultural Sustainability/Turmeric Plant Disease.zip#Turmeric Plant Disease/Dry Leaf/Dry Leaf00103.JPG,Turmeric Plant Disease Dataset Advancing AI (Original),Dry Leaf,Dry Leaf,deficiency_or_stress,leaf,.jpg,1000,1000,RGB,bbfb3df38cb3490b790738984ea414551d8babc594859e0349b9edea546188c8,8870381c0f010800,valid,TURM_DUP_0103,canonical,TURM_04464,True,
TURM_04465,DATASET/Turmeric Plant Disease Dataset Advancing AI for Agricultural Sustainability.zip#Turmeric Plant Disease Dataset Advancing AI for Agricultural Sustainability/Turmeric Plant Disease.zip#Turmeric Plant Disease/Dry Leaf/Dry Leaf00104.JPG,Turmeric Plant Disease Dataset Advancing AI (Original),Dry Leaf,Dry Leaf,deficiency_or_stress,leaf,.jpg,1000,1000,RGB,5603c1d12bd807aa46f2e16120634bfe2d83fb5598971cfa9ba7665902dc7a1d,64381c0e070100c0,valid,TURM_DUP_0104,canonical,TURM_04465,True,
TURM_04466,DATASET/Turmeric Plant Disease Dataset Advancing AI for Agricultural Sustainability.zip#Turmeric Plant Disease Dataset Advancing AI for Agricultural Sustainability/Turmeric Plant Disease.zip#Turmeric Plant Disease/Dry Leaf/Dry Leaf00105.JPG,Turmeric Plant Disease Dataset Advancing AI (Original),Dry Leaf,Dry Leaf,deficiency_or_stress,leaf,.jpg,1000,1000,RGB,e58a223a8684d532e8c3444d8c6af5879dc4a06c1fc2c599e2e76802e9eb5a70,1011790f07010000,valid,TURM_DUP_0105,canonical,TURM_04466,True,
TURM_04467,DATASET/Turmeric Plant Disease Dataset Advancing AI for Agricultural Sustainability.zip#Turmeric Plant Disease Dataset Advancing AI for Agricultural Sustainability/Turmeric Plant Disease.zip#Turmeric Plant Disease/Dry Leaf/Dry Leaf00106.JPG,Turmeric Plant Disease Dataset Advancing AI (Original),Dry Leaf,Dry Leaf,deficiency_or_stress,leaf,.jpg,1000,1000,RGB,bf51d86e769f79565126a609d7663982a5939e707036279be63053b07f71726b,00001f0301000004,valid,TURM_DUP_0106,canonical,TURM_04467,True,
TURM_04468,DATASET/Turmeric Plant Disease Dataset Advancing AI for Agricultural Sustainability.zip#Turmeric Plant Disease Dataset Advancing AI for Agricultural Sustainability/Turmeric Plant Disease.zip#Turmeric Plant Disease/Dry Leaf/Dry Leaf00107.JPG,Turmeric Plant Disease Dataset Advancing AI (Original),Dry Leaf,Dry Leaf,deficiency_or_stress,leaf,.jpg,1000,1000,RGB,1398e8070aba10c0dbeb1739e66419e43027d1daad58253960e0fa10cd5314ec,c0f1391f0f070300,valid,TURM_DUP_0107,canonical,TURM_04468,True,
TURM_04469,DATASET/Turmeric Plant Disease Dataset Advancing AI for Agricultural Sustainability.zip#Turmeric Plant Disease Dataset Advancing AI for Agricultural Sustainability/Turmeric Plant Disease.zip#Turmeric Plant Disease/Dry Leaf/Dry Leaf00108.JPG,Turmeric Plant Disease Dataset Advancing AI (Original),Dry Leaf,Dry Leaf,deficiency_or_stress,leaf,.jpg,1000,1000,RGB,a1858a6c3a482f482410464a19abb371897dadc48dd5d99a3517c6e9e2ff1b9c,5138181d0f030100,valid,TURM_DUP_0108,canonical,TURM_04469,True,
TURM_04470,DATASET/Turmeric Plant Disease Dataset Advancing AI for Agricultural Sustainability.zip#Turmeric Plant Disease Dataset Advancing AI for Agricultural Sustainability/Turmeric Plant Disease.zip#Turmeric Plant Disease/Dry Leaf/Dry Leaf00109.JPG,Turmeric Plant Disease Dataset Advancing AI (Original),Dry Leaf,Dry Leaf,deficiency_or_stress,leaf,.jpg,1000,1000,RGB,9e73f0cf6e403b3ea970ea010ffe183252903151b32e6904267d23ea11a944f9,1b1b0f0f0f0f0f07,valid,TURM_DUP_0109,canonical,TURM_04470,True,
TURM_04471,DATASET/Turmeric Plant Disease Dataset Advancing AI for Agricultural Sustainability.zip#Turmeric Plant Disease Dataset Advancing AI for Agricultural Sustainability/Turmeric Plant Disease.zip#Turmeric Plant Disease/Dry Leaf/Dry Leaf00110.JPG,Turmeric Plant Disease Dataset Advancing AI (Original),Dry Leaf,Dry Leaf,deficiency_or_stress,leaf,.jpg,1000,1000,RGB,078a2e72c0474b36a38b7d305ec37907597cf47dd2bfc4fc586462cc02e38c8b,1e1c1d1d0c0f0f07,valid,TURM_DUP_0110,canonical,TURM_04471,True,
TURM_04472,DATASET/Turmeric Plant Disease Dataset Advancing AI for Agricultural Sustainability.zip#Turmeric Plant Disease Dataset Advancing AI for Agricultural Sustainability/Turmeric Plant Disease.zip#Turmeric Plant Disease/Dry Leaf/Dry Leaf00111.JPG,Turmeric Plant Disease Dataset Advancing AI (Original),Dry Leaf,Dry Leaf,deficiency_or_stress,leaf,.jpg,1000,1000,RGB,6ef5a545d528e285c5a7c2563180f14dae73f4d71d43384fdd335535dffe7282,e0e071381f070100,valid,TURM_DUP_0111,canonical,TURM_04472,True,
TURM_04473,DATASET/Turmeric Plant Disease Dataset Advancing AI for Agricultural Sustainability.zip#Turmeric Plant Disease Dataset Advancing AI for Agricultural Sustainability/Turmeric Plant Disease.zip#Turmeric Plant Disease/Dry Leaf/Dry Leaf00112.JPG,Turmeric Plant Disease Dataset Advancing AI (Original),Dry Leaf,Dry Leaf,deficiency_or_stress,leaf,.jpg,1000,1000,RGB,d4f124e0cefdc7cdaf867f77b28b9d4d8be548293adf66583d1e5f02914bd4db,03d070311d0f0701,valid,TURM_DUP_0112,canonical,TURM_04473,True,
TURM_04474,DATASET/Turmeric Plant Disease Dataset Advancing AI for Agricultural Sustainability.zip#Turmeric Plant Disease Dataset Advancing AI for Agricultural Sustainability/Turmeric Plant Disease.zip#Turmeric Plant Disease/Dry Leaf/Dry Leaf00113.JPG,Turmeric Plant Disease Dataset Advancing AI (Original),Dry Leaf,Dry Leaf,deficiency_or_stress,leaf,.jpg,1000,1000,RGB,7f48a03e164eb9825f2b4a82b67291ba21dc38ae273caefd226bd033aa10038d,2d3c7c7c3f3f0703,valid,TURM_DUP_0113,canonical,TURM_04474,True,
TURM_04475,DATASET/Turmeric Plant Disease Dataset Advancing AI for Agricultural Sustainability.zip#Turmeric Plant Disease Dataset Advancing AI for Agricultural Sustainability/Turmeric Plant Disease.zip#Turmeric Plant Disease/Dry Leaf/Dry Leaf00114.JPG,Turmeric Plant Disease Dataset Advancing AI (Original),Dry Leaf,Dry Leaf,deficiency_or_stress,leaf,.jpg,1000,1000,RGB,d75e28a962e4594b4fe607248d39e76b75c8cd6519aec9874e41c54bae4a9e95,101c490b1f1f1f1f,valid,TURM_DUP_0114,canonical,TURM_04475,True,
TURM_04476,DATASET/Turmeric Plant Disease Dataset Advancing AI for Agricultural Sustainability.zip#Turmeric Plant Disease Dataset Advancing AI for Agricultural Sustainability/Turmeric Plant Disease.zip#Turmeric Plant Disease/Dry Leaf/Dry Leaf00115.JPG,Turmeric Plant Disease Dataset Advancing AI (Original),Dry Leaf,Dry Leaf,deficiency_or_stress,leaf,.jpg,1000,1000,RGB,368358bfb300503cd49795c9b9f36cb3d0dfcb0ed358b007f3715a2b5b6cbe1c,e0f0f0fcfe7f3f0c,valid,TURM_DUP_0115,canonical,TURM_04476,True,
TURM_04477,DATASET/Turmeric Plant Disease Dataset Advancing AI for Agricultural Sustainability.zip#Turmeric Plant Disease Dataset Advancing AI for Agricultural Sustainability/Turmeric Plant Disease.zip#Turmeric Plant Disease/Dry Leaf/Dry Leaf00116.JPG,Turmeric Plant Disease Dataset Advancing AI (Original),Dry Leaf,Dry Leaf,deficiency_or_stress,leaf,.jpg,1000,1000,RGB,e2dc992f50c141e86f7f4b872f1a5f4f902051e877aeaac095d596bfdd24e743,333938783e3f0f06,valid,TURM_DUP_0116,canonical,TURM_04477,True,
TURM_04478,DATASET/Turmeric Plant Disease Dataset Advancing AI for Agricultural Sustainability.zip#Turmeric Plant Disease Dataset Advancing AI for Agricultural Sustainability/Turmeric Plant Disease.zip#Turmeric Plant Disease/Dry Leaf/Dry Leaf00117.JPG,Turmeric Plant Disease Dataset Advancing AI (Original),Dry Leaf,Dry Leaf,deficiency_or_stress,leaf,.jpg,1000,1000,RGB,7d7c08c8ce3bb85a3f022a884cadde1b30b3eaba8c7f14c0dc035a9743828cdb,1a9acecd0d1f1f1f,valid,TURM_DUP_0117,canonical,TURM_04478,True,
TURM_04479,DATASET/Turmeric Plant Disease Dataset Advancing AI for Agricultural Sustainability.zip#Turmeric Plant Disease Dataset Advancing AI for Agricultural Sustainability/Turmeric Plant Disease.zip#Turmeric Plant Disease/Dry Leaf/Dry Leaf00118.JPG,Turmeric Plant Disease Dataset Advancing AI (Original),Dry Leaf,Dry Leaf,deficiency_or_stress,leaf,.jpg,1000,1000,RGB,dd01ada20908f9dc6b9b37404a3c316a60fef8e4d6b60e1bfe0038fa0ebdd4c4,e0e0e2fefeff7f1e,valid,TURM_DUP_0118,canonical,TURM_04479,True,
TURM_04480,DATASET/Turmeric Plant Disease Dataset Advancing AI for Agricultural Sustainability.zip#Turmeric Plant Disease Dataset Advancing AI for Agricultural Sustainability/Turmeric Plant Disease.zip#Turmeric Plant Disease/Dry Leaf/Dry Leaf00119.JPG,Turmeric Plant Disease Dataset Advancing AI (Original),Dry Leaf,Dry Leaf,deficiency_or_stress,leaf,.jpg,1000,1000,RGB,3547006432e4581beaa6683f89524efa0b7aa6e43991956585ff0ebe4f16855a,cf8f1f1f1f1f1f07,valid,TURM_DUP_0119,canonical,TURM_04480,True,
TURM_04481,DATASET/Turmeric Plant Disease Dataset Advancing AI for Agricultural Sustainability.zip#Turmeric Plant Disease Dataset Advancing AI for Agricultural Sustainability/Turmeric Plant Disease.zip#Turmeric Plant Disease/Dry Leaf/Dry Leaf00120.JPG,Turmeric Plant Disease Dataset Advancing AI (Original),Dry Leaf,Dry Leaf,deficiency_or_stress,leaf,.jpg,1000,1000,RGB,5dd8964ef4339b05e768a6aa9f86f2c34f8c6242c0d580485d649a4206a7e0d6,28393d1f1f0c0606,valid,TURM_DUP_0120,canonical,TURM_04481,True,
TURM_04482,DATASET/Turmeric Plant Disease Dataset Advancing AI for Agricultural Sustainability.zip#Turmeric Plant Disease Dataset Advancing AI for Agricultural Sustainability/Turmeric Plant Disease.zip#Turmeric Plant Disease/Dry Leaf/Dry Leaf00121.JPG,Turmeric Plant Disease Dataset Advancing AI (Original),Dry Leaf,Dry Leaf,deficiency_or_stress,leaf,.jpg,1000,1000,RGB,c29b9c4a5f51f8d7d6a3c900efefb963b81cfb68d971aa9f6fdb591e70c152fd,5070383f1b190c06,valid,TURM_DUP_0121,canonical,TURM_04482,True,
TURM_04483,DATASET/Turmeric Plant Disease Dataset Advancing AI for Agricultural Sustainability.zip#Turmeric Plant Disease Dataset Advancing AI for Agricultural Sustainability/Turmeric Plant Disease.zip#Turmeric Plant Disease/Dry Leaf/Dry Leaf00122.JPG,Turmeric Plant Disease Dataset Advancing AI (Original),Dry Leaf,Dry Leaf,deficiency_or_stress,leaf,.jpg,1000,1000,RGB,f4c98e627b86f34d545dfa70f914b5a3482f9dac29e37e4277a46b7a042753b4,000b3f1e7c380800,valid,TURM_DUP_0122,canonical,TURM_04483,True,
TURM_04484,DATASET/Turmeric Plant Disease Dataset Advancing AI for Agricultural Sustainability.zip#Turmeric Plant Disease Dataset Advancing AI for Agricultural Sustainability/Turmeric Plant Disease.zip#Turmeric Plant Disease/Dry Leaf/Dry Leaf00123.JPG,Turmeric Plant Disease Dataset Advancing AI (Original),Dry Leaf,Dry Leaf,deficiency_or_stress,leaf,.jpg,1000,1000,RGB,756ed95a15a035d3bc02c72ef93052638707f25a081c79f5a66f0570943450c8,ecf8321e0f070706,valid,TURM_DUP_0123,canonical,TURM_04484,True,
TURM_04485,DATASET/Turmeric Plant Disease Dataset Advancing AI for Agricultural Sustainability.zip#Turmeric Plant Disease Dataset Advancing AI for Agricultural Sustainability/Turmeric Plant Disease.zip#Turmeric Plant Disease/Dry Leaf/Dry Leaf00124.JPG,Turmeric Plant Disease Dataset Advancing AI (Original),Dry Leaf,Dry Leaf,deficiency_or_stress,leaf,.jpg,1000,1000,RGB,894ca13cdd331bedbaad4ab143ded25660c91d37c5438bbedd25909d5de0310a,039ecee3c1800000,valid,TURM_DUP_0124,canonical,TURM_04485,True,
TURM_04486,DATASET/Turmeric Plant Disease Dataset Advancing AI for Agricultural Sustainability.zip#Turmeric Plant Disease Dataset Advancing AI for Agricultural Sustainability/Turmeric Plant Disease.zip#Turmeric Plant Disease/Dry Leaf/Dry Leaf00125.JPG,Turmeric Plant Disease Dataset Advancing AI (Original),Dry Leaf,Dry Leaf,deficiency_or_stress,leaf,.jpg,1000,1000,RGB,5c43bc40097e33f953dc60c8403fe6557edd058eb1d4e9ddef862ddcfffe68bf,0703231f3ffff480,valid,TURM_DUP_0125,canonical,TURM_04486,True,
TURM_04487,DATASET/Turmeric Plant Disease Dataset Advancing AI for Agricultural Sustainability.zip#Turmeric Plant Disease Dataset Advancing AI for Agricultural Sustainability/Turmeric Plant Disease.zip#Turmeric Plant Disease/Dry Leaf/Dry Leaf00126.JPG,Turmeric Plant Disease Dataset Advancing AI (Original),Dry Leaf,Dry Leaf,deficiency_or_stress,leaf,.jpg,1000,1000,RGB,1e257216d3238ee65694117a8abd669434f2845b17e04dd3c27a4ff048c37425,7f0f070707070f0f,valid,TURM_DUP_0126,canonical,TURM_04487,True,
TURM_04488,DATASET/Turmeric Plant Disease Dataset Advancing AI for Agricultural Sustainability.zip#Turmeric Plant Disease Dataset Advancing AI for Agricultural Sustainability/Turmeric Plant Disease.zip#Turmeric Plant Disease/Dry Leaf/Dry Leaf00127.JPG,Turmeric Plant Disease Dataset Advancing AI (Original),Dry Leaf,Dry Leaf,deficiency_or_stress,leaf,.jpg,1000,1000,RGB,77c1dec600f3879c5e20dddca3eb00d143e850d28198fa32e287c38bfc257373,1c0e1c1c1c1e0f03,valid,TURM_DUP_0127,canonical,TURM_04488,True,
TURM_04489,DATASET/Turmeric Plant Disease Dataset Advancing AI for Agricultural Sustainability.zip#Turmeric Plant Disease Dataset Advancing AI for Agricultural Sustainability/Turmeric Plant Disease.zip#Turmeric Plant Disease/Dry Leaf/Dry Leaf00128.JPG,Turmeric Plant Disease Dataset Advancing AI (Original),Dry Leaf,Dry Leaf,deficiency_or_stress,leaf,.jpg,1000,1000,RGB,791b8a36ba3aa93a73459e24c32302b046c760f248f9dfffa80f22fe0f69fc69,3c1c0c1c1c1e0f03,valid,TURM_DUP_0128,canonical,TURM_04489,True,
TURM_04490,DATASET/Turmeric Plant Disease Dataset Advancing AI for Agricultural Sustainability.zip#Turmeric Plant Disease Dataset Advancing AI for Agricultural Sustainability/Turmeric Plant Disease.zip#Turmeric Plant Disease/Dry Leaf/Dry Leaf00129.JPG,Turmeric Plant Disease Dataset Advancing AI (Original),Dry Leaf,Dry Leaf,deficiency_or_stress,leaf,.jpg,1000,1000,RGB,014848c567f10d0f43c791b47c0c37b5ca533db7d381b21c4be92d38a8f710de,c07b1f0707070707,valid,TURM_DUP_0129,canonical,TURM_04490,True,
TURM_04491,DATASET/Turmeric Plant Disease Dataset Advancing AI for Agricultural Sustainability.zip#Turmeric Plant Disease Dataset Advancing AI for Agricultural Sustainability/Turmeric Plant Disease.zip#Turmeric Plant Disease/Dry Leaf/Dry Leaf00130.JPG,Turmeric Plant Disease Dataset Advancing AI (Original),Dry Leaf,Dry Leaf,deficiency_or_stress,leaf,.jpg,1000,1000,RGB,b6baccce3e4f543c756ce5c666c2c5fe93efbf4f6f9550774301f0d55fa77461,787070f0f87f1707,valid,TURM_DUP_0130,canonical,TURM_04491,True,
TURM_04492,DATASET/Turmeric Plant Disease Dataset Advancing AI for Agricultural Sustainability.zip#Turmeric Plant Disease Dataset Advancing AI for Agricultural Sustainability/Turmeric Plant Disease.zip#Turmeric Plant Disease/Dry Leaf/Dry Leaf00131.JPG,Turmeric Plant Disease Dataset Advancing AI (Original),Dry Leaf,Dry Leaf,deficiency_or_stress,leaf,.jpg,1000,1000,RGB,5d4c316a9b661303adaa934b238fde8158ea2b540bddbac7a7aea465bf45b0d8,9158783c1c0f0300,valid,TURM_DUP_0131,canonical,TURM_04492,True,
TURM_04493,DATASET/Turmeric Plant Disease Dataset Advancing AI for Agricultural Sustainability.zip#Turmeric Plant Disease Dataset Advancing AI for Agricultural Sustainability/Turmeric Plant Disease.zip#Turmeric Plant Disease/Dry Leaf/Dry Leaf00132.JPG,Turmeric Plant Disease Dataset Advancing AI (Original),Dry Leaf,Dry Leaf,deficiency_or_stress,leaf,.jpg,1000,1000,RGB,6ad1984ab2f5869d796580739ddc3fde3e5a24608a21d4b99e04304fa8f4d850,8cdcfcfc7c070e01,valid,TURM_DUP_0132,canonical,TURM_04493,True,
TURM_04494,DATASET/Turmeric Plant Disease Dataset Advancing AI for Agricultural Sustainability.zip#Turmeric Plant Disease Dataset Advancing AI for Agricultural Sustainability/Turmeric Plant Disease.zip#Turmeric Plant Disease/Dry Leaf/Dry Leaf00133.JPG,Turmeric Plant Disease Dataset Advancing AI (Original),Dry Leaf,Dry Leaf,deficiency_or_stress,leaf,.jpg,1000,1000,RGB,4f45ab1a48b9e937a6a71905bb29ba22ab8d261b95b513140bcc7c8811b91be0,7e7c78793f3f3f0f,valid,TURM_DUP_0133,canonical,TURM_04494,True,
TURM_04495,DATASET/Turmeric Plant Disease Dataset Advancing AI for Agricultural Sustainability.zip#Turmeric Plant Disease Dataset Advancing AI for Agricultural Sustainability/Turmeric Plant Disease.zip#Turmeric Plant Disease/Dry Leaf/Dry Leaf00134.JPG,Turmeric Plant Disease Dataset Advancing AI (Original),Dry Leaf,Dry Leaf,deficiency_or_stress,leaf,.jpg,1000,1000,RGB,95ef0297187290544356c06d4c0b01bb917c0d26a6a3b7c8ea77987d522046a5,f0f8f8ff7b3e0f21,valid,TURM_DUP_0134,canonical,TURM_04495,True,
TURM_04496,DATASET/Turmeric Plant Disease Dataset Advancing AI for Agricultural Sustainability.zip#Turmeric Plant Disease Dataset Advancing AI for Agricultural Sustainability/Turmeric Plant Disease.zip#Turmeric Plant Disease/Dry Leaf/Dry Leaf00135.JPG,Turmeric Plant Disease Dataset Advancing AI (Original),Dry Leaf,Dry Leaf,deficiency_or_stress,leaf,.jpg,1000,1000,RGB,a843de283cb5b39cd701bd0661abdbc5bccbab1e9b4d1798efd6bfd994d83cac,00507878383f0f07,valid,TURM_DUP_0135,canonical,TURM_04496,True,
TURM_04497,DATASET/Turmeric Plant Disease Dataset Advancing AI for Agricultural Sustainability.zip#Turmeric Plant Disease Dataset Advancing AI for Agricultural Sustainability/Turmeric Plant Disease.zip#Turmeric Plant Disease/Dry Leaf/Dry Leaf00136.JPG,Turmeric Plant Disease Dataset Advancing AI (Original),Dry Leaf,Dry Leaf,deficiency_or_stress,leaf,.jpg,1000,1000,RGB,a883398f84117102ccab5d46d2113f627522b99a4147fde0bc503b104ab976f7,a0f070783f1f0c00,valid,TURM_DUP_0136,canonical,TURM_04497,True,
TURM_04498,DATASET/Turmeric Plant Disease Dataset Advancing AI for Agricultural Sustainability.zip#Turmeric Plant Disease Dataset Advancing AI for Agricultural Sustainability/Turmeric Plant Disease.zip#Turmeric Plant Disease/Dry Leaf/Dry Leaf00137.JPG,Turmeric Plant Disease Dataset Advancing AI (Original),Dry Leaf,Dry Leaf,deficiency_or_stress,leaf,.jpg,1000,1000,RGB,64132a3541539acdf0ca24872dddfb83534525b5fbae0ee7819d0fe950db9390,48282c3e3f1f0f0f,valid,TURM_DUP_0137,canonical,TURM_04498,True,
TURM_04499,DATASET/Turmeric Plant Disease Dataset Advancing AI for Agricultural Sustainability.zip#Turmeric Plant Disease Dataset Advancing AI for Agricultural Sustainability/Turmeric Plant Disease.zip#Turmeric Plant Disease/Dry Leaf/Dry Leaf00138.JPG,Turmeric Plant Disease Dataset Advancing AI (Original),Dry Leaf,Dry Leaf,deficiency_or_stress,leaf,.jpg,1000,1000,RGB,48a137a521fcf8c5bf0f80670022143942508551f0f3047e9f590ff294fc2316,07010124e2000000,valid,TURM_DUP_0138,canonical,TURM_04499,True,
TURM_04500,DATASET/Turmeric Plant Disease Dataset Advancing AI for Agricultural Sustainability.zip#Turmeric Plant Disease Dataset Advancing AI for Agricultural Sustainability/Turmeric Plant Disease.zip#Turmeric Plant Disease/Dry Leaf/Dry Leaf00139.JPG,Turmeric Plant Disease Dataset Advancing AI (Original),Dry Leaf,Dry Leaf,deficiency_or_stress,leaf,.jpg,1000,1000,RGB,586945eaa6211201d7f654f360ebf0212b6dc7a62ce1176f0c28aaf0aa123341,67e3e1e07e7f1e0f,valid,TURM_DUP_0139,canonical,TURM_04500,True,
TURM_04501,DATASET/Turmeric Plant Disease Dataset Advancing AI for Agricultural Sustainability.zip#Turmeric Plant Disease Dataset Advancing AI for Agricultural Sustainability/Turmeric Plant Disease.zip#Turmeric Plant Disease/Dry Leaf/Dry Leaf00140.JPG,Turmeric Plant Disease Dataset Advancing AI (Original),Dry Leaf,Dry Leaf,deficiency_or_stress,leaf,.jpg,1000,1000,RGB,9aec6dc5c705f5fc5882735d7ab6ca4e72464b6ebfc6ece3b78c3eb6a552b67e,183f1f0f07030301,valid,TURM_DUP_0140,canonical,TURM_04501,True,
TURM_04502,DATASET/Turmeric Plant Disease Dataset Advancing AI for Agricultural Sustainability.zip#Turmeric Plant Disease Dataset Advancing AI for Agricultural Sustainability/Turmeric Plant Disease.zip#Turmeric Plant Disease/Dry Leaf/Dry Leaf00141.JPG,Turmeric Plant Disease Dataset Advancing AI (Original),Dry Leaf,Dry Leaf,deficiency_or_stress,leaf,.jpg,1000,1000,RGB,0f284251c86ec07a2639cb5c47eac80a8ffb2932d0a4737da7f08cd75e5abcc3,0007072180000000,valid,TURM_DUP_0141,canonical,TURM_04502,True,
TURM_04503,DATASET/Turmeric Plant Disease Dataset Advancing AI for Agricultural Sustainability.zip#Turmeric Plant Disease Dataset Advancing AI for Agricultural Sustainability/Turmeric Plant Disease.zip#Turmeric Plant Disease/Dry Leaf/Dry Leaf00142.JPG,Turmeric Plant Disease Dataset Advancing AI (Original),Dry Leaf,Dry Leaf,deficiency_or_stress,leaf,.jpg,1000,1000,RGB,a5247e0249fe3cf43ec67180e6f88035775c70c0edeec71efc8b355f14b21157,009cfe1f0f070301,valid,TURM_DUP_0142,canonical,TURM_04503,True,
TURM_04504,DATASET/Turmeric Plant Disease Dataset Advancing AI for Agricultural Sustainability.zip#Turmeric Plant Disease Dataset Advancing AI for Agricultural Sustainability/Turmeric Plant Disease.zip#Turmeric Plant Disease/Dry Leaf/Dry Leaf00143.JPG,Turmeric Plant Disease Dataset Advancing AI (Original),Dry Leaf,Dry Leaf,deficiency_or_stress,leaf,.jpg,1000,1000,RGB,264aaf55af985e2d563adbfe4338e6d7666deb78327e547e536cc5a3f2933d56,070d1f4783030101,valid,TURM_DUP_0143,canonical,TURM_04504,True,
TURM_04505,DATASET/Turmeric Plant Disease Dataset Advancing AI for Agricultural Sustainability.zip#Turmeric Plant Disease Dataset Advancing AI for Agricultural Sustainability/Turmeric Plant Disease.zip#Turmeric Plant Disease/Dry Leaf/Dry Leaf00144.JPG,Turmeric Plant Disease Dataset Advancing AI (Original),Dry Leaf,Dry Leaf,deficiency_or_stress,leaf,.jpg,1000,1000,RGB,6831033d949f3252e755038007505436d19c9047c61b15ab012cbac7a8182847,fcfe5f1f1f0f0703,valid,TURM_DUP_0144,canonical,TURM_04505,True,
TURM_04506,DATASET/Turmeric Plant Disease Dataset Advancing AI for Agricultural Sustainability.zip#Turmeric Plant Disease Dataset Advancing AI for Agricultural Sustainability/Turmeric Plant Disease.zip#Turmeric Plant Disease/Dry Leaf/Dry Leaf00145.JPG,Turmeric Plant Disease Dataset Advancing AI (Original),Dry Leaf,Dry Leaf,deficiency_or_stress,leaf,.jpg,1000,1000,RGB,17b07c19e0a269fd5d0d9ab343b632df760ee8698ece73129a27cbc68f72a1ab,4b0f1f1f1f0f0703,valid,TURM_DUP_0145,canonical,TURM_04506,True,
TURM_04507,DATASET/Turmeric Plant Disease Dataset Advancing AI for Agricultural Sustainability.zip#Turmeric Plant Disease Dataset Advancing AI for Agricultural Sustainability/Turmeric Plant Disease.zip#Turmeric Plant Disease/Dry Leaf/Dry Leaf00146.JPG,Turmeric Plant Disease Dataset Advancing AI (Original),Dry Leaf,Dry Leaf,deficiency_or_stress,leaf,.jpg,1000,1000,RGB,b854f374c9ddd4b3b8e59c133547a6b7367e59a23040ce57c8f1a592c753a0e1,013b3f1f1b1f1f07,valid,TURM_DUP_0146,canonical,TURM_04507,True,
TURM_04508,DATASET/Turmeric Plant Disease Dataset Advancing AI for Agricultural Sustainability.zip#Turmeric Plant Disease Dataset Advancing AI for Agricultural Sustainability/Turmeric Plant Disease.zip#Turmeric Plant Disease/Dry Leaf/Dry Leaf00147.JPG,Turmeric Plant Disease Dataset Advancing AI (Original),Dry Leaf,Dry Leaf,deficiency_or_stress,leaf,.jpg,1000,1000,RGB,3f3ecc0f6256a0d98ab3777c1efaf54551e35743230373e8c12b9e597408a026,ecf4dcff7f3f3301,valid,TURM_DUP_0147,canonical,TURM_04508,True,
TURM_04509,DATASET/Turmeric Plant Disease Dataset Advancing AI for Agricultural Sustainability.zip#Turmeric Plant Disease Dataset Advancing AI for Agricultural Sustainability/Turmeric Plant Disease.zip#Turmeric Plant Disease/Dry Leaf/Dry Leaf00148.JPG,Turmeric Plant Disease Dataset Advancing AI (Original),Dry Leaf,Dry Leaf,deficiency_or_stress,leaf,.jpg,1000,1000,RGB,0050548bb52901a3e124cb73b2757f62e37b3515ae2f5740dde545c5c27b570e,f4f2f2fa7f3f0301,valid,TURM_DUP_0148,canonical,TURM_04509,True,
TURM_04510,DATASET/Turmeric Plant Disease Dataset Advancing AI for Agricultural Sustainability.zip#Turmeric Plant Disease Dataset Advancing AI for Agricultural Sustainability/Turmeric Plant Disease.zip#Turmeric Plant Disease/Dry Leaf/Dry Leaf00149.JPG,Turmeric Plant Disease Dataset Advancing AI (Original),Dry Leaf,Dry Leaf,deficiency_or_stress,leaf,.jpg,1000,1000,RGB,84af6acb90806bb01fab8aeb8d42f962298b8e63e748924df57b46bce65c820f,487c7c7c3d1f0301,valid,TURM_DUP_0149,canonical,TURM_04510,True,
TURM_04511,DATASET/Turmeric Plant Disease Dataset Advancing AI for Agricultural Sustainability.zip#Turmeric Plant Disease Dataset Advancing AI for Agricultural Sustainability/Turmeric Plant Disease.zip#Turmeric Plant Disease/Dry Leaf/Dry Leaf00150.JPG,Turmeric Plant Disease Dataset Advancing AI (Original),Dry Leaf,Dry Leaf,deficiency_or_stress,leaf,.jpg,1000,1000,RGB,ee45426f1f9d8bbdb690c0f13a4894ce1a4a59d2a7b908837c63c94fbc7a8501,7e7e7d7f3f1f0f00,valid,TURM_DUP_0150,canonical,TURM_04511,True,
TURM_04512,DATASET/Turmeric Plant Disease Dataset Advancing AI for Agricultural Sustainability.zip#Turmeric Plant Disease Dataset Advancing AI for Agricultural Sustainability/Turmeric Plant Disease.zip#Turmeric Plant Disease/Dry Leaf/Dry Leaf00151.JPG,Turmeric Plant Disease Dataset Advancing AI (Original),Dry Leaf,Dry Leaf,deficiency_or_stress,leaf,.jpg,1000,1000,RGB,80e288cfa9b1e552ef36b3f6679bba32cca8577cbf438628de4dad73feeb8507,feffff7a3f1f0701,valid,TURM_DUP_0151,canonical,TURM_04512,True,
TURM_04513,DATASET/Turmeric Plant Disease Dataset Advancing AI for Agricultural Sustainability.zip#Turmeric Plant Disease Dataset Advancing AI for Agricultural Sustainability/Turmeric Plant Disease.zip#Turmeric Plant Disease/Dry Leaf/Dry Leaf00152.JPG,Turmeric Plant Disease Dataset Advancing AI (Original),Dry Leaf,Dry Leaf,deficiency_or_stress,leaf,.jpg,1000,1000,RGB,ed802ad7165fb46efc27b39dcacc4a779cd3254f1ee3af4996574a516c06504c,7c7c7c7e3c1f0f01,valid,TURM_DUP_0152,canonical,TURM_04513,True,
TURM_04514,DATASET/Turmeric Plant Disease Dataset Advancing AI for Agricultural Sustainability.zip#Turmeric Plant Disease Dataset Advancing AI for Agricultural Sustainability/Turmeric Plant Disease.zip#Turmeric Plant Disease/Dry Leaf/Dry Leaf00153.JPG,Turmeric Plant Disease Dataset Advancing AI (Original),Dry Leaf,Dry Leaf,deficiency_or_stress,leaf,.jpg,1000,1000,RGB,0d20fc9edf679df4b5be89add0fac673d46cc1217eac81933aa7e1752207ac69,f87c1d0f07070707,valid,TURM_DUP_0153,canonical,TURM_04514,True,
TURM_04515,DATASET/Turmeric Plant Disease Dataset Advancing AI for Agricultural Sustainability.zip#Turmeric Plant Disease Dataset Advancing AI for Agricultural Sustainability/Turmeric Plant Disease.zip#Turmeric Plant Disease/Dry Leaf/Dry Leaf00154.JPG,Turmeric Plant Disease Dataset Advancing AI (Original),Dry Leaf,Dry Leaf,deficiency_or_stress,leaf,.jpg,1000,1000,RGB,d1d30742ac15213491082fc141f61fed6bb2e0c3c549885ee75ac715a385e9c8,0f0f2f2160606040,valid,TURM_DUP_0154,canonical,TURM_04515,True,
TURM_04516,DATASET/Turmeric Plant Disease Dataset Advancing AI for Agricultural Sustainability.zip#Turmeric Plant Disease Dataset Advancing AI for Agricultural Sustainability/Turmeric Plant Disease.zip#Turmeric Plant Disease/Dry Leaf/Dry Leaf00155.JPG,Turmeric Plant Disease Dataset Advancing AI (Original),Dry Leaf,Dry Leaf,deficiency_or_stress,leaf,.jpg,1000,1000,RGB,2a22542abdea0043741949715d5cb83eeb7aaf2e845c076b39b6f37560f1e71f,03090d0c1818113d,valid,TURM_DUP_0155,canonical,TURM_04516,True,
TURM_04517,DATASET/Turmeric Plant Disease Dataset Advancing AI for Agricultural Sustainability.zip#Turmeric Plant Disease Dataset Advancing AI for Agricultural Sustainability/Turmeric Plant Disease.zip#Turmeric Plant Disease/Dry Leaf/Dry Leaf00156.JPG,Turmeric Plant Disease Dataset Advancing AI (Original),Dry Leaf,Dry Leaf,deficiency_or_stress,leaf,.jpg,1000,1000,RGB,19eceeb2f9aa5c569f103bc66d39a91cea395d98e335614db99f7762eeac6235,031f3f9fc0c0c08c,valid,TURM_DUP_0156,canonical,TURM_04517,True,
TURM_04518,DATASET/Turmeric Plant Disease Dataset Advancing AI for Agricultural Sustainability.zip#Turmeric Plant Disease Dataset Advancing AI for Agricultural Sustainability/Turmeric Plant Disease.zip#Turmeric Plant Disease/Dry Leaf/Dry Leaf00157.JPG,Turmeric Plant Disease Dataset Advancing AI (Original),Dry Leaf,Dry Leaf,deficiency_or_stress,leaf,.jpg,1000,1000,RGB,1f0a416a7994aae28380969cf68a4fbe6ff7bac6385b71345df7c660cbb6ce95,dcf2bf1f0f070101,valid,TURM_DUP_0157,canonical,TURM_04518,True,
TURM_04519,DATASET/Turmeric Plant Disease Dataset Advancing AI for Agricultural Sustainability.zip#Turmeric Plant Disease Dataset Advancing AI for Agricultural Sustainability/Turmeric Plant Disease.zip#Turmeric Plant Disease/Dry Leaf/Dry Leaf00158.JPG,Turmeric Plant Disease Dataset Advancing AI (Original),Dry Leaf,Dry Leaf,deficiency_or_stress,leaf,.jpg,1000,1000,RGB,07e7b8bd735fc315330706c282368918211f1667629ef50da2f7ec2ee1d3f167,7e3f1f0f03030101,valid,TURM_DUP_0158,canonical,TURM_04519,True,
TURM_04520,DATASET/Turmeric Plant Disease Dataset Advancing AI for Agricultural Sustainability.zip#Turmeric Plant Disease Dataset Advancing AI for Agricultural Sustainability/Turmeric Plant Disease.zip#Turmeric Plant Disease/Dry Leaf/Dry Leaf00159.JPG,Turmeric Plant Disease Dataset Advancing AI (Original),Dry Leaf,Dry Leaf,deficiency_or_stress,leaf,.jpg,1000,1000,RGB,06235f8874e4c2b39153a2b0922d04d7911495e5b28fe91c25c2d0a4e2b012f1,be1f0f0703010000,valid,TURM_DUP_0159,canonical,TURM_04520,True,
TURM_04521,DATASET/Turmeric Plant Disease Dataset Advancing AI for Agricultural Sustainability.zip#Turmeric Plant Disease Dataset Advancing AI for Agricultural Sustainability/Turmeric Plant Disease.zip#Turmeric Plant Disease/Dry Leaf/Dry Leaf00160.JPG,Turmeric Plant Disease Dataset Advancing AI (Original),Dry Leaf,Dry Leaf,deficiency_or_stress,leaf,.jpg,1000,1000,RGB,0bb309fe86de16825a78cc235a76ed3c7146fbe293e4d8e8d658b452bfc2530e,ff67030301000000,valid,TURM_DUP_0160,canonical,TURM_04521,True,
TURM_04522,DATASET/Turmeric Plant Disease Dataset Advancing AI for Agricultural Sustainability.zip#Turmeric Plant Disease Dataset Advancing AI for Agricultural Sustainability/Turmeric Plant Disease.zip#Turmeric Plant Disease/Dry Leaf/Dry Leaf00161.JPG,Turmeric Plant Disease Dataset Advancing AI (Original),Dry Leaf,Dry Leaf,deficiency_or_stress,leaf,.jpg,1000,1000,RGB,4048dc99c6faee2a9bbd70e85f88f5ebc816fd46bc66342f833407f91b57bb83,1f6f6460e0c08080,valid,TURM_DUP_0161,canonical,TURM_04522,True,
TURM_04523,DATASET/Turmeric Plant Disease Dataset Advancing AI for Agricultural Sustainability.zip#Turmeric Plant Disease Dataset Advancing AI for Agricultural Sustainability/Turmeric Plant Disease.zip#Turmeric Plant Disease/Dry Leaf/Dry Leaf00162.JPG,Turmeric Plant Disease Dataset Advancing AI (Original),Dry Leaf,Dry Leaf,deficiency_or_stress,leaf,.jpg,1000,1000,RGB,80eeec0fdc4e2c8bec8dfc12fed7743733c9eb0550356d28491cf236cb212281,07131b1830203000,valid,TURM_DUP_0162,canonical,TURM_04523,True,
TURM_04524,DATASET/Turmeric Plant Disease Dataset Advancing AI for Agricultural Sustainability.zip#Turmeric Plant Disease Dataset Advancing AI for Agricultural Sustainability/Turmeric Plant Disease.zip#Turmeric Plant Disease/Dry Leaf/Dry Leaf00163.JPG,Turmeric Plant Disease Dataset Advancing AI (Original),Dry Leaf,Dry Leaf,deficiency_or_stress,leaf,.jpg,1000,1000,RGB,bc95b841200b2cf0f8df9a5ea8395f11d9efaeb24c4933eb3f93356c94fffc8a,1e1f4763c1c00000,valid,TURM_DUP_0163,canonical,TURM_04524,True,
TURM_04525,DATASET/Turmeric Plant Disease Dataset Advancing AI for Agricultural Sustainability.zip#Turmeric Plant Disease Dataset Advancing AI for Agricultural Sustainability/Turmeric Plant Disease.zip#Turmeric Plant Disease/Dry Leaf/Dry Leaf00164.JPG,Turmeric Plant Disease Dataset Advancing AI (Original),Dry Leaf,Dry Leaf,deficiency_or_stress,leaf,.jpg,1000,1000,RGB,617e93287d5aaa75a8ddd54d163951db5159cb4deb6d25be34db0c040d036829,0e0f3373f1f1f0c2,valid,TURM_DUP_0164,canonical,TURM_04525,True,
TURM_04526,DATASET/Turmeric Plant Disease Dataset Advancing AI for Agricultural Sustainability.zip#Turmeric Plant Disease Dataset Advancing AI for Agricultural Sustainability/Turmeric Plant Disease.zip#Turmeric Plant Disease/Dry Leaf/Dry Leaf00165.JPG,Turmeric Plant Disease Dataset Advancing AI (Original),Dry Leaf,Dry Leaf,deficiency_or_stress,leaf,.jpg,1000,1000,RGB,355e88d8da1c4244ea8384aa77db19078afedd808e07593e078aa7f018a4c563,03031938787878f1,valid,TURM_DUP_0165,canonical,TURM_04526,True,
TURM_04527,DATASET/Turmeric Plant Disease Dataset Advancing AI for Agricultural Sustainability.zip#Turmeric Plant Disease Dataset Advancing AI for Agricultural Sustainability/Turmeric Plant Disease.zip#Turmeric Plant Disease/Dry Leaf/Dry Leaf00166.JPG,Turmeric Plant Disease Dataset Advancing AI (Original),Dry Leaf,Dry Leaf,deficiency_or_stress,leaf,.jpg,1000,1000,RGB,341e4a4b2a7b5c4078cf6a0572b646c20b9ff7c3f84cebb8f4ac7c43a462eff0,0168381b0bc28001,valid,TURM_DUP_0166,canonical,TURM_04527,True,
TURM_04528,DATASET/Turmeric Plant Disease Dataset Advancing AI for Agricultural Sustainability.zip#Turmeric Plant Disease Dataset Advancing AI for Agricultural Sustainability/Turmeric Plant Disease.zip#Turmeric Plant Disease/Dry Leaf/Dry Leaf00167.JPG,Turmeric Plant Disease Dataset Advancing AI (Original),Dry Leaf,Dry Leaf,deficiency_or_stress,leaf,.jpg,1000,1000,RGB,28af276d22f48e23f43300c682d26c8b396b5b463b4e3b35d656268708a1541f,827878381d1f0703,valid,TURM_DUP_0167,canonical,TURM_04528,True,
TURM_04529,DATASET/Turmeric Plant Disease Dataset Advancing AI for Agricultural Sustainability.zip#Turmeric Plant Disease Dataset Advancing AI for Agricultural Sustainability/Turmeric Plant Disease.zip#Turmeric Plant Disease/Dry Leaf/Dry Leaf00168.JPG,Turmeric Plant Disease Dataset Advancing AI (Original),Dry Leaf,Dry Leaf,deficiency_or_stress,leaf,.jpg,1000,1000,RGB,c3fab8ac78455d80054578fd5e343e26be49ee6999b1984aa2a622ae875a45d4,fc7c3c1c0e070341,valid,TURM_DUP_0168,canonical,TURM_04529,True,
TURM_04530,DATASET/Turmeric Plant Disease Dataset Advancing AI for Agricultural Sustainability.zip#Turmeric Plant Disease Dataset Advancing AI for Agricultural Sustainability/Turmeric Plant Disease.zip#Turmeric Plant Disease/Dry Leaf/Dry Leaf00169.JPG,Turmeric Plant Disease Dataset Advancing AI (Original),Dry Leaf,Dry Leaf,deficiency_or_stress,leaf,.jpg,1000,1000,RGB,63ac2c08c304e908651f01338e6c7b3a143cd38d89622c5aa80d7df73266a5c4,e07e3f0f03010808,valid,TURM_DUP_0169,canonical,TURM_04530,True,
TURM_04531,DATASET/Turmeric Plant Disease Dataset Advancing AI for Agricultural Sustainability.zip#Turmeric Plant Disease Dataset Advancing AI for Agricultural Sustainability/Turmeric Plant Disease.zip#Turmeric Plant Disease/Dry Leaf/Dry Leaf00170.JPG,Turmeric Plant Disease Dataset Advancing AI (Original),Dry Leaf,Dry Leaf,deficiency_or_stress,leaf,.jpg,1000,1000,RGB,6e4bc65e0a3086f41cdea2b99b2e1618d36cced1aa4e4e522c1bb35007dca33b,333f3f0f03010008,valid,TURM_DUP_0170,canonical,TURM_04531,True,
TURM_04532,DATASET/Turmeric Plant Disease Dataset Advancing AI for Agricultural Sustainability.zip#Turmeric Plant Disease Dataset Advancing AI for Agricultural Sustainability/Turmeric Plant Disease.zip#Turmeric Plant Disease/Dry Leaf/Dry Leaf00171.JPG,Turmeric Plant Disease Dataset Advancing AI (Original),Dry Leaf,Dry Leaf,deficiency_or_stress,leaf,.jpg,1000,1000,RGB,3b342f1eaa0de9cf2d075678c1d155de116fca2b8d7b4eaad5feb39a57cd691d,77ff7f0f07030100,valid,TURM_DUP_0171,canonical,TURM_04532,True,
TURM_04533,DATASET/Turmeric Plant Disease Dataset Advancing AI for Agricultural Sustainability.zip#Turmeric Plant Disease Dataset Advancing AI for Agricultural Sustainability/Turmeric Plant Disease.zip#Turmeric Plant Disease/Dry Leaf/Dry Leaf00172.JPG,Turmeric Plant Disease Dataset Advancing AI (Original),Dry Leaf,Dry Leaf,deficiency_or_stress,leaf,.jpg,1000,1000,RGB,a0f65781a3f572a5a8749d02b971c9266219483f833c7864dfd8aee6a2c3ef19,f9f93d1e0f030100,valid,TURM_DUP_0172,canonical,TURM_04533,True,
TURM_04534,DATASET/Turmeric Plant Disease Dataset Advancing AI for Agricultural Sustainability.zip#Turmeric Plant Disease Dataset Advancing AI for Agricultural Sustainability/Turmeric Plant Disease.zip#Turmeric Plant Disease/Dry Leaf/Dry Leaf00173.JPG,Turmeric Plant Disease Dataset Advancing AI (Original),Dry Leaf,Dry Leaf,deficiency_or_stress,leaf,.jpg,1000,1000,RGB,dc952c0fca49668a17dd55d19e19e9369bc2d9be8a5447032d9e4626229047a1,2f6f66363f1f0d06,valid,TURM_DUP_0173,canonical,TURM_04534,True,
TURM_04535,DATASET/Turmeric Plant Disease Dataset Advancing AI for Agricultural Sustainability.zip#Turmeric Plant Disease Dataset Advancing AI for Agricultural Sustainability/Turmeric Plant Disease.zip#Turmeric Plant Disease/Dry Leaf/Dry Leaf00174.JPG,Turmeric Plant Disease Dataset Advancing AI (Original),Dry Leaf,Dry Leaf,deficiency_or_stress,leaf,.jpg,1000,1000,RGB,527229273a6264f6607d88526f515730fc28204be7f433337b3f41d6694c3029,113333333131391d,valid,TURM_DUP_0174,canonical,TURM_04535,True,
TURM_04536,DATASET/Turmeric Plant Disease Dataset Advancing AI for Agricultural Sustainability.zip#Turmeric Plant Disease Dataset Advancing AI for Agricultural Sustainability/Turmeric Plant Disease.zip#Turmeric Plant Disease/Dry Leaf/Dry Leaf00175.JPG,Turmeric Plant Disease Dataset Advancing AI (Original),Dry Leaf,Dry Leaf,deficiency_or_stress,leaf,.jpg,1000,1000,RGB,b0d18bb9a7031ac0f32a7a05b458e6a7905e4269371e2249f6f44c1ed5361649,676763793d3f1716,valid,TURM_DUP_0175,canonical,TURM_04536,True,
TURM_04537,DATASET/Turmeric Plant Disease Dataset Advancing AI for Agricultural Sustainability.zip#Turmeric Plant Disease Dataset Advancing AI for Agricultural Sustainability/Turmeric Plant Disease.zip#Turmeric Plant Disease/Dry Leaf/Dry Leaf00176.JPG,Turmeric Plant Disease Dataset Advancing AI (Original),Dry Leaf,Dry Leaf,deficiency_or_stress,leaf,.jpg,1000,1000,RGB,e2798921e1d022ec827d83afeaa8b32bf3a19d63efd6b1748ab33eb8fb11054b,03071d3360c08303,valid,TURM_DUP_0176,canonical,TURM_04537,True,
TURM_04538,DATASET/Turmeric Plant Disease Dataset Advancing AI for Agricultural Sustainability.zip#Turmeric Plant Disease Dataset Advancing AI for Agricultural Sustainability/Turmeric Plant Disease.zip#Turmeric Plant Disease/Dry Leaf/Dry Leaf00177.JPG,Turmeric Plant Disease Dataset Advancing AI (Original),Dry Leaf,Dry Leaf,deficiency_or_stress,leaf,.jpg,1000,1000,RGB,4ed045f4c2ba0d71793baa225ce8ad12ef80e540a0890f9be0ca911fcce3ba47,041723fc90000004,valid,TURM_DUP_0177,canonical,TURM_04538,True,
TURM_04539,DATASET/Turmeric Plant Disease Dataset Advancing AI for Agricultural Sustainability.zip#Turmeric Plant Disease Dataset Advancing AI for Agricultural Sustainability/Turmeric Plant Disease.zip#Turmeric Plant Disease/Dry Leaf/Dry Leaf00178.JPG,Turmeric Plant Disease Dataset Advancing AI (Original),Dry Leaf,Dry Leaf,deficiency_or_stress,leaf,.jpg,1000,1000,RGB,ee8961ef7f97d5ed69143791904ece22a4690a798fbe65a266a0bbdd3c6d137b,03131670c0000009,valid,TURM_DUP_0178,canonical,TURM_04539,True,
TURM_04540,DATASET/Turmeric Plant Disease Dataset Advancing AI for Agricultural Sustainability.zip#Turmeric Plant Disease Dataset Advancing AI for Agricultural Sustainability/Turmeric Plant Disease.zip#Turmeric Plant Disease/Dry Leaf/Dry Leaf00179.JPG,Turmeric Plant Disease Dataset Advancing AI (Original),Dry Leaf,Dry Leaf,deficiency_or_stress,leaf,.jpg,1000,1000,RGB,200dca98c8c3f3b9d0a8e0c4afbe44b6adeaa8bdbf03385c2c9485f8b0999b0e,00197fc7f3010000,valid,TURM_DUP_0179,canonical,TURM_04540,True,
TURM_04541,DATASET/Turmeric Plant Disease Dataset Advancing AI for Agricultural Sustainability.zip#Turmeric Plant Disease Dataset Advancing AI for Agricultural Sustainability/Turmeric Plant Disease.zip#Turmeric Plant Disease/Dry Leaf/Dry Leaf00180.JPG,Turmeric Plant Disease Dataset Advancing AI (Original),Dry Leaf,Dry Leaf,deficiency_or_stress,leaf,.jpg,1000,1000,RGB,3d03ff4e37190718bc45df8b830dc2c3184514a7a5870d224537c8c2119f6039,0f31e080180400fd,valid,TURM_DUP_0180,canonical,TURM_04541,True,
TURM_04542,DATASET/Turmeric Plant Disease Dataset Advancing AI for Agricultural Sustainability.zip#Turmeric Plant Disease Dataset Advancing AI for Agricultural Sustainability/Turmeric Plant Disease.zip#Turmeric Plant Disease/Dry Leaf/Dry Leaf00181.JPG,Turmeric Plant Disease Dataset Advancing AI (Original),Dry Leaf,Dry Leaf,deficiency_or_stress,leaf,.jpg,1000,1000,RGB,4972914e507bd3517d7e4e8b435932324dc931e1e7a4a09d9df5368eeb5ef181,d0f83d0e03010000,valid,TURM_DUP_0181,canonical,TURM_04542,True,
TURM_04543,DATASET/Turmeric Plant Disease Dataset Advancing AI for Agricultural Sustainability.zip#Turmeric Plant Disease Dataset Advancing AI for Agricultural Sustainability/Turmeric Plant Disease.zip#Turmeric Plant Disease/Dry Leaf/Dry Leaf00182.JPG,Turmeric Plant Disease Dataset Advancing AI (Original),Dry Leaf,Dry Leaf,deficiency_or_stress,leaf,.jpg,1000,1000,RGB,e6877272264a68cf3e223bc004ffbf9c9aa74069942e6931ea937d70481f8e5e,1f0f030100020101,valid,TURM_DUP_0182,canonical,TURM_04543,True,
TURM_04544,DATASET/Turmeric Plant Disease Dataset Advancing AI for Agricultural Sustainability.zip#Turmeric Plant Disease Dataset Advancing AI for Agricultural Sustainability/Turmeric Plant Disease.zip#Turmeric Plant Disease/Dry Leaf/Dry Leaf00183.JPG,Turmeric Plant Disease Dataset Advancing AI (Original),Dry Leaf,Dry Leaf,deficiency_or_stress,leaf,.jpg,1000,1000,RGB,6c977e13b65a6bd5c7bedbf38061458669ae4c4c1095f287f17fa0c76c892336,030109389f070100,valid,TURM_DUP_0183,canonical,TURM_04544,True,
TURM_04545,DATASET/Turmeric Plant Disease Dataset Advancing AI for Agricultural Sustainability.zip#Turmeric Plant Disease Dataset Advancing AI for Agricultural Sustainability/Turmeric Plant Disease.zip#Turmeric Plant Disease/Dry Leaf/Dry Leaf00184.JPG,Turmeric Plant Disease Dataset Advancing AI (Original),Dry Leaf,Dry Leaf,deficiency_or_stress,leaf,.jpg,1000,1000,RGB,9755ede690d36dc503dd96adfca078b7385a883499cef00aa7ab4b1959665480,131b0f0e0f0f0f0f,valid,TURM_DUP_0184,canonical,TURM_04545,True,
TURM_04546,DATASET/Turmeric Plant Disease Dataset Advancing AI for Agricultural Sustainability.zip#Turmeric Plant Disease Dataset Advancing AI for Agricultural Sustainability/Turmeric Plant Disease.zip#Turmeric Plant Disease/Dry Leaf/Dry Leaf00185.JPG,Turmeric Plant Disease Dataset Advancing AI (Original),Dry Leaf,Dry Leaf,deficiency_or_stress,leaf,.jpg,1000,1000,RGB,736f87cf842ab33a350630df04526d5c70de41ffa82a63dd62deb5fa7dbab094,1f0e0c0e0f0f0f07,valid,TURM_DUP_0185,canonical,TURM_04546,True,
TURM_04547,DATASET/Turmeric Plant Disease Dataset Advancing AI for Agricultural Sustainability.zip#Turmeric Plant Disease Dataset Advancing AI for Agricultural Sustainability/Turmeric Plant Disease.zip#Turmeric Plant Disease/Dry Leaf/Dry Leaf00186.JPG,Turmeric Plant Disease Dataset Advancing AI (Original),Dry Leaf,Dry Leaf,deficiency_or_stress,leaf,.jpg,1000,1000,RGB,f7ff3986460c1694283f9f5df110eb4d17743cc6c3da6aa4cd1a791dd9817260,3e1f1f0f07070703,valid,TURM_DUP_0186,canonical,TURM_04547,True,
TURM_04548,DATASET/Turmeric Plant Disease Dataset Advancing AI for Agricultural Sustainability.zip#Turmeric Plant Disease Dataset Advancing AI for Agricultural Sustainability/Turmeric Plant Disease.zip#Turmeric Plant Disease/Dry Leaf/Dry Leaf00187.JPG,Turmeric Plant Disease Dataset Advancing AI (Original),Dry Leaf,Dry Leaf,deficiency_or_stress,leaf,.jpg,1000,1000,RGB,20eca7f46627dd94289e0584532916ae8529b77572d610ddd9635393d45f65fe,381f0f0707030101,valid,TURM_DUP_0187,canonical,TURM_04548,True,
TURM_04549,DATASET/Turmeric Plant Disease Dataset Advancing AI for Agricultural Sustainability.zip#Turmeric Plant Disease Dataset Advancing AI for Agricultural Sustainability/Turmeric Plant Disease.zip#Turmeric Plant Disease/Dry Leaf/Dry Leaf00188.JPG,Turmeric Plant Disease Dataset Advancing AI (Original),Dry Leaf,Dry Leaf,deficiency_or_stress,leaf,.jpg,1000,1000,RGB,28b089871f61b6f9e71396bce5a2fe209f9cccdb877eb2bc1786a054fce31dc7,1f1f0f0f0f070707,valid,TURM_DUP_0188,canonical,TURM_04549,True,
TURM_04550,DATASET/Turmeric Plant Disease Dataset Advancing AI for Agricultural Sustainability.zip#Turmeric Plant Disease Dataset Advancing AI for Agricultural Sustainability/Turmeric Plant Disease.zip#Turmeric Plant Disease/Dry Leaf/Dry Leaf00189.JPG,Turmeric Plant Disease Dataset Advancing AI (Original),Dry Leaf,Dry Leaf,deficiency_or_stress,leaf,.jpg,1000,1000,RGB,e9931494175e3e5645f934f7f99fdc81a783ad520fb0078cef333cb05cb65fce,0000010d0dfcf8e0,valid,TURM_DUP_0189,canonical,TURM_04550,True,
TURM_04551,DATASET/Turmeric Plant Disease Dataset Advancing AI for Agricultural Sustainability.zip#Turmeric Plant Disease Dataset Advancing AI for Agricultural Sustainability/Turmeric Plant Disease.zip#Turmeric Plant Disease/Dry Leaf/Dry Leaf00190.JPG,Turmeric Plant Disease Dataset Advancing AI (Original),Dry Leaf,Dry Leaf,deficiency_or_stress,leaf,.jpg,1000,1000,RGB,3cb44b55f95ccb3c8f10725bc24cf482160f1a0e21cae34b44b924cfd805d611,0001070f1f3c3870,valid,TURM_DUP_0190,canonical,TURM_04551,True,
TURM_04552,DATASET/Turmeric Plant Disease Dataset Advancing AI for Agricultural Sustainability.zip#Turmeric Plant Disease Dataset Advancing AI for Agricultural Sustainability/Turmeric Plant Disease.zip#Turmeric Plant Disease/Dry Leaf/Dry Leaf00191.JPG,Turmeric Plant Disease Dataset Advancing AI (Original),Dry Leaf,Dry Leaf,deficiency_or_stress,leaf,.jpg,1000,1000,RGB,e51d5c19a2fb4d9cb17312e4693ecef015f1359a074eaefa77c748cbefef5406,18181c1c1e0f0f07,valid,TURM_DUP_0191,canonical,TURM_04552,True,
TURM_04553,DATASET/Turmeric Plant Disease Dataset Advancing AI for Agricultural Sustainability.zip#Turmeric Plant Disease Dataset Advancing AI for Agricultural Sustainability/Turmeric Plant Disease.zip#Turmeric Plant Disease/Dry Leaf/Dry Leaf00192.JPG,Turmeric Plant Disease Dataset Advancing AI (Original),Dry Leaf,Dry Leaf,deficiency_or_stress,leaf,.jpg,1000,1000,RGB,4b568872b10d203c99bed176c1fd2830a510a65fcd2dca48d7e5a88a1ff77cdd,203030381c1f0f0f,valid,TURM_DUP_0192,canonical,TURM_04553,True,
TURM_04554,DATASET/Turmeric Plant Disease Dataset Advancing AI for Agricultural Sustainability.zip#Turmeric Plant Disease Dataset Advancing AI for Agricultural Sustainability/Turmeric Plant Disease.zip#Turmeric Plant Disease/Dry Leaf/Dry Leaf00193.JPG,Turmeric Plant Disease Dataset Advancing AI (Original),Dry Leaf,Dry Leaf,deficiency_or_stress,leaf,.jpg,1000,1000,RGB,57053002beb42934175b9e9b52974ac956c1ea94e434a8a5bd41f6822e4c3d43,c0c0f0fc5f1f0f01,valid,TURM_DUP_0193,canonical,TURM_04554,True,
TURM_04555,DATASET/Turmeric Plant Disease Dataset Advancing AI for Agricultural Sustainability.zip#Turmeric Plant Disease Dataset Advancing AI for Agricultural Sustainability/Turmeric Plant Disease.zip#Turmeric Plant Disease/Dry Leaf/Dry Leaf00194.JPG,Turmeric Plant Disease Dataset Advancing AI (Original),Dry Leaf,Dry Leaf,deficiency_or_stress,leaf,.jpg,1000,1000,RGB,4b73f03ae126e40bc0285cd41223afc5a8e9981ff7988f088fbcc66f56399ec7,0080e0ff7f2f0600,valid,TURM_DUP_0194,canonical,TURM_04555,True,
TURM_04556,DATASET/Turmeric Plant Disease Dataset Advancing AI for Agricultural Sustainability.zip#Turmeric Plant Disease Dataset Advancing AI for Agricultural Sustainability/Turmeric Plant Disease.zip#Turmeric Plant Disease/Dry Leaf/Dry Leaf00195.JPG,Turmeric Plant Disease Dataset Advancing AI (Original),Dry Leaf,Dry Leaf,deficiency_or_stress,leaf,.jpg,1000,1000,RGB,b035b06e577aa0892dca0a16c8c8eafa2584ba03a61f85aed671c745f1ee44cb,30181c0f0f0f0707,valid,TURM_DUP_0195,canonical,TURM_04556,True,
TURM_04557,DATASET/Turmeric Plant Disease Dataset Advancing AI for Agricultural Sustainability.zip#Turmeric Plant Disease Dataset Advancing AI for Agricultural Sustainability/Turmeric Plant Disease.zip#Turmeric Plant Disease/Dry Leaf/Dry Leaf00196.JPG,Turmeric Plant Disease Dataset Advancing AI (Original),Dry Leaf,Dry Leaf,deficiency_or_stress,leaf,.jpg,1000,1000,RGB,5331e1d5d1d6c1ec1a4dec26c26fdc7f5045fa965b37adb6b0703d2e8b63b74f,92ca61381c0f0707,valid,TURM_DUP_0196,canonical,TURM_04557,True,
TURM_04558,DATASET/Turmeric Plant Disease Dataset Advancing AI for Agricultural Sustainability.zip#Turmeric Plant Disease Dataset Advancing AI for Agricultural Sustainability/Turmeric Plant Disease.zip#Turmeric Plant Disease/Dry Leaf/Dry Leaf00197.JPG,Turmeric Plant Disease Dataset Advancing AI (Original),Dry Leaf,Dry Leaf,deficiency_or_stress,leaf,.jpg,1000,1000,RGB,d827a36527281e0cea1ad0aa22c4ada060488d6cf00c81d345df54b3f1b4accf,f0f8fcbecf030707,valid,TURM_DUP_0197,canonical,TURM_04558,True,
TURM_04559,DATASET/Turmeric Plant Disease Dataset Advancing AI for Agricultural Sustainability.zip#Turmeric Plant Disease Dataset Advancing AI for Agricultural Sustainability/Turmeric Plant Disease.zip#Turmeric Plant Disease/Dry Leaf/Dry Leaf00198.JPG,Turmeric Plant Disease Dataset Advancing AI (Original),Dry Leaf,Dry Leaf,deficiency_or_stress,leaf,.jpg,1000,1000,RGB,27b88603f85195ed4922514c57494884f2d5a8d01fb32a939703f111a1dfd893,fc7f3f0c06030301,valid,TURM_DUP_0198,canonical,TURM_04559,True,
TURM_04560,DATASET/Turmeric Plant Disease Dataset Advancing AI for Agricultural Sustainability.zip#Turmeric Plant Disease Dataset Advancing AI for Agricultural Sustainability/Turmeric Plant Disease.zip#Turmeric Plant Disease/Dry Leaf/Dry Leaf00199.JPG,Turmeric Plant Disease Dataset Advancing AI (Original),Dry Leaf,Dry Leaf,deficiency_or_stress,leaf,.jpg,1000,1000,RGB,aef10c5c43620214404ea6245d7e4bfebf897a50be277e6c91aebb3ce5028ce6,f0fe3f0703010000,valid,TURM_DUP_0199,canonical,TURM_04560,True,
TURM_04561,DATASET/Turmeric Plant Disease Dataset Advancing AI for Agricultural Sustainability.zip#Turmeric Plant Disease Dataset Advancing AI for Agricultural Sustainability/Turmeric Plant Disease.zip#Turmeric Plant Disease/Dry Leaf/Dry Leaf00200.JPG,Turmeric Plant Disease Dataset Advancing AI (Original),Dry Leaf,Dry Leaf,deficiency_or_stress,leaf,.jpg,1000,1000,RGB,8b737ccd467fa4200974e2f02c57ae7565f8c20ff8f63890d5e41d1c7696f8ea,fc7e1f0f03000000,valid,TURM_DUP_0200,canonical,TURM_04561,True,
TURM_04562,DATASET/Turmeric Plant Disease Dataset Advancing AI for Agricultural Sustainability.zip#Turmeric Plant Disease Dataset Advancing AI for Agricultural Sustainability/Turmeric Plant Disease.zip#Turmeric Plant Disease/Dry Leaf/Dry Leaf00201.JPG,Turmeric Plant Disease Dataset Advancing AI (Original),Dry Leaf,Dry Leaf,deficiency_or_stress,leaf,.jpg,1000,1000,RGB,656bff8b27643badbfd3e15617668c2a8fe58a712cb89ef3822ab82e56a639e1,207c3e1f0f070707,valid,TURM_DUP_0201,canonical,TURM_04562,True,
TURM_04563,DATASET/Turmeric Plant Disease Dataset Advancing AI for Agricultural Sustainability.zip#Turmeric Plant Disease Dataset Advancing AI for Agricultural Sustainability/Turmeric Plant Disease.zip#Turmeric Plant Disease/Dry Leaf/Dry Leaf00202.JPG,Turmeric Plant Disease Dataset Advancing AI (Original),Dry Leaf,Dry Leaf,deficiency_or_stress,leaf,.jpg,1000,1000,RGB,411a223bdfb5496cb5a0a954df542bf5abf96284579680b8650c41d8d9d80da3,183e1e0f07070301,valid,TURM_DUP_0202,canonical,TURM_04563,True,
TURM_04564,DATASET/Turmeric Plant Disease Dataset Advancing AI for Agricultural Sustainability.zip#Turmeric Plant Disease Dataset Advancing AI for Agricultural Sustainability/Turmeric Plant Disease.zip#Turmeric Plant Disease/Dry Leaf/Dry Leaf00203.JPG,Turmeric Plant Disease Dataset Advancing AI (Original),Dry Leaf,Dry Leaf,deficiency_or_stress,leaf,.jpg,1000,1000,RGB,51954e9e40afdf9051bf2f05724ec2305c02e9b61d2f2dfae09d03f7837faf29,40e0783c1c0e0601,valid,TURM_DUP_0203,canonical,TURM_04564,True,
TURM_04565,DATASET/Turmeric Plant Disease Dataset Advancing AI for Agricultural Sustainability.zip#Turmeric Plant Disease Dataset Advancing AI for Agricultural Sustainability/Turmeric Plant Disease.zip#Turmeric Plant Disease/Healthy Leaf/Healthy Leaf00001.JPG,Turmeric Plant Disease Dataset Advancing AI (Original),Healthy Leaf,Healthy,healthy,leaf,.jpg,1000,1000,RGB,deb5ffe72b5f7747673a6c496d7804c5b494f4dae802379b174cdf981c45463e,4103030f1f3f7ffe,valid,TURM_DUP_0204,canonical,TURM_04565,True,
TURM_04566,DATASET/Turmeric Plant Disease Dataset Advancing AI for Agricultural Sustainability.zip#Turmeric Plant Disease Dataset Advancing AI for Agricultural Sustainability/Turmeric Plant Disease.zip#Turmeric Plant Disease/Healthy Leaf/Healthy Leaf00002.JPG,Turmeric Plant Disease Dataset Advancing AI (Original),Healthy Leaf,Healthy,healthy,leaf,.jpg,1000,1000,RGB,0c72da4da482ea7ac8444409c5eaa2c8ba050b03b16711c46cb4e0189bcdbce2,5e5d43030f1f7c7a,valid,TURM_DUP_0205,canonical,TURM_04566,True,
TURM_04567,DATASET/Turmeric Plant Disease Dataset Advancing AI for Agricultural Sustainability.zip#Turmeric Plant Disease Dataset Advancing AI for Agricultural Sustainability/Turmeric Plant Disease.zip#Turmeric Plant Disease/Healthy Leaf/Healthy Leaf00003.JPG,Turmeric Plant Disease Dataset Advancing AI (Original),Healthy Leaf,Healthy,healthy,leaf,.jpg,1000,1000,RGB,0f1ff68b5c9f5cd4ddb6ef8f612274bd046a90ef8c9ffe5d46784a5955bc4b0e,5f1401030f3e3f7f,valid,TURM_DUP_0206,canonical,TURM_04567,True,
TURM_04568,DATASET/Turmeric Plant Disease Dataset Advancing AI for Agricultural Sustainability.zip#Turmeric Plant Disease Dataset Advancing AI for Agricultural Sustainability/Turmeric Plant Disease.zip#Turmeric Plant Disease/Healthy Leaf/Healthy Leaf00004.JPG,Turmeric Plant Disease Dataset Advancing AI (Original),Healthy Leaf,Healthy,healthy,leaf,.jpg,1000,1000,RGB,cbad9f50e4b0e29f1db4a08a0552a3d09b47c8e1719bf2f91f5e8a2c743072d6,5d4103070f1f1d3e,valid,TURM_DUP_0207,canonical,TURM_04568,True,
TURM_04569,DATASET/Turmeric Plant Disease Dataset Advancing AI for Agricultural Sustainability.zip#Turmeric Plant Disease Dataset Advancing AI for Agricultural Sustainability/Turmeric Plant Disease.zip#Turmeric Plant Disease/Healthy Leaf/Healthy Leaf00005.JPG,Turmeric Plant Disease Dataset Advancing AI (Original),Healthy Leaf,Healthy,healthy,leaf,.jpg,1000,1000,RGB,c2b14063ef8a5dcdcd2830145b35111fac0b932df69dfc783a9e272144bc3840,514307070f1f1e0e,valid,TURM_DUP_0208,canonical,TURM_04569,True,
TURM_04570,DATASET/Turmeric Plant Disease Dataset Advancing AI for Agricultural Sustainability.zip#Turmeric Plant Disease Dataset Advancing AI for Agricultural Sustainability/Turmeric Plant Disease.zip#Turmeric Plant Disease/Healthy Leaf/Healthy Leaf00006.JPG,Turmeric Plant Disease Dataset Advancing AI (Original),Healthy Leaf,Healthy,healthy,leaf,.jpg,1000,1000,RGB,1c6c5713eb7c20c7fac820ca9a00976b592d746f6a08c72a802f80a672196d53,3727478f0f2f2c5d,valid,TURM_DUP_0209,canonical,TURM_04570,True,
TURM_04571,DATASET/Turmeric Plant Disease Dataset Advancing AI for Agricultural Sustainability.zip#Turmeric Plant Disease Dataset Advancing AI for Agricultural Sustainability/Turmeric Plant Disease.zip#Turmeric Plant Disease/Healthy Leaf/Healthy Leaf00007.JPG,Turmeric Plant Disease Dataset Advancing AI (Original),Healthy Leaf,Healthy,healthy,leaf,.jpg,1000,1000,RGB,d6f9a25aa871a9af685f8162658608a0a0eba5b0cde7ee41a7adc6390f0d6cf1,c3673f1e0f074341,valid,TURM_DUP_0210,canonical,TURM_04571,True,
TURM_04572,DATASET/Turmeric Plant Disease Dataset Advancing AI for Agricultural Sustainability.zip#Turmeric Plant Disease Dataset Advancing AI for Agricultural Sustainability/Turmeric Plant Disease.zip#Turmeric Plant Disease/Healthy Leaf/Healthy Leaf00008.JPG,Turmeric Plant Disease Dataset Advancing AI (Original),Healthy Leaf,Healthy,healthy,leaf,.jpg,1000,1000,RGB,f613809f89371f3d57af102881437c40afb942069da0f39b00a02ea4f6dfcadc,8183071f1f3df8fa,valid,TURM_DUP_0211,canonical,TURM_04572,True,
TURM_04573,DATASET/Turmeric Plant Disease Dataset Advancing AI for Agricultural Sustainability.zip#Turmeric Plant Disease Dataset Advancing AI for Agricultural Sustainability/Turmeric Plant Disease.zip#Turmeric Plant Disease/Healthy Leaf/Healthy Leaf00009.JPG,Turmeric Plant Disease Dataset Advancing AI (Original),Healthy Leaf,Healthy,healthy,leaf,.jpg,1000,1000,RGB,d9253cd57b3365609f81c605a8e461e60369e9567609b2ab266f06edb8cef4e6,e98307071f3bf9d9,valid,TURM_DUP_0212,canonical,TURM_04573,True,
TURM_04574,DATASET/Turmeric Plant Disease Dataset Advancing AI for Agricultural Sustainability.zip#Turmeric Plant Disease Dataset Advancing AI for Agricultural Sustainability/Turmeric Plant Disease.zip#Turmeric Plant Disease/Healthy Leaf/Healthy Leaf00010.JPG,Turmeric Plant Disease Dataset Advancing AI (Original),Healthy Leaf,Healthy,healthy,leaf,.jpg,1000,1000,RGB,7195890266fd8e27223cf5cfca3cdbb946c181d1a25b315ad7f1edcec3b0e56e,e0c0006041071ff9,valid,TURM_DUP_0213,canonical,TURM_04574,True,
TURM_04575,DATASET/Turmeric Plant Disease Dataset Advancing AI for Agricultural Sustainability.zip#Turmeric Plant Disease Dataset Advancing AI for Agricultural Sustainability/Turmeric Plant Disease.zip#Turmeric Plant Disease/Healthy Leaf/Healthy Leaf00011.JPG,Turmeric Plant Disease Dataset Advancing AI (Original),Healthy Leaf,Healthy,healthy,leaf,.jpg,1000,1000,RGB,afba57f0a1b3d59a553476987609546140bad41ee513b64e85195986bf93a118,090307071fbfffff,valid,TURM_DUP_0214,canonical,TURM_04575,True,
TURM_04576,DATASET/Turmeric Plant Disease Dataset Advancing AI for Agricultural Sustainability.zip#Turmeric Plant Disease Dataset Advancing AI for Agricultural Sustainability/Turmeric Plant Disease.zip#Turmeric Plant Disease/Healthy Leaf/Healthy Leaf00012.JPG,Turmeric Plant Disease Dataset Advancing AI (Original),Healthy Leaf,Healthy,healthy,leaf,.jpg,1000,1000,RGB,93ebe01589bca6176d08bb1f425751b11fe06ead8669dc5f829d2edfcfd19892,8e85830f0f5ffbeb,valid,TURM_DUP_0215,canonical,TURM_04576,True,
TURM_04577,DATASET/Turmeric Plant Disease Dataset Advancing AI for Agricultural Sustainability.zip#Turmeric Plant Disease Dataset Advancing AI for Agricultural Sustainability/Turmeric Plant Disease.zip#Turmeric Plant Disease/Healthy Leaf/Healthy Leaf00013.JPG,Turmeric Plant Disease Dataset Advancing AI (Original),Healthy Leaf,Healthy,healthy,leaf,.jpg,1000,1000,RGB,9cd0c10d0afe2a4f2b5f654c49645f01e43462bd47149f5934a8a9cc6489cc8c,c1c3871f1f1f796f,valid,TURM_DUP_0216,canonical,TURM_04577,True,
TURM_04578,DATASET/Turmeric Plant Disease Dataset Advancing AI for Agricultural Sustainability.zip#Turmeric Plant Disease Dataset Advancing AI for Agricultural Sustainability/Turmeric Plant Disease.zip#Turmeric Plant Disease/Healthy Leaf/Healthy Leaf00014.JPG,Turmeric Plant Disease Dataset Advancing AI (Original),Healthy Leaf,Healthy,healthy,leaf,.jpg,1000,1000,RGB,aa09aa61c02b929288ffce169ddf70442036d5b519e10e4004bf01673753efac,b881870f3e7effdf,valid,TURM_DUP_0217,canonical,TURM_04578,True,
TURM_04579,DATASET/Turmeric Plant Disease Dataset Advancing AI for Agricultural Sustainability.zip#Turmeric Plant Disease Dataset Advancing AI for Agricultural Sustainability/Turmeric Plant Disease.zip#Turmeric Plant Disease/Healthy Leaf/Healthy Leaf00015.JPG,Turmeric Plant Disease Dataset Advancing AI (Original),Healthy Leaf,Healthy,healthy,leaf,.jpg,1000,1000,RGB,eb33b9662dfd83b6a732a050c545b3b316ed7ea30fa7afafb53af6bf9134e3b4,0183070f0f1dbd3f,valid,TURM_DUP_0218,canonical,TURM_04579,True,
TURM_04580,DATASET/Turmeric Plant Disease Dataset Advancing AI for Agricultural Sustainability.zip#Turmeric Plant Disease Dataset Advancing AI for Agricultural Sustainability/Turmeric Plant Disease.zip#Turmeric Plant Disease/Healthy Leaf/Healthy Leaf00016.JPG,Turmeric Plant Disease Dataset Advancing AI (Original),Healthy Leaf,Healthy,healthy,leaf,.jpg,1000,1000,RGB,7e6e5d6d5d4bcd303c2f9fc44408040bb4f4f28dd972a5fee2aa932bf01daa90,f0e0c10303172fff,valid,TURM_DUP_0219,canonical,TURM_04580,True,
TURM_04581,DATASET/Turmeric Plant Disease Dataset Advancing AI for Agricultural Sustainability.zip#Turmeric Plant Disease Dataset Advancing AI for Agricultural Sustainability/Turmeric Plant Disease.zip#Turmeric Plant Disease/Healthy Leaf/Healthy Leaf00017.JPG,Turmeric Plant Disease Dataset Advancing AI (Original),Healthy Leaf,Healthy,healthy,leaf,.jpg,1000,1000,RGB,42ea70402ce8baa081f350b22d22e8214b2f6ec398228d4f8a330137dc405a03,0b810303274f1f3f,valid,TURM_DUP_0220,canonical,TURM_04581,True,
TURM_04582,DATASET/Turmeric Plant Disease Dataset Advancing AI for Agricultural Sustainability.zip#Turmeric Plant Disease Dataset Advancing AI for Agricultural Sustainability/Turmeric Plant Disease.zip#Turmeric Plant Disease/Healthy Leaf/Healthy Leaf00018.JPG,Turmeric Plant Disease Dataset Advancing AI (Original),Healthy Leaf,Healthy,healthy,leaf,.jpg,1000,1000,RGB,7afc1f616a27137147290457c1a1857670b0005d55929d8762f146b08fafdd96,f0e14001070f3efe,valid,TURM_DUP_0221,canonical,TURM_04582,True,
TURM_04583,DATASET/Turmeric Plant Disease Dataset Advancing AI for Agricultural Sustainability.zip#Turmeric Plant Disease Dataset Advancing AI for Agricultural Sustainability/Turmeric Plant Disease.zip#Turmeric Plant Disease/Healthy Leaf/Healthy Leaf00019.JPG,Turmeric Plant Disease Dataset Advancing AI (Original),Healthy Leaf,Healthy,healthy,leaf,.jpg,1000,1000,RGB,8aeca68e9142e36a895d75741909671c3bcfca735e182dce14853d52173b4259,581103070e3e7ede,valid,TURM_DUP_0222,canonical,TURM_04583,True,
TURM_04584,DATASET/Turmeric Plant Disease Dataset Advancing AI for Agricultural Sustainability.zip#Turmeric Plant Disease Dataset Advancing AI for Agricultural Sustainability/Turmeric Plant Disease.zip#Turmeric Plant Disease/Healthy Leaf/Healthy Leaf00020.JPG,Turmeric Plant Disease Dataset Advancing AI (Original),Healthy Leaf,Healthy,healthy,leaf,.jpg,1000,1000,RGB,54cefe961289ccdd602286115bb10a82d42fce2d44c288374d0376161c6d78a7,a801070f3e7ecedf,valid,TURM_DUP_0223,canonical,TURM_04584,True,
TURM_04585,DATASET/Turmeric Plant Disease Dataset Advancing AI for Agricultural Sustainability.zip#Turmeric Plant Disease Dataset Advancing AI for Agricultural Sustainability/Turmeric Plant Disease.zip#Turmeric Plant Disease/Healthy Leaf/Healthy Leaf00021.JPG,Turmeric Plant Disease Dataset Advancing AI (Original),Healthy Leaf,Healthy,healthy,leaf,.jpg,1000,1000,RGB,a97c7dccc39ecf1ce9cc4768f2e003f95c3afa13e2077f418cf2945ba2e1738b,b10307661e7cfcf8,valid,TURM_DUP_0224,canonical,TURM_04585,True,
TURM_04586,DATASET/Turmeric Plant Disease Dataset Advancing AI for Agricultural Sustainability.zip#Turmeric Plant Disease Dataset Advancing AI for Agricultural Sustainability/Turmeric Plant Disease.zip#Turmeric Plant Disease/Healthy Leaf/Healthy Leaf00022.JPG,Turmeric Plant Disease Dataset Advancing AI (Original),Healthy Leaf,Healthy,healthy,leaf,.jpg,1000,1000,RGB,d8be99c09abc0e65ad83fb5cc68dfb69ac5474385fca7cc854ef8835a5b04f88,20200111110f3f8b,valid,TURM_DUP_0225,canonical,TURM_04586,True,
TURM_04587,DATASET/Turmeric Plant Disease Dataset Advancing AI for Agricultural Sustainability.zip#Turmeric Plant Disease Dataset Advancing AI for Agricultural Sustainability/Turmeric Plant Disease.zip#Turmeric Plant Disease/Healthy Leaf/Healthy Leaf00023.JPG,Turmeric Plant Disease Dataset Advancing AI (Original),Healthy Leaf,Healthy,healthy,leaf,.jpg,1000,1000,RGB,e455eba3137898952b9b16bdea152813466208c163d3fd73b31021da37dabe41,f00113333f7efcfc,valid,TURM_DUP_0226,canonical,TURM_04587,True,
TURM_04588,DATASET/Turmeric Plant Disease Dataset Advancing AI for Agricultural Sustainability.zip#Turmeric Plant Disease Dataset Advancing AI for Agricultural Sustainability/Turmeric Plant Disease.zip#Turmeric Plant Disease/Healthy Leaf/Healthy Leaf00024.JPG,Turmeric Plant Disease Dataset Advancing AI (Original),Healthy Leaf,Healthy,healthy,leaf,.jpg,1000,1000,RGB,7f7813d557368feb80c6f43321c23de41ed1c9db84644f55f64fb5b84b470cee,3021c181030f0f8b,valid,TURM_DUP_0227,canonical,TURM_04588,True,
TURM_04589,DATASET/Turmeric Plant Disease Dataset Advancing AI for Agricultural Sustainability.zip#Turmeric Plant Disease Dataset Advancing AI for Agricultural Sustainability/Turmeric Plant Disease.zip#Turmeric Plant Disease/Healthy Leaf/Healthy Leaf00025.JPG,Turmeric Plant Disease Dataset Advancing AI (Original),Healthy Leaf,Healthy,healthy,leaf,.jpg,1000,1000,RGB,b7b3b733d437d6fce55d78ddd08005d7340862c5c2e8b926bffbe45bde7eb138,f2a616664e5cfcfc,valid,TURM_DUP_0228,canonical,TURM_04589,True,
TURM_04590,DATASET/Turmeric Plant Disease Dataset Advancing AI for Agricultural Sustainability.zip#Turmeric Plant Disease Dataset Advancing AI for Agricultural Sustainability/Turmeric Plant Disease.zip#Turmeric Plant Disease/Healthy Leaf/Healthy Leaf00026.JPG,Turmeric Plant Disease Dataset Advancing AI (Original),Healthy Leaf,Healthy,healthy,leaf,.jpg,1000,1000,RGB,abf102b69f51caff9934a5149b1a162fd5f12ad08f705d297f2e7bdb77bc4b98,200419373ffcf8b8,valid,TURM_DUP_0229,canonical,TURM_04590,True,
TURM_04591,DATASET/Turmeric Plant Disease Dataset Advancing AI for Agricultural Sustainability.zip#Turmeric Plant Disease Dataset Advancing AI for Agricultural Sustainability/Turmeric Plant Disease.zip#Turmeric Plant Disease/Healthy Leaf/Healthy Leaf00027.JPG,Turmeric Plant Disease Dataset Advancing AI (Original),Healthy Leaf,Healthy,healthy,leaf,.jpg,1000,1000,RGB,538697fc41ec620001b0c2430e9ce324eb0b1e48539a4c691c07d02f3eb7895d,5b1f0f0f8d45b124,valid,TURM_DUP_0230,canonical,TURM_04591,True,
TURM_04592,DATASET/Turmeric Plant Disease Dataset Advancing AI for Agricultural Sustainability.zip#Turmeric Plant Disease Dataset Advancing AI for Agricultural Sustainability/Turmeric Plant Disease.zip#Turmeric Plant Disease/Healthy Leaf/Healthy Leaf00028.JPG,Turmeric Plant Disease Dataset Advancing AI (Original),Healthy Leaf,Healthy,healthy,leaf,.jpg,1000,1000,RGB,4fecc6850122596cec6b55db525e803c8ebae58773e46cbdea75f826e2353599,96868617266e4e5c,valid,TURM_DUP_0231,canonical,TURM_04592,True,
TURM_04593,DATASET/Turmeric Plant Disease Dataset Advancing AI for Agricultural Sustainability.zip#Turmeric Plant Disease Dataset Advancing AI for Agricultural Sustainability/Turmeric Plant Disease.zip#Turmeric Plant Disease/Healthy Leaf/Healthy Leaf00029.JPG,Turmeric Plant Disease Dataset Advancing AI (Original),Healthy Leaf,Healthy,healthy,leaf,.jpg,1000,1000,RGB,248839a011aca3784b7afefe54b2a418a80bf75c6394846facb79608e599cb6b,f1e3070f1e7c78e6,valid,TURM_DUP_0232,canonical,TURM_04593,True,
TURM_04594,DATASET/Turmeric Plant Disease Dataset Advancing AI for Agricultural Sustainability.zip#Turmeric Plant Disease Dataset Advancing AI for Agricultural Sustainability/Turmeric Plant Disease.zip#Turmeric Plant Disease/Healthy Leaf/Healthy Leaf00030.JPG,Turmeric Plant Disease Dataset Advancing AI (Original),Healthy Leaf,Healthy,healthy,leaf,.jpg,1000,1000,RGB,ded93fa6fb05110bd3b538f87ef0e3203eb7739274e20014c7b150a47396f48e,bb73668e0f1c1c3b,valid,TURM_DUP_0233,canonical,TURM_04594,True,
TURM_04595,DATASET/Turmeric Plant Disease Dataset Advancing AI for Agricultural Sustainability.zip#Turmeric Plant Disease Dataset Advancing AI for Agricultural Sustainability/Turmeric Plant Disease.zip#Turmeric Plant Disease/Healthy Leaf/Healthy Leaf00031.JPG,Turmeric Plant Disease Dataset Advancing AI (Original),Healthy Leaf,Healthy,healthy,leaf,.jpg,1000,1000,RGB,73f877857db7c608c4e53f3137965d569891c9858a95deb259a4e52aacc7ce1d,6303070f1e1c3c38,valid,TURM_DUP_0234,canonical,TURM_04595,True,
TURM_04596,DATASET/Turmeric Plant Disease Dataset Advancing AI for Agricultural Sustainability.zip#Turmeric Plant Disease Dataset Advancing AI for Agricultural Sustainability/Turmeric Plant Disease.zip#Turmeric Plant Disease/Healthy Leaf/Healthy Leaf00032.JPG,Turmeric Plant Disease Dataset Advancing AI (Original),Healthy Leaf,Healthy,healthy,leaf,.jpg,1000,1000,RGB,85e16dcfec198f4e5cf0472005e99921bf752a1214bbbd68758cbf4cbe4858bd,6f3d1c0f07030110,valid,TURM_DUP_0235,canonical,TURM_04596,True,
TURM_04597,DATASET/Turmeric Plant Disease Dataset Advancing AI for Agricultural Sustainability.zip#Turmeric Plant Disease Dataset Advancing AI for Agricultural Sustainability/Turmeric Plant Disease.zip#Turmeric Plant Disease/Healthy Leaf/Healthy Leaf00033.JPG,Turmeric Plant Disease Dataset Advancing AI (Original),Healthy Leaf,Healthy,healthy,leaf,.jpg,1000,1000,RGB,9f762673612343714cc86e4c24df2086ad058b07b312b05d83c244c0fe240c95,5b7ef83f0f0320b8,valid,TURM_DUP_0236,canonical,TURM_04597,True,
TURM_04598,DATASET/Turmeric Plant Disease Dataset Advancing AI for Agricultural Sustainability.zip#Turmeric Plant Disease Dataset Advancing AI for Agricultural Sustainability/Turmeric Plant Disease.zip#Turmeric Plant Disease/Healthy Leaf/Healthy Leaf00034.JPG,Turmeric Plant Disease Dataset Advancing AI (Original),Healthy Leaf,Healthy,healthy,leaf,.jpg,1000,1000,RGB,7e694b2e38419945a41a65e92cdbb24b61ae2900e33ee957d6c87d7a16274c4a,ce4c0c1c1c1c1838,valid,TURM_DUP_0237,canonical,TURM_04598,True,
TURM_04599,DATASET/Turmeric Plant Disease Dataset Advancing AI for Agricultural Sustainability.zip#Turmeric Plant Disease Dataset Advancing AI for Agricultural Sustainability/Turmeric Plant Disease.zip#Turmeric Plant Disease/Healthy Leaf/Healthy Leaf00035.JPG,Turmeric Plant Disease Dataset Advancing AI (Original),Healthy Leaf,Healthy,healthy,leaf,.jpg,1000,1000,RGB,1974bf75da39103bca5411dee8bc12437a6d079bdd57a62f62843ed971e3b7df,5b63460f0c183878,valid,TURM_DUP_0238,canonical,TURM_04599,True,
TURM_04600,DATASET/Turmeric Plant Disease Dataset Advancing AI for Agricultural Sustainability.zip#Turmeric Plant Disease Dataset Advancing AI for Agricultural Sustainability/Turmeric Plant Disease.zip#Turmeric Plant Disease/Healthy Leaf/Healthy Leaf00036.JPG,Turmeric Plant Disease Dataset Advancing AI (Original),Healthy Leaf,Healthy,healthy,leaf,.jpg,1000,1000,RGB,88a823feee56be712e6633f2f25e51c9ca9c9b812bb5a385ae0aeab191777b3a,cfcf0f1e1e3b3076,valid,TURM_DUP_0239,canonical,TURM_04600,True,
TURM_04601,DATASET/Turmeric Plant Disease Dataset Advancing AI for Agricultural Sustainability.zip#Turmeric Plant Disease Dataset Advancing AI for Agricultural Sustainability/Turmeric Plant Disease.zip#Turmeric Plant Disease/Healthy Leaf/Healthy Leaf00037.JPG,Turmeric Plant Disease Dataset Advancing AI (Original),Healthy Leaf,Healthy,healthy,leaf,.jpg,1000,1000,RGB,3726452319678ce5aa26b40cf5a2fcf1f67c10ec74d2f9e344ab83b6299f5951,8b6b3f0f03000036,valid,TURM_DUP_0240,canonical,TURM_04601,True,
TURM_04602,DATASET/Turmeric Plant Disease Dataset Advancing AI for Agricultural Sustainability.zip#Turmeric Plant Disease Dataset Advancing AI for Agricultural Sustainability/Turmeric Plant Disease.zip#Turmeric Plant Disease/Healthy Leaf/Healthy Leaf00038.JPG,Turmeric Plant Disease Dataset Advancing AI (Original),Healthy Leaf,Healthy,healthy,leaf,.jpg,1000,1000,RGB,5a8d8d4fe5db15fc17abba9c49e209e88a4641a270a544ef0ff16c8c4bfbbe31,16fe3f0f0701006c,valid,TURM_DUP_0241,canonical,TURM_04602,True,
TURM_04603,DATASET/Turmeric Plant Disease Dataset Advancing AI for Agricultural Sustainability.zip#Turmeric Plant Disease Dataset Advancing AI for Agricultural Sustainability/Turmeric Plant Disease.zip#Turmeric Plant Disease/Healthy Leaf/Healthy Leaf00039.JPG,Turmeric Plant Disease Dataset Advancing AI (Original),Healthy Leaf,Healthy,healthy,leaf,.jpg,1000,1000,RGB,5336ae79941012bdb2edcb72423d302ec792e1a7b880bbfc205013d849ec76c2,ad7d38381e0e8ec7,valid,TURM_DUP_0242,canonical,TURM_04603,True,
TURM_04604,DATASET/Turmeric Plant Disease Dataset Advancing AI for Agricultural Sustainability.zip#Turmeric Plant Disease Dataset Advancing AI for Agricultural Sustainability/Turmeric Plant Disease.zip#Turmeric Plant Disease/Healthy Leaf/Healthy Leaf00040.JPG,Turmeric Plant Disease Dataset Advancing AI (Original),Healthy Leaf,Healthy,healthy,leaf,.jpg,1000,1000,RGB,7006adaee757bcea5ae315ea0bf676d0dcce90b4fbb25eb219a6e0a4058f64cf,87860f0c1f1c3c3c,valid,TURM_DUP_0243,canonical,TURM_04604,True,
TURM_04605,DATASET/Turmeric Plant Disease Dataset Advancing AI for Agricultural Sustainability.zip#Turmeric Plant Disease Dataset Advancing AI for Agricultural Sustainability/Turmeric Plant Disease.zip#Turmeric Plant Disease/Healthy Leaf/Healthy Leaf00041.JPG,Turmeric Plant Disease Dataset Advancing AI (Original),Healthy Leaf,Healthy,healthy,leaf,.jpg,1000,1000,RGB,89ee2bd7a7020212245b6cd5e6ebdb41ca0c174c9b38eb4fba7851fa9f743dfc,0a080a1f9c9c1819,valid,TURM_DUP_0244,canonical,TURM_04605,True,
TURM_04606,DATASET/Turmeric Plant Disease Dataset Advancing AI for Agricultural Sustainability.zip#Turmeric Plant Disease Dataset Advancing AI for Agricultural Sustainability/Turmeric Plant Disease.zip#Turmeric Plant Disease/Healthy Leaf/Healthy Leaf00042.JPG,Turmeric Plant Disease Dataset Advancing AI (Original),Healthy Leaf,Healthy,healthy,leaf,.jpg,1000,1000,RGB,50a9a4c80d4e367d8e6756368762270fe755a9f0fe75c135e9e2e6aa8a110ad2,62323a9b8ece8743,valid,TURM_DUP_0245,canonical,TURM_04606,True,
TURM_04607,DATASET/Turmeric Plant Disease Dataset Advancing AI for Agricultural Sustainability.zip#Turmeric Plant Disease Dataset Advancing AI for Agricultural Sustainability/Turmeric Plant Disease.zip#Turmeric Plant Disease/Healthy Leaf/Healthy Leaf00043.JPG,Turmeric Plant Disease Dataset Advancing AI (Original),Healthy Leaf,Healthy,healthy,leaf,.jpg,1000,1000,RGB,01b924648879702faef6dafa75d03cc9f67d63971593690b97008e1d9d961901,cdcccc4c4c0d0c0c,valid,TURM_DUP_0246,canonical,TURM_04607,True,
TURM_04608,DATASET/Turmeric Plant Disease Dataset Advancing AI for Agricultural Sustainability.zip#Turmeric Plant Disease Dataset Advancing AI for Agricultural Sustainability/Turmeric Plant Disease.zip#Turmeric Plant Disease/Healthy Leaf/Healthy Leaf00044.JPG,Turmeric Plant Disease Dataset Advancing AI (Original),Healthy Leaf,Healthy,healthy,leaf,.jpg,1000,1000,RGB,85f359b6d7ed3fe975c1b2572dded0dd7488db031a8711141188079fa9fd9314,898d8d8d0d0c0e0e,valid,TURM_DUP_0247,canonical,TURM_04608,True,
TURM_04609,DATASET/Turmeric Plant Disease Dataset Advancing AI for Agricultural Sustainability.zip#Turmeric Plant Disease Dataset Advancing AI for Agricultural Sustainability/Turmeric Plant Disease.zip#Turmeric Plant Disease/Healthy Leaf/Healthy Leaf00045.JPG,Turmeric Plant Disease Dataset Advancing AI (Original),Healthy Leaf,Healthy,healthy,leaf,.jpg,1000,1000,RGB,f74d40d200c75118a7faa14c4495759fb690b796c941c2c02659f852db711ec3,838787cfcf8f8f0e,valid,TURM_DUP_0248,canonical,TURM_04609,True,
TURM_04610,DATASET/Turmeric Plant Disease Dataset Advancing AI for Agricultural Sustainability.zip#Turmeric Plant Disease Dataset Advancing AI for Agricultural Sustainability/Turmeric Plant Disease.zip#Turmeric Plant Disease/Healthy Leaf/Healthy Leaf00046.JPG,Turmeric Plant Disease Dataset Advancing AI (Original),Healthy Leaf,Healthy,healthy,leaf,.jpg,1000,1000,RGB,222d4335fba307346e61814e2d98fc6a3d4d2329719d280e920f620a1ecbe97b,1811878f0f1f3dfd,valid,TURM_DUP_0249,canonical,TURM_04610,True,
TURM_04611,DATASET/Turmeric Plant Disease Dataset Advancing AI for Agricultural Sustainability.zip#Turmeric Plant Disease Dataset Advancing AI for Agricultural Sustainability/Turmeric Plant Disease.zip#Turmeric Plant Disease/Healthy Leaf/Healthy Leaf00047.JPG,Turmeric Plant Disease Dataset Advancing AI (Original),Healthy Leaf,Healthy,healthy,leaf,.jpg,1000,1000,RGB,2b4430c17b50df39bf750d0db71dd67d2206470ba9da55ea33dd5c8d8e2f35de,051101838f1f3d7d,valid,TURM_DUP_0250,canonical,TURM_04611,True,
TURM_04612,DATASET/Turmeric Plant Disease Dataset Advancing AI for Agricultural Sustainability.zip#Turmeric Plant Disease Dataset Advancing AI for Agricultural Sustainability/Turmeric Plant Disease.zip#Turmeric Plant Disease/Healthy Leaf/Healthy Leaf00048.JPG,Turmeric Plant Disease Dataset Advancing AI (Original),Healthy Leaf,Healthy,healthy,leaf,.jpg,1000,1000,RGB,4f823dd226f0d10e97e7225c3c8419ccb4c26e0256e80fc77598755eb8d2a4fc,7d3f8f8703311105,valid,TURM_DUP_0251,canonical,TURM_04612,True,
TURM_04613,DATASET/Turmeric Plant Disease Dataset Advancing AI for Agricultural Sustainability.zip#Turmeric Plant Disease Dataset Advancing AI for Agricultural Sustainability/Turmeric Plant Disease.zip#Turmeric Plant Disease/Healthy Leaf/Healthy Leaf00049.JPG,Turmeric Plant Disease Dataset Advancing AI (Original),Healthy Leaf,Healthy,healthy,leaf,.jpg,1000,1000,RGB,367051355e273d263978d95b1a892e6fc82a34223c3fde65e7424a058cf089b2,05343103078f9d39,valid,TURM_DUP_0252,canonical,TURM_04613,True,
TURM_04614,DATASET/Turmeric Plant Disease Dataset Advancing AI for Agricultural Sustainability.zip#Turmeric Plant Disease Dataset Advancing AI for Agricultural Sustainability/Turmeric Plant Disease.zip#Turmeric Plant Disease/Healthy Leaf/Healthy Leaf00050.JPG,Turmeric Plant Disease Dataset Advancing AI (Original),Healthy Leaf,Healthy,healthy,leaf,.jpg,1000,1000,RGB,3e5755dd5cb030e6e2c5fc5b67db47ee4f3da8df7e7071fd08ce52bf77932535,6323070f1f3f7bfb,valid,TURM_DUP_0253,canonical,TURM_04614,True,
TURM_04615,DATASET/Turmeric Plant Disease Dataset Advancing AI for Agricultural Sustainability.zip#Turmeric Plant Disease Dataset Advancing AI for Agricultural Sustainability/Turmeric Plant Disease.zip#Turmeric Plant Disease/Healthy Leaf/Healthy Leaf00051.JPG,Turmeric Plant Disease Dataset Advancing AI (Original),Healthy Leaf,Healthy,healthy,leaf,.jpg,1000,1000,RGB,dcb47c80d49a8db7d8684f0ff2f229aad2dfec41803f7d77ae330e4429d90a73,898080830f1e3e7a,valid,TURM_DUP_0254,canonical,TURM_04615,True,
TURM_04616,DATASET/Turmeric Plant Disease Dataset Advancing AI for Agricultural Sustainability.zip#Turmeric Plant Disease Dataset Advancing AI for Agricultural Sustainability/Turmeric Plant Disease.zip#Turmeric Plant Disease/Healthy Leaf/Healthy Leaf00052.JPG,Turmeric Plant Disease Dataset Advancing AI (Original),Healthy Leaf,Healthy,healthy,leaf,.jpg,1000,1000,RGB,e13740d81bfa20180c4b207468577d8137f563dab35be84fa54edb92b1d1b318,0d1f0d1d1e195919,valid,TURM_DUP_0255,canonical,TURM_04616,True,
TURM_04617,DATASET/Turmeric Plant Disease Dataset Advancing AI for Agricultural Sustainability.zip#Turmeric Plant Disease Dataset Advancing AI for Agricultural Sustainability/Turmeric Plant Disease.zip#Turmeric Plant Disease/Healthy Leaf/Healthy Leaf00053.JPG,Turmeric Plant Disease Dataset Advancing AI (Original),Healthy Leaf,Healthy,healthy,leaf,.jpg,1000,1000,RGB,c1ad898fd743063d6e55a89b03e01bec6808277172183c613774f7eb5c0b0b0d,1d0f0f0d0d0f0f0f,valid,TURM_DUP_0256,canonical,TURM_04617,True,
TURM_04618,DATASET/Turmeric Plant Disease Dataset Advancing AI for Agricultural Sustainability.zip#Turmeric Plant Disease Dataset Advancing AI for Agricultural Sustainability/Turmeric Plant Disease.zip#Turmeric Plant Disease/Healthy Leaf/Healthy Leaf00054.JPG,Turmeric Plant Disease Dataset Advancing AI (Original),Healthy Leaf,Healthy,healthy,leaf,.jpg,1000,1000,RGB,dd96755f0a216d5ef3e6e0c70d6d2dd1f1c36bbc2cd6ee5d0bd08595db331e2b,121207068e0d1d1d,valid,TURM_DUP_0257,canonical,TURM_04618,True,
TURM_04619,DATASET/Turmeric Plant Disease Dataset Advancing AI for Agricultural Sustainability.zip#Turmeric Plant Disease Dataset Advancing AI for Agricultural Sustainability/Turmeric Plant Disease.zip#Turmeric Plant Disease/Healthy Leaf/Healthy Leaf00055.JPG,Turmeric Plant Disease Dataset Advancing AI (Original),Healthy Leaf,Healthy,healthy,leaf,.jpg,1000,1000,RGB,0c4f8d78ff2551c6357eab125318681623e900445f8f5f8c1b1a20cfe961b5ec,89890383070f3e7c,valid,TURM_DUP_0258,canonical,TURM_04619,True,
TURM_04620,DATASET/Turmeric Plant Disease Dataset Advancing AI for Agricultural Sustainability.zip#Turmeric Plant Disease Dataset Advancing AI for Agricultural Sustainability/Turmeric Plant Disease.zip#Turmeric Plant Disease/Healthy Leaf/Healthy Leaf00056.JPG,Turmeric Plant Disease Dataset Advancing AI (Original),Healthy Leaf,Healthy,healthy,leaf,.jpg,1000,1000,RGB,3591b52609c109e0d3ae42b3c0446d0c4becafb3f37fbbb0c4860c52120e4662,5e1e0d1c8c8e0e0f,valid,TURM_DUP_0259,canonical,TURM_04620,True,
TURM_04621,DATASET/Turmeric Plant Disease Dataset Advancing AI for Agricultural Sustainability.zip#Turmeric Plant Disease Dataset Advancing AI for Agricultural Sustainability/Turmeric Plant Disease.zip#Turmeric Plant Disease/Healthy Leaf/Healthy Leaf00057.JPG,Turmeric Plant Disease Dataset Advancing AI (Original),Healthy Leaf,Healthy,healthy,leaf,.jpg,1000,1000,RGB,da887fc84942d0b7198fab58759014a897896881ca82f192dea86bd91899a3e9,4606060f0f0e1e1c,valid,TURM_DUP_0260,canonical,TURM_04621,True,
TURM_04622,DATASET/Turmeric Plant Disease Dataset Advancing AI for Agricultural Sustainability.zip#Turmeric Plant Disease Dataset Advancing AI for Agricultural Sustainability/Turmeric Plant Disease.zip#Turmeric Plant Disease/Healthy Leaf/Healthy Leaf00058.JPG,Turmeric Plant Disease Dataset Advancing AI (Original),Healthy Leaf,Healthy,healthy,leaf,.jpg,1000,1000,RGB,9849acf819a4130c642b4f00faaffa7654b4dde858345385e4e844e573145344,300183070e1c3ce8,valid,TURM_DUP_0261,canonical,TURM_04622,True,
TURM_04623,DATASET/Turmeric Plant Disease Dataset Advancing AI for Agricultural Sustainability.zip#Turmeric Plant Disease Dataset Advancing AI for Agricultural Sustainability/Turmeric Plant Disease.zip#Turmeric Plant Disease/Healthy Leaf/Healthy Leaf00059.JPG,Turmeric Plant Disease Dataset Advancing AI (Original),Healthy Leaf,Healthy,healthy,leaf,.jpg,1000,1000,RGB,5fa621aa9bb168ac38025728080ec64671c25350d439ba44e181a89b59a77a89,cb3f1f07070130b2,valid,TURM_DUP_0262,canonical,TURM_04623,True,
TURM_04624,DATASET/Turmeric Plant Disease Dataset Advancing AI for Agricultural Sustainability.zip#Turmeric Plant Disease Dataset Advancing AI for Agricultural Sustainability/Turmeric Plant Disease.zip#Turmeric Plant Disease/Healthy Leaf/Healthy Leaf00060.JPG,Turmeric Plant Disease Dataset Advancing AI (Original),Healthy Leaf,Healthy,healthy,leaf,.jpg,1000,1000,RGB,538525e5007c46216d3d0acc8d0d3c13d1ae8364ef537a4eff6c5df55438e8f1,0001030f3e7ce808,valid,TURM_DUP_0263,canonical,TURM_04624,True,
TURM_04625,DATASET/Turmeric Plant Disease Dataset Advancing AI for Agricultural Sustainability.zip#Turmeric Plant Disease Dataset Advancing AI for Agricultural Sustainability/Turmeric Plant Disease.zip#Turmeric Plant Disease/Healthy Leaf/Healthy Leaf00061.JPG,Turmeric Plant Disease Dataset Advancing AI (Original),Healthy Leaf,Healthy,healthy,leaf,.jpg,1000,1000,RGB,fa00a4335a4d9607f4df6e392e48212f9493bc54567c616260468380fbd1525b,c5733f0f8741103b,valid,TURM_DUP_0264,canonical,TURM_04625,True,
TURM_04626,DATASET/Turmeric Plant Disease Dataset Advancing AI for Agricultural Sustainability.zip#Turmeric Plant Disease Dataset Advancing AI for Agricultural Sustainability/Turmeric Plant Disease.zip#Turmeric Plant Disease/Healthy Leaf/Healthy Leaf00062.JPG,Turmeric Plant Disease Dataset Advancing AI (Original),Healthy Leaf,Healthy,healthy,leaf,.jpg,1000,1000,RGB,da9b7bf8ee9feb043dbcd21aa46e72e49c7e8b16af7cd1e68627c10ad68f6f46,84910307074e0c1c,valid,TURM_DUP_0265,canonical,TURM_04626,True,
TURM_04627,DATASET/Turmeric Plant Disease Dataset Advancing AI for Agricultural Sustainability.zip#Turmeric Plant Disease Dataset Advancing AI for Agricultural Sustainability/Turmeric Plant Disease.zip#Turmeric Plant Disease/Healthy Leaf/Healthy Leaf00063.JPG,Turmeric Plant Disease Dataset Advancing AI (Original),Healthy Leaf,Healthy,healthy,leaf,.jpg,1000,1000,RGB,df28a2075cec4fd2fb84761e4eccbc81b524c91b8b257704a88ce791da9a008c,0880060913373e7c,valid,TURM_DUP_0266,canonical,TURM_04627,True,
TURM_04628,DATASET/Turmeric Plant Disease Dataset Advancing AI for Agricultural Sustainability.zip#Turmeric Plant Disease Dataset Advancing AI for Agricultural Sustainability/Turmeric Plant Disease.zip#Turmeric Plant Disease/Healthy Leaf/Healthy Leaf00064.JPG,Turmeric Plant Disease Dataset Advancing AI (Original),Healthy Leaf,Healthy,healthy,leaf,.jpg,1000,1000,RGB,0d4ca879aba43eda463837e30cf92fb861fceb70a0ec6d823b9af8ec7b9ae41a,103020040f172f5b,valid,TURM_DUP_0267,canonical,TURM_04628,True,
TURM_04629,DATASET/Turmeric Plant Disease Dataset Advancing AI for Agricultural Sustainability.zip#Turmeric Plant Disease Dataset Advancing AI for Agricultural Sustainability/Turmeric Plant Disease.zip#Turmeric Plant Disease/Healthy Leaf/Healthy Leaf00065.JPG,Turmeric Plant Disease Dataset Advancing AI (Original),Healthy Leaf,Healthy,healthy,leaf,.jpg,1000,1000,RGB,28236f024f18074ce9cd21ff34cb3390f7f45494be25ceda51a0cbe3aa151dda,871e010f1f3df808,valid,TURM_DUP_0268,canonical,TURM_04629,True,
TURM_04630,DATASET/Turmeric Plant Disease Dataset Advancing AI for Agricultural Sustainability.zip#Turmeric Plant Disease Dataset Advancing AI for Agricultural Sustainability/Turmeric Plant Disease.zip#Turmeric Plant Disease/Healthy Leaf/Healthy Leaf00066.JPG,Turmeric Plant Disease Dataset Advancing AI (Original),Healthy Leaf,Healthy,healthy,leaf,.jpg,1000,1000,RGB,88de6690ff409fe80f6d9961273ae423a5e3a332daa171dfdcf4a766cb8c0d47,050702030f1f7908,valid,TURM_DUP_0269,canonical,TURM_04630,True,
TURM_04631,DATASET/Turmeric Plant Disease Dataset Advancing AI for Agricultural Sustainability.zip#Turmeric Plant Disease Dataset Advancing AI for Agricultural Sustainability/Turmeric Plant Disease.zip#Turmeric Plant Disease/Healthy Leaf/Healthy Leaf00067.JPG,Turmeric Plant Disease Dataset Advancing AI (Original),Healthy Leaf,Healthy,healthy,leaf,.jpg,1000,1000,RGB,7a5c85dccf73a0a8ebe8ac919f255c4f1c949883eb96485d1f650230a9d9cc63,1800011101c73e3e,valid,TURM_DUP_0270,canonical,TURM_04631,True,
TURM_04632,DATASET/Turmeric Plant Disease Dataset Advancing AI for Agricultural Sustainability.zip#Turmeric Plant Disease Dataset Advancing AI for Agricultural Sustainability/Turmeric Plant Disease.zip#Turmeric Plant Disease/Healthy Leaf/Healthy Leaf00068.JPG,Turmeric Plant Disease Dataset Advancing AI (Original),Healthy Leaf,Healthy,healthy,leaf,.jpg,1000,1000,RGB,c2595b902b026d240f64cbfdeb8314dfe89a6e853cd7eeee1d429001147a24c4,c9d9e18103777ff9,valid,TURM_DUP_0271,canonical,TURM_04632,True,
TURM_04633,DATASET/Turmeric Plant Disease Dataset Advancing AI for Agricultural Sustainability.zip#Turmeric Plant Disease Dataset Advancing AI for Agricultural Sustainability/Turmeric Plant Disease.zip#Turmeric Plant Disease/Healthy Leaf/Healthy Leaf00069.JPG,Turmeric Plant Disease Dataset Advancing AI (Original),Healthy Leaf,Healthy,healthy,leaf,.jpg,1000,1000,RGB,2c5305e75f0021816b16ba9b57bea026fdd7c5544cc38d64152299e1aa14c820,98900000052f9e3c,valid,TURM_DUP_0272,canonical,TURM_04633,True,
TURM_04634,DATASET/Turmeric Plant Disease Dataset Advancing AI for Agricultural Sustainability.zip#Turmeric Plant Disease Dataset Advancing AI for Agricultural Sustainability/Turmeric Plant Disease.zip#Turmeric Plant Disease/Healthy Leaf/Healthy Leaf00070.JPG,Turmeric Plant Disease Dataset Advancing AI (Original),Healthy Leaf,Healthy,healthy,leaf,.jpg,1000,1000,RGB,e0014556d0607632037f69607b6d04ca2d80fb3f0ef898a83f5acbc4f0adc63c,8484802384831e3e,valid,TURM_DUP_0273,canonical,TURM_04634,True,
TURM_04635,DATASET/Turmeric Plant Disease Dataset Advancing AI for Agricultural Sustainability.zip#Turmeric Plant Disease Dataset Advancing AI for Agricultural Sustainability/Turmeric Plant Disease.zip#Turmeric Plant Disease/Healthy Leaf/Healthy Leaf00071.JPG,Turmeric Plant Disease Dataset Advancing AI (Original),Healthy Leaf,Healthy,healthy,leaf,.jpg,1000,1000,RGB,766a346fc9aa82851b945f26fdd80c229669b791cfa8bc95b0679677270c3a95,694347060e1e3cf8,valid,TURM_DUP_0274,canonical,TURM_04635,True,
TURM_04636,DATASET/Turmeric Plant Disease Dataset Advancing AI for Agricultural Sustainability.zip#Turmeric Plant Disease Dataset Advancing AI for Agricultural Sustainability/Turmeric Plant Disease.zip#Turmeric Plant Disease/Healthy Leaf/Healthy Leaf00072.JPG,Turmeric Plant Disease Dataset Advancing AI (Original),Healthy Leaf,Healthy,healthy,leaf,.jpg,1000,1000,RGB,f8ced470454b0a6450d5c4de5426dac2f7b8973e65c897f816c97e93159940e3,4247460e1e1c1c18,valid,TURM_DUP_0275,canonical,TURM_04636,True,
TURM_04637,DATASET/Turmeric Plant Disease Dataset Advancing AI for Agricultural Sustainability.zip#Turmeric Plant Disease Dataset Advancing AI for Agricultural Sustainability/Turmeric Plant Disease.zip#Turmeric Plant Disease/Healthy Leaf/Healthy Leaf00073.JPG,Turmeric Plant Disease Dataset Advancing AI (Original),Healthy Leaf,Healthy,healthy,leaf,.jpg,1000,1000,RGB,14099ddcc85f0e8888a5a126d064d51875b1dacabb180459313850a260a8ff37,49391d0f07030331,valid,TURM_DUP_0276,canonical,TURM_04637,True,
TURM_04638,DATASET/Turmeric Plant Disease Dataset Advancing AI for Agricultural Sustainability.zip#Turmeric Plant Disease Dataset Advancing AI for Agricultural Sustainability/Turmeric Plant Disease.zip#Turmeric Plant Disease/Healthy Leaf/Healthy Leaf00074.JPG,Turmeric Plant Disease Dataset Advancing AI (Original),Healthy Leaf,Healthy,healthy,leaf,.jpg,1000,1000,RGB,dffd8eaaf4273071be751994e13c546f169b6260b53ded182a0bf6fcdf194077,06030383071e38e8,valid,TURM_DUP_0277,canonical,TURM_04638,True,
TURM_04639,DATASET/Turmeric Plant Disease Dataset Advancing AI for Agricultural Sustainability.zip#Turmeric Plant Disease Dataset Advancing AI for Agricultural Sustainability/Turmeric Plant Disease.zip#Turmeric Plant Disease/Healthy Leaf/Healthy Leaf00075.JPG,Turmeric Plant Disease Dataset Advancing AI (Original),Healthy Leaf,Healthy,healthy,leaf,.jpg,1000,1000,RGB,33047152f07a7cdc1837672e4f0aae721b0c7355101c79ac9eb853cffaf0ac9f,3f3f7b1f87c3696c,valid,TURM_DUP_0278,canonical,TURM_04639,True,
TURM_04640,DATASET/Turmeric Plant Disease Dataset Advancing AI for Agricultural Sustainability.zip#Turmeric Plant Disease Dataset Advancing AI for Agricultural Sustainability/Turmeric Plant Disease.zip#Turmeric Plant Disease/Healthy Leaf/Healthy Leaf00076.JPG,Turmeric Plant Disease Dataset Advancing AI (Original),Healthy Leaf,Healthy,healthy,leaf,.jpg,1000,1000,RGB,c8e6d9644fd85f34fdc4684204f5235be6f5ba2d7f0f11dce303194bf2a734b5,8ace8c8c9cadbd9d,valid,TURM_DUP_0279,canonical,TURM_04640,True,
TURM_04641,DATASET/Turmeric Plant Disease Dataset Advancing AI for Agricultural Sustainability.zip#Turmeric Plant Disease Dataset Advancing AI for Agricultural Sustainability/Turmeric Plant Disease.zip#Turmeric Plant Disease/Healthy Leaf/Healthy Leaf00077.JPG,Turmeric Plant Disease Dataset Advancing AI (Original),Healthy Leaf,Healthy,healthy,leaf,.jpg,1000,1000,RGB,2db8de0f451d385de55863bc523973b351986e3a76d39264a828f7f8e06ebea9,1212181818181c1e,valid,TURM_DUP_0280,canonical,TURM_04641,True,
TURM_04642,DATASET/Turmeric Plant Disease Dataset Advancing AI for Agricultural Sustainability.zip#Turmeric Plant Disease Dataset Advancing AI for Agricultural Sustainability/Turmeric Plant Disease.zip#Turmeric Plant Disease/Healthy Leaf/Healthy Leaf00078.JPG,Turmeric Plant Disease Dataset Advancing AI (Original),Healthy Leaf,Healthy,healthy,leaf,.jpg,1000,1000,RGB,05eacdddf5bd3a725773f24603576b32812e6527df43f57dbb4837b56c0c0598,84060e0607070e1e,valid,TURM_DUP_0281,canonical,TURM_04642,True,
TURM_04643,DATASET/Turmeric Plant Disease Dataset Advancing AI for Agricultural Sustainability.zip#Turmeric Plant Disease Dataset Advancing AI for Agricultural Sustainability/Turmeric Plant Disease.zip#Turmeric Plant Disease/Healthy Leaf/Healthy Leaf00079.JPG,Turmeric Plant Disease Dataset Advancing AI (Original),Healthy Leaf,Healthy,healthy,leaf,.jpg,1000,1000,RGB,8c3aae521ed81d311330f9fb9fc95b9d37acc70f6abf53c37b686ad5e661d98a,8e0e062e3f373735,valid,TURM_DUP_0282,canonical,TURM_04643,True,
TURM_04644,DATASET/Turmeric Plant Disease Dataset Advancing AI for Agricultural Sustainability.zip#Turmeric Plant Disease Dataset Advancing AI for Agricultural Sustainability/Turmeric Plant Disease.zip#Turmeric Plant Disease/Healthy Leaf/Healthy Leaf00080.JPG,Turmeric Plant Disease Dataset Advancing AI (Original),Healthy Leaf,Healthy,healthy,leaf,.jpg,1000,1000,RGB,735305a804c6fc2a7174e6c6cf4877732198c0b6544bd458bb6194e2813b7faa,8c3f0b0001000090,valid,TURM_DUP_0283,canonical,TURM_04644,True,
TURM_04645,DATASET/Turmeric Plant Disease Dataset Advancing AI for Agricultural Sustainability.zip#Turmeric Plant Disease Dataset Advancing AI for Agricultural Sustainability/Turmeric Plant Disease.zip#Turmeric Plant Disease/Healthy Leaf/Healthy Leaf00081.JPG,Turmeric Plant Disease Dataset Advancing AI (Original),Healthy Leaf,Healthy,healthy,leaf,.jpg,1000,1000,RGB,9e1244874cbe832d2ca40855ca21b6a94ec9e9bf51165fe5127547968beaae0a,cc0c0e0e1e1e1f3f,valid,TURM_DUP_0284,canonical,TURM_04645,True,
TURM_04646,DATASET/Turmeric Plant Disease Dataset Advancing AI for Agricultural Sustainability.zip#Turmeric Plant Disease Dataset Advancing AI for Agricultural Sustainability/Turmeric Plant Disease.zip#Turmeric Plant Disease/Healthy Leaf/Healthy Leaf00082.JPG,Turmeric Plant Disease Dataset Advancing AI (Original),Healthy Leaf,Healthy,healthy,leaf,.jpg,1000,1000,RGB,f0b41d7405f1f4070a967b3fec9002e7c31ef7bc63fed47b59092120d9fcfbdc,f03e1f0f0389c4e3,valid,TURM_DUP_0285,canonical,TURM_04646,True,
TURM_04647,DATASET/Turmeric Plant Disease Dataset Advancing AI for Agricultural Sustainability.zip#Turmeric Plant Disease Dataset Advancing AI for Agricultural Sustainability/Turmeric Plant Disease.zip#Turmeric Plant Disease/Healthy Leaf/Healthy Leaf00083.JPG,Turmeric Plant Disease Dataset Advancing AI (Original),Healthy Leaf,Healthy,healthy,leaf,.jpg,1000,1000,RGB,68781143a4ff7c1be5022170ccdcc4aa05e13696809c22c95854dbe6aabe87ea,454103070f1e7cc8,valid,TURM_DUP_0286,canonical,TURM_04647,True,
TURM_04648,DATASET/Turmeric Plant Disease Dataset Advancing AI for Agricultural Sustainability.zip#Turmeric Plant Disease Dataset Advancing AI for Agricultural Sustainability/Turmeric Plant Disease.zip#Turmeric Plant Disease/Healthy Leaf/Healthy Leaf00084.JPG,Turmeric Plant Disease Dataset Advancing AI (Original),Healthy Leaf,Healthy,healthy,leaf,.jpg,1000,1000,RGB,8fa1e17c75994fd2645dfa71b481a8fbad5805cd0fd75064eef770b7463674ea,0707070307262e0c,valid,TURM_DUP_0287,canonical,TURM_04648,True,
TURM_04649,DATASET/Turmeric Plant Disease Dataset Advancing AI for Agricultural Sustainability.zip#Turmeric Plant Disease Dataset Advancing AI for Agricultural Sustainability/Turmeric Plant Disease.zip#Turmeric Plant Disease/Healthy Leaf/Healthy Leaf00085.JPG,Turmeric Plant Disease Dataset Advancing AI (Original),Healthy Leaf,Healthy,healthy,leaf,.jpg,1000,1000,RGB,822e8300e4834108dde4a7eb7b85a043e55374864ce1ae6cbb53c5f44da5a867,c48c8e8e0e2e2e0e,valid,TURM_DUP_0288,canonical,TURM_04649,True,
TURM_04650,DATASET/Turmeric Plant Disease Dataset Advancing AI for Agricultural Sustainability.zip#Turmeric Plant Disease Dataset Advancing AI for Agricultural Sustainability/Turmeric Plant Disease.zip#Turmeric Plant Disease/Healthy Leaf/Healthy Leaf00086.JPG,Turmeric Plant Disease Dataset Advancing AI (Original),Healthy Leaf,Healthy,healthy,leaf,.jpg,1000,1000,RGB,628db8201a42ebf711cdd19b729258e62bbc3327b75bac773ca1b7d21be030b2,06860e2e2e2e4e4c,valid,TURM_DUP_0289,canonical,TURM_04650,True,
TURM_04651,DATASET/Turmeric Plant Disease Dataset Advancing AI for Agricultural Sustainability.zip#Turmeric Plant Disease Dataset Advancing AI for Agricultural Sustainability/Turmeric Plant Disease.zip#Turmeric Plant Disease/Healthy Leaf/Healthy Leaf00087.JPG,Turmeric Plant Disease Dataset Advancing AI (Original),Healthy Leaf,Healthy,healthy,leaf,.jpg,1000,1000,RGB,5b40a4027fe638f6364a7ff3e4181e5afdbbe8aced836b00912612605e81b46d,2e2e2e0e3e3e3e1e,valid,TURM_DUP_0290,canonical,TURM_04651,True,
TURM_04652,DATASET/Turmeric Plant Disease Dataset Advancing AI for Agricultural Sustainability.zip#Turmeric Plant Disease Dataset Advancing AI for Agricultural Sustainability/Turmeric Plant Disease.zip#Turmeric Plant Disease/Healthy Leaf/Healthy Leaf00088.JPG,Turmeric Plant Disease Dataset Advancing AI (Original),Healthy Leaf,Healthy,healthy,leaf,.jpg,1000,1000,RGB,37e28f046ee66bf67eceb1b673823601e187f655db1ab4f81b3a1feb3da59d5f,26262e0e0e0f0f0c,valid,TURM_DUP_0291,canonical,TURM_04652,True,
TURM_04653,DATASET/Turmeric Plant Disease Dataset Advancing AI for Agricultural Sustainability.zip#Turmeric Plant Disease Dataset Advancing AI for Agricultural Sustainability/Turmeric Plant Disease.zip#Turmeric Plant Disease/Healthy Leaf/Healthy Leaf00089.JPG,Turmeric Plant Disease Dataset Advancing AI (Original),Healthy Leaf,Healthy,healthy,leaf,.jpg,1000,1000,RGB,0d58a534d6e9aa8e41110b6415fcf5ceff617adb831b7c732eca66f53388e311,0f0f0f0717170727,valid,TURM_DUP_0292,canonical,TURM_04653,True,
TURM_04654,DATASET/Turmeric Plant Disease Dataset Advancing AI for Agricultural Sustainability.zip#Turmeric Plant Disease Dataset Advancing AI for Agricultural Sustainability/Turmeric Plant Disease.zip#Turmeric Plant Disease/Healthy Leaf/Healthy Leaf00090.JPG,Turmeric Plant Disease Dataset Advancing AI (Original),Healthy Leaf,Healthy,healthy,leaf,.jpg,1000,1000,RGB,d2d2b89d6b8d62a8a6c141830beecc095b28d4d26268915310b9bc2abb8c9b5e,2621030303070e0e,valid,TURM_DUP_0293,canonical,TURM_04654,True,
TURM_04655,DATASET/Turmeric Plant Disease Dataset Advancing AI for Agricultural Sustainability.zip#Turmeric Plant Disease Dataset Advancing AI for Agricultural Sustainability/Turmeric Plant Disease.zip#Turmeric Plant Disease/Healthy Leaf/Healthy Leaf00091.JPG,Turmeric Plant Disease Dataset Advancing AI (Original),Healthy Leaf,Healthy,healthy,leaf,.jpg,1000,1000,RGB,1ca28ebcad59ec6c4b3c1762bd8c09748080f138e0d049199c2b998aeb7a2b13,2020010103070f37,valid,TURM_DUP_0294,canonical,TURM_04655,True,
TURM_04656,DATASET/Turmeric Plant Disease Dataset Advancing AI for Agricultural Sustainability.zip#Turmeric Plant Disease Dataset Advancing AI for Agricultural Sustainability/Turmeric Plant Disease.zip#Turmeric Plant Disease/Healthy Leaf/Healthy Leaf00092.JPG,Turmeric Plant Disease Dataset Advancing AI (Original),Healthy Leaf,Healthy,healthy,leaf,.jpg,1000,1000,RGB,bf3a6398fba68b30f17a02e5c976f3a58dd08145c6c21b1ab1339c95f20fc44f,11030b13270f1f3b,valid,TURM_DUP_0295,canonical,TURM_04656,True,
TURM_04657,DATASET/Turmeric Plant Disease Dataset Advancing AI for Agricultural Sustainability.zip#Turmeric Plant Disease Dataset Advancing AI for Agricultural Sustainability/Turmeric Plant Disease.zip#Turmeric Plant Disease/Healthy Leaf/Healthy Leaf00093.JPG,Turmeric Plant Disease Dataset Advancing AI (Original),Healthy Leaf,Healthy,healthy,leaf,.jpg,1000,1000,RGB,2cc783eba96f1e7768172923aed1d0a936fe05b8393b01805c90f4a12b61dcb1,80020409172f5e9c,valid,TURM_DUP_0296,canonical,TURM_04657,True,
TURM_04658,DATASET/Turmeric Plant Disease Dataset Advancing AI for Agricultural Sustainability.zip#Turmeric Plant Disease Dataset Advancing AI for Agricultural Sustainability/Turmeric Plant Disease.zip#Turmeric Plant Disease/Healthy Leaf/Healthy Leaf00094.JPG,Turmeric Plant Disease Dataset Advancing AI (Original),Healthy Leaf,Healthy,healthy,leaf,.jpg,1000,1000,RGB,e0c81a0dce8f7a046a7dca7ae8666820d51ede4764c7f7a1596401701b962284,8083c2850b172f4e,valid,TURM_DUP_0297,canonical,TURM_04658,True,
TURM_04659,DATASET/Turmeric Plant Disease Dataset Advancing AI for Agricultural Sustainability.zip#Turmeric Plant Disease Dataset Advancing AI for Agricultural Sustainability/Turmeric Plant Disease.zip#Turmeric Plant Disease/Healthy Leaf/Healthy Leaf00095.JPG,Turmeric Plant Disease Dataset Advancing AI (Original),Healthy Leaf,Healthy,healthy,leaf,.jpg,1000,1000,RGB,8e344bfc31b27aacaffb8592c59481def09651ae269fb990f9bf7df686fd7e24,49410307072e3c7c,valid,TURM_DUP_0298,canonical,TURM_04659,True,
TURM_04660,DATASET/Turmeric Plant Disease Dataset Advancing AI for Agricultural Sustainability.zip#Turmeric Plant Disease Dataset Advancing AI for Agricultural Sustainability/Turmeric Plant Disease.zip#Turmeric Plant Disease/Healthy Leaf/Healthy Leaf00096.JPG,Turmeric Plant Disease Dataset Advancing AI (Original),Healthy Leaf,Healthy,healthy,leaf,.jpg,1000,1000,RGB,66abd4947fb0ca1fbd124585f7c282d8677fec72c934e0bf90024bfefa83eaf5,50000103072f1f3b,valid,TURM_DUP_0299,canonical,TURM_04660,True,
TURM_04661,DATASET/Turmeric Plant Disease Dataset Advancing AI for Agricultural Sustainability.zip#Turmeric Plant Disease Dataset Advancing AI for Agricultural Sustainability/Turmeric Plant Disease.zip#Turmeric Plant Disease/Healthy Leaf/Healthy Leaf00097.JPG,Turmeric Plant Disease Dataset Advancing AI (Original),Healthy Leaf,Healthy,healthy,leaf,.jpg,1000,1000,RGB,4c4a35df04ea92b70679ab16eb77a556eb3aa832f2f22673f6bf153dafd8dbed,0001010103073d79,valid,TURM_DUP_0300,canonical,TURM_04661,True,
TURM_04662,DATASET/Turmeric Plant Disease Dataset Advancing AI for Agricultural Sustainability.zip#Turmeric Plant Disease Dataset Advancing AI for Agricultural Sustainability/Turmeric Plant Disease.zip#Turmeric Plant Disease/Healthy Leaf/Healthy Leaf00098.JPG,Turmeric Plant Disease Dataset Advancing AI (Original),Healthy Leaf,Healthy,healthy,leaf,.jpg,1000,1000,RGB,b5969fdeecef6ce7e907f85c6a464bcc0c3f6ce43601667b7eb759395cc1454e,040c0e0f070f0d0d,valid,TURM_DUP_0301,canonical,TURM_04662,True,
TURM_04663,DATASET/Turmeric Plant Disease Dataset Advancing AI for Agricultural Sustainability.zip#Turmeric Plant Disease Dataset Advancing AI for Agricultural Sustainability/Turmeric Plant Disease.zip#Turmeric Plant Disease/Healthy Leaf/Healthy Leaf00099.JPG,Turmeric Plant Disease Dataset Advancing AI (Original),Healthy Leaf,Healthy,healthy,leaf,.jpg,1000,1000,RGB,32fde7274d7d884a47def236e436e677e2a485f8c2751ba3209ada4148042c8c,0626261e1e1e1e0e,valid,TURM_DUP_0302,canonical,TURM_04663,True,
TURM_04664,DATASET/Turmeric Plant Disease Dataset Advancing AI for Agricultural Sustainability.zip#Turmeric Plant Disease Dataset Advancing AI for Agricultural Sustainability/Turmeric Plant Disease.zip#Turmeric Plant Disease/Healthy Leaf/Healthy Leaf00100.JPG,Turmeric Plant Disease Dataset Advancing AI (Original),Healthy Leaf,Healthy,healthy,leaf,.jpg,1000,1000,RGB,d02f8e8d1e0fe553b562a4b06151b0e4679edb9666a028458d43a6192985ea05,4b2103071e3c6c6d,valid,TURM_DUP_0303,canonical,TURM_04664,True,
TURM_04665,DATASET/Turmeric Plant Disease Dataset Advancing AI for Agricultural Sustainability.zip#Turmeric Plant Disease Dataset Advancing AI for Agricultural Sustainability/Turmeric Plant Disease.zip#Turmeric Plant Disease/Healthy Leaf/Healthy Leaf00101.JPG,Turmeric Plant Disease Dataset Advancing AI (Original),Healthy Leaf,Healthy,healthy,leaf,.jpg,1000,1000,RGB,66f5876988111b0ef31a9386c3b8472080e6e64819feeb34596bd3a511e0dd04,03090103071e7ccc,valid,TURM_DUP_0304,canonical,TURM_04665,True,
TURM_04666,DATASET/Turmeric Plant Disease Dataset Advancing AI for Agricultural Sustainability.zip#Turmeric Plant Disease Dataset Advancing AI for Agricultural Sustainability/Turmeric Plant Disease.zip#Turmeric Plant Disease/Healthy Leaf/Healthy Leaf00102.JPG,Turmeric Plant Disease Dataset Advancing AI (Original),Healthy Leaf,Healthy,healthy,leaf,.jpg,1000,1000,RGB,1b7ffcfd1de997754f73b9dde2948c75a213f5c292cb3d28f024963f924466f0,130307070706162e,valid,TURM_DUP_0305,canonical,TURM_04666,True,
TURM_04667,DATASET/Turmeric Plant Disease Dataset Advancing AI for Agricultural Sustainability.zip#Turmeric Plant Disease Dataset Advancing AI for Agricultural Sustainability/Turmeric Plant Disease.zip#Turmeric Plant Disease/Healthy Leaf/Healthy Leaf00103.JPG,Turmeric Plant Disease Dataset Advancing AI (Original),Healthy Leaf,Healthy,healthy,leaf,.jpg,1000,1000,RGB,5f6075151a9cbe15eff64cb9220d98bb3e177b62223e5fe6d067322eee1e632a,0e3e27afbfff6e4e,valid,TURM_DUP_0306,canonical,TURM_04667,True,
TURM_04668,DATASET/Turmeric Plant Disease Dataset Advancing AI for Agricultural Sustainability.zip#Turmeric Plant Disease Dataset Advancing AI for Agricultural Sustainability/Turmeric Plant Disease.zip#Turmeric Plant Disease/Healthy Leaf/Healthy Leaf00104.JPG,Turmeric Plant Disease Dataset Advancing AI (Original),Healthy Leaf,Healthy,healthy,leaf,.jpg,1000,1000,RGB,f5af1d01bb558dc8d0d3adc891e30fb3fe2177160be3620267a3a2526d08d20a,8383070f3e7cfcec,valid,TURM_DUP_0307,canonical,TURM_04668,True,
TURM_04669,DATASET/Turmeric Plant Disease Dataset Advancing AI for Agricultural Sustainability.zip#Turmeric Plant Disease Dataset Advancing AI for Agricultural Sustainability/Turmeric Plant Disease.zip#Turmeric Plant Disease/Healthy Leaf/Healthy Leaf00105.JPG,Turmeric Plant Disease Dataset Advancing AI (Original),Healthy Leaf,Healthy,healthy,leaf,.jpg,1000,1000,RGB,60c6972b603b71a076ee300ff5535e2dbae9d71fc7d21a78cdb90542dbc7dbef,204143070f0f1f3b,valid,TURM_DUP_0308,canonical,TURM_04669,True,
TURM_04670,DATASET/Turmeric Plant Disease Dataset Advancing AI for Agricultural Sustainability.zip#Turmeric Plant Disease Dataset Advancing AI for Agricultural Sustainability/Turmeric Plant Disease.zip#Turmeric Plant Disease/Healthy Leaf/Healthy Leaf00106.JPG,Turmeric Plant Disease Dataset Advancing AI (Original),Healthy Leaf,Healthy,healthy,leaf,.jpg,1000,1000,RGB,eeb90b6abcf5ae5bea692da7288fafb89d46a6aa308b5c85fff3b20fe547ec8d,404347070f3f3f7b,valid,TURM_DUP_0309,canonical,TURM_04670,True,
TURM_04671,DATASET/Turmeric Plant Disease Dataset Advancing AI for Agricultural Sustainability.zip#Turmeric Plant Disease Dataset Advancing AI for Agricultural Sustainability/Turmeric Plant Disease.zip#Turmeric Plant Disease/Healthy Leaf/Healthy Leaf00107.JPG,Turmeric Plant Disease Dataset Advancing AI (Original),Healthy Leaf,Healthy,healthy,leaf,.jpg,1000,1000,RGB,ac0e2218e8f95c1b07de3e8282b7e9b63cb6489ecfce1390c91ef672d8edc356,1ba387070e0e1e1e,valid,TURM_DUP_0310,canonical,TURM_04671,True,
TURM_04672,DATASET/Turmeric Plant Disease Dataset Advancing AI for Agricultural Sustainability.zip#Turmeric Plant Disease Dataset Advancing AI for Agricultural Sustainability/Turmeric Plant Disease.zip#Turmeric Plant Disease/Healthy Leaf/Healthy Leaf00108.JPG,Turmeric Plant Disease Dataset Advancing AI (Original),Healthy Leaf,Healthy,healthy,leaf,.jpg,1000,1000,RGB,bcbc5c254b0923c374a1f02371427c186229418f88258d477567fe1d8e110447,83838707260e0e0c,valid,TURM_DUP_0311,canonical,TURM_04672,True,
TURM_04673,DATASET/Turmeric Plant Disease Dataset Advancing AI for Agricultural Sustainability.zip#Turmeric Plant Disease Dataset Advancing AI for Agricultural Sustainability/Turmeric Plant Disease.zip#Turmeric Plant Disease/Healthy Leaf/Healthy Leaf00109.JPG,Turmeric Plant Disease Dataset Advancing AI (Original),Healthy Leaf,Healthy,healthy,leaf,.jpg,1000,1000,RGB,74f97c16a8b80f52d6281d8a65a2f0973d84eec204558c9fe305758a0173cf37,4e0e0e0616060f0f,valid,TURM_DUP_0312,canonical,TURM_04673,True,
TURM_04674,DATASET/Turmeric Plant Disease Dataset Advancing AI for Agricultural Sustainability.zip#Turmeric Plant Disease Dataset Advancing AI for Agricultural Sustainability/Turmeric Plant Disease.zip#Turmeric Plant Disease/Healthy Leaf/Healthy Leaf00110.JPG,Turmeric Plant Disease Dataset Advancing AI (Original),Healthy Leaf,Healthy,healthy,leaf,.jpg,1000,1000,RGB,92ed46f3c5d99db7b77c1a074faae69257ba9c242035176a5119682c1512504e,070901030f7df9d8,valid,TURM_DUP_0313,canonical,TURM_04674,True,
TURM_04675,DATASET/Turmeric Plant Disease Dataset Advancing AI for Agricultural Sustainability.zip#Turmeric Plant Disease Dataset Advancing AI for Agricultural Sustainability/Turmeric Plant Disease.zip#Turmeric Plant Disease/Healthy Leaf/Healthy Leaf00111.JPG,Turmeric Plant Disease Dataset Advancing AI (Original),Healthy Leaf,Healthy,healthy,leaf,.jpg,1000,1000,RGB,c96d1dcaf0c2573c8271e35c2f99732daacfa0803f2dc6aef66b53b3995c5736,6071391d0f070303,valid,TURM_DUP_0314,canonical,TURM_04675,True,
TURM_04676,DATASET/Turmeric Plant Disease Dataset Advancing AI for Agricultural Sustainability.zip#Turmeric Plant Disease Dataset Advancing AI for Agricultural Sustainability/Turmeric Plant Disease.zip#Turmeric Plant Disease/Healthy Leaf/Healthy Leaf00112.JPG,Turmeric Plant Disease Dataset Advancing AI (Original),Healthy Leaf,Healthy,healthy,leaf,.jpg,1000,1000,RGB,e659ca0b222a9a5185b0b08bf4cd07ea2954f796f2e34fd199e66cffeb9c9f87,981f1e1e0e0f0f1f,valid,TURM_DUP_0315,canonical,TURM_04676,True,
TURM_04677,DATASET/Turmeric Plant Disease Dataset Advancing AI for Agricultural Sustainability.zip#Turmeric Plant Disease Dataset Advancing AI for Agricultural Sustainability/Turmeric Plant Disease.zip#Turmeric Plant Disease/Healthy Leaf/Healthy Leaf00113.JPG,Turmeric Plant Disease Dataset Advancing AI (Original),Healthy Leaf,Healthy,healthy,leaf,.jpg,1000,1000,RGB,7f02fb94ff820bdf7d7de571e1ec2c29d6516a690aafa780fd160bb4485a446b,8f8f8f8f0f0f3f3f,valid,TURM_DUP_0316,canonical,TURM_04677,True,
TURM_04678,DATASET/Turmeric Plant Disease Dataset Advancing AI for Agricultural Sustainability.zip#Turmeric Plant Disease Dataset Advancing AI for Agricultural Sustainability/Turmeric Plant Disease.zip#Turmeric Plant Disease/Healthy Leaf/Healthy Leaf00114.JPG,Turmeric Plant Disease Dataset Advancing AI (Original),Healthy Leaf,Healthy,healthy,leaf,.jpg,1000,1000,RGB,f9c72dd9720d05ba0abdcc7c780a8fc8b42572223d3cfdcebc341afe28f42619,66763a1a1c0e1e1f,valid,TURM_DUP_0317,canonical,TURM_04678,True,
TURM_04679,DATASET/Turmeric Plant Disease Dataset Advancing AI for Agricultural Sustainability.zip#Turmeric Plant Disease Dataset Advancing AI for Agricultural Sustainability/Turmeric Plant Disease.zip#Turmeric Plant Disease/Healthy Leaf/Healthy Leaf00115.JPG,Turmeric Plant Disease Dataset Advancing AI (Original),Healthy Leaf,Healthy,healthy,leaf,.jpg,1000,1000,RGB,da819f1f68685664b2eb646d5b1f56fb2b0aa9b19b6b5e1a7918ee17782f59b9,060e0e1e1e3c3c3c,valid,TURM_DUP_0318,canonical,TURM_04679,True,
TURM_04680,DATASET/Turmeric Plant Disease Dataset Advancing AI for Agricultural Sustainability.zip#Turmeric Plant Disease Dataset Advancing AI for Agricultural Sustainability/Turmeric Plant Disease.zip#Turmeric Plant Disease/Healthy Leaf/Healthy Leaf00116.JPG,Turmeric Plant Disease Dataset Advancing AI (Original),Healthy Leaf,Healthy,healthy,leaf,.jpg,1000,1000,RGB,7d07e0c8734d710606543987ddba40bfe37d41c934f777ad905768d068c5cc51,c8383c1e0f070307,valid,TURM_DUP_0319,canonical,TURM_04680,True,
TURM_04681,DATASET/Turmeric Plant Disease Dataset Advancing AI for Agricultural Sustainability.zip#Turmeric Plant Disease Dataset Advancing AI for Agricultural Sustainability/Turmeric Plant Disease.zip#Turmeric Plant Disease/Healthy Leaf/Healthy Leaf00117.JPG,Turmeric Plant Disease Dataset Advancing AI (Original),Healthy Leaf,Healthy,healthy,leaf,.jpg,1000,1000,RGB,b03cae5456b9492d297c67b52e4096ee6d849bee3287a30c7b95bcb4f9dd0012,8c0c0e1e1e1e1e1c,valid,TURM_DUP_0320,canonical,TURM_04681,True,
TURM_04682,DATASET/Turmeric Plant Disease Dataset Advancing AI for Agricultural Sustainability.zip#Turmeric Plant Disease Dataset Advancing AI for Agricultural Sustainability/Turmeric Plant Disease.zip#Turmeric Plant Disease/Healthy Leaf/Healthy Leaf00118.JPG,Turmeric Plant Disease Dataset Advancing AI (Original),Healthy Leaf,Healthy,healthy,leaf,.jpg,1000,1000,RGB,ca414d94805f01ebb6ea92ce201f96d093eff7a2145bcffbd1ddff482335309f,100103071f3f7be3,valid,TURM_DUP_0321,canonical,TURM_04682,True,
TURM_04683,DATASET/Turmeric Plant Disease Dataset Advancing AI for Agricultural Sustainability.zip#Turmeric Plant Disease Dataset Advancing AI for Agricultural Sustainability/Turmeric Plant Disease.zip#Turmeric Plant Disease/Healthy Leaf/Healthy Leaf00119.JPG,Turmeric Plant Disease Dataset Advancing AI (Original),Healthy Leaf,Healthy,healthy,leaf,.jpg,1000,1000,RGB,48d474dfd36d001f51548485f9ce5b7d0af5ff1905f5223da37e2ef794883c7d,28000103071f3dfc,valid,TURM_DUP_0322,canonical,TURM_04683,True,
TURM_04684,DATASET/Turmeric Plant Disease Dataset Advancing AI for Agricultural Sustainability.zip#Turmeric Plant Disease Dataset Advancing AI for Agricultural Sustainability/Turmeric Plant Disease.zip#Turmeric Plant Disease/Healthy Leaf/Healthy Leaf00120.JPG,Turmeric Plant Disease Dataset Advancing AI (Original),Healthy Leaf,Healthy,healthy,leaf,.jpg,1000,1000,RGB,0b7fff6b750031f4f477a515b6cdada968725a8aebcf66c5dd6023ebca49ff15,010103071f3f73e3,valid,TURM_DUP_0323,canonical,TURM_04684,True,
TURM_04685,DATASET/Turmeric Plant Disease Dataset Advancing AI for Agricultural Sustainability.zip#Turmeric Plant Disease Dataset Advancing AI for Agricultural Sustainability/Turmeric Plant Disease.zip#Turmeric Plant Disease/Healthy Leaf/Healthy Leaf00121.JPG,Turmeric Plant Disease Dataset Advancing AI (Original),Healthy Leaf,Healthy,healthy,leaf,.jpg,1000,1000,RGB,f346904f5a999d721ba65b19cefa1e388beee66ad4b685dd267c36f2dad6ddd1,00000001070f3f7f,valid,TURM_DUP_0324,canonical,TURM_04685,True,
TURM_04686,DATASET/Turmeric Plant Disease Dataset Advancing AI for Agricultural Sustainability.zip#Turmeric Plant Disease Dataset Advancing AI for Agricultural Sustainability/Turmeric Plant Disease.zip#Turmeric Plant Disease/Healthy Leaf/Healthy Leaf00122.JPG,Turmeric Plant Disease Dataset Advancing AI (Original),Healthy Leaf,Healthy,healthy,leaf,.jpg,1000,1000,RGB,fabf7441b7c4a18721f6de53dab4ac6d52d8f2fd507d00b181520c07a5e4d7a8,50800001070f1f7f,valid,TURM_DUP_0325,canonical,TURM_04686,True,
TURM_04687,DATASET/Turmeric Plant Disease Dataset Advancing AI for Agricultural Sustainability.zip#Turmeric Plant Disease Dataset Advancing AI for Agricultural Sustainability/Turmeric Plant Disease.zip#Turmeric Plant Disease/Healthy Leaf/Healthy Leaf00123.JPG,Turmeric Plant Disease Dataset Advancing AI (Original),Healthy Leaf,Healthy,healthy,leaf,.jpg,1000,1000,RGB,e35c027ed1b063f294a30b013aefd35df865ea71c35265d83df29bf682322d90,000103070f1e3c72,valid,TURM_DUP_0326,canonical,TURM_04687,True,
TURM_04688,DATASET/Turmeric Plant Disease Dataset Advancing AI for Agricultural Sustainability.zip#Turmeric Plant Disease Dataset Advancing AI for Agricultural Sustainability/Turmeric Plant Disease.zip#Turmeric Plant Disease/Healthy Leaf/Healthy Leaf00124.JPG,Turmeric Plant Disease Dataset Advancing AI (Original),Healthy Leaf,Healthy,healthy,leaf,.jpg,1000,1000,RGB,7b4e27b8b9de9808cd403d532f003b31de5d27fa83e20a2b1f3a41881bd0d039,8183071f3e3e7c38,valid,TURM_DUP_0327,canonical,TURM_04688,True,
TURM_04689,DATASET/Turmeric Plant Disease Dataset Advancing AI for Agricultural Sustainability.zip#Turmeric Plant Disease Dataset Advancing AI for Agricultural Sustainability/Turmeric Plant Disease.zip#Turmeric Plant Disease/Healthy Leaf/Healthy Leaf00125.JPG,Turmeric Plant Disease Dataset Advancing AI (Original),Healthy Leaf,Healthy,healthy,leaf,.jpg,1000,1000,RGB,af2ff45b90da1f2419a952e3cf49178502654e5270cdf628fabb4b7e752da2cf,8383830727464e9c,valid,TURM_DUP_0328,canonical,TURM_04689,True,
TURM_04690,DATASET/Turmeric Plant Disease Dataset Advancing AI for Agricultural Sustainability.zip#Turmeric Plant Disease Dataset Advancing AI for Agricultural Sustainability/Turmeric Plant Disease.zip#Turmeric Plant Disease/Healthy Leaf/Healthy Leaf00126.JPG,Turmeric Plant Disease Dataset Advancing AI (Original),Healthy Leaf,Healthy,healthy,leaf,.jpg,1000,1000,RGB,74dd7b6f398d76088b35768264ea6c157d594265f27e0ec313e6658e297ab00c,783e3f1b1f8f87c3,valid,TURM_DUP_0329,canonical,TURM_04690,True,
TURM_04691,DATASET/Turmeric Plant Disease Dataset Advancing AI for Agricultural Sustainability.zip#Turmeric Plant Disease Dataset Advancing AI for Agricultural Sustainability/Turmeric Plant Disease.zip#Turmeric Plant Disease/Healthy Leaf/Healthy Leaf00127.JPG,Turmeric Plant Disease Dataset Advancing AI (Original),Healthy Leaf,Healthy,healthy,leaf,.jpg,1000,1000,RGB,a3490879802b5cc00d6a74f12f1f5949d31bd805857a9d407523bfe3e143123c,e7260501030ff6e4,valid,TURM_DUP_0330,canonical,TURM_04691,True,
TURM_04692,DATASET/Turmeric Plant Disease Dataset Advancing AI for Agricultural Sustainability.zip#Turmeric Plant Disease Dataset Advancing AI for Agricultural Sustainability/Turmeric Plant Disease.zip#Turmeric Plant Disease/Healthy Leaf/Healthy Leaf00128.JPG,Turmeric Plant Disease Dataset Advancing AI (Original),Healthy Leaf,Healthy,healthy,leaf,.jpg,1000,1000,RGB,b95bf50ce34146f0e4263e19a6909b45fd0f0cecec7543dbc7702cf6b3edc8fd,e07c3f1f0f070119,valid,TURM_DUP_0331,canonical,TURM_04692,True,
TURM_04693,DATASET/Turmeric Plant Disease Dataset Advancing AI for Agricultural Sustainability.zip#Turmeric Plant Disease Dataset Advancing AI for Agricultural Sustainability/Turmeric Plant Disease.zip#Turmeric Plant Disease/Healthy Leaf/Healthy Leaf00129.JPG,Turmeric Plant Disease Dataset Advancing AI (Original),Healthy Leaf,Healthy,healthy,leaf,.jpg,1000,1000,RGB,a86787c114d3e40bfcfdbdc85d9f209ca103b80e0da1858f1e646bdc1e89dc69,e97f1b1f0f078320,valid,TURM_DUP_0332,canonical,TURM_04693,True,
TURM_04694,DATASET/Turmeric Plant Disease Dataset Advancing AI for Agricultural Sustainability.zip#Turmeric Plant Disease Dataset Advancing AI for Agricultural Sustainability/Turmeric Plant Disease.zip#Turmeric Plant Disease/Healthy Leaf/Healthy Leaf00130.JPG,Turmeric Plant Disease Dataset Advancing AI (Original),Healthy Leaf,Healthy,healthy,leaf,.jpg,1000,1000,RGB,8dd15d6d930de2e7c23cf855742b0974f0f64fb82a49cbb5dc9515cb77bf6833,1101030f07060c3c,valid,TURM_DUP_0333,canonical,TURM_04694,True,
TURM_04695,DATASET/Turmeric Plant Disease Dataset Advancing AI for Agricultural Sustainability.zip#Turmeric Plant Disease Dataset Advancing AI for Agricultural Sustainability/Turmeric Plant Disease.zip#Turmeric Plant Disease/Healthy Leaf/Healthy Leaf00131.JPG,Turmeric Plant Disease Dataset Advancing AI (Original),Healthy Leaf,Healthy,healthy,leaf,.jpg,1000,1000,RGB,c95e1680fc14b45af332fe7950fc707b4e649b682c28ea73ba6aabd31bd93890,42c786160e1e0c1c,valid,TURM_DUP_0334,canonical,TURM_04695,True,
TURM_04696,DATASET/Turmeric Plant Disease Dataset Advancing AI for Agricultural Sustainability.zip#Turmeric Plant Disease Dataset Advancing AI for Agricultural Sustainability/Turmeric Plant Disease.zip#Turmeric Plant Disease/Healthy Leaf/Healthy Leaf00132.JPG,Turmeric Plant Disease Dataset Advancing AI (Original),Healthy Leaf,Healthy,healthy,leaf,.jpg,1000,1000,RGB,08b6ae4bf13741a09703b1bb032121399aa9a8c4292a06e991acb97e8b754238,51838387070d1d39,valid,TURM_DUP_0335,canonical,TURM_04696,True,
TURM_04697,DATASET/Turmeric Plant Disease Dataset Advancing AI for Agricultural Sustainability.zip#Turmeric Plant Disease Dataset Advancing AI for Agricultural Sustainability/Turmeric Plant Disease.zip#Turmeric Plant Disease/Healthy Leaf/Healthy Leaf00133.JPG,Turmeric Plant Disease Dataset Advancing AI (Original),Healthy Leaf,Healthy,healthy,leaf,.jpg,1000,1000,RGB,abb5d5aee56e8839648b135a00c062b4f2d7f8d158960d6468d92f143ac71aef,3183031f3e7cf0b0,valid,TURM_DUP_0336,canonical,TURM_04697,True,
TURM_04698,DATASET/Turmeric Plant Disease Dataset Advancing AI for Agricultural Sustainability.zip#Turmeric Plant Disease Dataset Advancing AI for Agricultural Sustainability/Turmeric Plant Disease.zip#Turmeric Plant Disease/Healthy Leaf/Healthy Leaf00134.JPG,Turmeric Plant Disease Dataset Advancing AI (Original),Healthy Leaf,Healthy,healthy,leaf,.jpg,1000,1000,RGB,0e0052501aebbbef135ca2ea4fa1b80b9fc0d68f46efbb24436905078d8b00d2,0840410f0f3f7eec,valid,TURM_DUP_0337,canonical,TURM_04698,True,
TURM_04699,DATASET/Turmeric Plant Disease Dataset Advancing AI for Agricultural Sustainability.zip#Turmeric Plant Disease Dataset Advancing AI for Agricultural Sustainability/Turmeric Plant Disease.zip#Turmeric Plant Disease/Healthy Leaf/Healthy Leaf00135.JPG,Turmeric Plant Disease Dataset Advancing AI (Original),Healthy Leaf,Healthy,healthy,leaf,.jpg,1000,1000,RGB,57663e7e65c24becd4aa3372d928debff39f68257d36c0f532f6438cf0109a3b,8386868e8c1d193c,valid,TURM_DUP_0338,canonical,TURM_04699,True,
TURM_04700,DATASET/Turmeric Plant Disease Dataset Advancing AI for Agricultural Sustainability.zip#Turmeric Plant Disease Dataset Advancing AI for Agricultural Sustainability/Turmeric Plant Disease.zip#Turmeric Plant Disease/Healthy Leaf/Healthy Leaf00136.JPG,Turmeric Plant Disease Dataset Advancing AI (Original),Healthy Leaf,Healthy,healthy,leaf,.jpg,1000,1000,RGB,3d7520ea27034299eefb46496879972227dc5dd6071c5f426dd12a076b90de1e,07074e0e0e0e0e1f,valid,TURM_DUP_0339,canonical,TURM_04700,True,
TURM_04701,DATASET/Turmeric Plant Disease Dataset Advancing AI for Agricultural Sustainability.zip#Turmeric Plant Disease Dataset Advancing AI for Agricultural Sustainability/Turmeric Plant Disease.zip#Turmeric Plant Disease/Healthy Leaf/Healthy Leaf00137.JPG,Turmeric Plant Disease Dataset Advancing AI (Original),Healthy Leaf,Healthy,healthy,leaf,.jpg,1000,1000,RGB,c06254e0be781bc96ff4e6c3ffaee7e3a8c9221c7ca0b2cde1b8e190ee148487,030707070f0f1d19,valid,TURM_DUP_0340,canonical,TURM_04701,True,
TURM_04702,DATASET/Turmeric Plant Disease Dataset Advancing AI for Agricultural Sustainability.zip#Turmeric Plant Disease Dataset Advancing AI for Agricultural Sustainability/Turmeric Plant Disease.zip#Turmeric Plant Disease/Healthy Leaf/Healthy Leaf00138.JPG,Turmeric Plant Disease Dataset Advancing AI (Original),Healthy Leaf,Healthy,healthy,leaf,.jpg,1000,1000,RGB,90a31ba85df54f4e87cb542dd9d6385a46ef326d403f763c38d937eeb7ec0cf0,c14383878f8f9f38,valid,TURM_DUP_0341,canonical,TURM_04702,True,
TURM_04703,DATASET/Turmeric Plant Disease Dataset Advancing AI for Agricultural Sustainability.zip#Turmeric Plant Disease Dataset Advancing AI for Agricultural Sustainability/Turmeric Plant Disease.zip#Turmeric Plant Disease/Healthy Leaf/Healthy Leaf00139.JPG,Turmeric Plant Disease Dataset Advancing AI (Original),Healthy Leaf,Healthy,healthy,leaf,.jpg,1000,1000,RGB,10c1483af67b2e9cb813f0d4bb8648bfcad76301cbeb768d58cbfe2d78e5e43f,86868d8d9d1d3931,valid,TURM_DUP_0342,canonical,TURM_04703,True,
TURM_04704,DATASET/Turmeric Plant Disease Dataset Advancing AI for Agricultural Sustainability.zip#Turmeric Plant Disease Dataset Advancing AI for Agricultural Sustainability/Turmeric Plant Disease.zip#Turmeric Plant Disease/Healthy Leaf/Healthy Leaf00140.JPG,Turmeric Plant Disease Dataset Advancing AI (Original),Healthy Leaf,Healthy,healthy,leaf,.jpg,1000,1000,RGB,77163599788edcd985bebf5d475811901f9cc64cfd976ec610ea3601c47099df,468e0e0e1c183830,valid,TURM_DUP_0343,canonical,TURM_04704,True,
TURM_04705,DATASET/Turmeric Plant Disease Dataset Advancing AI for Agricultural Sustainability.zip#Turmeric Plant Disease Dataset Advancing AI for Agricultural Sustainability/Turmeric Plant Disease.zip#Turmeric Plant Disease/Healthy Leaf/Healthy Leaf00141.JPG,Turmeric Plant Disease Dataset Advancing AI (Original),Healthy Leaf,Healthy,healthy,leaf,.jpg,1000,1000,RGB,7b9f286b3ce0c0140f7768ae1e7bfd1e8148b87f7b19e28f62434f4c9226a37e,87c7878e9e1d1918,valid,TURM_DUP_0344,canonical,TURM_04705,True,
TURM_04706,DATASET/Turmeric Plant Disease Dataset Advancing AI for Agricultural Sustainability.zip#Turmeric Plant Disease Dataset Advancing AI for Agricultural Sustainability/Turmeric Plant Disease.zip#Turmeric Plant Disease/Healthy Leaf/Healthy Leaf00142.JPG,Turmeric Plant Disease Dataset Advancing AI (Original),Healthy Leaf,Healthy,healthy,leaf,.jpg,1000,1000,RGB,2973c79d9814025fdd0039838bfdc33cf903c62a0f71d4153bd4a6c938aa39d5,fc0e0e0e1f1f1f1c,valid,TURM_DUP_0345,canonical,TURM_04706,True,
TURM_04707,DATASET/Turmeric Plant Disease Dataset Advancing AI for Agricultural Sustainability.zip#Turmeric Plant Disease Dataset Advancing AI for Agricultural Sustainability/Turmeric Plant Disease.zip#Turmeric Plant Disease/Healthy Leaf/Healthy Leaf00143.JPG,Turmeric Plant Disease Dataset Advancing AI (Original),Healthy Leaf,Healthy,healthy,leaf,.jpg,1000,1000,RGB,e15edd0294ed7ed7eebb538cfbf097b86f09859250ef7dec2f27f16290212bc7,c3c7878f0f161e3f,valid,TURM_DUP_0346,canonical,TURM_04707,True,
TURM_04708,DATASET/Turmeric Plant Disease Dataset Advancing AI for Agricultural Sustainability.zip#Turmeric Plant Disease Dataset Advancing AI for Agricultural Sustainability/Turmeric Plant Disease.zip#Turmeric Plant Disease/Healthy Leaf/Healthy Leaf00144.JPG,Turmeric Plant Disease Dataset Advancing AI (Original),Healthy Leaf,Healthy,healthy,leaf,.jpg,1000,1000,RGB,cb312b5f37492ab834a29051df4fb615f43c299dd69d1e8f36d795d5496ff900,87870f163f3f6f7f,valid,TURM_DUP_0347,canonical,TURM_04708,True,
TURM_04709,DATASET/Turmeric Plant Disease Dataset Advancing AI for Agricultural Sustainability.zip#Turmeric Plant Disease Dataset Advancing AI for Agricultural Sustainability/Turmeric Plant Disease.zip#Turmeric Plant Disease/Healthy Leaf/Healthy Leaf00145.JPG,Turmeric Plant Disease Dataset Advancing AI (Original),Healthy Leaf,Healthy,healthy,leaf,.jpg,1000,1000,RGB,b040ab94a192522214645127f22d58d018640851e6fda0469fb4a418d57df1e3,470b1f173f3f3f3f,valid,TURM_DUP_0348,canonical,TURM_04709,True,
TURM_04710,DATASET/Turmeric Plant Disease Dataset Advancing AI for Agricultural Sustainability.zip#Turmeric Plant Disease Dataset Advancing AI for Agricultural Sustainability/Turmeric Plant Disease.zip#Turmeric Plant Disease/Healthy Leaf/Healthy Leaf00146.JPG,Turmeric Plant Disease Dataset Advancing AI (Original),Healthy Leaf,Healthy,healthy,leaf,.jpg,1000,1000,RGB,86d6d517c1974df9057443d24f05b999bdf6503dff745c289b86768e20cef20e,868e8f0f2e2e4c1d,valid,TURM_DUP_0349,canonical,TURM_04710,True,
TURM_04711,DATASET/Turmeric Plant Disease Dataset Advancing AI for Agricultural Sustainability.zip#Turmeric Plant Disease Dataset Advancing AI for Agricultural Sustainability/Turmeric Plant Disease.zip#Turmeric Plant Disease/Healthy Leaf/Healthy Leaf00147.JPG,Turmeric Plant Disease Dataset Advancing AI (Original),Healthy Leaf,Healthy,healthy,leaf,.jpg,1000,1000,RGB,bac2e91a010f4862c87bf38be18f08a4a7d3e92272e5dbfe7c0c186225cb7499,0e0e0e0e0e0c4d5d,valid,TURM_DUP_0350,canonical,TURM_04711,True,
TURM_04712,DATASET/Turmeric Plant Disease Dataset Advancing AI for Agricultural Sustainability.zip#Turmeric Plant Disease Dataset Advancing AI for Agricultural Sustainability/Turmeric Plant Disease.zip#Turmeric Plant Disease/Healthy Leaf/Healthy Leaf00148.JPG,Turmeric Plant Disease Dataset Advancing AI (Original),Healthy Leaf,Healthy,healthy,leaf,.jpg,1000,1000,RGB,5311e607d00c5a57018242b49e124c45db99fdf5c18b4a3a2ec9c1a331d6fe41,44450b13270f1d38,valid,TURM_DUP_0351,canonical,TURM_04712,True,
TURM_04713,DATASET/Turmeric Plant Disease Dataset Advancing AI for Agricultural Sustainability.zip#Turmeric Plant Disease Dataset Advancing AI for Agricultural Sustainability/Turmeric Plant Disease.zip#Turmeric Plant Disease/Healthy Leaf/Healthy Leaf00149.JPG,Turmeric Plant Disease Dataset Advancing AI (Original),Healthy Leaf,Healthy,healthy,leaf,.jpg,1000,1000,RGB,bbe3c5c7414e38f1a8f51b30be80b8c96cdeaf34aa860335840ff5569a9a55b0,100107070f1f73f3,valid,TURM_DUP_0352,canonical,TURM_04713,True,
TURM_04714,DATASET/Turmeric Plant Disease Dataset Advancing AI for Agricultural Sustainability.zip#Turmeric Plant Disease Dataset Advancing AI for Agricultural Sustainability/Turmeric Plant Disease.zip#Turmeric Plant Disease/Healthy Leaf/Healthy Leaf00150.JPG,Turmeric Plant Disease Dataset Advancing AI (Original),Healthy Leaf,Healthy,healthy,leaf,.jpg,1000,1000,RGB,e07104a6fc0a016a618a2a845beaab06e7fdee0bc6543c282bc30fe1bde48907,a93d1f0f0360fae3,valid,TURM_DUP_0353,canonical,TURM_04714,True,
TURM_04715,DATASET/Turmeric Plant Disease Dataset Advancing AI for Agricultural Sustainability.zip#Turmeric Plant Disease Dataset Advancing AI for Agricultural Sustainability/Turmeric Plant Disease.zip#Turmeric Plant Disease/Healthy Leaf/Healthy Leaf00151.JPG,Turmeric Plant Disease Dataset Advancing AI (Original),Healthy Leaf,Healthy,healthy,leaf,.jpg,1000,1000,RGB,463c175453c4b8a3911530febe9a954b887588b44c262e0912ba0261bbd0e71c,bf99f1797f0f03b0,valid,TURM_DUP_0354,canonical,TURM_04715,True,
TURM_04716,DATASET/Turmeric Plant Disease Dataset Advancing AI for Agricultural Sustainability.zip#Turmeric Plant Disease Dataset Advancing AI for Agricultural Sustainability/Turmeric Plant Disease.zip#Turmeric Plant Disease/Healthy Leaf/Healthy Leaf00152.JPG,Turmeric Plant Disease Dataset Advancing AI (Original),Healthy Leaf,Healthy,healthy,leaf,.jpg,1000,1000,RGB,fb977fb7b8a5a579af023bd858a8dce146cf1b0112918f4c9b2410a1a4d7158e,c3838f0f0e3c5cb8,valid,TURM_DUP_0355,canonical,TURM_04716,True,
TURM_04717,DATASET/Turmeric Plant Disease Dataset Advancing AI for Agricultural Sustainability.zip#Turmeric Plant Disease Dataset Advancing AI for Agricultural Sustainability/Turmeric Plant Disease.zip#Turmeric Plant Disease/Healthy Leaf/Healthy Leaf00153.JPG,Turmeric Plant Disease Dataset Advancing AI (Original),Healthy Leaf,Healthy,healthy,leaf,.jpg,1000,1000,RGB,e30cafa8067053e190603ca6200aeddedb30ee6b02657ed92d0980085490e35f,210307372f3f2f5c,valid,TURM_DUP_0356,canonical,TURM_04717,True,
TURM_04718,DATASET/Turmeric Plant Disease Dataset Advancing AI for Agricultural Sustainability.zip#Turmeric Plant Disease Dataset Advancing AI for Agricultural Sustainability/Turmeric Plant Disease.zip#Turmeric Plant Disease/Healthy Leaf/Healthy Leaf00154.JPG,Turmeric Plant Disease Dataset Advancing AI (Original),Healthy Leaf,Healthy,healthy,leaf,.jpg,1000,1000,RGB,4dadb85db320b2bd1e45de7ad94eeb566a099701bd18ac4b949f65d8b770fc9b,07070797070f0f07,valid,TURM_DUP_0357,canonical,TURM_04718,True,
TURM_04719,DATASET/Turmeric Plant Disease Dataset Advancing AI for Agricultural Sustainability.zip#Turmeric Plant Disease Dataset Advancing AI for Agricultural Sustainability/Turmeric Plant Disease.zip#Turmeric Plant Disease/Healthy Leaf/Healthy Leaf00155.JPG,Turmeric Plant Disease Dataset Advancing AI (Original),Healthy Leaf,Healthy,healthy,leaf,.jpg,1000,1000,RGB,7f539fa50b708f5c7da581079272a7cbb1f3d25e401afa2725c28f20594e3915,098f8f0f0f072707,valid,TURM_DUP_0358,canonical,TURM_04719,True,
TURM_04720,DATASET/Turmeric Plant Disease Dataset Advancing AI for Agricultural Sustainability.zip#Turmeric Plant Disease Dataset Advancing AI for Agricultural Sustainability/Turmeric Plant Disease.zip#Turmeric Plant Disease/Healthy Leaf/Healthy Leaf00156.JPG,Turmeric Plant Disease Dataset Advancing AI (Original),Healthy Leaf,Healthy,healthy,leaf,.jpg,1000,1000,RGB,1af3cf76d62b2f32adc8ae51fb3679dd30e7ab7e7b85d08791c3947767058837,2f272727270f0b2b,valid,TURM_DUP_0359,canonical,TURM_04720,True,
TURM_04721,DATASET/Turmeric Plant Disease Dataset Advancing AI for Agricultural Sustainability.zip#Turmeric Plant Disease Dataset Advancing AI for Agricultural Sustainability/Turmeric Plant Disease.zip#Turmeric Plant Disease/Healthy Leaf/Healthy Leaf00157.JPG,Turmeric Plant Disease Dataset Advancing AI (Original),Healthy Leaf,Healthy,healthy,leaf,.jpg,1000,1000,RGB,51bc9513c92adef09a26547e4f48a502d2395bc03c50cb5377c8ad208593f622,bc1e0e070b070324,valid,TURM_DUP_0360,canonical,TURM_04721,True,
TURM_04722,DATASET/Turmeric Plant Disease Dataset Advancing AI for Agricultural Sustainability.zip#Turmeric Plant Disease Dataset Advancing AI for Agricultural Sustainability/Turmeric Plant Disease.zip#Turmeric Plant Disease/Healthy Leaf/Healthy Leaf00158.JPG,Turmeric Plant Disease Dataset Advancing AI (Original),Healthy Leaf,Healthy,healthy,leaf,.jpg,1000,1000,RGB,2e19995b74ead7dc4dd1d1fe9ef1b484a754387429155b6e19bf79c20267106f,b0b81d1e1f070705,valid,TURM_DUP_0361,canonical,TURM_04722,True,
TURM_04723,DATASET/Turmeric Plant Disease Dataset Advancing AI for Agricultural Sustainability.zip#Turmeric Plant Disease Dataset Advancing AI for Agricultural Sustainability/Turmeric Plant Disease.zip#Turmeric Plant Disease/Healthy Leaf/Healthy Leaf00159.JPG,Turmeric Plant Disease Dataset Advancing AI (Original),Healthy Leaf,Healthy,healthy,leaf,.jpg,1000,1000,RGB,7dcfaf8a6c68160bca2661df5b5b977f155ec7bd470206b075d9819ca8222a1d,0e0f0f0f0f0f0787,valid,TURM_DUP_0362,canonical,TURM_04723,True,
TURM_04724,DATASET/Turmeric Plant Disease Dataset Advancing AI for Agricultural Sustainability.zip#Turmeric Plant Disease Dataset Advancing AI for Agricultural Sustainability/Turmeric Plant Disease.zip#Turmeric Plant Disease/Healthy Leaf/Healthy Leaf00160.JPG,Turmeric Plant Disease Dataset Advancing AI (Original),Healthy Leaf,Healthy,healthy,leaf,.jpg,1000,1000,RGB,bff8dc11cb51766bf2b698b67297e13d091b705ccdda46aa28956135ef458994,2138391c0c068687,valid,TURM_DUP_0363,canonical,TURM_04724,True,
TURM_04725,DATASET/Turmeric Plant Disease Dataset Advancing AI for Agricultural Sustainability.zip#Turmeric Plant Disease Dataset Advancing AI for Agricultural Sustainability/Turmeric Plant Disease.zip#Turmeric Plant Disease/Healthy Leaf/Healthy Leaf00161.JPG,Turmeric Plant Disease Dataset Advancing AI (Original),Healthy Leaf,Healthy,healthy,leaf,.jpg,1000,1000,RGB,0329d0683bfaf05d52af9853a38018a4b45cce9a167e45f7d3a8cbdbfdd8eb49,b1191c8c8687c7e7,valid,TURM_DUP_0364,canonical,TURM_04725,True,
TURM_04726,DATASET/Turmeric Plant Disease Dataset Advancing AI for Agricultural Sustainability.zip#Turmeric Plant Disease Dataset Advancing AI for Agricultural Sustainability/Turmeric Plant Disease.zip#Turmeric Plant Disease/Healthy Leaf/Healthy Leaf00162.JPG,Turmeric Plant Disease Dataset Advancing AI (Original),Healthy Leaf,Healthy,healthy,leaf,.jpg,1000,1000,RGB,4b875ee7ad3691fff90f27075d39eeca3d34e789bcf1dbd50160acd6a2c37ebe,4073391e0f0f9f8f,valid,TURM_DUP_0365,canonical,TURM_04726,True,
TURM_04727,DATASET/Turmeric Plant Disease Dataset Advancing AI for Agricultural Sustainability.zip#Turmeric Plant Disease Dataset Advancing AI for Agricultural Sustainability/Turmeric Plant Disease.zip#Turmeric Plant Disease/Healthy Leaf/Healthy Leaf00163.JPG,Turmeric Plant Disease Dataset Advancing AI (Original),Healthy Leaf,Healthy,healthy,leaf,.jpg,1000,1000,RGB,bc5dc4cbe20375e4d5e2294c0f590b83869138e289376709b3f166b841866b7e,2e0f472f0f87c3f1,valid,TURM_DUP_0366,canonical,TURM_04727,True,
TURM_04728,DATASET/Turmeric Plant Disease Dataset Advancing AI for Agricultural Sustainability.zip#Turmeric Plant Disease Dataset Advancing AI for Agricultural Sustainability/Turmeric Plant Disease.zip#Turmeric Plant Disease/Healthy Leaf/Healthy Leaf00164.JPG,Turmeric Plant Disease Dataset Advancing AI (Original),Healthy Leaf,Healthy,healthy,leaf,.jpg,1000,1000,RGB,80e5259ebdac364756e3ec866827d799e44515c51fc952cff6513cb141068eeb,c171381c0e878bc7,valid,TURM_DUP_0367,canonical,TURM_04728,True,
TURM_04729,DATASET/Turmeric Plant Disease Dataset Advancing AI for Agricultural Sustainability.zip#Turmeric Plant Disease Dataset Advancing AI for Agricultural Sustainability/Turmeric Plant Disease.zip#Turmeric Plant Disease/Healthy Leaf/Healthy Leaf00165.JPG,Turmeric Plant Disease Dataset Advancing AI (Original),Healthy Leaf,Healthy,healthy,leaf,.jpg,1000,1000,RGB,dfc684fb3147f753755ef9bfc827b25355660635c75d44816b4c4f8660518f18,63333c1e9e87c7e3,valid,TURM_DUP_0368,canonical,TURM_04729,True,
TURM_04730,DATASET/Turmeric Plant Disease Dataset Advancing AI for Agricultural Sustainability.zip#Turmeric Plant Disease Dataset Advancing AI for Agricultural Sustainability/Turmeric Plant Disease.zip#Turmeric Plant Disease/Healthy Leaf/Healthy Leaf00166.JPG,Turmeric Plant Disease Dataset Advancing AI (Original),Healthy Leaf,Healthy,healthy,leaf,.jpg,1000,1000,RGB,6d1e1fe998a45bb497cdeec8a93be200981b96018ef174c430a115bff15c127f,4c8c0c0f0e0e1f1f,valid,TURM_DUP_0369,canonical,TURM_04730,True,
TURM_04731,DATASET/Turmeric Plant Disease Dataset Advancing AI for Agricultural Sustainability.zip#Turmeric Plant Disease Dataset Advancing AI for Agricultural Sustainability/Turmeric Plant Disease.zip#Turmeric Plant Disease/Healthy Leaf/Healthy Leaf00167.JPG,Turmeric Plant Disease Dataset Advancing AI (Original),Healthy Leaf,Healthy,healthy,leaf,.jpg,1000,1000,RGB,7af150c7b86c01bff48aef75ca222264bb625316d03cd001e3422baa46dbb346,9091909c9f9f8f8f,valid,TURM_DUP_0370,canonical,TURM_04731,True,
TURM_04732,DATASET/Turmeric Plant Disease Dataset Advancing AI for Agricultural Sustainability.zip#Turmeric Plant Disease Dataset Advancing AI for Agricultural Sustainability/Turmeric Plant Disease.zip#Turmeric Plant Disease/Healthy Leaf/Healthy Leaf00168.JPG,Turmeric Plant Disease Dataset Advancing AI (Original),Healthy Leaf,Healthy,healthy,leaf,.jpg,1000,1000,RGB,d9d57532a1b2df9047c47e125c25d1b44745b3136e316abe12c2ed9480da1332,333339381c1e1f0f,valid,TURM_DUP_0371,canonical,TURM_04732,True,
TURM_04733,DATASET/Turmeric Plant Disease Dataset Advancing AI for Agricultural Sustainability.zip#Turmeric Plant Disease Dataset Advancing AI for Agricultural Sustainability/Turmeric Plant Disease.zip#Turmeric Plant Disease/Healthy Leaf/Healthy Leaf00169.JPG,Turmeric Plant Disease Dataset Advancing AI (Original),Healthy Leaf,Healthy,healthy,leaf,.jpg,1000,1000,RGB,3700b4a0a8b549ce6ab0de6c01e420d7aa13dbdcf4f7a760940d189ff23e5612,7f5f7f3f3f3f1f8f,valid,TURM_DUP_0372,canonical,TURM_04733,True,
TURM_04734,DATASET/Turmeric Plant Disease Dataset Advancing AI for Agricultural Sustainability.zip#Turmeric Plant Disease Dataset Advancing AI for Agricultural Sustainability/Turmeric Plant Disease.zip#Turmeric Plant Disease/Healthy Leaf/Healthy Leaf00170.JPG,Turmeric Plant Disease Dataset Advancing AI (Original),Healthy Leaf,Healthy,healthy,leaf,.jpg,1000,1000,RGB,19a8bb29f442f665831e61fccba1993b8fe3515d9d8b6e3ccfb572e75e640e30,ff7f3f1f1f0f0f07,valid,TURM_DUP_0373,canonical,TURM_04734,True,
TURM_04735,DATASET/Turmeric Plant Disease Dataset Advancing AI for Agricultural Sustainability.zip#Turmeric Plant Disease Dataset Advancing AI for Agricultural Sustainability/Turmeric Plant Disease.zip#Turmeric Plant Disease/Healthy Leaf/Healthy Leaf00171.JPG,Turmeric Plant Disease Dataset Advancing AI (Original),Healthy Leaf,Healthy,healthy,leaf,.jpg,1000,1000,RGB,0326c806c1e47648307959cafd8f149aa339c304a5e0f8cef6f3439ce3b4e7cc,293139381c9e8f8f,valid,TURM_DUP_0374,canonical,TURM_04735,True,
TURM_04736,DATASET/Turmeric Plant Disease Dataset Advancing AI for Agricultural Sustainability.zip#Turmeric Plant Disease Dataset Advancing AI for Agricultural Sustainability/Turmeric Plant Disease.zip#Turmeric Plant Disease/Healthy Leaf/Healthy Leaf00172.JPG,Turmeric Plant Disease Dataset Advancing AI (Original),Healthy Leaf,Healthy,healthy,leaf,.jpg,1000,1000,RGB,ccd04d73ce9b4698114e8a7f9d2d93adf868531a54057970ba85e711bf4d9848,7c7f3f1f8fcfc7a7,valid,TURM_DUP_0375,canonical,TURM_04736,True,
TURM_04737,DATASET/Turmeric Plant Disease Dataset Advancing AI for Agricultural Sustainability.zip#Turmeric Plant Disease Dataset Advancing AI for Agricultural Sustainability/Turmeric Plant Disease.zip#Turmeric Plant Disease/Healthy Leaf/Healthy Leaf00173.JPG,Turmeric Plant Disease Dataset Advancing AI (Original),Healthy Leaf,Healthy,healthy,leaf,.jpg,1000,1000,RGB,df742f9f9364798f0126f9efea032e6fc844e2db652423f0ea87f45ef6de6340,407038180f0f0787,valid,TURM_DUP_0376,canonical,TURM_04737,True,
TURM_04738,DATASET/Turmeric Plant Disease Dataset Advancing AI for Agricultural Sustainability.zip#Turmeric Plant Disease Dataset Advancing AI for Agricultural Sustainability/Turmeric Plant Disease.zip#Turmeric Plant Disease/Healthy Leaf/Healthy Leaf00174.JPG,Turmeric Plant Disease Dataset Advancing AI (Original),Healthy Leaf,Healthy,healthy,leaf,.jpg,1000,1000,RGB,9319ce42275dd600d9d9a8f5c44883c7e698319ff666e35ad6f90f38b926277a,0f0f0f0787830321,valid,TURM_DUP_0377,canonical,TURM_04738,True,
TURM_04739,DATASET/Turmeric Plant Disease Dataset Advancing AI for Agricultural Sustainability.zip#Turmeric Plant Disease Dataset Advancing AI for Agricultural Sustainability/Turmeric Plant Disease.zip#Turmeric Plant Disease/Healthy Leaf/Healthy Leaf00175.JPG,Turmeric Plant Disease Dataset Advancing AI (Original),Healthy Leaf,Healthy,healthy,leaf,.jpg,1000,1000,RGB,0ea3bc6bd87326c40792eb1ecb8587f4a8f54fbb9192104c089931bd9445a866,c070381e0f0785c5,valid,TURM_DUP_0378,canonical,TURM_04739,True,
TURM_04740,DATASET/Turmeric Plant Disease Dataset Advancing AI for Agricultural Sustainability.zip#Turmeric Plant Disease Dataset Advancing AI for Agricultural Sustainability/Turmeric Plant Disease.zip#Turmeric Plant Disease/Healthy Leaf/Healthy Leaf00176.JPG,Turmeric Plant Disease Dataset Advancing AI (Original),Healthy Leaf,Healthy,healthy,leaf,.jpg,1000,1000,RGB,855c4c3465a1398bf1ae78aee05119b80a5f9c9314dec58ecfd6394103c5e894,3c1e0f0703090000,valid,TURM_DUP_0379,canonical,TURM_04740,True,
TURM_04741,DATASET/Turmeric Plant Disease Dataset Advancing AI for Agricultural Sustainability.zip#Turmeric Plant Disease Dataset Advancing AI for Agricultural Sustainability/Turmeric Plant Disease.zip#Turmeric Plant Disease/Healthy Leaf/Healthy Leaf00177.JPG,Turmeric Plant Disease Dataset Advancing AI (Original),Healthy Leaf,Healthy,healthy,leaf,.jpg,1000,1000,RGB,3a5046904209de0b6fc924d30c0874f41d199e25e520bc69af7c085b8d9e7552,1c1e0f0f07478333,valid,TURM_DUP_0380,canonical,TURM_04741,True,
TURM_04742,DATASET/Turmeric Plant Disease Dataset Advancing AI for Agricultural Sustainability.zip#Turmeric Plant Disease Dataset Advancing AI for Agricultural Sustainability/Turmeric Plant Disease.zip#Turmeric Plant Disease/Healthy Leaf/Healthy Leaf00178.JPG,Turmeric Plant Disease Dataset Advancing AI (Original),Healthy Leaf,Healthy,healthy,leaf,.jpg,1000,1000,RGB,d6922b5d1d19dc210568afb3f368f1516dd9a0964544e35d9f7246df03bcf120,c2627338381c8e8e,valid,TURM_DUP_0381,canonical,TURM_04742,True,
TURM_04743,DATASET/Turmeric Plant Disease Dataset Advancing AI for Agricultural Sustainability.zip#Turmeric Plant Disease Dataset Advancing AI for Agricultural Sustainability/Turmeric Plant Disease.zip#Turmeric Plant Disease/Healthy Leaf/Healthy Leaf00179.JPG,Turmeric Plant Disease Dataset Advancing AI (Original),Healthy Leaf,Healthy,healthy,leaf,.jpg,1000,1000,RGB,ea2617bf3f94d7c0f85d2bef85c842d4e233df0e2393d5ea9a69cdf14c3ad93a,020303c34343c3c3,valid,TURM_DUP_0382,canonical,TURM_04743,True,
TURM_04744,DATASET/Turmeric Plant Disease Dataset Advancing AI for Agricultural Sustainability.zip#Turmeric Plant Disease Dataset Advancing AI for Agricultural Sustainability/Turmeric Plant Disease.zip#Turmeric Plant Disease/Healthy Leaf/Healthy Leaf00180.JPG,Turmeric Plant Disease Dataset Advancing AI (Original),Healthy Leaf,Healthy,healthy,leaf,.jpg,1000,1000,RGB,427d414d65b84e3bbe383fafe322084246f965d5fe42982894458ea1310b4d7e,0707070f0f0f8f07,valid,TURM_DUP_0383,canonical,TURM_04744,True,
TURM_04745,DATASET/Turmeric Plant Disease Dataset Advancing AI for Agricultural Sustainability.zip#Turmeric Plant Disease Dataset Advancing AI for Agricultural Sustainability/Turmeric Plant Disease.zip#Turmeric Plant Disease/Healthy Leaf/Healthy Leaf00181.JPG,Turmeric Plant Disease Dataset Advancing AI (Original),Healthy Leaf,Healthy,healthy,leaf,.jpg,1000,1000,RGB,3f2e0455216ec682e99783314edcff2c87d09ba8227ee85e5d3b7e988d148ebf,3c3c1e1f0f0f0787,valid,TURM_DUP_0384,canonical,TURM_04745,True,
TURM_04746,DATASET/Turmeric Plant Disease Dataset Advancing AI for Agricultural Sustainability.zip#Turmeric Plant Disease Dataset Advancing AI for Agricultural Sustainability/Turmeric Plant Disease.zip#Turmeric Plant Disease/Healthy Leaf/Healthy Leaf00182.JPG,Turmeric Plant Disease Dataset Advancing AI (Original),Healthy Leaf,Healthy,healthy,leaf,.jpg,1000,1000,RGB,8070f278d67596248b15f3ec854f407091a404ce93457aaa3e3cff9188825ba3,a331381c9c8e8e87,valid,TURM_DUP_0385,canonical,TURM_04746,True,
TURM_04747,DATASET/Turmeric Plant Disease Dataset Advancing AI for Agricultural Sustainability.zip#Turmeric Plant Disease Dataset Advancing AI for Agricultural Sustainability/Turmeric Plant Disease.zip#Turmeric Plant Disease/Healthy Leaf/Healthy Leaf00183.JPG,Turmeric Plant Disease Dataset Advancing AI (Original),Healthy Leaf,Healthy,healthy,leaf,.jpg,1000,1000,RGB,3125c61105e4edfd1101bfbc4b4f61be38696f43ba8d43d1211f48cc1905f111,63713c3c3637379f,valid,TURM_DUP_0386,canonical,TURM_04747,True,
TURM_04748,DATASET/Turmeric Plant Disease Dataset Advancing AI for Agricultural Sustainability.zip#Turmeric Plant Disease Dataset Advancing AI for Agricultural Sustainability/Turmeric Plant Disease.zip#Turmeric Plant Disease/Healthy Leaf/Healthy Leaf00184.JPG,Turmeric Plant Disease Dataset Advancing AI (Original),Healthy Leaf,Healthy,healthy,leaf,.jpg,1000,1000,RGB,4f0db77d5090974c96fea248d081467d201862ba7d80265839e090fc927f09b1,5e5e7f3f3f1f1707,valid,TURM_DUP_0387,canonical,TURM_04748,True,
TURM_04749,DATASET/Turmeric Plant Disease Dataset Advancing AI for Agricultural Sustainability.zip#Turmeric Plant Disease Dataset Advancing AI for Agricultural Sustainability/Turmeric Plant Disease.zip#Turmeric Plant Disease/Healthy Leaf/Healthy Leaf00185.JPG,Turmeric Plant Disease Dataset Advancing AI (Original),Healthy Leaf,Healthy,healthy,leaf,.jpg,1000,1000,RGB,c7f69a05bbfc8092ea86c3bbe585c246f329f5e320ae01840b286803e060f9d2,6672383c2c1e9f8f,valid,TURM_DUP_0388,canonical,TURM_04749,True,
TURM_04750,DATASET/Turmeric Plant Disease Dataset Advancing AI for Agricultural Sustainability.zip#Turmeric Plant Disease Dataset Advancing AI for Agricultural Sustainability/Turmeric Plant Disease.zip#Turmeric Plant Disease/Healthy Leaf/Healthy Leaf00186.JPG,Turmeric Plant Disease Dataset Advancing AI (Original),Healthy Leaf,Healthy,healthy,leaf,.jpg,1000,1000,RGB,f99497e0754004956fa65209dc0aa94a753bdc8cccaf34066b1286dfb32c2e3a,0d0e0703030109c1,valid,TURM_DUP_0389,canonical,TURM_04750,True,
TURM_04751,DATASET/Turmeric Plant Disease Dataset Advancing AI for Agricultural Sustainability.zip#Turmeric Plant Disease Dataset Advancing AI for Agricultural Sustainability/Turmeric Plant Disease.zip#Turmeric Plant Disease/Healthy Leaf/Healthy Leaf00187.JPG,Turmeric Plant Disease Dataset Advancing AI (Original),Healthy Leaf,Healthy,healthy,leaf,.jpg,1000,1000,RGB,1150de3c1d35eccd5084ed66648be59e8190adc2e15ba2a65c186dcc56e9b315,0302030383834141,valid,TURM_DUP_0390,canonical,TURM_04751,True,
TURM_04752,DATASET/Turmeric Plant Disease Dataset Advancing AI for Agricultural Sustainability.zip#Turmeric Plant Disease Dataset Advancing AI for Agricultural Sustainability/Turmeric Plant Disease.zip#Turmeric Plant Disease/Healthy Leaf/Healthy Leaf00188.JPG,Turmeric Plant Disease Dataset Advancing AI (Original),Healthy Leaf,Healthy,healthy,leaf,.jpg,1000,1000,RGB,8441b8e2988d379f82e8e033aa76c62aa21e93bd2f9181e6c05d8f54c7f3c50c,1c1f0f07030303c1,valid,TURM_DUP_0391,canonical,TURM_04752,True,
TURM_04753,DATASET/Turmeric Plant Disease Dataset Advancing AI for Agricultural Sustainability.zip#Turmeric Plant Disease Dataset Advancing AI for Agricultural Sustainability/Turmeric Plant Disease.zip#Turmeric Plant Disease/Healthy Leaf/Healthy Leaf00189.JPG,Turmeric Plant Disease Dataset Advancing AI (Original),Healthy Leaf,Healthy,healthy,leaf,.jpg,1000,1000,RGB,52e7724cc6315b99dc14b207212ecc182fc57433d78843ed3fa4d15935933902,381c1c0e0e070783,valid,TURM_DUP_0392,canonical,TURM_04753,True,
TURM_04754,DATASET/Turmeric Plant Disease Dataset Advancing AI for Agricultural Sustainability.zip#Turmeric Plant Disease Dataset Advancing AI for Agricultural Sustainability/Turmeric Plant Disease.zip#Turmeric Plant Disease/Healthy Leaf/Healthy Leaf00190.JPG,Turmeric Plant Disease Dataset Advancing AI (Original),Healthy Leaf,Healthy,healthy,leaf,.jpg,1000,1000,RGB,8a866425623c4ec988fbf022c908394f566cc8d4bd2d8ef7244d5cdde6a10a4a,3038181c0e060783,valid,TURM_DUP_0393,canonical,TURM_04754,True,
TURM_04755,DATASET/Turmeric Plant Disease Dataset Advancing AI for Agricultural Sustainability.zip#Turmeric Plant Disease Dataset Advancing AI for Agricultural Sustainability/Turmeric Plant Disease.zip#Turmeric Plant Disease/Healthy Leaf/Healthy Leaf00191.JPG,Turmeric Plant Disease Dataset Advancing AI (Original),Healthy Leaf,Healthy,healthy,leaf,.jpg,1000,1000,RGB,0efe4fbb35aee28b25c4e0f628308cd72f43ed3f42e0bb6dc922567c2c66da9f,060707030b030301,valid,TURM_DUP_0394,canonical,TURM_04755,True,
TURM_04756,DATASET/Turmeric Plant Disease Dataset Advancing AI for Agricultural Sustainability.zip#Turmeric Plant Disease Dataset Advancing AI for Agricultural Sustainability/Turmeric Plant Disease.zip#Turmeric Plant Disease/Healthy Leaf/Healthy Leaf00192.JPG,Turmeric Plant Disease Dataset Advancing AI (Original),Healthy Leaf,Healthy,healthy,leaf,.jpg,1000,1000,RGB,1a0a3e8685920ce5061dfb53659769ffc85f2d2d10a75646c91e43cc1ab79263,1d0d0e0f0f0787a3,valid,TURM_DUP_0395,canonical,TURM_04756,True,
TURM_04757,DATASET/Turmeric Plant Disease Dataset Advancing AI for Agricultural Sustainability.zip#Turmeric Plant Disease Dataset Advancing AI for Agricultural Sustainability/Turmeric Plant Disease.zip#Turmeric Plant Disease/Healthy Leaf/Healthy Leaf00193.JPG,Turmeric Plant Disease Dataset Advancing AI (Original),Healthy Leaf,Healthy,healthy,leaf,.jpg,1000,1000,RGB,806575fd24b5d99c5f735294c9605b7e46568fb2f7d65908c6b7aab2cd00b948,643038189c8fc787,valid,TURM_DUP_0396,canonical,TURM_04757,True,
TURM_04758,DATASET/Turmeric Plant Disease Dataset Advancing AI for Agricultural Sustainability.zip#Turmeric Plant Disease Dataset Advancing AI for Agricultural Sustainability/Turmeric Plant Disease.zip#Turmeric Plant Disease/Healthy Leaf/Healthy Leaf00194.JPG,Turmeric Plant Disease Dataset Advancing AI (Original),Healthy Leaf,Healthy,healthy,leaf,.jpg,1000,1000,RGB,dab016f1800c9ea5414d3a1720758ed50fcbb064557649c3d5d7e9290fd2bab4,381d1c0f0f070713,valid,TURM_DUP_0397,canonical,TURM_04758,True,
TURM_04759,DATASET/Turmeric Plant Disease Dataset Advancing AI for Agricultural Sustainability.zip#Turmeric Plant Disease Dataset Advancing AI for Agricultural Sustainability/Turmeric Plant Disease.zip#Turmeric Plant Disease/Healthy Leaf/Healthy Leaf00195.JPG,Turmeric Plant Disease Dataset Advancing AI (Original),Healthy Leaf,Healthy,healthy,leaf,.jpg,1000,1000,RGB,7ab3a513ea46fffd38c55f8762b1497d567ababf6e827c6ec0063ccce2f618c4,c8783d1f8f870361,valid,TURM_DUP_0398,canonical,TURM_04759,True,
TURM_04760,DATASET/Turmeric Plant Disease Dataset Advancing AI for Agricultural Sustainability.zip#Turmeric Plant Disease Dataset Advancing AI for Agricultural Sustainability/Turmeric Plant Disease.zip#Turmeric Plant Disease/Healthy Leaf/Healthy Leaf00196.JPG,Turmeric Plant Disease Dataset Advancing AI (Original),Healthy Leaf,Healthy,healthy,leaf,.jpg,1000,1000,RGB,0ef444b259671689171babae3539be5d584ccab222901163edfa08bb219bb73c,4c0f0c0f0e8e0e0e,valid,TURM_DUP_0399,canonical,TURM_04760,True,
TURM_04761,DATASET/Turmeric Plant Disease Dataset Advancing AI for Agricultural Sustainability.zip#Turmeric Plant Disease Dataset Advancing AI for Agricultural Sustainability/Turmeric Plant Disease.zip#Turmeric Plant Disease/Healthy Leaf/Healthy Leaf00197.JPG,Turmeric Plant Disease Dataset Advancing AI (Original),Healthy Leaf,Healthy,healthy,leaf,.jpg,1000,1000,RGB,379768bea5f2716a91a35be15acd838fad7bb2beec40972f567165d589d6ccad,0c0c0f8e8f0f0707,valid,TURM_DUP_0400,canonical,TURM_04761,True,
TURM_04762,DATASET/Turmeric Plant Disease Dataset Advancing AI for Agricultural Sustainability.zip#Turmeric Plant Disease Dataset Advancing AI for Agricultural Sustainability/Turmeric Plant Disease.zip#Turmeric Plant Disease/Leaf Blotch/Leaf Blotch00001.JPG,Turmeric Plant Disease Dataset Advancing AI (Original),Leaf Blotch,Leaf Blotch,disease,leaf,.jpg,1000,1000,RGB,f461942049356cd766f3c3d99a694b69dc0861a87e650f004c6e580385152328,64fc7f3f1d8bc0e0,valid,TURM_DUP_0401,canonical,TURM_04762,True,
TURM_04763,DATASET/Turmeric Plant Disease Dataset Advancing AI for Agricultural Sustainability.zip#Turmeric Plant Disease Dataset Advancing AI for Agricultural Sustainability/Turmeric Plant Disease.zip#Turmeric Plant Disease/Leaf Blotch/Leaf Blotch00002.JPG,Turmeric Plant Disease Dataset Advancing AI (Original),Leaf Blotch,Leaf Blotch,disease,leaf,.jpg,1000,1000,RGB,71ce948db8d342cc0af26ecb685c3b2ee6253249e67d0dcbc0d3fc4765b3f89a,f8feffff27010080,valid,TURM_DUP_0402,canonical,TURM_04763,True,
TURM_04764,DATASET/Turmeric Plant Disease Dataset Advancing AI for Agricultural Sustainability.zip#Turmeric Plant Disease Dataset Advancing AI for Agricultural Sustainability/Turmeric Plant Disease.zip#Turmeric Plant Disease/Leaf Blotch/Leaf Blotch00003.JPG,Turmeric Plant Disease Dataset Advancing AI (Original),Leaf Blotch,Leaf Blotch,disease,leaf,.jpg,1000,1000,RGB,b32906700713e8eab661f5adedfcf256fcb2c9633d8d27425b9d24eb2350640e,a03e371d0100c0f0,valid,TURM_DUP_0403,canonical,TURM_04764,True,
TURM_04765,DATASET/Turmeric Plant Disease Dataset Advancing AI for Agricultural Sustainability.zip#Turmeric Plant Disease Dataset Advancing AI for Agricultural Sustainability/Turmeric Plant Disease.zip#Turmeric Plant Disease/Leaf Blotch/Leaf Blotch00004.JPG,Turmeric Plant Disease Dataset Advancing AI (Original),Leaf Blotch,Leaf Blotch,disease,leaf,.jpg,1000,1000,RGB,a96b36433507af73e39df1d2ad9989e773b79c0d27ae1ebfbf5ecc18de823a07,c43c2f1b0381e0f8,valid,TURM_DUP_0404,canonical,TURM_04765,True,
TURM_04766,DATASET/Turmeric Plant Disease Dataset Advancing AI for Agricultural Sustainability.zip#Turmeric Plant Disease Dataset Advancing AI for Agricultural Sustainability/Turmeric Plant Disease.zip#Turmeric Plant Disease/Leaf Blotch/Leaf Blotch00005.JPG,Turmeric Plant Disease Dataset Advancing AI (Original),Leaf Blotch,Leaf Blotch,disease,leaf,.jpg,1000,1000,RGB,b5226d7c1649a14108ea4d4cb07f7891e66ce892f3f25536e7c1e20665c8d718,c87c3e170781e0e9,valid,TURM_DUP_0405,canonical,TURM_04766,True,
TURM_04767,DATASET/Turmeric Plant Disease Dataset Advancing AI for Agricultural Sustainability.zip#Turmeric Plant Disease Dataset Advancing AI for Agricultural Sustainability/Turmeric Plant Disease.zip#Turmeric Plant Disease/Leaf Blotch/Leaf Blotch00006.JPG,Turmeric Plant Disease Dataset Advancing AI (Original),Leaf Blotch,Leaf Blotch,disease,leaf,.jpg,1000,1000,RGB,b0975277450bc6f9f338542e47055ab8a8947999d4a87cd8e2097f23af27f392,907b6f1f130040e0,valid,TURM_DUP_0406,canonical,TURM_04767,True,
TURM_04768,DATASET/Turmeric Plant Disease Dataset Advancing AI for Agricultural Sustainability.zip#Turmeric Plant Disease Dataset Advancing AI for Agricultural Sustainability/Turmeric Plant Disease.zip#Turmeric Plant Disease/Leaf Blotch/Leaf Blotch00007.JPG,Turmeric Plant Disease Dataset Advancing AI (Original),Leaf Blotch,Leaf Blotch,disease,leaf,.jpg,1000,1000,RGB,4250a8509a408c0c3583e12added93347b1f06a3295945af950d7fb5448e73af,80e07f3f0301c020,valid,TURM_DUP_0407,canonical,TURM_04768,True,
TURM_04769,DATASET/Turmeric Plant Disease Dataset Advancing AI for Agricultural Sustainability.zip#Turmeric Plant Disease Dataset Advancing AI for Agricultural Sustainability/Turmeric Plant Disease.zip#Turmeric Plant Disease/Leaf Blotch/Leaf Blotch00008.JPG,Turmeric Plant Disease Dataset Advancing AI (Original),Leaf Blotch,Leaf Blotch,disease,leaf,.jpg,1000,1000,RGB,c8bc1c36431f8bba388e437313476fdb6e489866cef23a0f4993352654de43ea,80f8fe8e03038102,valid,TURM_DUP_0408,canonical,TURM_04769,True,
TURM_04770,DATASET/Turmeric Plant Disease Dataset Advancing AI for Agricultural Sustainability.zip#Turmeric Plant Disease Dataset Advancing AI for Agricultural Sustainability/Turmeric Plant Disease.zip#Turmeric Plant Disease/Leaf Blotch/Leaf Blotch00009.JPG,Turmeric Plant Disease Dataset Advancing AI (Original),Leaf Blotch,Leaf Blotch,disease,leaf,.jpg,1000,1000,RGB,6417612c89998b4890d7795d1dd2a47a02a7faad0832d7c8e834d6462d4c6b09,f1f9fc9c0e070304,valid,TURM_DUP_0409,canonical,TURM_04770,True,
TURM_04771,DATASET/Turmeric Plant Disease Dataset Advancing AI for Agricultural Sustainability.zip#Turmeric Plant Disease Dataset Advancing AI for Agricultural Sustainability/Turmeric Plant Disease.zip#Turmeric Plant Disease/Leaf Blotch/Leaf Blotch00010.JPG,Turmeric Plant Disease Dataset Advancing AI (Original),Leaf Blotch,Leaf Blotch,disease,leaf,.jpg,1000,1000,RGB,3197e2822de599021d133b9768cc32b77177d96d791f65244880d4b84c54b147,00fc7f4f0381c081,valid,TURM_DUP_0410,canonical,TURM_04771,True,
TURM_04772,DATASET/Turmeric Plant Disease Dataset Advancing AI for Agricultural Sustainability.zip#Turmeric Plant Disease Dataset Advancing AI for Agricultural Sustainability/Turmeric Plant Disease.zip#Turmeric Plant Disease/Leaf Blotch/Leaf Blotch00011.JPG,Turmeric Plant Disease Dataset Advancing AI (Original),Leaf Blotch,Leaf Blotch,disease,leaf,.jpg,1000,1000,RGB,eb7a12979ed145ac65973d93bb68efb106fa425b3fffce4aaac857552e900cb6,0501030f1f7fffc7,valid,TURM_DUP_0411,canonical,TURM_04772,True,
TURM_04773,DATASET/Turmeric Plant Disease Dataset Advancing AI for Agricultural Sustainability.zip#Turmeric Plant Disease Dataset Advancing AI for Agricultural Sustainability/Turmeric Plant Disease.zip#Turmeric Plant Disease/Leaf Blotch/Leaf Blotch00012.JPG,Turmeric Plant Disease Dataset Advancing AI (Original),Leaf Blotch,Leaf Blotch,disease,leaf,.jpg,1000,1000,RGB,5999901f4e5e50fa3305dd0eae3dccf7370b387d18f8b6ba3ce290e659e2fe29,030103071f3fffcf,valid,TURM_DUP_0412,canonical,TURM_04773,True,
TURM_04774,DATASET/Turmeric Plant Disease Dataset Advancing AI for Agricultural Sustainability.zip#Turmeric Plant Disease Dataset Advancing AI for Agricultural Sustainability/Turmeric Plant Disease.zip#Turmeric Plant Disease/Leaf Blotch/Leaf Blotch00013.JPG,Turmeric Plant Disease Dataset Advancing AI (Original),Leaf Blotch,Leaf Blotch,disease,leaf,.jpg,1000,1000,RGB,5797dd7111430f12a244313aad959d22d1dda33555606a6fb5db54f435e09ccc,00008080030f3fbf,valid,TURM_DUP_0413,canonical,TURM_04774,True,
TURM_04775,DATASET/Turmeric Plant Disease Dataset Advancing AI for Agricultural Sustainability.zip#Turmeric Plant Disease Dataset Advancing AI for Agricultural Sustainability/Turmeric Plant Disease.zip#Turmeric Plant Disease/Leaf Blotch/Leaf Blotch00014.JPG,Turmeric Plant Disease Dataset Advancing AI (Original),Leaf Blotch,Leaf Blotch,disease,leaf,.jpg,1000,1000,RGB,45324e4597d6c4cd2bb07e32994d6dfec97bc1ef2c7c55a391c4e93ace1984c3,0001830373f7ffc7,valid,TURM_DUP_0414,canonical,TURM_04775,True,
TURM_04776,DATASET/Turmeric Plant Disease Dataset Advancing AI for Agricultural Sustainability.zip#Turmeric Plant Disease Dataset Advancing AI for Agricultural Sustainability/Turmeric Plant Disease.zip#Turmeric Plant Disease/Leaf Blotch/Leaf Blotch00015.JPG,Turmeric Plant Disease Dataset Advancing AI (Original),Leaf Blotch,Leaf Blotch,disease,leaf,.jpg,1000,1000,RGB,4535af09eab55207483d728a2ab8c24ef31f1416940c682d071c8fbbbb57f450,9090830f3f7fffef,valid,TURM_DUP_0415,canonical,TURM_04776,True,
TURM_04777,DATASET/Turmeric Plant Disease Dataset Advancing AI for Agricultural Sustainability.zip#Turmeric Plant Disease Dataset Advancing AI for Agricultural Sustainability/Turmeric Plant Disease.zip#Turmeric Plant Disease/Leaf Blotch/Leaf Blotch00016.JPG,Turmeric Plant Disease Dataset Advancing AI (Original),Leaf Blotch,Leaf Blotch,disease,leaf,.jpg,1000,1000,RGB,5b02a8663118e9253acb4d130fde00232026748791cee4312ac00af5c7d11b28,03030f1f7ffff7e7,valid,TURM_DUP_0416,canonical,TURM_04777,True,
TURM_04778,DATASET/Turmeric Plant Disease Dataset Advancing AI for Agricultural Sustainability.zip#Turmeric Plant Disease Dataset Advancing AI for Agricultural Sustainability/Turmeric Plant Disease.zip#Turmeric Plant Disease/Leaf Blotch/Leaf Blotch00017.JPG,Turmeric Plant Disease Dataset Advancing AI (Original),Leaf Blotch,Leaf Blotch,disease,leaf,.jpg,1000,1000,RGB,8c20097bfdf8b2f8f1a731941b2eb5ddb58285fdb0cbed95b4bdeb0cc934b77e,8001010f1f3f3c74,valid,TURM_DUP_0417,canonical,TURM_04778,True,
TURM_04779,DATASET/Turmeric Plant Disease Dataset Advancing AI for Agricultural Sustainability.zip#Turmeric Plant Disease Dataset Advancing AI for Agricultural Sustainability/Turmeric Plant Disease.zip#Turmeric Plant Disease/Leaf Blotch/Leaf Blotch00018.JPG,Turmeric Plant Disease Dataset Advancing AI (Original),Leaf Blotch,Leaf Blotch,disease,leaf,.jpg,1000,1000,RGB,147498a246d4d104ad783e82ac2ded12559e0812a0b7cca8898c026e5f720934,060c01070f7ffcfb,valid,TURM_DUP_0418,canonical,TURM_04779,True,
TURM_04780,DATASET/Turmeric Plant Disease Dataset Advancing AI for Agricultural Sustainability.zip#Turmeric Plant Disease Dataset Advancing AI for Agricultural Sustainability/Turmeric Plant Disease.zip#Turmeric Plant Disease/Leaf Blotch/Leaf Blotch00019.JPG,Turmeric Plant Disease Dataset Advancing AI (Original),Leaf Blotch,Leaf Blotch,disease,leaf,.jpg,1000,1000,RGB,bebe71576db3ec11d7b4545cdee78af1226fc6a464c27dfaddd866d3ad581274,808081070f3f7f1f,valid,TURM_DUP_0419,canonical,TURM_04780,True,
TURM_04781,DATASET/Turmeric Plant Disease Dataset Advancing AI for Agricultural Sustainability.zip#Turmeric Plant Disease Dataset Advancing AI for Agricultural Sustainability/Turmeric Plant Disease.zip#Turmeric Plant Disease/Leaf Blotch/Leaf Blotch00020.JPG,Turmeric Plant Disease Dataset Advancing AI (Original),Leaf Blotch,Leaf Blotch,disease,leaf,.jpg,1000,1000,RGB,4deaf3b322ba031a9441f7bc0e825a0221674121afac282d056d220c9b5c10b8,980203071f3ff7c7,valid,TURM_DUP_0420,canonical,TURM_04781,True,
TURM_04782,DATASET/Turmeric Plant Disease Dataset Advancing AI for Agricultural Sustainability.zip#Turmeric Plant Disease Dataset Advancing AI for Agricultural Sustainability/Turmeric Plant Disease.zip#Turmeric Plant Disease/Leaf Blotch/Leaf Blotch00021.JPG,Turmeric Plant Disease Dataset Advancing AI (Original),Leaf Blotch,Leaf Blotch,disease,leaf,.jpg,1000,1000,RGB,ee49b74450ba10a92af6077cc1323c1b67ed4be8d473a62c90124c945b6e5ae2,010000030f3f970f,valid,TURM_DUP_0421,canonical,TURM_04782,True,
TURM_04783,DATASET/Turmeric Plant Disease Dataset Advancing AI for Agricultural Sustainability.zip#Turmeric Plant Disease Dataset Advancing AI for Agricultural Sustainability/Turmeric Plant Disease.zip#Turmeric Plant Disease/Leaf Blotch/Leaf Blotch00022.JPG,Turmeric Plant Disease Dataset Advancing AI (Original),Leaf Blotch,Leaf Blotch,disease,leaf,.jpg,1000,1000,RGB,001bd1dd361041b1a13a02dc619cc01c0aa9ba15917e0c48935d9a822f918b39,260c0d1f1f3d3d7c,valid,TURM_DUP_0422,canonical,TURM_04783,True,
TURM_04784,DATASET/Turmeric Plant Disease Dataset Advancing AI for Agricultural Sustainability.zip#Turmeric Plant Disease Dataset Advancing AI for Agricultural Sustainability/Turmeric Plant Disease.zip#Turmeric Plant Disease/Leaf Blotch/Leaf Blotch00023.JPG,Turmeric Plant Disease Dataset Advancing AI (Original),Leaf Blotch,Leaf Blotch,disease,leaf,.jpg,1000,1000,RGB,088d109e2e6e0975cd20e6cdd899b01c565f6420bbe942e718f24ee32f169fe2,000204030f1f3f3f,valid,TURM_DUP_0423,canonical,TURM_04784,True,
TURM_04785,DATASET/Turmeric Plant Disease Dataset Advancing AI for Agricultural Sustainability.zip#Turmeric Plant Disease Dataset Advancing AI for Agricultural Sustainability/Turmeric Plant Disease.zip#Turmeric Plant Disease/Leaf Blotch/Leaf Blotch00024.JPG,Turmeric Plant Disease Dataset Advancing AI (Original),Leaf Blotch,Leaf Blotch,disease,leaf,.jpg,1000,1000,RGB,97add2a201d18baec7eb2c8735a7fd9c298d4c220e02e7e56c700609a5905632,000303071f3f7f7f,valid,TURM_DUP_0424,canonical,TURM_04785,True,
TURM_04786,DATASET/Turmeric Plant Disease Dataset Advancing AI for Agricultural Sustainability.zip#Turmeric Plant Disease Dataset Advancing AI for Agricultural Sustainability/Turmeric Plant Disease.zip#Turmeric Plant Disease/Leaf Blotch/Leaf Blotch00025.JPG,Turmeric Plant Disease Dataset Advancing AI (Original),Leaf Blotch,Leaf Blotch,disease,leaf,.jpg,1000,1000,RGB,d4e122a7dc9e733b78975cac733fb5a36ff14f457b158bbe09bd51fd6d54f376,0020010b17175f3f,valid,TURM_DUP_0425,canonical,TURM_04786,True,
TURM_04787,DATASET/Turmeric Plant Disease Dataset Advancing AI for Agricultural Sustainability.zip#Turmeric Plant Disease Dataset Advancing AI for Agricultural Sustainability/Turmeric Plant Disease.zip#Turmeric Plant Disease/Leaf Blotch/Leaf Blotch00026.JPG,Turmeric Plant Disease Dataset Advancing AI (Original),Leaf Blotch,Leaf Blotch,disease,leaf,.jpg,1000,1000,RGB,2a43e916f1fa0c284ca45dfb59014fb35e14679cfa49f12a73124637db66707c,020303070f7ffff8,valid,TURM_DUP_0426,canonical,TURM_04787,True,
TURM_04788,DATASET/Turmeric Plant Disease Dataset Advancing AI for Agricultural Sustainability.zip#Turmeric Plant Disease Dataset Advancing AI for Agricultural Sustainability/Turmeric Plant Disease.zip#Turmeric Plant Disease/Leaf Blotch/Leaf Blotch00027.JPG,Turmeric Plant Disease Dataset Advancing AI (Original),Leaf Blotch,Leaf Blotch,disease,leaf,.jpg,1000,1000,RGB,4fcb1cfdcb03b648d3fba20407abfccc3db426c85ef4442a7abcc235ed6f3103,000000030b173f1f,valid,TURM_DUP_0427,canonical,TURM_04788,True,
TURM_04789,DATASET/Turmeric Plant Disease Dataset Advancing AI for Agricultural Sustainability.zip#Turmeric Plant Disease Dataset Advancing AI for Agricultural Sustainability/Turmeric Plant Disease.zip#Turmeric Plant Disease/Leaf Blotch/Leaf Blotch00028.JPG,Turmeric Plant Disease Dataset Advancing AI (Original),Leaf Blotch,Leaf Blotch,disease,leaf,.jpg,1000,1000,RGB,ad14a282c698d7a5807452302ae052e494fed8a3fde581f96787efc10d938525,030707070f1f3f7e,valid,TURM_DUP_0428,canonical,TURM_04789,True,
TURM_04790,DATASET/Turmeric Plant Disease Dataset Advancing AI for Agricultural Sustainability.zip#Turmeric Plant Disease Dataset Advancing AI for Agricultural Sustainability/Turmeric Plant Disease.zip#Turmeric Plant Disease/Leaf Blotch/Leaf Blotch00029.JPG,Turmeric Plant Disease Dataset Advancing AI (Original),Leaf Blotch,Leaf Blotch,disease,leaf,.jpg,1000,1000,RGB,9084a3ec7dec67d5ebcbb05899246fd6e666c3d10065b70b3eaa20d64f1144db,01070f0f1f1f1f5f,valid,TURM_DUP_0429,canonical,TURM_04790,True,
TURM_04791,DATASET/Turmeric Plant Disease Dataset Advancing AI for Agricultural Sustainability.zip#Turmeric Plant Disease Dataset Advancing AI for Agricultural Sustainability/Turmeric Plant Disease.zip#Turmeric Plant Disease/Leaf Blotch/Leaf Blotch00030.JPG,Turmeric Plant Disease Dataset Advancing AI (Original),Leaf Blotch,Leaf Blotch,disease,leaf,.jpg,1000,1000,RGB,2bafc0953a496530ffc1b5c74e77cff6fc28d5365b9775401c720faedce54063,020707170f1f3f7f,valid,TURM_DUP_0430,canonical,TURM_04791,True,
TURM_04792,DATASET/Turmeric Plant Disease Dataset Advancing AI for Agricultural Sustainability.zip#Turmeric Plant Disease Dataset Advancing AI for Agricultural Sustainability/Turmeric Plant Disease.zip#Turmeric Plant Disease/Leaf Blotch/Leaf Blotch00031.JPG,Turmeric Plant Disease Dataset Advancing AI (Original),Leaf Blotch,Leaf Blotch,disease,leaf,.jpg,1000,1000,RGB,7a6962888a0f8a80bcdda8192a265230a2ec94f7b435993f50578fb1db596b52,010103070f0f1f1f,valid,TURM_DUP_0431,canonical,TURM_04792,True,
TURM_04793,DATASET/Turmeric Plant Disease Dataset Advancing AI for Agricultural Sustainability.zip#Turmeric Plant Disease Dataset Advancing AI for Agricultural Sustainability/Turmeric Plant Disease.zip#Turmeric Plant Disease/Leaf Blotch/Leaf Blotch00032.JPG,Turmeric Plant Disease Dataset Advancing AI (Original),Leaf Blotch,Leaf Blotch,disease,leaf,.jpg,1000,1000,RGB,4919055a278ec9c01d26123fad90acac772e2ee5978757f92c9a486ad1573fef,00001103071f3f3f,valid,TURM_DUP_0432,canonical,TURM_04793,True,
TURM_04794,DATASET/Turmeric Plant Disease Dataset Advancing AI for Agricultural Sustainability.zip#Turmeric Plant Disease Dataset Advancing AI for Agricultural Sustainability/Turmeric Plant Disease.zip#Turmeric Plant Disease/Leaf Blotch/Leaf Blotch00033.JPG,Turmeric Plant Disease Dataset Advancing AI (Original),Leaf Blotch,Leaf Blotch,disease,leaf,.jpg,1000,1000,RGB,39c479869cfec5b2a141f1f88e07b02229756020df57d0281ee6fc08766e7e61,04010307070f3ffd,valid,TURM_DUP_0433,canonical,TURM_04794,True,
TURM_04795,DATASET/Turmeric Plant Disease Dataset Advancing AI for Agricultural Sustainability.zip#Turmeric Plant Disease Dataset Advancing AI for Agricultural Sustainability/Turmeric Plant Disease.zip#Turmeric Plant Disease/Leaf Blotch/Leaf Blotch00034.JPG,Turmeric Plant Disease Dataset Advancing AI (Original),Leaf Blotch,Leaf Blotch,disease,leaf,.jpg,1000,1000,RGB,2d9bdbe4174fe29f962cc0598e595ea3ad64ee78af3eace3d8a921274f060543,0020000307171f3f,valid,TURM_DUP_0434,canonical,TURM_04795,True,
TURM_04796,DATASET/Turmeric Plant Disease Dataset Advancing AI for Agricultural Sustainability.zip#Turmeric Plant Disease Dataset Advancing AI for Agricultural Sustainability/Turmeric Plant Disease.zip#Turmeric Plant Disease/Leaf Blotch/Leaf Blotch00035.JPG,Turmeric Plant Disease Dataset Advancing AI (Original),Leaf Blotch,Leaf Blotch,disease,leaf,.jpg,1000,1000,RGB,4ade127b37d487158e1cad776ff69a1ca5bc17f147d1478d15fd11e0eb94b864,c8fa3b87c3c1e0ee,valid,TURM_DUP_0435,canonical,TURM_04796,True,
TURM_04797,DATASET/Turmeric Plant Disease Dataset Advancing AI for Agricultural Sustainability.zip#Turmeric Plant Disease Dataset Advancing AI for Agricultural Sustainability/Turmeric Plant Disease.zip#Turmeric Plant Disease/Leaf Blotch/Leaf Blotch00036.JPG,Turmeric Plant Disease Dataset Advancing AI (Original),Leaf Blotch,Leaf Blotch,disease,leaf,.jpg,1000,1000,RGB,82817b84f7064f36a30ac0a0961fc4cbb29fd8bacf1c29d5ea90531da52aa181,3000010f3f3c3e7f,valid,TURM_DUP_0436,canonical,TURM_04797,True,
TURM_04798,DATASET/Turmeric Plant Disease Dataset Advancing AI for Agricultural Sustainability.zip#Turmeric Plant Disease Dataset Advancing AI for Agricultural Sustainability/Turmeric Plant Disease.zip#Turmeric Plant Disease/Leaf Blotch/Leaf Blotch00037.JPG,Turmeric Plant Disease Dataset Advancing AI (Original),Leaf Blotch,Leaf Blotch,disease,leaf,.jpg,1000,1000,RGB,0f91ed7859af82f56f44b98f524ab1a08880e08fcdb44184db8e2627cf2897cd,14d10307070f0f1e,valid,TURM_DUP_0437,canonical,TURM_04798,True,
TURM_04799,DATASET/Turmeric Plant Disease Dataset Advancing AI for Agricultural Sustainability.zip#Turmeric Plant Disease Dataset Advancing AI for Agricultural Sustainability/Turmeric Plant Disease.zip#Turmeric Plant Disease/Leaf Blotch/Leaf Blotch00038.JPG,Turmeric Plant Disease Dataset Advancing AI (Original),Leaf Blotch,Leaf Blotch,disease,leaf,.jpg,1000,1000,RGB,47d071975fbd13b57c6336b6591d0daa163eb440d3f5c66c938e6190e997b492,eb89818660c08307,valid,TURM_DUP_0438,canonical,TURM_04799,True,
TURM_04800,DATASET/Turmeric Plant Disease Dataset Advancing AI for Agricultural Sustainability.zip#Turmeric Plant Disease Dataset Advancing AI for Agricultural Sustainability/Turmeric Plant Disease.zip#Turmeric Plant Disease/Leaf Blotch/Leaf Blotch00039.JPG,Turmeric Plant Disease Dataset Advancing AI (Original),Leaf Blotch,Leaf Blotch,disease,leaf,.jpg,1000,1000,RGB,a413bead0f0d0de9c6ef77822b2dfe12822d553bd7b34140a1b337b003cd9185,c37b1f8fc7e3e0f8,valid,TURM_DUP_0439,canonical,TURM_04800,True,
TURM_04801,DATASET/Turmeric Plant Disease Dataset Advancing AI for Agricultural Sustainability.zip#Turmeric Plant Disease Dataset Advancing AI for Agricultural Sustainability/Turmeric Plant Disease.zip#Turmeric Plant Disease/Leaf Blotch/Leaf Blotch00040.JPG,Turmeric Plant Disease Dataset Advancing AI (Original),Leaf Blotch,Leaf Blotch,disease,leaf,.jpg,1000,1000,RGB,09ce7d6a5cfa91a3193a92483fba579e221ac749bdc0444122a88c257a58df78,bffdf757f3d31b1f,valid,TURM_DUP_0440,canonical,TURM_04801,True,
TURM_04802,DATASET/Turmeric Plant Disease Dataset Advancing AI for Agricultural Sustainability.zip#Turmeric Plant Disease Dataset Advancing AI for Agricultural Sustainability/Turmeric Plant Disease.zip#Turmeric Plant Disease/Leaf Blotch/Leaf Blotch00041.JPG,Turmeric Plant Disease Dataset Advancing AI (Original),Leaf Blotch,Leaf Blotch,disease,leaf,.jpg,1000,1000,RGB,7387958ff139f404b6bfb8287310e93a6adb9dba34fdcc59818dbace800ce02c,733f3b391f1b4864,valid,TURM_DUP_0441,canonical,TURM_04802,True,
TURM_04803,DATASET/Turmeric Plant Disease Dataset Advancing AI for Agricultural Sustainability.zip#Turmeric Plant Disease Dataset Advancing AI for Agricultural Sustainability/Turmeric Plant Disease.zip#Turmeric Plant Disease/Leaf Blotch/Leaf Blotch00042.JPG,Turmeric Plant Disease Dataset Advancing AI (Original),Leaf Blotch,Leaf Blotch,disease,leaf,.jpg,1000,1000,RGB,9e7dd4d68052ee13632eb955fa92b87da97604a60964ca4de96901839a3a9f32,03830b3bb973ebe6,valid,TURM_DUP_0442,canonical,TURM_04803,True,
TURM_04804,DATASET/Turmeric Plant Disease Dataset Advancing AI for Agricultural Sustainability.zip#Turmeric Plant Disease Dataset Advancing AI for Agricultural Sustainability/Turmeric Plant Disease.zip#Turmeric Plant Disease/Leaf Blotch/Leaf Blotch00043.JPG,Turmeric Plant Disease Dataset Advancing AI (Original),Leaf Blotch,Leaf Blotch,disease,leaf,.jpg,1000,1000,RGB,e3baafc950c63fef8c8d011425b81b9ec580e3ac8f654139956ed43db0d9ba79,e2c7170c3cfcfd39,valid,TURM_DUP_0443,canonical,TURM_04804,True,
TURM_04805,DATASET/Turmeric Plant Disease Dataset Advancing AI for Agricultural Sustainability.zip#Turmeric Plant Disease Dataset Advancing AI for Agricultural Sustainability/Turmeric Plant Disease.zip#Turmeric Plant Disease/Leaf Blotch/Leaf Blotch00044.JPG,Turmeric Plant Disease Dataset Advancing AI (Original),Leaf Blotch,Leaf Blotch,disease,leaf,.jpg,1000,1000,RGB,8f2a265fa7995a2d91214baa708b07c82e25505cebf99249d4e1a747e8ffe16d,1d8f8b03211190c8,valid,TURM_DUP_0444,canonical,TURM_04805,True,
TURM_04806,DATASET/Turmeric Plant Disease Dataset Advancing AI for Agricultural Sustainability.zip#Turmeric Plant Disease Dataset Advancing AI for Agricultural Sustainability/Turmeric Plant Disease.zip#Turmeric Plant Disease/Leaf Blotch/Leaf Blotch00045.JPG,Turmeric Plant Disease Dataset Advancing AI (Original),Leaf Blotch,Leaf Blotch,disease,leaf,.jpg,1000,1000,RGB,68d0f0d4ed4354dd2a5b940f25a3328d55a113d365482061e1705dd0315d1d9f,cc474701110848e4,valid,TURM_DUP_0445,canonical,TURM_04806,True,
TURM_04807,DATASET/Turmeric Plant Disease Dataset Advancing AI for Agricultural Sustainability.zip#Turmeric Plant Disease Dataset Advancing AI for Agricultural Sustainability/Turmeric Plant Disease.zip#Turmeric Plant Disease/Leaf Blotch/Leaf Blotch00046.JPG,Turmeric Plant Disease Dataset Advancing AI (Original),Leaf Blotch,Leaf Blotch,disease,leaf,.jpg,1000,1000,RGB,9ac6cb90234918f569be8e23ff430c4fbc9af1c5163a63bbc4f3e2ec663dd4fd,ddb91d1f0f0f07a7,valid,TURM_DUP_0446,canonical,TURM_04807,True,
TURM_04808,DATASET/Turmeric Plant Disease Dataset Advancing AI for Agricultural Sustainability.zip#Turmeric Plant Disease Dataset Advancing AI for Agricultural Sustainability/Turmeric Plant Disease.zip#Turmeric Plant Disease/Leaf Blotch/Leaf Blotch00047.JPG,Turmeric Plant Disease Dataset Advancing AI (Original),Leaf Blotch,Leaf Blotch,disease,leaf,.jpg,1000,1000,RGB,484a013ac457c7ef03dbf6a41552a8bf014d3e60c1b06721c42b92a5aec06628,8983470f0f0f3333,valid,TURM_DUP_0447,canonical,TURM_04808,True,
TURM_04809,DATASET/Turmeric Plant Disease Dataset Advancing AI for Agricultural Sustainability.zip#Turmeric Plant Disease Dataset Advancing AI for Agricultural Sustainability/Turmeric Plant Disease.zip#Turmeric Plant Disease/Leaf Blotch/Leaf Blotch00048.JPG,Turmeric Plant Disease Dataset Advancing AI (Original),Leaf Blotch,Leaf Blotch,disease,leaf,.jpg,1000,1000,RGB,d57578e7ac6547d9509c290068839efd36e2a30eea5e5fd934151f7d326d39f7,4343470b9327074f,valid,TURM_DUP_0448,canonical,TURM_04809,True,
TURM_04810,DATASET/Turmeric Plant Disease Dataset Advancing AI for Agricultural Sustainability.zip#Turmeric Plant Disease Dataset Advancing AI for Agricultural Sustainability/Turmeric Plant Disease.zip#Turmeric Plant Disease/Leaf Blotch/Leaf Blotch00049.JPG,Turmeric Plant Disease Dataset Advancing AI (Original),Leaf Blotch,Leaf Blotch,disease,leaf,.jpg,1000,1000,RGB,408e4c8dfccd34bc1919db73cf073bb0fbc7b80487bd7b74c649cfa6cdc5033c,07266e26c7631181,valid,TURM_DUP_0449,canonical,TURM_04810,True,
TURM_04811,DATASET/Turmeric Plant Disease Dataset Advancing AI for Agricultural Sustainability.zip#Turmeric Plant Disease Dataset Advancing AI for Agricultural Sustainability/Turmeric Plant Disease.zip#Turmeric Plant Disease/Leaf Blotch/Leaf Blotch00050.JPG,Turmeric Plant Disease Dataset Advancing AI (Original),Leaf Blotch,Leaf Blotch,disease,leaf,.jpg,1000,1000,RGB,39b30a9382024a62baca55458391a3a7cd22c9226b773de42785a09652125c84,070e0e0e9b8b8d8d,valid,TURM_DUP_0450,canonical,TURM_04811,True,
TURM_04812,DATASET/Turmeric Plant Disease Dataset Advancing AI for Agricultural Sustainability.zip#Turmeric Plant Disease Dataset Advancing AI for Agricultural Sustainability/Turmeric Plant Disease.zip#Turmeric Plant Disease/Leaf Blotch/Leaf Blotch00051.JPG,Turmeric Plant Disease Dataset Advancing AI (Original),Leaf Blotch,Leaf Blotch,disease,leaf,.jpg,1000,1000,RGB,882226acf811a2e4ba413ccf01d806aaa0f1c610fce8891cf7841aa51e9e6c8c,5f6f373717170f4f,valid,TURM_DUP_0451,canonical,TURM_04812,True,
TURM_04813,DATASET/Turmeric Plant Disease Dataset Advancing AI for Agricultural Sustainability.zip#Turmeric Plant Disease Dataset Advancing AI for Agricultural Sustainability/Turmeric Plant Disease.zip#Turmeric Plant Disease/Leaf Blotch/Leaf Blotch00052.JPG,Turmeric Plant Disease Dataset Advancing AI (Original),Leaf Blotch,Leaf Blotch,disease,leaf,.jpg,1000,1000,RGB,fb4624fac282734aba4fcb5aebf337290b8e6cf2f987325757a245553207bff5,19130387c78fcf9f,valid,TURM_DUP_0452,canonical,TURM_04813,True,
TURM_04814,DATASET/Turmeric Plant Disease Dataset Advancing AI for Agricultural Sustainability.zip#Turmeric Plant Disease Dataset Advancing AI for Agricultural Sustainability/Turmeric Plant Disease.zip#Turmeric Plant Disease/Leaf Blotch/Leaf Blotch00053.JPG,Turmeric Plant Disease Dataset Advancing AI (Original),Leaf Blotch,Leaf Blotch,disease,leaf,.jpg,1000,1000,RGB,a2efb806fd3d1278c734f67a1f6c0221ad6ccaf89b3b9fad1516352badb9e996,210838720183878f,valid,TURM_DUP_0453,canonical,TURM_04814,True,
TURM_04815,DATASET/Turmeric Plant Disease Dataset Advancing AI for Agricultural Sustainability.zip#Turmeric Plant Disease Dataset Advancing AI for Agricultural Sustainability/Turmeric Plant Disease.zip#Turmeric Plant Disease/Leaf Blotch/Leaf Blotch00054.JPG,Turmeric Plant Disease Dataset Advancing AI (Original),Leaf Blotch,Leaf Blotch,disease,leaf,.jpg,1000,1000,RGB,0f02ad4605d1945e3757092370e41144b2e1cf8a457454a3c58fb4ac4b1510b1,1d310360c891032f,valid,TURM_DUP_0454,canonical,TURM_04815,True,
TURM_04816,DATASET/Turmeric Plant Disease Dataset Advancing AI for Agricultural Sustainability.zip#Turmeric Plant Disease Dataset Advancing AI for Agricultural Sustainability/Turmeric Plant Disease.zip#Turmeric Plant Disease/Leaf Blotch/Leaf Blotch00055.JPG,Turmeric Plant Disease Dataset Advancing AI (Original),Leaf Blotch,Leaf Blotch,disease,leaf,.jpg,1000,1000,RGB,c6bebb88a796a012056d9b45746afc5e75a2562d5b5c7fd9addf3b3ae8a37341,0f1e1e3c7b73f3e7,valid,TURM_DUP_0455,canonical,TURM_04816,True,
TURM_04817,DATASET/Turmeric Plant Disease Dataset Advancing AI for Agricultural Sustainability.zip#Turmeric Plant Disease Dataset Advancing AI for Agricultural Sustainability/Turmeric Plant Disease.zip#Turmeric Plant Disease/Leaf Blotch/Leaf Blotch00056.JPG,Turmeric Plant Disease Dataset Advancing AI (Original),Leaf Blotch,Leaf Blotch,disease,leaf,.jpg,1000,1000,RGB,6121bd2e5ca69842931d518b4b18cb4ea958f38e099af1bca99c44498d7a8fd1,e1070e3d79fbe3cf,valid,TURM_DUP_0456,canonical,TURM_04817,True,
TURM_04818,DATASET/Turmeric Plant Disease Dataset Advancing AI for Agricultural Sustainability.zip#Turmeric Plant Disease Dataset Advancing AI for Agricultural Sustainability/Turmeric Plant Disease.zip#Turmeric Plant Disease/Leaf Blotch/Leaf Blotch00057.JPG,Turmeric Plant Disease Dataset Advancing AI (Original),Leaf Blotch,Leaf Blotch,disease,leaf,.jpg,1000,1000,RGB,ce4a60bc603f9981811853f01fd945f3eec9692d9e6adf766f7d4fe9e843e6e0,070f1f179f9f3d7d,valid,TURM_DUP_0457,canonical,TURM_04818,True,
TURM_04819,DATASET/Turmeric Plant Disease Dataset Advancing AI for Agricultural Sustainability.zip#Turmeric Plant Disease Dataset Advancing AI for Agricultural Sustainability/Turmeric Plant Disease.zip#Turmeric Plant Disease/Leaf Blotch/Leaf Blotch00058.JPG,Turmeric Plant Disease Dataset Advancing AI (Original),Leaf Blotch,Leaf Blotch,disease,leaf,.jpg,1000,1000,RGB,4e19f66734b56a588880731a0a9026bd71e174bfc4db5b13fb856a13efb8fb10,0f0f2f27474f4b1b,valid,TURM_DUP_0458,canonical,TURM_04819,True,
TURM_04820,DATASET/Turmeric Plant Disease Dataset Advancing AI for Agricultural Sustainability.zip#Turmeric Plant Disease Dataset Advancing AI for Agricultural Sustainability/Turmeric Plant Disease.zip#Turmeric Plant Disease/Leaf Blotch/Leaf Blotch00059.JPG,Turmeric Plant Disease Dataset Advancing AI (Original),Leaf Blotch,Leaf Blotch,disease,leaf,.jpg,1000,1000,RGB,a658c56bc9e05b21a7bf43d7e63289510477bf37bbf5cca98980501fb0242f5c,0f03060c4d4f0f1f,valid,TURM_DUP_0459,canonical,TURM_04820,True,
TURM_04821,DATASET/Turmeric Plant Disease Dataset Advancing AI for Agricultural Sustainability.zip#Turmeric Plant Disease Dataset Advancing AI for Agricultural Sustainability/Turmeric Plant Disease.zip#Turmeric Plant Disease/Leaf Blotch/Leaf Blotch00060.JPG,Turmeric Plant Disease Dataset Advancing AI (Original),Leaf Blotch,Leaf Blotch,disease,leaf,.jpg,1000,1000,RGB,133414c60ae84d5a364091a0ab0b6047fac012cc4d7f1fca973f2535b463ba8d,0000014943070707,valid,TURM_DUP_0460,canonical,TURM_04821,True,
TURM_04822,DATASET/Turmeric Plant Disease Dataset Advancing AI for Agricultural Sustainability.zip#Turmeric Plant Disease Dataset Advancing AI for Agricultural Sustainability/Turmeric Plant Disease.zip#Turmeric Plant Disease/Leaf Blotch/Leaf Blotch00061.JPG,Turmeric Plant Disease Dataset Advancing AI (Original),Leaf Blotch,Leaf Blotch,disease,leaf,.jpg,1000,1000,RGB,d4aa7e2898d5936a128380acf6b80f378e4699cbd7601bc276327762d5d4c804,1c12131b73e7fefc,valid,TURM_DUP_0461,canonical,TURM_04822,True,
TURM_04823,DATASET/Turmeric Plant Disease Dataset Advancing AI for Agricultural Sustainability.zip#Turmeric Plant Disease Dataset Advancing AI for Agricultural Sustainability/Turmeric Plant Disease.zip#Turmeric Plant Disease/Leaf Blotch/Leaf Blotch00062.JPG,Turmeric Plant Disease Dataset Advancing AI (Original),Leaf Blotch,Leaf Blotch,disease,leaf,.jpg,1000,1000,RGB,118d4364bdae2fd6a984dd2c6aedde438cf6d31f14bd8bbbbfe2581670d702ac,44c405050d8d8d8d,valid,TURM_DUP_0462,canonical,TURM_04823,True,
TURM_04824,DATASET/Turmeric Plant Disease Dataset Advancing AI for Agricultural Sustainability.zip#Turmeric Plant Disease Dataset Advancing AI for Agricultural Sustainability/Turmeric Plant Disease.zip#Turmeric Plant Disease/Leaf Blotch/Leaf Blotch00063.JPG,Turmeric Plant Disease Dataset Advancing AI (Original),Leaf Blotch,Leaf Blotch,disease,leaf,.jpg,1000,1000,RGB,1fdc09a6af4603fc0dc2d3f175af7bc38024a7477531ad51a4c92bbf7c37a14a,cb9b9bb7a7a787cf,valid,TURM_DUP_0463,canonical,TURM_04824,True,
TURM_04825,DATASET/Turmeric Plant Disease Dataset Advancing AI for Agricultural Sustainability.zip#Turmeric Plant Disease Dataset Advancing AI for Agricultural Sustainability/Turmeric Plant Disease.zip#Turmeric Plant Disease/Leaf Blotch/Leaf Blotch00064.JPG,Turmeric Plant Disease Dataset Advancing AI (Original),Leaf Blotch,Leaf Blotch,disease,leaf,.jpg,1000,1000,RGB,7303deed50367356274fd2ceb9611f1e2c3c0513ce2f0cc2308c149ffa360143,2c2c2727670f0f0f,valid,TURM_DUP_0464,canonical,TURM_04825,True,
TURM_04826,DATASET/Turmeric Plant Disease Dataset Advancing AI for Agricultural Sustainability.zip#Turmeric Plant Disease Dataset Advancing AI for Agricultural Sustainability/Turmeric Plant Disease.zip#Turmeric Plant Disease/Leaf Blotch/Leaf Blotch00065.JPG,Turmeric Plant Disease Dataset Advancing AI (Original),Leaf Blotch,Leaf Blotch,disease,leaf,.jpg,1000,1000,RGB,fa091cfcde03175998ef02b5a6c662a99c24b3d441b21aae8ebaea0857195c98,bf0f070f03038190,valid,TURM_DUP_0465,canonical,TURM_04826,True,
TURM_04827,DATASET/Turmeric Plant Disease Dataset Advancing AI for Agricultural Sustainability.zip#Turmeric Plant Disease Dataset Advancing AI for Agricultural Sustainability/Turmeric Plant Disease.zip#Turmeric Plant Disease/Leaf Blotch/Leaf Blotch00066.JPG,Turmeric Plant Disease Dataset Advancing AI (Original),Leaf Blotch,Leaf Blotch,disease,leaf,.jpg,1000,1000,RGB,4358b3e411446759e5d35e3d93d6aae4e9b7c1ded77c66242292277b23418564,9103070f3be7cf9f,valid,TURM_DUP_0466,canonical,TURM_04827,True,
TURM_04828,DATASET/Turmeric Plant Disease Dataset Advancing AI for Agricultural Sustainability.zip#Turmeric Plant Disease Dataset Advancing AI for Agricultural Sustainability/Turmeric Plant Disease.zip#Turmeric Plant Disease/Leaf Blotch/Leaf Blotch00067.JPG,Turmeric Plant Disease Dataset Advancing AI (Original),Leaf Blotch,Leaf Blotch,disease,leaf,.jpg,1000,1000,RGB,c2dfa1f9fec4db254da35e6107f18d855e4cf6093ab9c12500ab4fc053f8a388,0c191913274f9f9d,valid,TURM_DUP_0467,canonical,TURM_04828,True,
TURM_04829,DATASET/Turmeric Plant Disease Dataset Advancing AI for Agricultural Sustainability.zip#Turmeric Plant Disease Dataset Advancing AI for Agricultural Sustainability/Turmeric Plant Disease.zip#Turmeric Plant Disease/Leaf Blotch/Leaf Blotch00068.JPG,Turmeric Plant Disease Dataset Advancing AI (Original),Leaf Blotch,Leaf Blotch,disease,leaf,.jpg,1000,1000,RGB,bfe1b7bb4cda4e4d5234182c220b2c5d0f9be1a8a34e2d8fd58ea3fbe145afe9,63733b3f0f838391,valid,TURM_DUP_0468,canonical,TURM_04829,True,
TURM_04830,DATASET/Turmeric Plant Disease Dataset Advancing AI for Agricultural Sustainability.zip#Turmeric Plant Disease Dataset Advancing AI for Agricultural Sustainability/Turmeric Plant Disease.zip#Turmeric Plant Disease/Leaf Blotch/Leaf Blotch00069.JPG,Turmeric Plant Disease Dataset Advancing AI (Original),Leaf Blotch,Leaf Blotch,disease,leaf,.jpg,1000,1000,RGB,b2fabf313777ee5321b4828ec573257ca13da00c438da07bf79bfb374f6ab9d9,c7c787064e8c8c9c,valid,TURM_DUP_0469,canonical,TURM_04830,True,
TURM_04831,DATASET/Turmeric Plant Disease Dataset Advancing AI for Agricultural Sustainability.zip#Turmeric Plant Disease Dataset Advancing AI for Agricultural Sustainability/Turmeric Plant Disease.zip#Turmeric Plant Disease/Leaf Blotch/Leaf Blotch00070.JPG,Turmeric Plant Disease Dataset Advancing AI (Original),Leaf Blotch,Leaf Blotch,disease,leaf,.jpg,1000,1000,RGB,5ce29de16a6ccaac01d18c2dd34a8bdd7eba813662e2e4e1917fbebd9b6ac29f,070707060e2e0e5e,valid,TURM_DUP_0470,canonical,TURM_04831,True,
TURM_04832,DATASET/Turmeric Plant Disease Dataset Advancing AI for Agricultural Sustainability.zip#Turmeric Plant Disease Dataset Advancing AI for Agricultural Sustainability/Turmeric Plant Disease.zip#Turmeric Plant Disease/Leaf Blotch/Leaf Blotch00071.JPG,Turmeric Plant Disease Dataset Advancing AI (Original),Leaf Blotch,Leaf Blotch,disease,leaf,.jpg,1000,1000,RGB,fba5519848be107c8d491823ca4e14a3e46e249acd0e2069902bdd6bb01f7375,41010b1317270f1d,valid,TURM_DUP_0471,canonical,TURM_04832,True,
TURM_04833,DATASET/Turmeric Plant Disease Dataset Advancing AI for Agricultural Sustainability.zip#Turmeric Plant Disease Dataset Advancing AI for Agricultural Sustainability/Turmeric Plant Disease.zip#Turmeric Plant Disease/Leaf Blotch/Leaf Blotch00072.JPG,Turmeric Plant Disease Dataset Advancing AI (Original),Leaf Blotch,Leaf Blotch,disease,leaf,.jpg,1000,1000,RGB,4d708ddd1deb61eb7c1e0bc6a65680f6e107371dfb40492a7dae0608214eacc2,7a3a1f5f2f2f0707,valid,TURM_DUP_0472,canonical,TURM_04833,True,
TURM_04834,DATASET/Turmeric Plant Disease Dataset Advancing AI for Agricultural Sustainability.zip#Turmeric Plant Disease Dataset Advancing AI for Agricultural Sustainability/Turmeric Plant Disease.zip#Turmeric Plant Disease/Leaf Blotch/Leaf Blotch00073.JPG,Turmeric Plant Disease Dataset Advancing AI (Original),Leaf Blotch,Leaf Blotch,disease,leaf,.jpg,1000,1000,RGB,476cc04119db6a916a27e3375ba30654d95ccf9abd1631fd1bccd7ac48c14d1b,677a3b3f0f070f4f,valid,TURM_DUP_0473,canonical,TURM_04834,True,
TURM_04835,DATASET/Turmeric Plant Disease Dataset Advancing AI for Agricultural Sustainability.zip#Turmeric Plant Disease Dataset Advancing AI for Agricultural Sustainability/Turmeric Plant Disease.zip#Turmeric Plant Disease/Leaf Blotch/Leaf Blotch00074.JPG,Turmeric Plant Disease Dataset Advancing AI (Original),Leaf Blotch,Leaf Blotch,disease,leaf,.jpg,1000,1000,RGB,0ad88a93b5528f96f8ceed9b57b3aa144550c7aef4f151ee9f57a43d09641323,9387060f075f5b5b,valid,TURM_DUP_0474,canonical,TURM_04835,True,
TURM_04836,DATASET/Turmeric Plant Disease Dataset Advancing AI for Agricultural Sustainability.zip#Turmeric Plant Disease Dataset Advancing AI for Agricultural Sustainability/Turmeric Plant Disease.zip#Turmeric Plant Disease/Leaf Blotch/Leaf Blotch00075.JPG,Turmeric Plant Disease Dataset Advancing AI (Original),Leaf Blotch,Leaf Blotch,disease,leaf,.jpg,1000,1000,RGB,a3474f43ac7e303941ef6dde8fdd59608acde77499eeb66a4818b2eba82fdd45,8e9841429327674f,valid,TURM_DUP_0475,canonical,TURM_04836,True,
TURM_04837,DATASET/Turmeric Plant Disease Dataset Advancing AI for Agricultural Sustainability.zip#Turmeric Plant Disease Dataset Advancing AI for Agricultural Sustainability/Turmeric Plant Disease.zip#Turmeric Plant Disease/Leaf Blotch/Leaf Blotch00076.JPG,Turmeric Plant Disease Dataset Advancing AI (Original),Leaf Blotch,Leaf Blotch,disease,leaf,.jpg,1000,1000,RGB,c58d78d89a2188df0f1d19d74ca7d1cd37a095414f8b9c01807dd1cbdc4caeae,c048113323674f1b,valid,TURM_DUP_0476,canonical,TURM_04837,True,
TURM_04838,DATASET/Turmeric Plant Disease Dataset Advancing AI for Agricultural Sustainability.zip#Turmeric Plant Disease Dataset Advancing AI for Agricultural Sustainability/Turmeric Plant Disease.zip#Turmeric Plant Disease/Leaf Blotch/Leaf Blotch00077.JPG,Turmeric Plant Disease Dataset Advancing AI (Original),Leaf Blotch,Leaf Blotch,disease,leaf,.jpg,1000,1000,RGB,beaaea23514a4480a4f80b8ef730748295df904ad75372b6772c6b83a56d6c39,e3f67f37198c0524,valid,TURM_DUP_0477,canonical,TURM_04838,True,
TURM_04839,DATASET/Turmeric Plant Disease Dataset Advancing AI for Agricultural Sustainability.zip#Turmeric Plant Disease Dataset Advancing AI for Agricultural Sustainability/Turmeric Plant Disease.zip#Turmeric Plant Disease/Leaf Blotch/Leaf Blotch00078.JPG,Turmeric Plant Disease Dataset Advancing AI (Original),Leaf Blotch,Leaf Blotch,disease,leaf,.jpg,1000,1000,RGB,87b5049bb189f6d110dcab52a1a1c1f916e175334cf651e997d6a512e3075da3,cde57d7e9f0d4723,valid,TURM_DUP_0478,canonical,TURM_04839,True,
TURM_04840,DATASET/Turmeric Plant Disease Dataset Advancing AI for Agricultural Sustainability.zip#Turmeric Plant Disease Dataset Advancing AI for Agricultural Sustainability/Turmeric Plant Disease.zip#Turmeric Plant Disease/Leaf Blotch/Leaf Blotch00079.JPG,Turmeric Plant Disease Dataset Advancing AI (Original),Leaf Blotch,Leaf Blotch,disease,leaf,.jpg,1000,1000,RGB,70c47844a9072f904749ff384dd909e32899a6f130419f792b4c9d29c706a2bf,5f1f1c1e1f1b1b1b,valid,TURM_DUP_0479,canonical,TURM_04840,True,
TURM_04841,DATASET/Turmeric Plant Disease Dataset Advancing AI for Agricultural Sustainability.zip#Turmeric Plant Disease Dataset Advancing AI for Agricultural Sustainability/Turmeric Plant Disease.zip#Turmeric Plant Disease/Leaf Blotch/Leaf Blotch00080.JPG,Turmeric Plant Disease Dataset Advancing AI (Original),Leaf Blotch,Leaf Blotch,disease,leaf,.jpg,1000,1000,RGB,ea04f87e0e0ab634f03ca3070bba9fe5aec4d07c7681143140eb739f645a905a,27b45d1f0f078303,valid,TURM_DUP_0480,canonical,TURM_04841,True,
TURM_04842,DATASET/Turmeric Plant Disease Dataset Advancing AI for Agricultural Sustainability.zip#Turmeric Plant Disease Dataset Advancing AI for Agricultural Sustainability/Turmeric Plant Disease.zip#Turmeric Plant Disease/Leaf Blotch/Leaf Blotch00081.JPG,Turmeric Plant Disease Dataset Advancing AI (Original),Leaf Blotch,Leaf Blotch,disease,leaf,.jpg,1000,1000,RGB,1e8c6f806722158daa3eb502f5e1308d2cab0d80d6e8df822bf2ed91bb261846,d35c0f0f07c181f0,valid,TURM_DUP_0481,canonical,TURM_04842,True,
TURM_04843,DATASET/Turmeric Plant Disease Dataset Advancing AI for Agricultural Sustainability.zip#Turmeric Plant Disease Dataset Advancing AI for Agricultural Sustainability/Turmeric Plant Disease.zip#Turmeric Plant Disease/Leaf Blotch/Leaf Blotch00082.JPG,Turmeric Plant Disease Dataset Advancing AI (Original),Leaf Blotch,Leaf Blotch,disease,leaf,.jpg,1000,1000,RGB,b1db8dc4d58f5c6851a6ce518b4876808234ebd414fa229648055927aa4f1a3a,3d59383c3c3c3e3f,valid,TURM_DUP_0482,canonical,TURM_04843,True,
TURM_04844,DATASET/Turmeric Plant Disease Dataset Advancing AI for Agricultural Sustainability.zip#Turmeric Plant Disease Dataset Advancing AI for Agricultural Sustainability/Turmeric Plant Disease.zip#Turmeric Plant Disease/Leaf Blotch/Leaf Blotch00083.JPG,Turmeric Plant Disease Dataset Advancing AI (Original),Leaf Blotch,Leaf Blotch,disease,leaf,.jpg,1000,1000,RGB,948d6e2d7d31ebcfa4bfb8ced4fa769fb06b0612161664c615fa4be8bfed303b,61233323636246c6,valid,TURM_DUP_0483,canonical,TURM_04844,True,
TURM_04845,DATASET/Turmeric Plant Disease Dataset Advancing AI for Agricultural Sustainability.zip#Turmeric Plant Disease Dataset Advancing AI for Agricultural Sustainability/Turmeric Plant Disease.zip#Turmeric Plant Disease/Leaf Blotch/Leaf Blotch00084.JPG,Turmeric Plant Disease Dataset Advancing AI (Original),Leaf Blotch,Leaf Blotch,disease,leaf,.jpg,1000,1000,RGB,abae3626d5df64c4d0c7e7004f1a287a144731ce2a0f74651a702b22485095b4,07070d8d8d0d0d0d,valid,TURM_DUP_0484,canonical,TURM_04845,True,
TURM_04846,DATASET/Turmeric Plant Disease Dataset Advancing AI for Agricultural Sustainability.zip#Turmeric Plant Disease Dataset Advancing AI for Agricultural Sustainability/Turmeric Plant Disease.zip#Turmeric Plant Disease/Leaf Blotch/Leaf Blotch00085.JPG,Turmeric Plant Disease Dataset Advancing AI (Original),Leaf Blotch,Leaf Blotch,disease,leaf,.jpg,1000,1000,RGB,3e7df1bbd842d6aab4d53cbcb94edd47688006f3398d76418d9d92803b7b939e,07878707170f1f1e,valid,TURM_DUP_0485,canonical,TURM_04846,True,
TURM_04847,DATASET/Turmeric Plant Disease Dataset Advancing AI for Agricultural Sustainability.zip#Turmeric Plant Disease Dataset Advancing AI for Agricultural Sustainability/Turmeric Plant Disease.zip#Turmeric Plant Disease/Leaf Blotch/Leaf Blotch00086.JPG,Turmeric Plant Disease Dataset Advancing AI (Original),Leaf Blotch,Leaf Blotch,disease,leaf,.jpg,1000,1000,RGB,19b3fd19f596f90b09ab78fbe7ec9f14970c8b5e979bab150016c6e87b9d6de7,23030303074f8f1e,valid,TURM_DUP_0486,canonical,TURM_04847,True,
TURM_04848,DATASET/Turmeric Plant Disease Dataset Advancing AI for Agricultural Sustainability.zip#Turmeric Plant Disease Dataset Advancing AI for Agricultural Sustainability/Turmeric Plant Disease.zip#Turmeric Plant Disease/Leaf Blotch/Leaf Blotch00087.JPG,Turmeric Plant Disease Dataset Advancing AI (Original),Leaf Blotch,Leaf Blotch,disease,leaf,.jpg,1000,1000,RGB,de4ec78f0cd90ef01103f3782403bdecbc276ab8a5a5529d1026eba7f023f468,6eaea305c4460682,valid,TURM_DUP_0487,canonical,TURM_04848,True,
TURM_04849,DATASET/Turmeric Plant Disease Dataset Advancing AI for Agricultural Sustainability.zip#Turmeric Plant Disease Dataset Advancing AI for Agricultural Sustainability/Turmeric Plant Disease.zip#Turmeric Plant Disease/Leaf Blotch/Leaf Blotch00088.JPG,Turmeric Plant Disease Dataset Advancing AI (Original),Leaf Blotch,Leaf Blotch,disease,leaf,.jpg,1000,1000,RGB,233af79d95724392907e321670495c9323eac1674c7d71dbd652e44d81eeae18,b3333b6c6e603e18,valid,TURM_DUP_0488,canonical,TURM_04849,True,
TURM_04850,DATASET/Turmeric Plant Disease Dataset Advancing AI for Agricultural Sustainability.zip#Turmeric Plant Disease Dataset Advancing AI for Agricultural Sustainability/Turmeric Plant Disease.zip#Turmeric Plant Disease/Leaf Blotch/Leaf Blotch00089.JPG,Turmeric Plant Disease Dataset Advancing AI (Original),Leaf Blotch,Leaf Blotch,disease,leaf,.jpg,1000,1000,RGB,87e83a204f4470758a083c3b1efd64a783fd20559d3039d19c9dfd25ee9b6881,9e9ecfc74584849c,valid,TURM_DUP_0489,canonical,TURM_04850,True,
TURM_04851,DATASET/Turmeric Plant Disease Dataset Advancing AI for Agricultural Sustainability.zip#Turmeric Plant Disease Dataset Advancing AI for Agricultural Sustainability/Turmeric Plant Disease.zip#Turmeric Plant Disease/Leaf Blotch/Leaf Blotch00090.JPG,Turmeric Plant Disease Dataset Advancing AI (Original),Leaf Blotch,Leaf Blotch,disease,leaf,.jpg,1000,1000,RGB,8bda12e03798c99c0f9340c8e12b9560670ff8d83cac8f889bc274ba58f41318,29393c3c151182e1,valid,TURM_DUP_0490,canonical,TURM_04851,True,
TURM_04852,DATASET/Turmeric Plant Disease Dataset Advancing AI for Agricultural Sustainability.zip#Turmeric Plant Disease Dataset Advancing AI for Agricultural Sustainability/Turmeric Plant Disease.zip#Turmeric Plant Disease/Leaf Blotch/Leaf Blotch00091.JPG,Turmeric Plant Disease Dataset Advancing AI (Original),Leaf Blotch,Leaf Blotch,disease,leaf,.jpg,1000,1000,RGB,f101cfe1e20f172a5985cb2544aa664209f46ae00c49b0c9fc29863aa9c54812,32303d8df7f75f0e,valid,TURM_DUP_0491,canonical,TURM_04852,True,
TURM_04853,DATASET/Turmeric Plant Disease Dataset Advancing AI for Agricultural Sustainability.zip#Turmeric Plant Disease Dataset Advancing AI for Agricultural Sustainability/Turmeric Plant Disease.zip#Turmeric Plant Disease/Leaf Blotch/Leaf Blotch00092.JPG,Turmeric Plant Disease Dataset Advancing AI (Original),Leaf Blotch,Leaf Blotch,disease,leaf,.jpg,1000,1000,RGB,d55847a7088382db6fff3dcc371e59629db8f8040d08c085c4db102a50704790,fcc51327cb87070f,valid,TURM_DUP_0492,canonical,TURM_04853,True,
TURM_04854,DATASET/Turmeric Plant Disease Dataset Advancing AI for Agricultural Sustainability.zip#Turmeric Plant Disease Dataset Advancing AI for Agricultural Sustainability/Turmeric Plant Disease.zip#Turmeric Plant Disease/Leaf Blotch/Leaf Blotch00093.JPG,Turmeric Plant Disease Dataset Advancing AI (Original),Leaf Blotch,Leaf Blotch,disease,leaf,.jpg,1000,1000,RGB,5421db7bb2cb076123f3efc8a2af25a6e86dd7763758ffe4735d345387cb605a,20614102113060e1,valid,TURM_DUP_0493,canonical,TURM_04854,True,
TURM_04855,DATASET/Turmeric Plant Disease Dataset Advancing AI for Agricultural Sustainability.zip#Turmeric Plant Disease Dataset Advancing AI for Agricultural Sustainability/Turmeric Plant Disease.zip#Turmeric Plant Disease/Leaf Blotch/Leaf Blotch00094.JPG,Turmeric Plant Disease Dataset Advancing AI (Original),Leaf Blotch,Leaf Blotch,disease,leaf,.jpg,1000,1000,RGB,0685c07897b2b8252fe65cb0a71865cfbef2653e62741a493c449394cad7a0e1,0e0707878787878f,valid,TURM_DUP_0494,canonical,TURM_04855,True,
TURM_04856,DATASET/Turmeric Plant Disease Dataset Advancing AI for Agricultural Sustainability.zip#Turmeric Plant Disease Dataset Advancing AI for Agricultural Sustainability/Turmeric Plant Disease.zip#Turmeric Plant Disease/Leaf Blotch/Leaf Blotch00095.JPG,Turmeric Plant Disease Dataset Advancing AI (Original),Leaf Blotch,Leaf Blotch,disease,leaf,.jpg,1000,1000,RGB,49a4576ed9b3b3c938f5cbc76fc2567963bfe0cbfbf374cc0d0cd63dee084524,c98008080c195d0c,valid,TURM_DUP_0495,canonical,TURM_04856,True,
TURM_04857,DATASET/Turmeric Plant Disease Dataset Advancing AI for Agricultural Sustainability.zip#Turmeric Plant Disease Dataset Advancing AI for Agricultural Sustainability/Turmeric Plant Disease.zip#Turmeric Plant Disease/Leaf Blotch/Leaf Blotch00096.JPG,Turmeric Plant Disease Dataset Advancing AI (Original),Leaf Blotch,Leaf Blotch,disease,leaf,.jpg,1000,1000,RGB,8db7df612cad64d4f22985a8361a4d1ff7a80500f983327e37d6ee7ac8d24c77,3f3d2d4e4f070707,valid,TURM_DUP_0496,canonical,TURM_04857,True,
TURM_04858,DATASET/Turmeric Plant Disease Dataset Advancing AI for Agricultural Sustainability.zip#Turmeric Plant Disease Dataset Advancing AI for Agricultural Sustainability/Turmeric Plant Disease.zip#Turmeric Plant Disease/Leaf Blotch/Leaf Blotch00097.JPG,Turmeric Plant Disease Dataset Advancing AI (Original),Leaf Blotch,Leaf Blotch,disease,leaf,.jpg,1000,1000,RGB,57927019ebbb1074ec27380a0c59152ab9d4567d002f045f2f02d9599ee02a6a,c3173d7d79f3e5cf,valid,TURM_DUP_0497,canonical,TURM_04858,True,
TURM_04859,DATASET/Turmeric Plant Disease Dataset Advancing AI for Agricultural Sustainability.zip#Turmeric Plant Disease Dataset Advancing AI for Agricultural Sustainability/Turmeric Plant Disease.zip#Turmeric Plant Disease/Leaf Blotch/Leaf Blotch00098.JPG,Turmeric Plant Disease Dataset Advancing AI (Original),Leaf Blotch,Leaf Blotch,disease,leaf,.jpg,1000,1000,RGB,34dba31d4cea848a72bf72503841cfc25b4a0e2cbfba7e33ff6d36e50df64767,230216171f1f3e3c,valid,TURM_DUP_0498,canonical,TURM_04859,True,
TURM_04860,DATASET/Turmeric Plant Disease Dataset Advancing AI for Agricultural Sustainability.zip#Turmeric Plant Disease Dataset Advancing AI for Agricultural Sustainability/Turmeric Plant Disease.zip#Turmeric Plant Disease/Leaf Blotch/Leaf Blotch00099.JPG,Turmeric Plant Disease Dataset Advancing AI (Original),Leaf Blotch,Leaf Blotch,disease,leaf,.jpg,1000,1000,RGB,fb781c4a7f808456b8bffcd9ef37c1fe677d671ed26b4d6df4bd4dec235b52d1,66c60e2f2f6ffdbb,valid,TURM_DUP_0499,canonical,TURM_04860,True,
TURM_04861,DATASET/Turmeric Plant Disease Dataset Advancing AI for Agricultural Sustainability.zip#Turmeric Plant Disease Dataset Advancing AI for Agricultural Sustainability/Turmeric Plant Disease.zip#Turmeric Plant Disease/Leaf Blotch/Leaf Blotch00100.JPG,Turmeric Plant Disease Dataset Advancing AI (Original),Leaf Blotch,Leaf Blotch,disease,leaf,.jpg,1000,1000,RGB,9a3ef5bb80ccb9a3234a33a85cfb691d65fc444bec4aecdd2c22f255c2790577,dce7ff6f67331b09,valid,TURM_DUP_0500,canonical,TURM_04861,True,
TURM_04862,DATASET/Turmeric Plant Disease Dataset Advancing AI for Agricultural Sustainability.zip#Turmeric Plant Disease Dataset Advancing AI for Agricultural Sustainability/Turmeric Plant Disease.zip#Turmeric Plant Disease/Leaf Blotch/Leaf Blotch00101.JPG,Turmeric Plant Disease Dataset Advancing AI (Original),Leaf Blotch,Leaf Blotch,disease,leaf,.jpg,1000,1000,RGB,eaf05ffd7c73246e2ddb6abb0f7a3f84a4e23e521a4c9e787da5ca93c57f8cd0,03070f070b270f2f,valid,TURM_DUP_0501,canonical,TURM_04862,True,
TURM_04863,DATASET/Turmeric Plant Disease Dataset Advancing AI for Agricultural Sustainability.zip#Turmeric Plant Disease Dataset Advancing AI for Agricultural Sustainability/Turmeric Plant Disease.zip#Turmeric Plant Disease/Leaf Blotch/Leaf Blotch00102.JPG,Turmeric Plant Disease Dataset Advancing AI (Original),Leaf Blotch,Leaf Blotch,disease,leaf,.jpg,1000,1000,RGB,55d82269b5dffbca909429841052bb9829a18ac4348a3339da46d4c2ed8be6ab,c0c08303071b058b,valid,TURM_DUP_0502,canonical,TURM_04863,True,
TURM_04864,DATASET/Turmeric Plant Disease Dataset Advancing AI for Agricultural Sustainability.zip#Turmeric Plant Disease Dataset Advancing AI for Agricultural Sustainability/Turmeric Plant Disease.zip#Turmeric Plant Disease/Leaf Blotch/Leaf Blotch00103.JPG,Turmeric Plant Disease Dataset Advancing AI (Original),Leaf Blotch,Leaf Blotch,disease,leaf,.jpg,1000,1000,RGB,911bccdbfdef1a2bc4e100fbe7c5c9d062fe46ddcad12051f7ee5dfa9d1535af,fcc199330f1f7fbf,valid,TURM_DUP_0503,canonical,TURM_04864,True,
TURM_04865,DATASET/Turmeric Plant Disease Dataset Advancing AI for Agricultural Sustainability.zip#Turmeric Plant Disease Dataset Advancing AI for Agricultural Sustainability/Turmeric Plant Disease.zip#Turmeric Plant Disease/Leaf Blotch/Leaf Blotch00104.JPG,Turmeric Plant Disease Dataset Advancing AI (Original),Leaf Blotch,Leaf Blotch,disease,leaf,.jpg,1000,1000,RGB,ec88b0255406196777a06e4bb3d731be645cebff70341c0b5d028141b7e6ac4c,cfcf9f1f1f1f1f1f,valid,TURM_DUP_0504,canonical,TURM_04865,True,
TURM_04866,DATASET/Turmeric Plant Disease Dataset Advancing AI for Agricultural Sustainability.zip#Turmeric Plant Disease Dataset Advancing AI for Agricultural Sustainability/Turmeric Plant Disease.zip#Turmeric Plant Disease/Leaf Blotch/Leaf Blotch00105.JPG,Turmeric Plant Disease Dataset Advancing AI (Original),Leaf Blotch,Leaf Blotch,disease,leaf,.jpg,1000,1000,RGB,6e09102ce1b0683d7a506212c4a0b5a3b174d1c95bf89b2c5320433079c9084e,97171b1b1b3b3f3f,valid,TURM_DUP_0505,canonical,TURM_04866,True,
TURM_04867,DATASET/Turmeric Plant Disease Dataset Advancing AI for Agricultural Sustainability.zip#Turmeric Plant Disease Dataset Advancing AI for Agricultural Sustainability/Turmeric Plant Disease.zip#Turmeric Plant Disease/Leaf Blotch/Leaf Blotch00106.JPG,Turmeric Plant Disease Dataset Advancing AI (Original),Leaf Blotch,Leaf Blotch,disease,leaf,.jpg,1000,1000,RGB,03bb7b66458cf0e4e398873c5b43e4ff45b99ca82aa8429637202e455c506c32,9f1f1e000f1f3ebc,valid,TURM_DUP_0506,canonical,TURM_04867,True,
TURM_04868,DATASET/Turmeric Plant Disease Dataset Advancing AI for Agricultural Sustainability.zip#Turmeric Plant Disease Dataset Advancing AI for Agricultural Sustainability/Turmeric Plant Disease.zip#Turmeric Plant Disease/Leaf Blotch/Leaf Blotch00107.JPG,Turmeric Plant Disease Dataset Advancing AI (Original),Leaf Blotch,Leaf Blotch,disease,leaf,.jpg,1000,1000,RGB,3ba44c877cf26bf06d7f5c0b0b637f42ef3b2af5e32a9c4178d64b859baf673e,bfff7fbfdf773f1f,valid,TURM_DUP_0507,canonical,TURM_04868,True,
TURM_04869,DATASET/Turmeric Plant Disease Dataset Advancing AI for Agricultural Sustainability.zip#Turmeric Plant Disease Dataset Advancing AI for Agricultural Sustainability/Turmeric Plant Disease.zip#Turmeric Plant Disease/Leaf Blotch/Leaf Blotch00108.JPG,Turmeric Plant Disease Dataset Advancing AI (Original),Leaf Blotch,Leaf Blotch,disease,leaf,.jpg,1000,1000,RGB,a01d79736fa9e337667c221f0dc05f540bfec492764b1ed162d4a230701b5ba3,73674f1f3f3bdf9f,valid,TURM_DUP_0508,canonical,TURM_04869,True,
TURM_04870,DATASET/Turmeric Plant Disease Dataset Advancing AI for Agricultural Sustainability.zip#Turmeric Plant Disease Dataset Advancing AI for Agricultural Sustainability/Turmeric Plant Disease.zip#Turmeric Plant Disease/Leaf Blotch/Leaf Blotch00109.JPG,Turmeric Plant Disease Dataset Advancing AI (Original),Leaf Blotch,Leaf Blotch,disease,leaf,.jpg,1000,1000,RGB,3b3f1d3aa2462a9c1edfa1632b43628c97ad06cf5f0c4e48185cd152b7cf3015,7c3f3c670f266e3e,valid,TURM_DUP_0509,canonical,TURM_04870,True,
TURM_04871,DATASET/Turmeric Plant Disease Dataset Advancing AI for Agricultural Sustainability.zip#Turmeric Plant Disease Dataset Advancing AI for Agricultural Sustainability/Turmeric Plant Disease.zip#Turmeric Plant Disease/Leaf Blotch/Leaf Blotch00110.JPG,Turmeric Plant Disease Dataset Advancing AI (Original),Leaf Blotch,Leaf Blotch,disease,leaf,.jpg,1000,1000,RGB,9da7afa81a3e61543855bee8fb4292b375d3283f5c19b01076cf61e0d5b15706,7c3e3c23091b3f3f,valid,TURM_DUP_0510,canonical,TURM_04871,True,
TURM_04872,DATASET/Turmeric Plant Disease Dataset Advancing AI for Agricultural Sustainability.zip#Turmeric Plant Disease Dataset Advancing AI for Agricultural Sustainability/Turmeric Plant Disease.zip#Turmeric Plant Disease/Leaf Blotch/Leaf Blotch00111.JPG,Turmeric Plant Disease Dataset Advancing AI (Original),Leaf Blotch,Leaf Blotch,disease,leaf,.jpg,1000,1000,RGB,292f1987ec3417395b85963f3d562eed2d138c3201d7374a5d24bed63b5a0493,7443073163470e1f,valid,TURM_DUP_0511,canonical,TURM_04872,True,
TURM_04873,DATASET/Turmeric Plant Disease Dataset Advancing AI for Agricultural Sustainability.zip#Turmeric Plant Disease Dataset Advancing AI for Agricultural Sustainability/Turmeric Plant Disease.zip#Turmeric Plant Disease/Leaf Blotch/Leaf Blotch00112.JPG,Turmeric Plant Disease Dataset Advancing AI (Original),Leaf Blotch,Leaf Blotch,disease,leaf,.jpg,1000,1000,RGB,e7f6d4cc212cad9af7525e0ead176f9418a74cbe091c19eeb9a3121d87cc7186,8f7bf396366fcddd,valid,TURM_DUP_0512,canonical,TURM_04873,True,
TURM_04874,DATASET/Turmeric Plant Disease Dataset Advancing AI for Agricultural Sustainability.zip#Turmeric Plant Disease Dataset Advancing AI for Agricultural Sustainability/Turmeric Plant Disease.zip#Turmeric Plant Disease/Leaf Blotch/Leaf Blotch00113.JPG,Turmeric Plant Disease Dataset Advancing AI (Original),Leaf Blotch,Leaf Blotch,disease,leaf,.jpg,1000,1000,RGB,c9a92908c17d2126795763fc41305276594840aaa13fe4c8a33e27fa7a51166b,ff6f67379b8bcfe7,valid,TURM_DUP_0513,canonical,TURM_04874,True,
TURM_04875,DATASET/Turmeric Plant Disease Dataset Advancing AI for Agricultural Sustainability.zip#Turmeric Plant Disease Dataset Advancing AI for Agricultural Sustainability/Turmeric Plant Disease.zip#Turmeric Plant Disease/Leaf Blotch/Leaf Blotch00114.JPG,Turmeric Plant Disease Dataset Advancing AI (Original),Leaf Blotch,Leaf Blotch,disease,leaf,.jpg,1000,1000,RGB,d56549548f975ba0486c79308c36f0bdda7a20620841958b6edd9b0558a9d52e,73272f061f1f3f3f,valid,TURM_DUP_0514,canonical,TURM_04875,True,
TURM_04876,DATASET/Turmeric Plant Disease Dataset Advancing AI for Agricultural Sustainability.zip#Turmeric Plant Disease Dataset Advancing AI for Agricultural Sustainability/Turmeric Plant Disease.zip#Turmeric Plant Disease/Leaf Blotch/Leaf Blotch00115.JPG,Turmeric Plant Disease Dataset Advancing AI (Original),Leaf Blotch,Leaf Blotch,disease,leaf,.jpg,1000,1000,RGB,777dcb47becf92ad58bd9802c3823bb6a5e8685779287f95aaf2f7f9991347a1,f363475f0e0f1f3f,valid,TURM_DUP_0515,canonical,TURM_04876,True,
TURM_04877,DATASET/Turmeric Plant Disease Dataset Advancing AI for Agricultural Sustainability.zip#Turmeric Plant Disease Dataset Advancing AI for Agricultural Sustainability/Turmeric Plant Disease.zip#Turmeric Plant Disease/Leaf Blotch/Leaf Blotch00116.JPG,Turmeric Plant Disease Dataset Advancing AI (Original),Leaf Blotch,Leaf Blotch,disease,leaf,.jpg,1000,1000,RGB,72324b16cac44552b7e314bf019450edc14d888dd1bb157fc597c0438c5996c6,973bbf9f8d8d8d8f,valid,TURM_DUP_0516,canonical,TURM_04877,True,
TURM_04878,DATASET/Turmeric Plant Disease Dataset Advancing AI for Agricultural Sustainability.zip#Turmeric Plant Disease Dataset Advancing AI for Agricultural Sustainability/Turmeric Plant Disease.zip#Turmeric Plant Disease/Leaf Blotch/Leaf Blotch00117.JPG,Turmeric Plant Disease Dataset Advancing AI (Original),Leaf Blotch,Leaf Blotch,disease,leaf,.jpg,1000,1000,RGB,eb2352c5d394eceb2e488ff01ff60e6c932fcac28c6458d13a69f760e5f26881,0f27276323a73753,valid,TURM_DUP_0517,canonical,TURM_04878,True,
TURM_04879,DATASET/Turmeric Plant Disease Dataset Advancing AI for Agricultural Sustainability.zip#Turmeric Plant Disease Dataset Advancing AI for Agricultural Sustainability/Turmeric Plant Disease.zip#Turmeric Plant Disease/Leaf Blotch/Leaf Blotch00118.JPG,Turmeric Plant Disease Dataset Advancing AI (Original),Leaf Blotch,Leaf Blotch,disease,leaf,.jpg,1000,1000,RGB,567d3c101b676bd9517be964e160761ca94319cbb469729647e775d8f291fce0,795859fc76777773,valid,TURM_DUP_0518,canonical,TURM_04879,True,
TURM_04880,DATASET/Turmeric Plant Disease Dataset Advancing AI for Agricultural Sustainability.zip#Turmeric Plant Disease Dataset Advancing AI for Agricultural Sustainability/Turmeric Plant Disease.zip#Turmeric Plant Disease/Leaf Blotch/Leaf Blotch00119.JPG,Turmeric Plant Disease Dataset Advancing AI (Original),Leaf Blotch,Leaf Blotch,disease,leaf,.jpg,1000,1000,RGB,9088c7e92ca062fa1981856a2270ec55fda931b5cf252106bd65692c9269c3b1,03070f1b1f3f3f3f,valid,TURM_DUP_0519,canonical,TURM_04880,True,
TURM_04881,DATASET/Turmeric Plant Disease Dataset Advancing AI for Agricultural Sustainability.zip#Turmeric Plant Disease Dataset Advancing AI for Agricultural Sustainability/Turmeric Plant Disease.zip#Turmeric Plant Disease/Leaf Blotch/Leaf Blotch00120.JPG,Turmeric Plant Disease Dataset Advancing AI (Original),Leaf Blotch,Leaf Blotch,disease,leaf,.jpg,1000,1000,RGB,b5b79e93a56ffeb0c1908db5c5c687cf0812314e622b89859de60f8e19ae1096,1b1b3b3f3f777777,valid,TURM_DUP_0520,canonical,TURM_04881,True,
TURM_04882,DATASET/Turmeric Plant Disease Dataset Advancing AI for Agricultural Sustainability.zip#Turmeric Plant Disease Dataset Advancing AI for Agricultural Sustainability/Turmeric Plant Disease.zip#Turmeric Plant Disease/Leaf Blotch/Leaf Blotch00121.JPG,Turmeric Plant Disease Dataset Advancing AI (Original),Leaf Blotch,Leaf Blotch,disease,leaf,.jpg,1000,1000,RGB,69c3df80e858fbfd5c40eb1a4e7c711832d5d9676573b64ef436b6e06fc9ef0a,0103030707474f0d,valid,TURM_DUP_0521,canonical,TURM_04882,True,
TURM_04883,DATASET/Turmeric Plant Disease Dataset Advancing AI for Agricultural Sustainability.zip#Turmeric Plant Disease Dataset Advancing AI for Agricultural Sustainability/Turmeric Plant Disease.zip#Turmeric Plant Disease/Leaf Blotch/Leaf Blotch00122.JPG,Turmeric Plant Disease Dataset Advancing AI (Original),Leaf Blotch,Leaf Blotch,disease,leaf,.jpg,1000,1000,RGB,41bcc50eee35b9ccb6d862e1259110773b583822be6302f82fe3af4eb524ea7a,0f0f170f0b0b0f0f,valid,TURM_DUP_0522,canonical,TURM_04883,True,
TURM_04884,DATASET/Turmeric Plant Disease Dataset Advancing AI for Agricultural Sustainability.zip#Turmeric Plant Disease Dataset Advancing AI for Agricultural Sustainability/Turmeric Plant Disease.zip#Turmeric Plant Disease/Leaf Blotch/Leaf Blotch00123.JPG,Turmeric Plant Disease Dataset Advancing AI (Original),Leaf Blotch,Leaf Blotch,disease,leaf,.jpg,1000,1000,RGB,115fea1b21d7af576419e12aa6de035a27e7d66f258787f9f55a2b7acbaee700,4f1b23274fcb9b9f,valid,TURM_DUP_0523,canonical,TURM_04884,True,
TURM_04885,DATASET/Turmeric Plant Disease Dataset Advancing AI for Agricultural Sustainability.zip#Turmeric Plant Disease Dataset Advancing AI for Agricultural Sustainability/Turmeric Plant Disease.zip#Turmeric Plant Disease/Leaf Blotch/Leaf Blotch00124.JPG,Turmeric Plant Disease Dataset Advancing AI (Original),Leaf Blotch,Leaf Blotch,disease,leaf,.jpg,1000,1000,RGB,04fb36dbbe008cb112007b34bd6c62e43fd85251b13f31f2a6da8b649a39da9d,6bcbcf8b1b1b1b17,valid,TURM_DUP_0524,canonical,TURM_04885,True,
TURM_04886,DATASET/Turmeric Plant Disease Dataset Advancing AI for Agricultural Sustainability.zip#Turmeric Plant Disease Dataset Advancing AI for Agricultural Sustainability/Turmeric Plant Disease.zip#Turmeric Plant Disease/Leaf Blotch/Leaf Blotch00125.JPG,Turmeric Plant Disease Dataset Advancing AI (Original),Leaf Blotch,Leaf Blotch,disease,leaf,.jpg,1000,1000,RGB,eb6ff4e6e57a554a981e90134eb72f131adc454c2397e865da07485536bb0e57,1d1d191131212323,valid,TURM_DUP_0525,canonical,TURM_04886,True,
TURM_04887,DATASET/Turmeric Plant Disease Dataset Advancing AI for Agricultural Sustainability.zip#Turmeric Plant Disease Dataset Advancing AI for Agricultural Sustainability/Turmeric Plant Disease.zip#Turmeric Plant Disease/Leaf Blotch/Leaf Blotch00126.JPG,Turmeric Plant Disease Dataset Advancing AI (Original),Leaf Blotch,Leaf Blotch,disease,leaf,.jpg,1000,1000,RGB,001240c5ff52af723cf58e5400db7208746fa49b14671eedae02bf0a0d16ee30,0d091b1337372f7f,valid,TURM_DUP_0526,canonical,TURM_04887,True,
TURM_04888,DATASET/Turmeric Plant Disease Dataset Advancing AI for Agricultural Sustainability.zip#Turmeric Plant Disease Dataset Advancing AI for Agricultural Sustainability/Turmeric Plant Disease.zip#Turmeric Plant Disease/Leaf Blotch/Leaf Blotch00127.JPG,Turmeric Plant Disease Dataset Advancing AI (Original),Leaf Blotch,Leaf Blotch,disease,leaf,.jpg,1000,1000,RGB,191c493d67a6ff5871921c7e8fad646fc68bd4950189cb6b95e066fbf277660d,0f08181931312343,valid,TURM_DUP_0527,canonical,TURM_04888,True,
TURM_04889,DATASET/Turmeric Plant Disease Dataset Advancing AI for Agricultural Sustainability.zip#Turmeric Plant Disease Dataset Advancing AI for Agricultural Sustainability/Turmeric Plant Disease.zip#Turmeric Plant Disease/Leaf Blotch/Leaf Blotch00128.JPG,Turmeric Plant Disease Dataset Advancing AI (Original),Leaf Blotch,Leaf Blotch,disease,leaf,.jpg,1000,1000,RGB,b82a4d3b17421bb3a0d4cb4db3ec72c8de1ce78906d72cd24e82361bce8cbaf1,0f0f0f0f0f0f2f2f,valid,TURM_DUP_0528,canonical,TURM_04889,True,
TURM_04890,DATASET/Turmeric Plant Disease Dataset Advancing AI for Agricultural Sustainability.zip#Turmeric Plant Disease Dataset Advancing AI for Agricultural Sustainability/Turmeric Plant Disease.zip#Turmeric Plant Disease/Leaf Blotch/Leaf Blotch00129.JPG,Turmeric Plant Disease Dataset Advancing AI (Original),Leaf Blotch,Leaf Blotch,disease,leaf,.jpg,1000,1000,RGB,f05d2d202e62898de70aced61c3815bf8a133122f7c190e14a9b9c9f40ddb532,3b37070f0f0f0f0f,valid,TURM_DUP_0529,canonical,TURM_04890,True,
TURM_04891,DATASET/Turmeric Plant Disease Dataset Advancing AI for Agricultural Sustainability.zip#Turmeric Plant Disease Dataset Advancing AI for Agricultural Sustainability/Turmeric Plant Disease.zip#Turmeric Plant Disease/Leaf Blotch/Leaf Blotch00130.JPG,Turmeric Plant Disease Dataset Advancing AI (Original),Leaf Blotch,Leaf Blotch,disease,leaf,.jpg,1000,1000,RGB,a3ca176ba567a845f29049f129a1f8a1db317787e2f2e816ff72e86aa22cfb30,0b0317170f2f0f5f,valid,TURM_DUP_0530,canonical,TURM_04891,True,
TURM_04892,DATASET/Turmeric Plant Disease Dataset Advancing AI for Agricultural Sustainability.zip#Turmeric Plant Disease Dataset Advancing AI for Agricultural Sustainability/Turmeric Plant Disease.zip#Turmeric Plant Disease/Leaf Blotch/Leaf Blotch00131.JPG,Turmeric Plant Disease Dataset Advancing AI (Original),Leaf Blotch,Leaf Blotch,disease,leaf,.jpg,1000,1000,RGB,b7f8572fb283ef294a9cbf1948f81d54b532b54b5f1b9480ea7e64ec5a01e502,0f0f0f0707171717,valid,TURM_DUP_0531,canonical,TURM_04892,True,
TURM_04893,DATASET/Turmeric Plant Disease Dataset Advancing AI for Agricultural Sustainability.zip#Turmeric Plant Disease Dataset Advancing AI for Agricultural Sustainability/Turmeric Plant Disease.zip#Turmeric Plant Disease/Leaf Blotch/Leaf Blotch00132.JPG,Turmeric Plant Disease Dataset Advancing AI (Original),Leaf Blotch,Leaf Blotch,disease,leaf,.jpg,1000,1000,RGB,4dba15fe28ae359a085528bff21b9d1e799929a0e34dd5d5d3cd7216f528cf77,8f0f0f0f0f0b0b0b,valid,TURM_DUP_0532,canonical,TURM_04893,True,
TURM_04894,DATASET/Turmeric Plant Disease Dataset Advancing AI for Agricultural Sustainability.zip#Turmeric Plant Disease Dataset Advancing AI for Agricultural Sustainability/Turmeric Plant Disease.zip#Turmeric Plant Disease/Leaf Blotch/Leaf Blotch00133.JPG,Turmeric Plant Disease Dataset Advancing AI (Original),Leaf Blotch,Leaf Blotch,disease,leaf,.jpg,1000,1000,RGB,bff16fd319eb3d7c18927a318bf90dccc1625a9876520c49b98795ab8500aae4,0b0f0f0f0f0f0f0f,valid,TURM_DUP_0533,canonical,TURM_04894,True,
TURM_04895,DATASET/Turmeric Plant Disease Dataset Advancing AI for Agricultural Sustainability.zip#Turmeric Plant Disease Dataset Advancing AI for Agricultural Sustainability/Turmeric Plant Disease.zip#Turmeric Plant Disease/Leaf Blotch/Leaf Blotch00134.JPG,Turmeric Plant Disease Dataset Advancing AI (Original),Leaf Blotch,Leaf Blotch,disease,leaf,.jpg,1000,1000,RGB,cccf9f66f5132266271fd976b9517fe3cbfb790dcfb506c037d7365b286e86d0,1f1f0f0f0f0f1f1f,valid,TURM_DUP_0534,canonical,TURM_04895,True,
TURM_04896,DATASET/Turmeric Plant Disease Dataset Advancing AI for Agricultural Sustainability.zip#Turmeric Plant Disease Dataset Advancing AI for Agricultural Sustainability/Turmeric Plant Disease.zip#Turmeric Plant Disease/Leaf Blotch/Leaf Blotch00135.JPG,Turmeric Plant Disease Dataset Advancing AI (Original),Leaf Blotch,Leaf Blotch,disease,leaf,.jpg,1000,1000,RGB,8bc370845219cf1b09fbe5bd7652acf08c9b1f53e2c41fda67e9b2b43f5d29f4,07270f170f1f078f,valid,TURM_DUP_0535,canonical,TURM_04896,True,
TURM_04897,DATASET/Turmeric Plant Disease Dataset Advancing AI for Agricultural Sustainability.zip#Turmeric Plant Disease Dataset Advancing AI for Agricultural Sustainability/Turmeric Plant Disease.zip#Turmeric Plant Disease/Leaf Blotch/Leaf Blotch00136.JPG,Turmeric Plant Disease Dataset Advancing AI (Original),Leaf Blotch,Leaf Blotch,disease,leaf,.jpg,1000,1000,RGB,f17764c13c4bc3b6252b0f7f8370efce193000d05b9f513737c7c56f8782ffa7,7333070f0f1f1f3f,valid,TURM_DUP_0536,canonical,TURM_04897,True,
TURM_04898,DATASET/Turmeric Plant Disease Dataset Advancing AI for Agricultural Sustainability.zip#Turmeric Plant Disease Dataset Advancing AI for Agricultural Sustainability/Turmeric Plant Disease.zip#Turmeric Plant Disease/Leaf Blotch/Leaf Blotch00137.JPG,Turmeric Plant Disease Dataset Advancing AI (Original),Leaf Blotch,Leaf Blotch,disease,leaf,.jpg,1000,1000,RGB,24fb2b5d591ed0ce9f430919c809926c221357ed8bd150af91c44caa307c7782,07070f0f1f3f77b7,valid,TURM_DUP_0537,canonical,TURM_04898,True,
TURM_04899,DATASET/Turmeric Plant Disease Dataset Advancing AI for Agricultural Sustainability.zip#Turmeric Plant Disease Dataset Advancing AI for Agricultural Sustainability/Turmeric Plant Disease.zip#Turmeric Plant Disease/Leaf Blotch/Leaf Blotch00138.JPG,Turmeric Plant Disease Dataset Advancing AI (Original),Leaf Blotch,Leaf Blotch,disease,leaf,.jpg,1000,1000,RGB,47cfe9a5401d52ee9de5d98a6fee89b63ee7ba8f0f4a11da13fd458d629d7bb7,9e0e0e0c1c1d3d39,valid,TURM_DUP_0538,canonical,TURM_04899,True,
TURM_04900,DATASET/Turmeric Plant Disease Dataset Advancing AI for Agricultural Sustainability.zip#Turmeric Plant Disease Dataset Advancing AI for Agricultural Sustainability/Turmeric Plant Disease.zip#Turmeric Plant Disease/Leaf Blotch/Leaf Blotch00139.JPG,Turmeric Plant Disease Dataset Advancing AI (Original),Leaf Blotch,Leaf Blotch,disease,leaf,.jpg,1000,1000,RGB,bc2a87a1d4519345d1ba7a7272828156d790730289f2533fa78bb02d574b879f,0f1959f979797377,valid,TURM_DUP_0539,canonical,TURM_04900,True,
TURM_04901,DATASET/Turmeric Plant Disease Dataset Advancing AI for Agricultural Sustainability.zip#Turmeric Plant Disease Dataset Advancing AI for Agricultural Sustainability/Turmeric Plant Disease.zip#Turmeric Plant Disease/Leaf Blotch/Leaf Blotch00140.JPG,Turmeric Plant Disease Dataset Advancing AI (Original),Leaf Blotch,Leaf Blotch,disease,leaf,.jpg,1000,1000,RGB,2bf6ff5f4666e585d6090bc11882b786c5c37f0d1384ff8a3fa132fe15393c02,030d0d193b33676f,valid,TURM_DUP_0540,canonical,TURM_04901,True,
TURM_04902,DATASET/Turmeric Plant Disease Dataset Advancing AI for Agricultural Sustainability.zip#Turmeric Plant Disease Dataset Advancing AI for Agricultural Sustainability/Turmeric Plant Disease.zip#Turmeric Plant Disease/Leaf Blotch/Leaf Blotch00141.JPG,Turmeric Plant Disease Dataset Advancing AI (Original),Leaf Blotch,Leaf Blotch,disease,leaf,.jpg,1000,1000,RGB,53491427f897378205f6766f53ac95978c068840b139cdbaa8dffbe29a986d12,87878787971e1c39,valid,TURM_DUP_0541,canonical,TURM_04902,True,
TURM_04903,DATASET/Turmeric Plant Disease Dataset Advancing AI for Agricultural Sustainability.zip#Turmeric Plant Disease Dataset Advancing AI for Agricultural Sustainability/Turmeric Plant Disease.zip#Turmeric Plant Disease/Leaf Blotch/Leaf Blotch00142.JPG,Turmeric Plant Disease Dataset Advancing AI (Original),Leaf Blotch,Leaf Blotch,disease,leaf,.jpg,1000,1000,RGB,83c158fa096a7ca7c71ff76ecca489fe7819bbe6d0b84dd846d184f93ee8a27e,e7e76fcfcf9f3c7c,valid,TURM_DUP_0542,canonical,TURM_04903,True,
TURM_04904,DATASET/Turmeric Plant Disease Dataset Advancing AI for Agricultural Sustainability.zip#Turmeric Plant Disease Dataset Advancing AI for Agricultural Sustainability/Turmeric Plant Disease.zip#Turmeric Plant Disease/Leaf Blotch/Leaf Blotch00143.JPG,Turmeric Plant Disease Dataset Advancing AI (Original),Leaf Blotch,Leaf Blotch,disease,leaf,.jpg,1000,1000,RGB,34bef6fa4e732258e6661925a6c391bb0adee81ad6362236aa3cd2605488b3e9,17243d1939b9bbf3,valid,TURM_DUP_0543,canonical,TURM_04904,True,
TURM_04905,DATASET/Turmeric Plant Disease Dataset Advancing AI for Agricultural Sustainability.zip#Turmeric Plant Disease Dataset Advancing AI for Agricultural Sustainability/Turmeric Plant Disease.zip#Turmeric Plant Disease/Leaf Blotch/Leaf Blotch00144.JPG,Turmeric Plant Disease Dataset Advancing AI (Original),Leaf Blotch,Leaf Blotch,disease,leaf,.jpg,1000,1000,RGB,a36147074dcdc475fc13648a9786c8a91b025bf27f23813194f38d347bc1a890,4e4ecf8f9f151525,valid,TURM_DUP_0544,canonical,TURM_04905,True,
TURM_04906,DATASET/Turmeric Plant Disease Dataset Advancing AI for Agricultural Sustainability.zip#Turmeric Plant Disease Dataset Advancing AI for Agricultural Sustainability/Turmeric Plant Disease.zip#Turmeric Plant Disease/Leaf Blotch/Leaf Blotch00145.JPG,Turmeric Plant Disease Dataset Advancing AI (Original),Leaf Blotch,Leaf Blotch,disease,leaf,.jpg,1000,1000,RGB,32da313315c2532a3d99fc950df9277da7f4dda48eb08a37ec548f20e7a0b426,b2a4c48999133212,valid,TURM_DUP_0545,canonical,TURM_04906,True,
TURM_04907,DATASET/Turmeric Plant Disease Dataset Advancing AI for Agricultural Sustainability.zip#Turmeric Plant Disease Dataset Advancing AI for Agricultural Sustainability/Turmeric Plant Disease.zip#Turmeric Plant Disease/Leaf Blotch/Leaf Blotch00146.JPG,Turmeric Plant Disease Dataset Advancing AI (Original),Leaf Blotch,Leaf Blotch,disease,leaf,.jpg,1000,1000,RGB,661251924aa37a1366573b0e34f9c88f1249bb60e35472d08b31c4034cedba17,4686262e6f4f4f15,valid,TURM_DUP_0546,canonical,TURM_04907,True,
TURM_04908,DATASET/Turmeric Plant Disease Dataset Advancing AI for Agricultural Sustainability.zip#Turmeric Plant Disease Dataset Advancing AI for Agricultural Sustainability/Turmeric Plant Disease.zip#Turmeric Plant Disease/Leaf Blotch/Leaf Blotch00147.JPG,Turmeric Plant Disease Dataset Advancing AI (Original),Leaf Blotch,Leaf Blotch,disease,leaf,.jpg,1000,1000,RGB,a9c6515a028f6ab2c2c79bdeab9e61f61cfbd4c835af5dd127e6dcedcdfb249a,9c3f2b2b0b1b3b37,valid,TURM_DUP_0547,canonical,TURM_04908,True,
TURM_04909,DATASET/Turmeric Plant Disease Dataset Advancing AI for Agricultural Sustainability.zip#Turmeric Plant Disease Dataset Advancing AI for Agricultural Sustainability/Turmeric Plant Disease.zip#Turmeric Plant Disease/Leaf Blotch/Leaf Blotch00148.JPG,Turmeric Plant Disease Dataset Advancing AI (Original),Leaf Blotch,Leaf Blotch,disease,leaf,.jpg,1000,1000,RGB,cc1434ed9d62d989a76d87f4181460a763b54dff151b213a1fe7c23a7a898a5f,0617372727232727,valid,TURM_DUP_0548,canonical,TURM_04909,True,
TURM_04910,DATASET/Turmeric Plant Disease Dataset Advancing AI for Agricultural Sustainability.zip#Turmeric Plant Disease Dataset Advancing AI for Agricultural Sustainability/Turmeric Plant Disease.zip#Turmeric Plant Disease/Leaf Blotch/Leaf Blotch00149.JPG,Turmeric Plant Disease Dataset Advancing AI (Original),Leaf Blotch,Leaf Blotch,disease,leaf,.jpg,1000,1000,RGB,3bccbe4d7bd1ea6d4bab858a879703d725689575df6a9b413e7574167579bab1,1f3f7b3b1bbb3f3f,valid,TURM_DUP_0549,canonical,TURM_04910,True,
TURM_04911,DATASET/Turmeric Plant Disease Dataset Advancing AI for Agricultural Sustainability.zip#Turmeric Plant Disease Dataset Advancing AI for Agricultural Sustainability/Turmeric Plant Disease.zip#Turmeric Plant Disease/Leaf Blotch/Leaf Blotch00150.JPG,Turmeric Plant Disease Dataset Advancing AI (Original),Leaf Blotch,Leaf Blotch,disease,leaf,.jpg,1000,1000,RGB,b28281ec16f3d4fc4cf0fd10019e5bb42da00eb528aa2d2b3fe6c3587be6fe45,260e1e0e062e2e0f,valid,TURM_DUP_0550,canonical,TURM_04911,True,
TURM_04912,DATASET/Turmeric Plant Disease Dataset Advancing AI for Agricultural Sustainability.zip#Turmeric Plant Disease Dataset Advancing AI for Agricultural Sustainability/Turmeric Plant Disease.zip#Turmeric Plant Disease/Leaf Blotch/Leaf Blotch00151.JPG,Turmeric Plant Disease Dataset Advancing AI (Original),Leaf Blotch,Leaf Blotch,disease,leaf,.jpg,1000,1000,RGB,09aa290322d8a2ba7b5ff3ec97c7e89332aba6595e52cb5a03680040e89a9fb7,988c9c9f1f1d3d1d,valid,TURM_DUP_0551,canonical,TURM_04912,True,
TURM_04913,DATASET/Turmeric Plant Disease Dataset Advancing AI for Agricultural Sustainability.zip#Turmeric Plant Disease Dataset Advancing AI for Agricultural Sustainability/Turmeric Plant Disease.zip#Turmeric Plant Disease/Leaf Blotch/Leaf Blotch00152.JPG,Turmeric Plant Disease Dataset Advancing AI (Original),Leaf Blotch,Leaf Blotch,disease,leaf,.jpg,1000,1000,RGB,fb992f8a313904a2054b7e3e910b85b0df55e37da3b851963a202a83d5d7a4be,3337674f0c0e1e1c,valid,TURM_DUP_0552,canonical,TURM_04913,True,
TURM_04914,DATASET/Turmeric Plant Disease Dataset Advancing AI for Agricultural Sustainability.zip#Turmeric Plant Disease Dataset Advancing AI for Agricultural Sustainability/Turmeric Plant Disease.zip#Turmeric Plant Disease/Leaf Blotch/Leaf Blotch00153.JPG,Turmeric Plant Disease Dataset Advancing AI (Original),Leaf Blotch,Leaf Blotch,disease,leaf,.jpg,1000,1000,RGB,986d259b96d27ea14d70fa0c6040ef0f4a7a352b80a11e755f2d8963e8b8670b,4747070f1f3d3d39,valid,TURM_DUP_0553,canonical,TURM_04914,True,
TURM_04915,DATASET/Turmeric Plant Disease Dataset Advancing AI for Agricultural Sustainability.zip#Turmeric Plant Disease Dataset Advancing AI for Agricultural Sustainability/Turmeric Plant Disease.zip#Turmeric Plant Disease/Leaf Blotch/Leaf Blotch00154.JPG,Turmeric Plant Disease Dataset Advancing AI (Original),Leaf Blotch,Leaf Blotch,disease,leaf,.jpg,1000,1000,RGB,c8b0a8e6bc9a5133b3c6c9155c42c17a40067eec0c739ac18f136867658ce832,434307070e1c1919,valid,TURM_DUP_0554,canonical,TURM_04915,True,
TURM_04916,DATASET/Turmeric Plant Disease Dataset Advancing AI for Agricultural Sustainability.zip#Turmeric Plant Disease Dataset Advancing AI for Agricultural Sustainability/Turmeric Plant Disease.zip#Turmeric Plant Disease/Leaf Blotch/Leaf Blotch00155.JPG,Turmeric Plant Disease Dataset Advancing AI (Original),Leaf Blotch,Leaf Blotch,disease,leaf,.jpg,1000,1000,RGB,ed10c897f8b56297bca7a2966207bd007fe3f453562b646f042fa919b6c06aeb,0e17270f0f0f0f0d,valid,TURM_DUP_0555,canonical,TURM_04916,True,
TURM_04917,DATASET/Turmeric Plant Disease Dataset Advancing AI for Agricultural Sustainability.zip#Turmeric Plant Disease Dataset Advancing AI for Agricultural Sustainability/Turmeric Plant Disease.zip#Turmeric Plant Disease/Leaf Blotch/Leaf Blotch00156.JPG,Turmeric Plant Disease Dataset Advancing AI (Original),Leaf Blotch,Leaf Blotch,disease,leaf,.jpg,1000,1000,RGB,feb9e250a4fe0779624715019bc19b1a9b569d3af507b765ed105a6e61e26d0f,879b938383870707,valid,TURM_DUP_0556,canonical,TURM_04917,True,
TURM_04918,DATASET/Turmeric Plant Disease Dataset Advancing AI for Agricultural Sustainability.zip#Turmeric Plant Disease Dataset Advancing AI for Agricultural Sustainability/Turmeric Plant Disease.zip#Turmeric Plant Disease/Leaf Blotch/Leaf Blotch00157.JPG,Turmeric Plant Disease Dataset Advancing AI (Original),Leaf Blotch,Leaf Blotch,disease,leaf,.jpg,1000,1000,RGB,f2f384ebf7bc41d0637d4b587044dc201b94df43d53eaf173c252ad4901213ed,070f0e0f0f0d0d0d,valid,TURM_DUP_0557,canonical,TURM_04918,True,
TURM_04919,DATASET/Turmeric Plant Disease Dataset Advancing AI for Agricultural Sustainability.zip#Turmeric Plant Disease Dataset Advancing AI for Agricultural Sustainability/Turmeric Plant Disease.zip#Turmeric Plant Disease/Leaf Blotch/Leaf Blotch00158.JPG,Turmeric Plant Disease Dataset Advancing AI (Original),Leaf Blotch,Leaf Blotch,disease,leaf,.jpg,1000,1000,RGB,27b7467514b9ef25ea3f49f6846d5594e228a534ae76741330743c9933c7d82a,5717171b1b19193d,valid,TURM_DUP_0558,canonical,TURM_04919,True,
TURM_04920,DATASET/Turmeric Plant Disease Dataset Advancing AI for Agricultural Sustainability.zip#Turmeric Plant Disease Dataset Advancing AI for Agricultural Sustainability/Turmeric Plant Disease.zip#Turmeric Plant Disease/Leaf Blotch/Leaf Blotch00159.JPG,Turmeric Plant Disease Dataset Advancing AI (Original),Leaf Blotch,Leaf Blotch,disease,leaf,.jpg,1000,1000,RGB,5af49a5fc6de167684ccbefd38eb36df78e929a7fb29984f9d5078a006edb452,c7cf878707464646,valid,TURM_DUP_0559,canonical,TURM_04920,True,
TURM_04921,DATASET/Turmeric Plant Disease Dataset Advancing AI for Agricultural Sustainability.zip#Turmeric Plant Disease Dataset Advancing AI for Agricultural Sustainability/Turmeric Plant Disease.zip#Turmeric Plant Disease/Leaf Blotch/Leaf Blotch00160.JPG,Turmeric Plant Disease Dataset Advancing AI (Original),Leaf Blotch,Leaf Blotch,disease,leaf,.jpg,1000,1000,RGB,91adfd4dbe82def19a5c47bbbf25c71d75e41b6b2dd89a501a9d56c702c6021f,0113333333335747,valid,TURM_DUP_0560,canonical,TURM_04921,True,
TURM_04922,DATASET/Turmeric Plant Disease Dataset Advancing AI for Agricultural Sustainability.zip#Turmeric Plant Disease Dataset Advancing AI for Agricultural Sustainability/Turmeric Plant Disease.zip#Turmeric Plant Disease/Leaf Blotch/Leaf Blotch00161.JPG,Turmeric Plant Disease Dataset Advancing AI (Original),Leaf Blotch,Leaf Blotch,disease,leaf,.jpg,1000,1000,RGB,fa30db576b15e7a6df54e58050f89f6a10e38890f937c2ad42249b3d8cfbdb5c,1f1b5b9b9b131393,valid,TURM_DUP_0561,canonical,TURM_04922,True,
TURM_04923,DATASET/Turmeric Plant Disease Dataset Advancing AI for Agricultural Sustainability.zip#Turmeric Plant Disease Dataset Advancing AI for Agricultural Sustainability/Turmeric Plant Disease.zip#Turmeric Plant Disease/Leaf Blotch/Leaf Blotch00162.JPG,Turmeric Plant Disease Dataset Advancing AI (Original),Leaf Blotch,Leaf Blotch,disease,leaf,.jpg,1000,1000,RGB,fe2fe5b1061ac392da532368c205d8fa9519a04c4a85b2f0d5f956dc93592841,07470f0d1d6dcdcd,valid,TURM_DUP_0562,canonical,TURM_04923,True,
TURM_04924,DATASET/Turmeric Plant Disease Dataset Advancing AI for Agricultural Sustainability.zip#Turmeric Plant Disease Dataset Advancing AI for Agricultural Sustainability/Turmeric Plant Disease.zip#Turmeric Plant Disease/Leaf Blotch/Leaf Blotch00163.JPG,Turmeric Plant Disease Dataset Advancing AI (Original),Leaf Blotch,Leaf Blotch,disease,leaf,.jpg,1000,1000,RGB,9e129ae5e81ba3b0f4071ed77387f37ebf4654f6afc657bdf2def50a68fc48e2,0d35654d4d4d4b63,valid,TURM_DUP_0563,canonical,TURM_04924,True,
TURM_04925,DATASET/Turmeric Plant Disease Dataset Advancing AI for Agricultural Sustainability.zip#Turmeric Plant Disease Dataset Advancing AI for Agricultural Sustainability/Turmeric Plant Disease.zip#Turmeric Plant Disease/Leaf Blotch/Leaf Blotch00164.JPG,Turmeric Plant Disease Dataset Advancing AI (Original),Leaf Blotch,Leaf Blotch,disease,leaf,.jpg,1000,1000,RGB,7f00501d1a7aacbc7f00d04aac80aab72f0a1ddbb8940a6e4fccb60746b07784,1317970f0e0f1f1d,valid,TURM_DUP_0564,canonical,TURM_04925,True,
TURM_04926,DATASET/Turmeric Plant Disease Dataset Advancing AI for Agricultural Sustainability.zip#Turmeric Plant Disease Dataset Advancing AI for Agricultural Sustainability/Turmeric Plant Disease.zip#Turmeric Plant Disease/Leaf Blotch/Leaf Blotch00165.JPG,Turmeric Plant Disease Dataset Advancing AI (Original),Leaf Blotch,Leaf Blotch,disease,leaf,.jpg,1000,1000,RGB,b90e2d4539e4f6ca5682a07e95cc592520536b3f732759289318d066ca58f893,094bc707070f0f0e,valid,TURM_DUP_0565,canonical,TURM_04926,True,
TURM_04927,DATASET/Turmeric Plant Disease Dataset Advancing AI for Agricultural Sustainability.zip#Turmeric Plant Disease Dataset Advancing AI for Agricultural Sustainability/Turmeric Plant Disease.zip#Turmeric Plant Disease/Leaf Blotch/Leaf Blotch00166.JPG,Turmeric Plant Disease Dataset Advancing AI (Original),Leaf Blotch,Leaf Blotch,disease,leaf,.jpg,1000,1000,RGB,cbf3d1e7abbbe373aff7d818c2772ccb6a0f1dc8576dce3a71625ecdfcdaa7cc,0e0e2e0f4f0f1d1d,valid,TURM_DUP_0566,canonical,TURM_04927,True,
TURM_04928,DATASET/Turmeric Plant Disease Dataset Advancing AI for Agricultural Sustainability.zip#Turmeric Plant Disease Dataset Advancing AI for Agricultural Sustainability/Turmeric Plant Disease.zip#Turmeric Plant Disease/Leaf Blotch/Leaf Blotch00167.JPG,Turmeric Plant Disease Dataset Advancing AI (Original),Leaf Blotch,Leaf Blotch,disease,leaf,.jpg,1000,1000,RGB,b513df67f679d1f9c5b0806d4f645b98d41d1b029b2140e76bfe35b94feb9cf2,878f0f0f1f1f372f,valid,TURM_DUP_0567,canonical,TURM_04928,True,
TURM_04929,DATASET/Turmeric Plant Disease Dataset Advancing AI for Agricultural Sustainability.zip#Turmeric Plant Disease Dataset Advancing AI for Agricultural Sustainability/Turmeric Plant Disease.zip#Turmeric Plant Disease/Leaf Blotch/Leaf Blotch00168.JPG,Turmeric Plant Disease Dataset Advancing AI (Original),Leaf Blotch,Leaf Blotch,disease,leaf,.jpg,1000,1000,RGB,a8da7a7b27b31525a1d5db973137aa18ff43e5cb5e190c64b208cbb18252b472,072f270f1f1b3b37,valid,TURM_DUP_0568,canonical,TURM_04929,True,
TURM_04930,DATASET/Turmeric Plant Disease Dataset Advancing AI for Agricultural Sustainability.zip#Turmeric Plant Disease Dataset Advancing AI for Agricultural Sustainability/Turmeric Plant Disease.zip#Turmeric Plant Disease/Leaf Blotch/Leaf Blotch00169.JPG,Turmeric Plant Disease Dataset Advancing AI (Original),Leaf Blotch,Leaf Blotch,disease,leaf,.jpg,1000,1000,RGB,8d2531eb8bf5c393df3d83484e89f210b6ecd0a84e97af06a7a034481a71415b,2727072727272626,valid,TURM_DUP_0569,canonical,TURM_04930,True,
TURM_04931,DATASET/Turmeric Plant Disease Dataset Advancing AI for Agricultural Sustainability.zip#Turmeric Plant Disease Dataset Advancing AI for Agricultural Sustainability/Turmeric Plant Disease.zip#Turmeric Plant Disease/Leaf Blotch/Leaf Blotch00170.JPG,Turmeric Plant Disease Dataset Advancing AI (Original),Leaf Blotch,Leaf Blotch,disease,leaf,.jpg,1000,1000,RGB,8a9337c0eb3e2388a9545b21b118143fdc89e1cb9d224ec066e9e9ecee69d166,454dc14545050545,valid,TURM_DUP_0570,canonical,TURM_04931,True,
TURM_04932,DATASET/Turmeric Plant Disease Dataset Advancing AI for Agricultural Sustainability.zip#Turmeric Plant Disease Dataset Advancing AI for Agricultural Sustainability/Turmeric Plant Disease.zip#Turmeric Plant Disease/Leaf Blotch/Leaf Blotch00171.JPG,Turmeric Plant Disease Dataset Advancing AI (Original),Leaf Blotch,Leaf Blotch,disease,leaf,.jpg,1000,1000,RGB,a33288881aadef02734513755e3e8d13f8219151a8a79b24d84072dc8458f4a2,303c3e3e3e1f1b1f,valid,TURM_DUP_0571,canonical,TURM_04932,True,
TURM_04933,DATASET/Turmeric Plant Disease Dataset Advancing AI for Agricultural Sustainability.zip#Turmeric Plant Disease Dataset Advancing AI for Agricultural Sustainability/Turmeric Plant Disease.zip#Turmeric Plant Disease/Leaf Blotch/Leaf Blotch00172.JPG,Turmeric Plant Disease Dataset Advancing AI (Original),Leaf Blotch,Leaf Blotch,disease,leaf,.jpg,1000,1000,RGB,320ac7cd97de6c9f2ff37cf981c9bad1d7436b6f70f5251c3837ac590a2df2fb,0707272723030303,valid,TURM_DUP_0572,canonical,TURM_04933,True,
TURM_04934,DATASET/Turmeric Plant Disease Dataset Advancing AI for Agricultural Sustainability.zip#Turmeric Plant Disease Dataset Advancing AI for Agricultural Sustainability/Turmeric Plant Disease.zip#Turmeric Plant Disease/Leaf Blotch/Leaf Blotch00173.JPG,Turmeric Plant Disease Dataset Advancing AI (Original),Leaf Blotch,Leaf Blotch,disease,leaf,.jpg,1000,1000,RGB,6e55a9d2bda699e6e75b8f11fdc0be81ac77fce69bc52124abf9a73188e86961,1f2f67676737b7f7,valid,TURM_DUP_0573,canonical,TURM_04934,True,
TURM_04935,DATASET/Turmeric Plant Disease Dataset Advancing AI for Agricultural Sustainability.zip#Turmeric Plant Disease Dataset Advancing AI for Agricultural Sustainability/Turmeric Plant Disease.zip#Turmeric Plant Disease/Leaf Blotch/Leaf Blotch00174.JPG,Turmeric Plant Disease Dataset Advancing AI (Original),Leaf Blotch,Leaf Blotch,disease,leaf,.jpg,1000,1000,RGB,c430878f49784808b7a43b423bc79c614e74073f36a699c07536d22bcafca277,1b1b3b39393d3d3d,valid,TURM_DUP_0574,canonical,TURM_04935,True,
TURM_04936,DATASET/Turmeric Plant Disease Dataset Advancing AI for Agricultural Sustainability.zip#Turmeric Plant Disease Dataset Advancing AI for Agricultural Sustainability/Turmeric Plant Disease.zip#Turmeric Plant Disease/Leaf Blotch/Leaf Blotch00175.JPG,Turmeric Plant Disease Dataset Advancing AI (Original),Leaf Blotch,Leaf Blotch,disease,leaf,.jpg,1000,1000,RGB,e5c00ee4eba6919ab42de9ecbb7f261ad0656698a57a8223a756e4955dc1a0dd,1f1f0b294959591d,valid,TURM_DUP_0575,canonical,TURM_04936,True,
TURM_04937,DATASET/Turmeric Plant Disease Dataset Advancing AI for Agricultural Sustainability.zip#Turmeric Plant Disease Dataset Advancing AI for Agricultural Sustainability/Turmeric Plant Disease.zip#Turmeric Plant Disease/Leaf Blotch/Leaf Blotch00176.JPG,Turmeric Plant Disease Dataset Advancing AI (Original),Leaf Blotch,Leaf Blotch,disease,leaf,.jpg,1000,1000,RGB,6144ea6ee73edeaec6eef36fdd72600d3f8f23a39734a2d1535bfe3dca1d9a35,777777773f3f171f,valid,TURM_DUP_0576,canonical,TURM_04937,True,
TURM_04938,DATASET/Turmeric Plant Disease Dataset Advancing AI for Agricultural Sustainability.zip#Turmeric Plant Disease Dataset Advancing AI for Agricultural Sustainability/Turmeric Plant Disease.zip#Turmeric Plant Disease/Leaf Blotch/Leaf Blotch00177.JPG,Turmeric Plant Disease Dataset Advancing AI (Original),Leaf Blotch,Leaf Blotch,disease,leaf,.jpg,1000,1000,RGB,ed72c90f57f85d2aeaea83623028149d844bbd3fa6e7d20e47d97d57aa56a39f,3f3f371f1b0b0b0f,valid,TURM_DUP_0577,canonical,TURM_04938,True,
TURM_04939,DATASET/Turmeric Plant Disease Dataset Advancing AI for Agricultural Sustainability.zip#Turmeric Plant Disease Dataset Advancing AI for Agricultural Sustainability/Turmeric Plant Disease.zip#Turmeric Plant Disease/Leaf Blotch/Leaf Blotch00178.JPG,Turmeric Plant Disease Dataset Advancing AI (Original),Leaf Blotch,Leaf Blotch,disease,leaf,.jpg,1000,1000,RGB,66c6f9b9d83a9b9393b1ac6b5e3d6bcfb1334422d2314838dac0413e8519d5e3,1e3e3b3b1b1f8f8f,valid,TURM_DUP_0578,canonical,TURM_04939,True,
TURM_04940,DATASET/Turmeric Plant Disease Dataset Advancing AI for Agricultural Sustainability.zip#Turmeric Plant Disease Dataset Advancing AI for Agricultural Sustainability/Turmeric Plant Disease.zip#Turmeric Plant Disease/Leaf Blotch/Leaf Blotch00179.JPG,Turmeric Plant Disease Dataset Advancing AI (Original),Leaf Blotch,Leaf Blotch,disease,leaf,.jpg,1000,1000,RGB,09f13771b6c7b56f0be9f8785b07260e34f9eeee7f72b9bc64e3eefeddf00481,71430727674f5f7f,valid,TURM_DUP_0579,canonical,TURM_04940,True,
TURM_04941,DATASET/Turmeric Plant Disease Dataset Advancing AI for Agricultural Sustainability.zip#Turmeric Plant Disease Dataset Advancing AI for Agricultural Sustainability/Turmeric Plant Disease.zip#Turmeric Plant Disease/Leaf Blotch/Leaf Blotch00180.JPG,Turmeric Plant Disease Dataset Advancing AI (Original),Leaf Blotch,Leaf Blotch,disease,leaf,.jpg,1000,1000,RGB,ce4c87777ac83181ae6698065ec7dbc978d14749655020e47d9445e442952a2d,eefecc6f67672707,valid,TURM_DUP_0580,canonical,TURM_04941,True,
TURM_04942,DATASET/Turmeric Plant Disease Dataset Advancing AI for Agricultural Sustainability.zip#Turmeric Plant Disease Dataset Advancing AI for Agricultural Sustainability/Turmeric Plant Disease.zip#Turmeric Plant Disease/Leaf Blotch/Leaf Blotch00181.JPG,Turmeric Plant Disease Dataset Advancing AI (Original),Leaf Blotch,Leaf Blotch,disease,leaf,.jpg,1000,1000,RGB,6977bdc323817877c75b0cc51fae87d91ae52993b48766c77a1499cc16b097d9,4383938303030140,valid,TURM_DUP_0581,canonical,TURM_04942,True,
TURM_04943,DATASET/Turmeric Plant Disease Dataset Advancing AI for Agricultural Sustainability.zip#Turmeric Plant Disease Dataset Advancing AI for Agricultural Sustainability/Turmeric Plant Disease.zip#Turmeric Plant Disease/Leaf Blotch/Leaf Blotch00182.JPG,Turmeric Plant Disease Dataset Advancing AI (Original),Leaf Blotch,Leaf Blotch,disease,leaf,.jpg,1000,1000,RGB,ba2375137e99fe440f9919cb1c949f76ec992fb9b8cb21a5ecda73fb8f57d251,191b1f9fcfc74707,valid,TURM_DUP_0582,canonical,TURM_04943,True,
TURM_04944,DATASET/Turmeric Plant Disease Dataset Advancing AI for Agricultural Sustainability.zip#Turmeric Plant Disease Dataset Advancing AI for Agricultural Sustainability/Turmeric Plant Disease.zip#Turmeric Plant Disease/Leaf Blotch/Leaf Blotch00183.JPG,Turmeric Plant Disease Dataset Advancing AI (Original),Leaf Blotch,Leaf Blotch,disease,leaf,.jpg,1000,1000,RGB,6e68a0a93000cc0f6603fcfaaf5801f00d06f0c52c5f41d6b4af63c458306b03,0707073737334747,valid,TURM_DUP_0583,canonical,TURM_04944,True,
TURM_04945,DATASET/Turmeric Plant Disease Dataset Advancing AI for Agricultural Sustainability.zip#Turmeric Plant Disease Dataset Advancing AI for Agricultural Sustainability/Turmeric Plant Disease.zip#Turmeric Plant Disease/Leaf Blotch/Leaf Blotch00184.JPG,Turmeric Plant Disease Dataset Advancing AI (Original),Leaf Blotch,Leaf Blotch,disease,leaf,.jpg,1000,1000,RGB,ede085bbbd043b8d364a2904eefb302426b434b2faea22e6fe77bea49df9a55b,181f1f1e1e1f1f1f,valid,TURM_DUP_0584,canonical,TURM_04945,True,
TURM_04946,DATASET/Turmeric Plant Disease Dataset Advancing AI for Agricultural Sustainability.zip#Turmeric Plant Disease Dataset Advancing AI for Agricultural Sustainability/Turmeric Plant Disease.zip#Turmeric Plant Disease/Leaf Blotch/Leaf Blotch00185.JPG,Turmeric Plant Disease Dataset Advancing AI (Original),Leaf Blotch,Leaf Blotch,disease,leaf,.jpg,1000,1000,RGB,bd1eb9418f325dec73de3f3f4beb1c2bfb6bc1471586cfbb491ae6826bd773ff,383c3c3e3f3e3f3f,valid,TURM_DUP_0585,canonical,TURM_04946,True,
TURM_04947,DATASET/Turmeric Plant Disease Dataset Advancing AI for Agricultural Sustainability.zip#Turmeric Plant Disease Dataset Advancing AI for Agricultural Sustainability/Turmeric Plant Disease.zip#Turmeric Plant Disease/Leaf Blotch/Leaf Blotch00186.JPG,Turmeric Plant Disease Dataset Advancing AI (Original),Leaf Blotch,Leaf Blotch,disease,leaf,.jpg,1000,1000,RGB,23f426a391a7b3104c01f27ee37aa7069cfa66ed5ba638c9c73a83b6a81f9d91,1e1e1e1f1b1b1b1f,valid,TURM_DUP_0586,canonical,TURM_04947,True,
TURM_04948,DATASET/Turmeric Plant Disease Dataset Advancing AI for Agricultural Sustainability.zip#Turmeric Plant Disease Dataset Advancing AI for Agricultural Sustainability/Turmeric Plant Disease.zip#Turmeric Plant Disease/Leaf Blotch/Leaf Blotch00187.JPG,Turmeric Plant Disease Dataset Advancing AI (Original),Leaf Blotch,Leaf Blotch,disease,leaf,.jpg,1000,1000,RGB,05248aded2d49d43bc72283d7589202074ca5f7e0508f0c4482d829b0f6dd18d,4777371f1f173737,valid,TURM_DUP_0587,canonical,TURM_04948,True,
TURM_04949,DATASET/Turmeric Plant Disease Dataset Advancing AI for Agricultural Sustainability.zip#Turmeric Plant Disease Dataset Advancing AI for Agricultural Sustainability/Turmeric Plant Disease.zip#Turmeric Plant Disease/Leaf Blotch/Leaf Blotch00188.JPG,Turmeric Plant Disease Dataset Advancing AI (Original),Leaf Blotch,Leaf Blotch,disease,leaf,.jpg,1000,1000,RGB,6d119df8f558bcf9f38c2ca92a005b57488311f4e0f3d84edd020c3788b30de1,c5c7838303030303,valid,TURM_DUP_0588,canonical,TURM_04949,True,
TURM_04950,DATASET/Turmeric Plant Disease Dataset Advancing AI for Agricultural Sustainability.zip#Turmeric Plant Disease Dataset Advancing AI for Agricultural Sustainability/Turmeric Plant Disease.zip#Turmeric Plant Disease/Leaf Blotch/Leaf Blotch00189.JPG,Turmeric Plant Disease Dataset Advancing AI (Original),Leaf Blotch,Leaf Blotch,disease,leaf,.jpg,1000,1000,RGB,aea41f06bcaa33ee37e4b3f2b7b89c0317f77e686bdf4bf9a39a6b5eee35c469,470727070f1f0f0f,valid,TURM_DUP_0589,canonical,TURM_04950,True,
TURM_04951,DATASET/Turmeric Plant Disease Dataset Advancing AI for Agricultural Sustainability.zip#Turmeric Plant Disease Dataset Advancing AI for Agricultural Sustainability/Turmeric Plant Disease.zip#Turmeric Plant Disease/Leaf Blotch/Leaf Blotch00190.JPG,Turmeric Plant Disease Dataset Advancing AI (Original),Leaf Blotch,Leaf Blotch,disease,leaf,.jpg,1000,1000,RGB,fbd7dbabb9673cf75c0951bdefa8478046a9d68a1005e9c29ff33728aedf8d4d,6f6f6f7f7ff7f7d7,valid,TURM_DUP_0590,canonical,TURM_04951,True,
TURM_04952,DATASET/Turmeric Plant Disease Dataset Advancing AI for Agricultural Sustainability.zip#Turmeric Plant Disease Dataset Advancing AI for Agricultural Sustainability/Turmeric Plant Disease.zip#Turmeric Plant Disease/Leaf Blotch/Leaf Blotch00191.JPG,Turmeric Plant Disease Dataset Advancing AI (Original),Leaf Blotch,Leaf Blotch,disease,leaf,.jpg,1000,1000,RGB,17c89f8da564e311fda03de5003fd14d74bb77b3ca955b5f76c25aef367d8f23,c587cfcfcfcf8f0f,valid,TURM_DUP_0591,canonical,TURM_04952,True,
TURM_04953,DATASET/Turmeric Plant Disease Dataset Advancing AI for Agricultural Sustainability.zip#Turmeric Plant Disease Dataset Advancing AI for Agricultural Sustainability/Turmeric Plant Disease.zip#Turmeric Plant Disease/Leaf Blotch/Leaf Blotch00192.JPG,Turmeric Plant Disease Dataset Advancing AI (Original),Leaf Blotch,Leaf Blotch,disease,leaf,.jpg,1000,1000,RGB,2808e8ff4ef706ee5a9fb90d24035229dd1d1cb64784d19115a7c543ded1a8cb,deddedefa797974f,valid,TURM_DUP_0592,canonical,TURM_04953,True,
TURM_04954,DATASET/Turmeric Plant Disease Dataset Advancing AI for Agricultural Sustainability.zip#Turmeric Plant Disease Dataset Advancing AI for Agricultural Sustainability/Turmeric Plant Disease.zip#Turmeric Plant Disease/Leaf Blotch/Leaf Blotch00193.JPG,Turmeric Plant Disease Dataset Advancing AI (Original),Leaf Blotch,Leaf Blotch,disease,leaf,.jpg,1000,1000,RGB,de380ab07d2966c1ad65dc283e45421c40d05621ba16826d5274c1491097ae4b,1f3f3f3f3f3f371f,valid,TURM_DUP_0593,canonical,TURM_04954,True,
TURM_04955,DATASET/Turmeric Plant Disease Dataset Advancing AI for Agricultural Sustainability.zip#Turmeric Plant Disease Dataset Advancing AI for Agricultural Sustainability/Turmeric Plant Disease.zip#Turmeric Plant Disease/Leaf Blotch/Leaf Blotch00194.JPG,Turmeric Plant Disease Dataset Advancing AI (Original),Leaf Blotch,Leaf Blotch,disease,leaf,.jpg,1000,1000,RGB,a5db7c40ce54288175f30ab612f93901464bb9f4c1cea21799113cfcf866f298,171717131b1f1f1f,valid,TURM_DUP_0594,canonical,TURM_04955,True,
TURM_04956,DATASET/Turmeric Plant Disease Dataset Advancing AI for Agricultural Sustainability.zip#Turmeric Plant Disease Dataset Advancing AI for Agricultural Sustainability/Turmeric Plant Disease.zip#Turmeric Plant Disease/Leaf Blotch/Leaf Blotch00195.JPG,Turmeric Plant Disease Dataset Advancing AI (Original),Leaf Blotch,Leaf Blotch,disease,leaf,.jpg,1000,1000,RGB,0a6c95a4479715a03f0fd96968d9f387128650db42381c9ba29e147d1e4ad30a,0313135357676f7f,valid,TURM_DUP_0595,canonical,TURM_04956,True,
TURM_04957,DATASET/Turmeric Plant Disease Dataset Advancing AI for Agricultural Sustainability.zip#Turmeric Plant Disease Dataset Advancing AI for Agricultural Sustainability/Turmeric Plant Disease.zip#Turmeric Plant Disease/Leaf Blotch/Leaf Blotch00196.JPG,Turmeric Plant Disease Dataset Advancing AI (Original),Leaf Blotch,Leaf Blotch,disease,leaf,.jpg,1000,1000,RGB,ce7d399d0b4b0fa5856c2c54f46d778be7605964627c89642ab70c0c2034e8e0,6b4bcb8b1b0b0707,valid,TURM_DUP_0596,canonical,TURM_04957,True,
TURM_04958,DATASET/Turmeric Plant Disease Dataset Advancing AI for Agricultural Sustainability.zip#Turmeric Plant Disease Dataset Advancing AI for Agricultural Sustainability/Turmeric Plant Disease.zip#Turmeric Plant Disease/Leaf Blotch/Leaf Blotch00197.JPG,Turmeric Plant Disease Dataset Advancing AI (Original),Leaf Blotch,Leaf Blotch,disease,leaf,.jpg,1000,1000,RGB,b0aa511b70f63cd8717ecdf01acf6d6d1f34f4023ab597cd696aba8e3def2915,fdfcff3f2f3f0f0f,valid,TURM_DUP_0597,canonical,TURM_04958,True,
TURM_04959,DATASET/Turmeric Plant Disease Dataset Advancing AI for Agricultural Sustainability.zip#Turmeric Plant Disease Dataset Advancing AI for Agricultural Sustainability/Turmeric Plant Disease.zip#Turmeric Plant Disease/Leaf Blotch/Leaf Blotch00198.JPG,Turmeric Plant Disease Dataset Advancing AI (Original),Leaf Blotch,Leaf Blotch,disease,leaf,.jpg,1000,1000,RGB,373fd1627e1ffb741aee9623977ed0d0c51dec87f0ff810199b3c04b156e1cae,c317276f4f5f7f7f,valid,TURM_DUP_0598,canonical,TURM_04959,True,
TURM_04960,DATASET/Turmeric Plant Disease Dataset Advancing AI for Agricultural Sustainability.zip#Turmeric Plant Disease Dataset Advancing AI for Agricultural Sustainability/Turmeric Plant Disease.zip#Turmeric Plant Disease/Leaf Blotch/Leaf Blotch00199.JPG,Turmeric Plant Disease Dataset Advancing AI (Original),Leaf Blotch,Leaf Blotch,disease,leaf,.jpg,1000,1000,RGB,8c5e5999bf9f13e92c79a401c96bd97e22b0ba1260d2a64c184f374166542cc6,1313171f191b1b1f,valid,TURM_DUP_0599,canonical,TURM_04960,True,
