image_id,absolute_path,source_dataset,original_class,final_class,condition_type,duplicate_group_id,split,seed,sha256,width,height
TURM_04543,DATASET/Turmeric Plant Disease Dataset Advancing AI for Agricultural Sustainability.zip#Turmeric Plant Disease Dataset Advancing AI for Agricultural Sustainability/Turmeric Plant Disease.zip#Turmeric Plant Disease/Dry Leaf/Dry Leaf00182.JPG,Turmeric Plant Disease Dataset Advancing AI (Original),Dry Leaf,Dry Leaf,deficiency_or_stress,TURM_DUP_0182,train,42,e6877272264a68cf3e223bc004ffbf9c9aa74069942e6931ea937d70481f8e5e,1000,1000
TURM_04399,DATASET/Turmeric Plant Disease Dataset Advancing AI for Agricultural Sustainability.zip#Turmeric Plant Disease Dataset Advancing AI for Agricultural Sustainability/Turmeric Plant Disease.zip#Turmeric Plant Disease/Dry Leaf/Dry Leaf00038.JPG,Turmeric Plant Disease Dataset Advancing AI (Original),Dry Leaf,Dry Leaf,deficiency_or_stress,TURM_DUP_0038,train,42,8de0c82821b424e0dcb5f7f7f94f9cf28de9be2cd6d5351a3d237b60ede72f75,1000,1000
TURM_04422,DATASET/Turmeric Plant Disease Dataset Advancing AI for Agricultural Sustainability.zip#Turmeric Plant Disease Dataset Advancing AI for Agricultural Sustainability/Turmeric Plant Disease.zip#Turmeric Plant Disease/Dry Leaf/Dry Leaf00061.JPG,Turmeric Plant Disease Dataset Advancing AI (Original),Dry Leaf,Dry Leaf,deficiency_or_stress,TURM_DUP_0061,train,42,9aa32c341e869bed4c60079e93b477972cd0201529b60228151bd5633888ce01,1000,1000
TURM_04553,DATASET/Turmeric Plant Disease Dataset Advancing AI for Agricultural Sustainability.zip#Turmeric Plant Disease Dataset Advancing AI for Agricultural Sustainability/Turmeric Plant Disease.zip#Turmeric Plant Disease/Dry Leaf/Dry Leaf00192.JPG,Turmeric Plant Disease Dataset Advancing AI (Original),Dry Leaf,Dry Leaf,deficiency_or_stress,TURM_DUP_0192,train,42,4b568872b10d203c99bed176c1fd2830a510a65fcd2dca48d7e5a88a1ff77cdd,1000,1000
TURM_04367,DATASET/Turmeric Plant Disease Dataset Advancing AI for Agricultural Sustainability.zip#Turmeric Plant Disease Dataset Advancing AI for Agricultural Sustainability/Turmeric Plant Disease.zip#Turmeric Plant Disease/Dry Leaf/Dry Leaf00006.JPG,Turmeric Plant Disease Dataset Advancing AI (Original),Dry Leaf,Dry Leaf,deficiency_or_stress,TURM_DUP_0006,train,42,57b8547dff8490f74dafb5c3b24eae39a3e32bc822353c0bbd89cee6aae2379c,1000,1000
TURM_04466,DATASET/Turmeric Plant Disease Dataset Advancing AI for Agricultural Sustainability.zip#Turmeric Plant Disease Dataset Advancing AI for Agricultural Sustainability/Turmeric Plant Disease.zip#Turmeric Plant Disease/Dry Leaf/Dry Leaf00105.JPG,Turmeric Plant Disease Dataset Advancing AI (Original),Dry Leaf,Dry Leaf,deficiency_or_stress,TURM_DUP_0105,train,42,e58a223a8684d532e8c3444d8c6af5879dc4a06c1fc2c599e2e76802e9eb5a70,1000,1000
TURM_04560,DATASET/Turmeric Plant Disease Dataset Advancing AI for Agricultural Sustainability.zip#Turmeric Plant Disease Dataset Advancing AI for Agricultural Sustainability/Turmeric Plant Disease.zip#Turmeric Plant Disease/Dry Leaf/Dry Leaf00199.JPG,Turmeric Plant Disease Dataset Advancing AI (Original),Dry Leaf,Dry Leaf,deficiency_or_stress,TURM_DUP_0199,train,42,aef10c5c43620214404ea6245d7e4bfebf897a50be277e6c91aebb3ce5028ce6,1000,1000
TURM_04484,DATASET/Turmeric Plant Disease Dataset Advancing AI for Agricultural Sustainability.zip#Turmeric Plant Disease Dataset Advancing AI for Agricultural Sustainability/Turmeric Plant Disease.zip#Turmeric Plant Disease/Dry Leaf/Dry Leaf00123.JPG,Turmeric Plant Disease Dataset Advancing AI (Original),Dry Leaf,Dry Leaf,deficiency_or_stress,TURM_DUP_0123,train,42,756ed95a15a035d3bc02c72ef93052638707f25a081c79f5a66f0570943450c8,1000,1000
TURM_04375,DATASET/Turmeric Plant Disease Dataset Advancing AI for Agricultural Sustainability.zip#Turmeric Plant Disease Dataset Advancing AI for Agricultural Sustainability/Turmeric Plant Disease.zip#Turmeric Plant Disease/Dry Leaf/Dry Leaf00014.JPG,Turmeric Plant Disease Dataset Advancing AI (Original),Dry Leaf,Dry Leaf,deficiency_or_stress,TURM_DUP_0014,train,42,6919478e025f8d265f27bd9c3394f214c8c894711039a0d54ec746dfbc928816,1000,1000
TURM_04556,DATASET/Turmeric Plant Disease Dataset Advancing AI for Agricultural Sustainability.zip#Turmeric Plant Disease Dataset Advancing AI for Agricultural Sustainability/Turmeric Plant Disease.zip#Turmeric Plant Disease/Dry Leaf/Dry Leaf00195.JPG,Turmeric Plant Disease Dataset Advancing AI (Original),Dry Leaf,Dry Leaf,deficiency_or_stress,TURM_DUP_0195,train,42,b035b06e577aa0892dca0a16c8c8eafa2584ba03a61f85aed671c745f1ee44cb,1000,1000
TURM_04517,DATASET/Turmeric Plant Disease Dataset Advancing AI for Agricultural Sustainability.zip#Turmeric Plant Disease Dataset Advancing AI for Agricultural Sustainability/Turmeric Plant Disease.zip#Turmeric Plant Disease/Dry Leaf/Dry Leaf00156.JPG,Turmeric Plant Disease Dataset Advancing AI (Original),Dry Leaf,Dry Leaf,deficiency_or_stress,TURM_DUP_0156,train,42,19eceeb2f9aa5c569f103bc66d39a91cea395d98e335614db99f7762eeac6235,1000,1000
TURM_04428,DATASET/Turmeric Plant Disease Dataset Advancing AI for Agricultural Sustainability.zip#Turmeric Plant Disease Dataset Advancing AI for Agricultural Sustainability/Turmeric Plant Disease.zip#Turmeric Plant Disease/Dry Leaf/Dry Leaf00067.JPG,Turmeric Plant Disease Dataset Advancing AI (Original),Dry Leaf,Dry Leaf,deficiency_or_stress,TURM_DUP_0067,train,42,eba9a2689362d0aac2ad26c333ca8248159062925e78a32e3e7d974e4083e79f,1000,1000
TURM_04554,DATASET/Turmeric Plant Disease Dataset Advancing AI for Agricultural Sustainability.zip#Turmeric Plant Disease Dataset Advancing AI for Agricultural Sustainability/Turmeric Plant Disease.zip#Turmeric Plant Disease/Dry Leaf/Dry Leaf00193.JPG,Turmeric Plant Disease Dataset Advancing AI (Original),Dry Leaf,Dry Leaf,deficiency_or_stress,TURM_DUP_0193,train,42,57053002beb42934175b9e9b52974ac956c1ea94e434a8a5bd41f6822e4c3d43,1000,1000
TURM_04392,DATASET/Turmeric Plant Disease Dataset Advancing AI for Agricultural Sustainability.zip#Turmeric Plant Disease Dataset Advancing AI for Agricultural Sustainability/Turmeric Plant Disease.zip#Turmeric Plant Disease/Dry Leaf/Dry Leaf00031.JPG,Turmeric Plant Disease Dataset Advancing AI (Original),Dry Leaf,Dry Leaf,deficiency_or_stress,TURM_DUP_0031,train,42,7788904eb1c7fc7e6c0dbfd5a4fc9e4589878a01fbbc51cae794175671e7ffbf,1000,1000
TURM_04414,DATASET/Turmeric Plant Disease Dataset Advancing AI for Agricultural Sustainability.zip#Turmeric Plant Disease Dataset Advancing AI for Agricultural Sustainability/Turmeric Plant Disease.zip#Turmeric Plant Disease/Dry Leaf/Dry Leaf00053.JPG,Turmeric Plant Disease Dataset Advancing AI (Original),Dry Leaf,Dry Leaf,deficiency_or_stress,TURM_DUP_0053,train,42,d0d171b49d631fac0b5ad43043c0d2b36d684227fdb96b943d2c5186fa2f0614,1000,1000
TURM_04438,DATASET/Turmeric Plant Disease Dataset Advancing AI for Agricultural Sustainability.zip#Turmeric Plant Disease Dataset Advancing AI for Agricultural Sustainability/Turmeric Plant Disease.zip#Turmeric Plant Disease/Dry Leaf/Dry Leaf00077.JPG,Turmeric Plant Disease Dataset Advancing AI (Original),Dry Leaf,Dry Leaf,deficiency_or_stress,TURM_DUP_0077,train,42,c7a04e3fb84ede079e4e6a784fadfc4d70466daef9fee9e62eaf7e0032e5b8b9,1000,1000
TURM_04364,DATASET/Turmeric Plant Disease Dataset Advancing AI for Agricultural Sustainability.zip#Turmeric Plant Disease Dataset Advancing AI for Agricultural Sustainability/Turmeric Plant Disease.zip#Turmeric Plant Disease/Dry Leaf/Dry Leaf00003.JPG,Turmeric Plant Disease Dataset Advancing AI (Original),Dry Leaf,Dry Leaf,deficiency_or_stress,TURM_DUP_0003,train,42,e38e702cf5ea44692a397b15eb93601b4648eae165dff7bf2fdd89a7893ebac1,1000,1000
TURM_04523,DATASET/Turmeric Plant Disease Dataset Advancing AI for Agricultural Sustainability.zip#Turmeric Plant Disease Dataset Advancing AI for Agricultural Sustainability/Turmeric Plant Disease.zip#Turmeric Plant Disease/Dry Leaf/Dry Leaf00162.JPG,Turmeric Plant Disease Dataset Advancing AI (Original),Dry Leaf,Dry Leaf,deficiency_or_stress,TURM_DUP_0162,train,42,80eeec0fdc4e2c8bec8dfc12fed7743733c9eb0550356d28491cf236cb212281,1000,1000
TURM_04531,DATASET/Turmeric Plant Disease Dataset Advancing AI for Agricultural Sustainability.zip#Turmeric Plant Disease Dataset Advancing AI for Agricultural Sustainability/Turmeric Plant Disease.zip#Turmeric Plant Disease/Dry Leaf/Dry Leaf00170.JPG,Turmeric Plant Disease Dataset Advancing AI (Original),Dry Leaf,Dry Leaf,deficiency_or_stress,TURM_DUP_0170,train,42,6e4bc65e0a3086f41cdea2b99b2e1618d36cced1aa4e4e522c1bb35007dca33b,1000,1000
TURM_04409,DATASET/Turmeric Plant Disease Dataset Advancing AI for Agricultural Sustainability.zip#Turmeric Plant Disease Dataset Advancing AI for Agricultural Sustainability/Turmeric Plant Disease.zip#Turmeric Plant Disease/Dry Leaf/Dry Leaf00048.JPG,Turmeric Plant Disease Dataset Advancing AI (Original),Dry Leaf,Dry Leaf,deficiency_or_stress,TURM_DUP_0048,train,42,08844d769c3963a6bb7c6003189491995d44471a1327342521b3bbbc568e8690,1000,1000
TURM_04559,DATASET/Turmeric Plant Disease Dataset Advancing AI for Agricultural Sustainability.zip#Turmeric Plant Disease Dataset Advancing AI for Agricultural Sustainability/Turmeric Plant Disease.zip#Turmeric Plant Disease/Dry Leaf/Dry Leaf00198.JPG,Turmeric Plant Disease Dataset Advancing AI (Original),Dry Leaf,Dry Leaf,deficiency_or_stress,TURM_DUP_0198,train,42,27b88603f85195ed4922514c57494884f2d5a8d01fb32a939703f111a1dfd893,1000,1000
TURM_04526,DATASET/Turmeric Plant Disease Dataset Advancing AI for Agricultural Sustainability.zip#Turmeric Plant Disease Dataset Advancing AI for Agricultural Sustainability/Turmeric Plant Disease.zip#Turmeric Plant Disease/Dry Leaf/Dry Leaf00165.JPG,Turmeric Plant Disease Dataset Advancing AI (Original),Dry Leaf,Dry Leaf,deficiency_or_stress,TURM_DUP_0165,train,42,355e88d8da1c4244ea8384aa77db19078afedd808e07593e078aa7f018a4c563,1000,1000
TURM_04365,DATASET/Turmeric Plant Disease Dataset Advancing AI for Agricultural Sustainability.zip#Turmeric Plant Disease Dataset Advancing AI for Agricultural Sustainability/Turmeric Plant Disease.zip#Turmeric Plant Disease/Dry Leaf/Dry Leaf00004.JPG,Turmeric Plant Disease Dataset Advancing AI (Original),Dry Leaf,Dry Leaf,deficiency_or_stress,TURM_DUP_0004,train,42,b3a1ec1b66cd1b13d6e2e908e0a6a9c6b37b786e85d4e57e70fa721945950f4f,1000,1000
TURM_04407,DATASET/Turmeric Plant Disease Dataset Advancing AI for Agricultural Sustainability.zip#Turmeric Plant Disease Dataset Advancing AI for Agricultural Sustainability/Turmeric Plant Disease.zip#Turmeric Plant Disease/Dry Leaf/Dry Leaf00046.JPG,Turmeric Plant Disease Dataset Advancing AI (Original),Dry Leaf,Dry Leaf,deficiency_or_stress,TURM_DUP_0046,train,42,384058d51292ecb2f5be2d5707461e9c11ca60ffd9ab8343b6f84ec535e5558b,1000,1000
TURM_04377,DATASET/Turmeric Plant Disease Dataset Advancing AI for Agricultural Sustainability.zip#Turmeric Plant Disease Dataset Advancing AI for Agricultural Sustainability/Turmeric Plant Disease.zip#Turmeric Plant Disease/Dry Leaf/Dry Leaf00016.JPG,Turmeric Plant Disease Dataset Advancing AI (Original),Dry Leaf,Dry Leaf,deficiency_or_stress,TURM_DUP_0016,train,42,cd080caf346f38e2ce4a45fc7ecf797d8612ade0ef94f5e720d33c3c8055e8e9,1000,1000
TURM_04447,DATASET/Turmeric Plant Disease Dataset Advancing AI for Agricultural Sustainability.zip#Turmeric Plant Disease Dataset Advancing AI for Agricultural Sustainability/Turmeric Plant Disease.zip#Turmeric Plant Disease/Dry Leaf/Dry Leaf00086.JPG,Turmeric Plant Disease Dataset Advancing AI (Original),Dry Leaf,Dry Leaf,deficiency_or_stress,TURM_DUP_0086,train,42,669935f7b674dcef07777f58cc69df752ff36b9c81680b6d251dbdb747f54bd3,1000,1000
TURM_04398,DATASET/Turmeric Plant Disease Dataset Advancing AI for Agricultural Sustainability.zip#Turmeric Plant Disease Dataset Advancing AI for Agricultural Sustainability/Turmeric Plant Disease.zip#Turmeric Plant Disease/Dry Leaf/Dry Leaf00037.JPG,Turmeric Plant Disease Dataset Advancing AI (Original),Dry Leaf,Dry Leaf,deficiency_or_stress,TURM_DUP_0037,train,42,7a9ce8208cba75d7f70f2d013cc3e31aa2c864567ee9309e0b715a050f6c11ae,1000,1000
TURM_04404,DATASET/Turmeric Plant Disease Dataset Advancing AI for Agricultural Sustainability.zip#Turmeric Plant Disease Dataset Advancing AI for Agricultural Sustainability/Turmeric Plant Disease.zip#Turmeric Plant Disease/Dry Leaf/Dry Leaf00043.JPG,Turmeric Plant Disease Dataset Advancing AI (Original),Dry Leaf,Dry Leaf,deficiency_or_stress,TURM_DUP_0043,train,42,85ca35f300b9312458cc94df1b1cfd09327afbfa6195ba11f869c2277da90d32,1000,1000
TURM_04511,DATASET/Turmeric Plant Disease Dataset Advancing AI for Agricultural Sustainability.zip#Turmeric Plant Disease Dataset Advancing AI for Agricultural Sustainability/Turmeric Plant Disease.zip#Turmeric Plant Disease/Dry Leaf/Dry Leaf00150.JPG,Turmeric Plant Disease Dataset Advancing AI (Original),Dry Leaf,Dry Leaf,deficiency_or_stress,TURM_DUP_0150,train,42,ee45426f1f9d8bbdb690c0f13a4894ce1a4a59d2a7b908837c63c94fbc7a8501,1000,1000
TURM_04520,DATASET/Turmeric Plant Disease Dataset Advancing AI for Agricultural Sustainability.zip#Turmeric Plant Disease Dataset Advancing AI for Agricultural Sustainability/Turmeric Plant Disease.zip#Turmeric Plant Disease/Dry Leaf/Dry Leaf00159.JPG,Turmeric Plant Disease Dataset Advancing AI (Original),Dry Leaf,Dry Leaf,deficiency_or_stress,TURM_DUP_0159,train,42,06235f8874e4c2b39153a2b0922d04d7911495e5b28fe91c25c2d0a4e2b012f1,1000,1000
TURM_04440,DATASET/Turmeric Plant Disease Dataset Advancing AI for Agricultural Sustainability.zip#Turmeric Plant Disease Dataset Advancing AI for Agricultural Sustainability/Turmeric Plant Disease.zip#Turmeric Plant Disease/Dry Leaf/Dry Leaf00079.JPG,Turmeric Plant Disease Dataset Advancing AI (Original),Dry Leaf,Dry Leaf,deficiency_or_stress,TURM_DUP_0079,train,42,1f6e087d7212035df77783d7de4752f7700ec05b7df4e4a76f3f7282d7157451,1000,1000
TURM_04406,DATASET/Turmeric Plant Disease Dataset Advancing AI for Agricultural Sustainability.zip#Turmeric Plant Disease Dataset Advancing AI for Agricultural Sustainability/Turmeric Plant Disease.zip#Turmeric Plant Disease/Dry Leaf/Dry Leaf00045.JPG,Turmeric Plant Disease Dataset Advancing AI (Original),Dry Leaf,Dry Leaf,deficiency_or_stress,TURM_DUP_0045,train,42,0e112a368eac7880b48b8dbae655f2ae802cbe8d4e1238326b33123baa4f726e,1000,1000
TURM_04522,DATASET/Turmeric Plant Disease Dataset Advancing AI for Agricultural Sustainability.zip#Turmeric Plant Disease Dataset Advancing AI for Agricultural Sustainability/Turmeric Plant Disease.zip#Turmeric Plant Disease/Dry Leaf/Dry Leaf00161.JPG,Turmeric Plant Disease Dataset Advancing AI (Original),Dry Leaf,Dry Leaf,deficiency_or_stress,TURM_DUP_0161,train,42,4048dc99c6faee2a9bbd70e85f88f5ebc816fd46bc66342f833407f91b57bb83,1000,1000
TURM_04371,DATASET/Turmeric Plant Disease Dataset Advancing AI for Agricultural Sustainability.zip#Turmeric Plant Disease Dataset Advancing AI for Agricultural Sustainability/Turmeric Plant Disease.zip#Turmeric Plant Disease/Dry Leaf/Dry Leaf00010.JPG,Turmeric Plant Disease Dataset Advancing AI (Original),Dry Leaf,Dry Leaf,deficiency_or_stress,TURM_DUP_0010,train,42,5b5bb6467d6edf8ee4f941dc057cad4c0753833fec7761b431fb27543026dcc5,1000,1000
TURM_04374,DATASET/Turmeric Plant Disease Dataset Advancing AI for Agricultural Sustainability.zip#Turmeric Plant Disease Dataset Advancing AI for Agricultural Sustainability/Turmeric Plant Disease.zip#Turmeric Plant Disease/Dry Leaf/Dry Leaf00013.JPG,Turmeric Plant Disease Dataset Advancing AI (Original),Dry Leaf,Dry Leaf,deficiency_or_stress,TURM_DUP_0013,train,42,0a12bc3b59ee19bc4e81ded84783cabec7de90a686d419fb5d354a0403f23259,1000,1000
TURM_04400,DATASET/Turmeric Plant Disease Dataset Advancing AI for Agricultural Sustainability.zip#Turmeric Plant Disease Dataset Advancing AI for Agricultural Sustainability/Turmeric Plant Disease.zip#Turmeric Plant Disease/Dry Leaf/Dry Leaf00039.JPG,Turmeric Plant Disease Dataset Advancing AI (Original),Dry Leaf,Dry Leaf,deficiency_or_stress,TURM_DUP_0039,train,42,5ecfa33d70749e3d210493df50c054c9b6dad951b542c285a4df7aaca5689b34,1000,1000
TURM_04431,DATASET/Turmeric Plant Disease Dataset Advancing AI for Agricultural Sustainability.zip#Turmeric Plant Disease Dataset Advancing AI for Agricultural Sustainability/Turmeric Plant Disease.zip#Turmeric Plant Disease/Dry Leaf/Dry Leaf00070.JPG,Turmeric Plant Disease Dataset Advancing AI (Original),Dry Leaf,Dry Leaf,deficiency_or_stress,TURM_DUP_0070,train,42,a7f8fdb123beb7d220885e7834b6d909c9e6f45d1151ecb5765d4b2847109585,1000,1000
TURM_04446,DATASET/Turmeric Plant Disease Dataset Advancing AI for Agricultural Sustainability.zip#Turmeric Plant Disease Dataset Advancing AI for Agricultural Sustainability/Turmeric Plant Disease.zip#Turmeric Plant Disease/Dry Leaf/Dry Leaf00085.JPG,Turmeric Plant Disease Dataset Advancing AI (Original),Dry Leaf,Dry Leaf,deficiency_or_stress,TURM_DUP_0085,train,42,36f5e9edddb16d3d34385e815b8b18488ffeb95324c8bec30cf11e8d1428de7a,1000,1000
TURM_04457,DATASET/Turmeric Plant Disease Dataset Advancing AI for Agricultural Sustainability.zip#Turmeric Plant Disease Dataset Advancing AI for Agricultural Sustainability/Turmeric Plant Disease.zip#Turmeric Plant Disease/Dry Leaf/Dry Leaf00096.JPG,Turmeric Plant Disease Dataset Advancing AI (Original),Dry Leaf,Dry Leaf,deficiency_or_stress,TURM_DUP_0096,train,42,15a30d8c8f3a19ce99eecc47a4abe555f59a70d4d8e18684e4a65746d5c6d50b,1000,1000
TURM_04498,DATASET/Turmeric Plant Disease Dataset Advancing AI for Agricultural Sustainability.zip#Turmeric Plant Disease Dataset Advancing AI for Agricultural Sustainability/Turmeric Plant Disease.zip#Turmeric Plant Disease/Dry Leaf/Dry Leaf00137.JPG,Turmeric Plant Disease Dataset Advancing AI (Original),Dry Leaf,Dry Leaf,deficiency_or_stress,TURM_DUP_0137,train,42,64132a3541539acdf0ca24872dddfb83534525b5fbae0ee7819d0fe950db9390,1000,1000
TURM_04394,DATASET/Turmeric Plant Disease Dataset Advancing AI for Agricultural Sustainability.zip#Turmeric Plant Disease Dataset Advancing AI for Agricultural Sustainability/Turmeric Plant Disease.zip#Turmeric Plant Disease/Dry Leaf/Dry Leaf00033.JPG,Turmeric Plant Disease Dataset Advancing AI (Original),Dry Leaf,Dry Leaf,deficiency_or_stress,TURM_DUP_0033,train,42,8873fc51e69da80e8a776d2f3b534bd1e7c2c50ae7b8692dcaf894f2ae88142e,1000,1000
TURM_04423,DATASET/Turmeric Plant Disease Dataset Advancing AI for Agricultural Sustainability.zip#Turmeric Plant Disease Dataset Advancing AI for Agricultural Sustainability/Turmeric Plant Disease.zip#Turmeric Plant Disease/Dry Leaf/Dry Leaf00062.JPG,Turmeric Plant Disease Dataset Advancing AI (Original),Dry Leaf,Dry Leaf,deficiency_or_stress,TURM_DUP_0062,train,42,052e974a96c438f0786614db5fdafa54c9618cca910fefa47fba31bde5b435bb,1000,1000
TURM_04451,DATASET/Turmeric Plant Disease Dataset Advancing AI for Agricultural Sustainability.zip#Turmeric Plant Disease Dataset Advancing AI for Agricultural Sustainability/Turmeric Plant Disease.zip#Turmeric Plant Disease/Dry Leaf/Dry Leaf00090.JPG,Turmeric Plant Disease Dataset Advancing AI (Original),Dry Leaf,Dry Leaf,deficiency_or_stress,TURM_DUP_0090,train,42,5babc4741878fb9b0092b8f847a4ac94edc50ccba145d7c588fe0a4cd9ee8874,1000,1000
TURM_04468,DATASET/Turmeric Plant Disease Dataset Advancing AI for Agricultural Sustainability.zip#Turmeric Plant Disease Dataset Advancing AI for Agricultural Sustainability/Turmeric Plant Disease.zip#Turmeric Plant Disease/Dry Leaf/Dry Leaf00107.JPG,Turmeric Plant Disease Dataset Advancing AI (Original),Dry Leaf,Dry Leaf,deficiency_or_stress,TURM_DUP_0107,train,42,1398e8070aba10c0dbeb1739e66419e43027d1daad58253960e0fa10cd5314ec,1000,1000
TURM_04372,DATASET/Turmeric Plant Disease Dataset Advancing AI for Agricultural Sustainability.zip#Turmeric Plant Disease Dataset Advancing AI for Agricultural Sustainability/Turmeric Plant Disease.zip#Turmeric Plant Disease/Dry Leaf/Dry Leaf00011.JPG,Turmeric Plant Disease Dataset Advancing AI (Original),Dry Leaf,Dry Leaf,deficiency_or_stress,TURM_DUP_0011,train,42,0b01ed2c687b7c3e7a83b4a7aebae54a1b47705714dee6fc9f2cc383d3474a4e,1000,1000
TURM_04493,DATASET/Turmeric Plant Disease Dataset Advancing AI for Agricultural Sustainability.zip#Turmeric Plant Disease Dataset Advancing AI for Agricultural Sustainability/Turmeric Plant Disease.zip#Turmeric Plant Disease/Dry Leaf/Dry Leaf00132.JPG,Turmeric Plant Disease Dataset Advancing AI (Original),Dry Leaf,Dry Leaf,deficiency_or_stress,TURM_DUP_0132,train,42,6ad1984ab2f5869d796580739ddc3fde3e5a24608a21d4b99e04304fa8f4d850,1000,1000
TURM_04477,DATASET/Turmeric Plant Disease Dataset Advancing AI for Agricultural Sustainability.zip#Turmeric Plant Disease Dataset Advancing AI for Agricultural Sustainability/Turmeric Plant Disease.zip#Turmeric Plant Disease/Dry Leaf/Dry Leaf00116.JPG,Turmeric Plant Disease Dataset Advancing AI (Original),Dry Leaf,Dry Leaf,deficiency_or_stress,TURM_DUP_0116,train,42,e2dc992f50c141e86f7f4b872f1a5f4f902051e877aeaac095d596bfdd24e743,1000,1000
TURM_04435,DATASET/Turmeric Plant Disease Dataset Advancing AI for Agricultural Sustainability.zip#Turmeric Plant Disease Dataset Advancing AI for Agricultural Sustainability/Turmeric Plant Disease.zip#Turmeric Plant Disease/Dry Leaf/Dry Leaf00074.JPG,Turmeric Plant Disease Dataset Advancing AI (Original),Dry Leaf,Dry Leaf,deficiency_or_stress,TURM_DUP_0074,train,42,e8d4fca635b4a93f85a10829c5132a6346ebbb076efc29c3085f5bfbadb0b0e9,1000,1000
TURM_04486,DATASET/Turmeric Plant Disease Dataset Advancing AI for Agricultural Sustainability.zip#Turmeric Plant Disease Dataset Advancing AI for Agricultural Sustainability/Turmeric Plant Disease.zip#Turmeric Plant Disease/Dry Leaf/Dry Leaf00125.JPG,Turmeric Plant Disease Dataset Advancing AI (Original),Dry Leaf,Dry Leaf,deficiency_or_stress,TURM_DUP_0125,train,42,5c43bc40097e33f953dc60c8403fe6557edd058eb1d4e9ddef862ddcfffe68bf,1000,1000
TURM_04473,DATASET/Turmeric Plant Disease Dataset Advancing AI for Agricultural Sustainability.zip#Turmeric Plant Disease Dataset Advancing AI for Agricultural Sustainability/Turmeric Plant Disease.zip#Turmeric Plant Disease/Dry Leaf/Dry Leaf00112.JPG,Turmeric Plant Disease Dataset Advancing AI (Original),Dry Leaf,Dry Leaf,deficiency_or_stress,TURM_DUP_0112,train,42,d4f124e0cefdc7cdaf867f77b28b9d4d8be548293adf66583d1e5f02914bd4db,1000,1000
TURM_04441,DATASET/Turmeric Plant Disease Dataset Advancing AI for Agricultural Sustainability.zip#Turmeric Plant Disease Dataset Advancing AI for Agricultural Sustainability/Turmeric Plant Disease.zip#Turmeric Plant Disease/Dry Leaf/Dry Leaf00080.JPG,Turmeric Plant Disease Dataset Advancing AI (Original),Dry Leaf,Dry Leaf,deficiency_or_stress,TURM_DUP_0080,train,42,985a3e273e22bc9c9aee8b8325fe1b6980dd0f6bc58fb62956701b9e965c747c,1000,1000
TURM_04508,DATASET/Turmeric Plant Disease Dataset Advancing AI for Agricultural Sustainability.zip#Turmeric Plant Disease Dataset Advancing AI for Agricultural Sustainability/Turmeric Plant Disease.zip#Turmeric Plant Disease/Dry Leaf/Dry Leaf00147.JPG,Turmeric Plant Disease Dataset Advancing AI (Original),Dry Leaf,Dry Leaf,deficiency_or_stress,TURM_DUP_0147,train,42,3f3ecc0f6256a0d98ab3777c1efaf54551e35743230373e8c12b9e597408a026,1000,1000
TURM_04426,DATASET/Turmeric Plant Disease Dataset Advancing AI for Agricultural Sustainability.zip#Turmeric Plant Disease Dataset Advancing AI for Agricultural Sustainability/Turmeric Plant Disease.zip#Turmeric Plant Disease/Dry Leaf/Dry Leaf00065.JPG,Turmeric Plant Disease Dataset Advancing AI (Original),Dry Leaf,Dry Leaf,deficiency_or_stress,TURM_DUP_0065,train,42,7f279d8013bd6096641c836813cbdfe6d2930012a300c349c33f047f8eb09d19,1000,1000
TURM_04462,DATASET/Turmeric Plant Disease Dataset Advancing AI for Agricultural Sustainability.zip#Turmeric Plant Disease Dataset Advancing AI for Agricultural Sustainability/Turmeric Plant Disease.zip#Turmeric Plant Disease/Dry Leaf/Dry Leaf00101.JPG,Turmeric Plant Disease Dataset Advancing AI (Original),Dry Leaf,Dry Leaf,deficiency_or_stress,TURM_DUP_0101,train,42,73cb7f810bf151c572ac62839ed49124f365c095c038a35e9b0022a4f1b18e68,1000,1000
TURM_04558,DATASET/Turmeric Plant Disease Dataset Advancing AI for Agricultural Sustainability.zip#Turmeric Plant Disease Dataset Advancing AI for Agricultural Sustainability/Turmeric Plant Disease.zip#Turmeric Plant Disease/Dry Leaf/Dry Leaf00197.JPG,Turmeric Plant Disease Dataset Advancing AI (Original),Dry Leaf,Dry Leaf,deficiency_or_stress,TURM_DUP_0197,train,42,d827a36527281e0cea1ad0aa22c4ada060488d6cf00c81d345df54b3f1b4accf,1000,1000
TURM_04472,DATASET/Turmeric Plant Disease Dataset Advancing AI for Agricultural Sustainability.zip#Turmeric Plant Disease Dataset Advancing AI for Agricultural Sustainability/Turmeric Plant Disease.zip#Turmeric Plant Disease/Dry Leaf/Dry Leaf00111.JPG,Turmeric Plant Disease Dataset Advancing AI (Original),Dry Leaf,Dry Leaf,deficiency_or_stress,TURM_DUP_0111,train,42,6ef5a545d528e285c5a7c2563180f14dae73f4d71d43384fdd335535dffe7282,1000,1000
TURM_04488,DATASET/Turmeric Plant Disease Dataset Advancing AI for Agricultural Sustainability.zip#Turmeric Plant Disease Dataset Advancing AI for Agricultural Sustainability/Turmeric Plant Disease.zip#Turmeric Plant Disease/Dry Leaf/Dry Leaf00127.JPG,Turmeric Plant Disease Dataset Advancing AI (Original),Dry Leaf,Dry Leaf,deficiency_or_stress,TURM_DUP_0127,train,42,77c1dec600f3879c5e20dddca3eb00d143e850d28198fa32e287c38bfc257373,1000,1000
TURM_04405,DATASET/Turmeric Plant Disease Dataset Advancing AI for Agricultural Sustainability.zip#Turmeric Plant Disease Dataset Advancing AI for Agricultural Sustainability/Turmeric Plant Disease.zip#Turmeric Plant Disease/Dry Leaf/Dry Leaf00044.JPG,Turmeric Plant Disease Dataset Advancing AI (Original),Dry Leaf,Dry Leaf,deficiency_or_stress,TURM_DUP_0044,train,42,84826228187766057ed61755d58b079502c9604e09f4dc3896e78b8680d78514,1000,1000
TURM_04362,DATASET/Turmeric Plant Disease Dataset Advancing AI for Agricultural Sustainability.zip#Turmeric Plant Disease Dataset Advancing AI for Agricultural Sustainability/Turmeric Plant Disease.zip#Turmeric Plant Disease/Dry Leaf/Dry Leaf00001.JPG,Turmeric Plant Disease Dataset Advancing AI (Original),Dry Leaf,Dry Leaf,deficiency_or_stress,TURM_DUP_0001,train,42,e1c589a5298a3e87c82dc61d7eef4155df59d1d6158bf5c49ce3fa36d803a09c,1000,1000
TURM_04564,DATASET/Turmeric Plant Disease Dataset Advancing AI for Agricultural Sustainability.zip#Turmeric Plant Disease Dataset Advancing AI for Agricultural Sustainability/Turmeric Plant Disease.zip#Turmeric Plant Disease/Dry Leaf/Dry Leaf00203.JPG,Turmeric Plant Disease Dataset Advancing AI (Original),Dry Leaf,Dry Leaf,deficiency_or_stress,TURM_DUP_0203,train,42,51954e9e40afdf9051bf2f05724ec2305c02e9b61d2f2dfae09d03f7837faf29,1000,1000
TURM_04557,DATASET/Turmeric Plant Disease Dataset Advancing AI for Agricultural Sustainability.zip#Turmeric Plant Disease Dataset Advancing AI for Agricultural Sustainability/Turmeric Plant Disease.zip#Turmeric Plant Disease/Dry Leaf/Dry Leaf00196.JPG,Turmeric Plant Disease Dataset Advancing AI (Original),Dry Leaf,Dry Leaf,deficiency_or_stress,TURM_DUP_0196,train,42,5331e1d5d1d6c1ec1a4dec26c26fdc7f5045fa965b37adb6b0703d2e8b63b74f,1000,1000
TURM_04378,DATASET/Turmeric Plant Disease Dataset Advancing AI for Agricultural Sustainability.zip#Turmeric Plant Disease Dataset Advancing AI for Agricultural Sustainability/Turmeric Plant Disease.zip#Turmeric Plant Disease/Dry Leaf/Dry Leaf00017.JPG,Turmeric Plant Disease Dataset Advancing AI (Original),Dry Leaf,Dry Leaf,deficiency_or_stress,TURM_DUP_0017,train,42,ed54120ede7edce786fa82474bb632f107843e14ba2eebf9b578aa44c1ae7789,1000,1000
TURM_04492,DATASET/Turmeric Plant Disease Dataset Advancing AI for Agricultural Sustainability.zip#Turmeric Plant Disease Dataset Advancing AI for Agricultural Sustainability/Turmeric Plant Disease.zip#Turmeric Plant Disease/Dry Leaf/Dry Leaf00131.JPG,Turmeric Plant Disease Dataset Advancing AI (Original),Dry Leaf,Dry Leaf,deficiency_or_stress,TURM_DUP_0131,train,42,5d4c316a9b661303adaa934b238fde8158ea2b540bddbac7a7aea465bf45b0d8,1000,1000
TURM_04481,DATASET/Turmeric Plant Disease Dataset Advancing AI for Agricultural Sustainability.zip#Turmeric Plant Disease Dataset Advancing AI for Agricultural Sustainability/Turmeric Plant Disease.zip#Turmeric Plant Disease/Dry Leaf/Dry Leaf00120.JPG,Turmeric Plant Disease Dataset Advancing AI (Original),Dry Leaf,Dry Leaf,deficiency_or_stress,TURM_DUP_0120,train,42,5dd8964ef4339b05e768a6aa9f86f2c34f8c6242c0d580485d649a4206a7e0d6,1000,1000
TURM_04480,DATASET/Turmeric Plant Disease Dataset Advancing AI for Agricultural Sustainability.zip#Turmeric Plant Disease Dataset Advancing AI for Agricultural Sustainability/Turmeric Plant Disease.zip#Turmeric Plant Disease/Dry Leaf/Dry Leaf00119.JPG,Turmeric Plant Disease Dataset Advancing AI (Original),Dry Leaf,Dry Leaf,deficiency_or_stress,TURM_DUP_0119,train,42,3547006432e4581beaa6683f89524efa0b7aa6e43991956585ff0ebe4f16855a,1000,1000
TURM_04506,DATASET/Turmeric Plant Disease Dataset Advancing AI for Agricultural Sustainability.zip#Turmeric Plant Disease Dataset Advancing AI for Agricultural Sustainability/Turmeric Plant Disease.zip#Turmeric Plant Disease/Dry Leaf/Dry Leaf00145.JPG,Turmeric Plant Disease Dataset Advancing AI (Original),Dry Leaf,Dry Leaf,deficiency_or_stress,TURM_DUP_0145,train,42,17b07c19e0a269fd5d0d9ab343b632df760ee8698ece73129a27cbc68f72a1ab,1000,1000
TURM_04529,DATASET/Turmeric Plant Disease Dataset Advancing AI for Agricultural Sustainability.zip#Turmeric Plant Disease Dataset Advancing AI for Agricultural Sustainability/Turmeric Plant Disease.zip#Turmeric Plant Disease/Dry Leaf/Dry Leaf00168.JPG,Turmeric Plant Disease Dataset Advancing AI (Original),Dry Leaf,Dry Leaf,deficiency_or_stress,TURM_DUP_0168,train,42,c3fab8ac78455d80054578fd5e343e26be49ee6999b1984aa2a622ae875a45d4,1000,1000
TURM_04442,DATASET/Turmeric Plant Disease Dataset Advancing AI for Agricultural Sustainability.zip#Turmeric Plant Disease Dataset Advancing AI for Agricultural Sustainability/Turmeric Plant Disease.zip#Turmeric Plant Disease/Dry Leaf/Dry Leaf00081.JPG,Turmeric Plant Disease Dataset Advancing AI (Original),Dry Leaf,Dry Leaf,deficiency_or_stress,TURM_DUP_0081,train,42,acc1bbaea4781da85f7fb23c86917f043caf2a519975f5028926ca8a4c6bfe9d,1000,1000
TURM_04482,DATASET/Turmeric Plant Disease Dataset Advancing AI for Agricultural Sustainability.zip#Turmeric Plant Disease Dataset Advancing AI for Agricultural Sustainability/Turmeric Plant Disease.zip#Turmeric Plant Disease/Dry Leaf/Dry Leaf00121.JPG,Turmeric Plant Disease Dataset Advancing AI (Original),Dry Leaf,Dry Leaf,deficiency_or_stress,TURM_DUP_0121,train,42,c29b9c4a5f51f8d7d6a3c900efefb963b81cfb68d971aa9f6fdb591e70c152fd,1000,1000
TURM_04381,DATASET/Turmeric Plant Disease Dataset Advancing AI for Agricultural Sustainability.zip#Turmeric Plant Disease Dataset Advancing AI for Agricultural Sustainability/Turmeric Plant Disease.zip#Turmeric Plant Disease/Dry Leaf/Dry Leaf00020.JPG,Turmeric Plant Disease Dataset Advancing AI (Original),Dry Leaf,Dry Leaf,deficiency_or_stress,TURM_DUP_0020,train,42,5d3e1f8c3a0b4978ce154a814d2fbecf2f2fff851b634549f89b00763e94546e,1000,1000
TURM_04376,DATASET/Turmeric Plant Disease Dataset Advancing AI for Agricultural Sustainability.zip#Turmeric Plant Disease Dataset Advancing AI for Agricultural Sustainability/Turmeric Plant Disease.zip#Turmeric Plant Disease/Dry Leaf/Dry Leaf00015.JPG,Turmeric Plant Disease Dataset Advancing AI (Original),Dry Leaf,Dry Leaf,deficiency_or_stress,TURM_DUP_0015,train,42,a98ad8ba864da5d154bed9fc5568a9cf9afa9604b99dfeb1d7c6ade0981463b2,1000,1000
TURM_04541,DATASET/Turmeric Plant Disease Dataset Advancing AI for Agricultural Sustainability.zip#Turmeric Plant Disease Dataset Advancing AI for Agricultural Sustainability/Turmeric Plant Disease.zip#Turmeric Plant Disease/Dry Leaf/Dry Leaf00180.JPG,Turmeric Plant Disease Dataset Advancing AI (Original),Dry Leaf,Dry Leaf,deficiency_or_stress,TURM_DUP_0180,train,42,3d03ff4e37190718bc45df8b830dc2c3184514a7a5870d224537c8c2119f6039,1000,1000
TURM_04504,DATASET/Turmeric Plant Disease Dataset Advancing AI for Agricultural Sustainability.zip#Turmeric Plant Disease Dataset Advancing AI for Agricultural Sustainability/Turmeric Plant Disease.zip#Turmeric Plant Disease/Dry Leaf/Dry Leaf00143.JPG,Turmeric Plant Disease Dataset Advancing AI (Original),Dry Leaf,Dry Leaf,deficiency_or_stress,TURM_DUP_0143,train,42,264aaf55af985e2d563adbfe4338e6d7666deb78327e547e536cc5a3f2933d56,1000,1000
TURM_04507,DATASET/Turmeric Plant Disease Dataset Advancing AI for Agricultural Sustainability.zip#Turmeric Plant Disease Dataset Advancing AI for Agricultural Sustainability/Turmeric Plant Disease.zip#Turmeric Plant Disease/Dry Leaf/Dry Leaf00146.JPG,Turmeric Plant Disease Dataset Advancing AI (Original),Dry Leaf,Dry Leaf,deficiency_or_stress,TURM_DUP_0146,train,42,b854f374c9ddd4b3b8e59c133547a6b7367e59a23040ce57c8f1a592c753a0e1,1000,1000
TURM_04427,DATASET/Turmeric Plant Disease Dataset Advancing AI for Agricultural Sustainability.zip#Turmeric Plant Disease Dataset Advancing AI for Agricultural Sustainability/Turmeric Plant Disease.zip#Turmeric Plant Disease/Dry Leaf/Dry Leaf00066.JPG,Turmeric Plant Disease Dataset Advancing AI (Original),Dry Leaf,Dry Leaf,deficiency_or_stress,TURM_DUP_0066,train,42,8d3a37317a38e956c4ff03ab59e19e5fcc7319739cef6b6784ac7d52a7a12037,1000,1000
TURM_04524,DATASET/Turmeric Plant Disease Dataset Advancing AI for Agricultural Sustainability.zip#Turmeric Plant Disease Dataset Advancing AI for Agricultural Sustainability/Turmeric Plant Disease.zip#Turmeric Plant Disease/Dry Leaf/Dry Leaf00163.JPG,Turmeric Plant Disease Dataset Advancing AI (Original),Dry Leaf,Dry Leaf,deficiency_or_stress,TURM_DUP_0163,train,42,bc95b841200b2cf0f8df9a5ea8395f11d9efaeb24c4933eb3f93356c94fffc8a,1000,1000
TURM_04475,DATASET/Turmeric Plant Disease Dataset Advancing AI for Agricultural Sustainability.zip#Turmeric Plant Disease Dataset Advancing AI for Agricultural Sustainability/Turmeric Plant Disease.zip#Turmeric Plant Disease/Dry Leaf/Dry Leaf00114.JPG,Turmeric Plant Disease Dataset Advancing AI (Original),Dry Leaf,Dry Leaf,deficiency_or_stress,TURM_DUP_0114,train,42,d75e28a962e4594b4fe607248d39e76b75c8cd6519aec9874e41c54bae4a9e95,1000,1000
TURM_04408,DATASET/Turmeric Plant Disease Dataset Advancing AI for Agricultural Sustainability.zip#Turmeric Plant Disease Dataset Advancing AI for Agricultural Sustainability/Turmeric Plant Disease.zip#Turmeric Plant Disease/Dry Leaf/Dry Leaf00047.JPG,Turmeric Plant Disease Dataset Advancing AI (Original),Dry Leaf,Dry Leaf,deficiency_or_stress,TURM_DUP_0047,train,42,4e59250aa8504cdfb02e3a8f2ac48ca28a6d062a73234ce731ff56036f3565bf,1000,1000
TURM_04463,DATASET/Turmeric Plant Disease Dataset Advancing AI for Agricultural Sustainability.zip#Turmeric Plant Disease Dataset Advancing AI for Agricultural Sustainability/Turmeric Plant Disease.zip#Turmeric Plant Disease/Dry Leaf/Dry Leaf00102.JPG,Turmeric Plant Disease Dataset Advancing AI (Original),Dry Leaf,Dry Leaf,deficiency_or_stress,TURM_DUP_0102,train,42,739c911ceac1773406e3b11cb09d783d792f3552a7806863c70ba9f0f2d71e0a,1000,1000
TURM_04496,DATASET/Turmeric Plant Disease Dataset Advancing AI for Agricultural Sustainability.zip#Turmeric Plant Disease Dataset Advancing AI for Agricultural Sustainability/Turmeric Plant Disease.zip#Turmeric Plant Disease/Dry Leaf/Dry Leaf00135.JPG,Turmeric Plant Disease Dataset Advancing AI (Original),Dry Leaf,Dry Leaf,deficiency_or_stress,TURM_DUP_0135,train,42,a843de283cb5b39cd701bd0661abdbc5bccbab1e9b4d1798efd6bfd994d83cac,1000,1000
TURM_04416,DATASET/Turmeric Plant Disease Dataset Advancing AI for Agricultural Sustainability.zip#Turmeric Plant Disease Dataset Advancing AI for Agricultural Sustainability/Turmeric Plant Disease.zip#Turmeric Plant Disease/Dry Leaf/Dry Leaf00055.JPG,Turmeric Plant Disease Dataset Advancing AI (Original),Dry Leaf,Dry Leaf,deficiency_or_stress,TURM_DUP_0055,train,42,cc2911cb7eac31d9813eb5394c54464eb2650a975c01a8d36f7f9e6d2af9a67f,1000,1000
TURM_04502,DATASET/Turmeric Plant Disease Dataset Advancing AI for Agricultural Sustainability.zip#Turmeric Plant Disease Dataset Advancing AI for Agricultural Sustainability/Turmeric Plant Disease.zip#Turmeric Plant Disease/Dry Leaf/Dry Leaf00141.JPG,Turmeric Plant Disease Dataset Advancing AI (Original),Dry Leaf,Dry Leaf,deficiency_or_stress,TURM_DUP_0141,train,42,0f284251c86ec07a2639cb5c47eac80a8ffb2932d0a4737da7f08cd75e5abcc3,1000,1000
TURM_04474,DATASET/Turmeric Plant Disease Dataset Advancing AI for Agricultural Sustainability.zip#Turmeric Plant Disease Dataset Advancing AI for Agricultural Sustainability/Turmeric Plant Disease.zip#Turmeric Plant Disease/Dry Leaf/Dry Leaf00113.JPG,Turmeric Plant Disease Dataset Advancing AI (Original),Dry Leaf,Dry Leaf,deficiency_or_stress,TURM_DUP_0113,train,42,7f48a03e164eb9825f2b4a82b67291ba21dc38ae273caefd226bd033aa10038d,1000,1000
TURM_04485,DATASET/Turmeric Plant Disease Dataset Advancing AI for Agricultural Sustainability.zip#Turmeric Plant Disease Dataset Advancing AI for Agricultural Sustainability/Turmeric Plant Disease.zip#Turmeric Plant Disease/Dry Leaf/Dry Leaf00124.JPG,Turmeric Plant Disease Dataset Advancing AI (Original),Dry Leaf,Dry Leaf,deficiency_or_stress,TURM_DUP_0124,train,42,894ca13cdd331bedbaad4ab143ded25660c91d37c5438bbedd25909d5de0310a,1000,1000
TURM_04534,DATASET/Turmeric Plant Disease Dataset Advancing AI for Agricultural Sustainability.zip#Turmeric Plant Disease Dataset Advancing AI for Agricultural Sustainability/Turmeric Plant Disease.zip#Turmeric Plant Disease/Dry Leaf/Dry Leaf00173.JPG,Turmeric Plant Disease Dataset Advancing AI (Original),Dry Leaf,Dry Leaf,deficiency_or_stress,TURM_DUP_0173,train,42,dc952c0fca49668a17dd55d19e19e9369bc2d9be8a5447032d9e4626229047a1,1000,1000
TURM_04483,DATASET/Turmeric Plant Disease Dataset Advancing AI for Agricultural Sustainability.zip#Turmeric Plant Disease Dataset Advancing AI for Agricultural Sustainability/Turmeric Plant Disease.zip#Turmeric Plant Disease/Dry Leaf/Dry Leaf00122.JPG,Turmeric Plant Disease Dataset Advancing AI (Original),Dry Leaf,Dry Leaf,deficiency_or_stress,TURM_DUP_0122,train,42,f4c98e627b86f34d545dfa70f914b5a3482f9dac29e37e4277a46b7a042753b4,1000,1000
TURM_04540,DATASET/Turmeric Plant Disease Dataset Advancing AI for Agricultural Sustainability.zip#Turmeric Plant Disease Dataset Advancing AI for Agricultural Sustainability/Turmeric Plant Disease.zip#Turmeric Plant Disease/Dry Leaf/Dry Leaf00179.JPG,Turmeric Plant Disease Dataset Advancing AI (Original),Dry Leaf,Dry Leaf,deficiency_or_stress,TURM_DUP_0179,train,42,200dca98c8c3f3b9d0a8e0c4afbe44b6adeaa8bdbf03385c2c9485f8b0999b0e,1000,1000
TURM_04395,DATASET/Turmeric Plant Disease Dataset Advancing AI for Agricultural Sustainability.zip#Turmeric Plant Disease Dataset Advancing AI for Agricultural Sustainability/Turmeric Plant Disease.zip#Turmeric Plant Disease/Dry Leaf/Dry Leaf00034.JPG,Turmeric Plant Disease Dataset Advancing AI (Original),Dry Leaf,Dry Leaf,deficiency_or_stress,TURM_DUP_0034,train,42,58ce23ea4c9e76713228cf326aa4290e5971a524592e37c0c7a9b7e5d3db9d1d,1000,1000
TURM_04489,DATASET/Turmeric Plant Disease Dataset Advancing AI for Agricultural Sustainability.zip#Turmeric Plant Disease Dataset Advancing AI for Agricultural Sustainability/Turmeric Plant Disease.zip#Turmeric Plant Disease/Dry Leaf/Dry Leaf00128.JPG,Turmeric Plant Disease Dataset Advancing AI (Original),Dry Leaf,Dry Leaf,deficiency_or_stress,TURM_DUP_0128,train,42,791b8a36ba3aa93a73459e24c32302b046c760f248f9dfffa80f22fe0f69fc69,1000,1000
TURM_04509,DATASET/Turmeric Plant Disease Dataset Advancing AI for Agricultural Sustainability.zip#Turmeric Plant Disease Dataset Advancing AI for Agricultural Sustainability/Turmeric Plant Disease.zip#Turmeric Plant Disease/Dry Leaf/Dry Leaf00148.JPG,Turmeric Plant Disease Dataset Advancing AI (Original),Dry Leaf,Dry Leaf,deficiency_or_stress,TURM_DUP_0148,train,42,0050548bb52901a3e124cb73b2757f62e37b3515ae2f5740dde545c5c27b570e,1000,1000
TURM_04444,DATASET/Turmeric Plant Disease Dataset Advancing AI for Agricultural Sustainability.zip#Turmeric Plant Disease Dataset Advancing AI for Agricultural Sustainability/Turmeric Plant Disease.zip#Turmeric Plant Disease/Dry Leaf/Dry Leaf00083.JPG,Turmeric Plant Disease Dataset Advancing AI (Original),Dry Leaf,Dry Leaf,deficiency_or_stress,TURM_DUP_0083,train,42,b5c3ec570d1c2fa9cb523085015eb29afbe7450501fdc83f282d2e8e4404b3db,1000,1000
TURM_04539,DATASET/Turmeric Plant Disease Dataset Advancing AI for Agricultural Sustainability.zip#Turmeric Plant Disease Dataset Advancing AI for Agricultural Sustainability/Turmeric Plant Disease.zip#Turmeric Plant Disease/Dry Leaf/Dry Leaf00178.JPG,Turmeric Plant Disease Dataset Advancing AI (Original),Dry Leaf,Dry Leaf,deficiency_or_stress,TURM_DUP_0178,train,42,ee8961ef7f97d5ed69143791904ece22a4690a798fbe65a266a0bbdd3c6d137b,1000,1000
TURM_04425,DATASET/Turmeric Plant Disease Dataset Advancing AI for Agricultural Sustainability.zip#Turmeric Plant Disease Dataset Advancing AI for Agricultural Sustainability/Turmeric Plant Disease.zip#Turmeric Plant Disease/Dry Leaf/Dry Leaf00064.JPG,Turmeric Plant Disease Dataset Advancing AI (Original),Dry Leaf,Dry Leaf,deficiency_or_stress,TURM_DUP_0064,train,42,597da5b4e1e51f4ca9e44e01aff179c864065316f034c75a22c6267c01d453eb,1000,1000
TURM_04445,DATASET/Turmeric Plant Disease Dataset Advancing AI for Agricultural Sustainability.zip#Turmeric Plant Disease Dataset Advancing AI for Agricultural Sustainability/Turmeric Plant Disease.zip#Turmeric Plant Disease/Dry Leaf/Dry Leaf00084.JPG,Turmeric Plant Disease Dataset Advancing AI (Original),Dry Leaf,Dry Leaf,deficiency_or_stress,TURM_DUP_0084,train,42,bdffd740336aba1f0e1b0a04af22ccd3538e0d06813b5cd17dc472d4d4691cdb,1000,1000
TURM_04471,DATASET/Turmeric Plant Disease Dataset Advancing AI for Agricultural Sustainability.zip#Turmeric Plant Disease Dataset Advancing AI for Agricultural Sustainability/Turmeric Plant Disease.zip#Turmeric Plant Disease/Dry Leaf/Dry Leaf00110.JPG,Turmeric Plant Disease Dataset Advancing AI (Original),Dry Leaf,Dry Leaf,deficiency_or_stress,TURM_DUP_0110,train,42,078a2e72c0474b36a38b7d305ec37907597cf47dd2bfc4fc586462cc02e38c8b,1000,1000
TURM_04464,DATASET/Turmeric Plant Disease Dataset Advancing AI for Agricultural Sustainability.zip#Turmeric Plant Disease Dataset Advancing AI for Agricultural Sustainability/Turmeric Plant Disease.zip#Turmeric Plant Disease/Dry Leaf/Dry Leaf00103.JPG,Turmeric Plant Disease Dataset Advancing AI (Original),Dry Leaf,Dry Leaf,deficiency_or_stress,TURM_DUP_0103,train,42,bbfb3df38cb3490b790738984ea414551d8babc594859e0349b9edea546188c8,1000,1000
TURM_04519,DATASET/Turmeric Plant Disease Dataset Advancing AI for Agricultural Sustainability.zip#Turmeric Plant Disease Dataset Advancing AI for Agricultural Sustainability/Turmeric Plant Disease.zip#Turmeric Plant Disease/Dry Leaf/Dry Leaf00158.JPG,Turmeric Plant Disease Dataset Advancing AI (Original),Dry Leaf,Dry Leaf,deficiency_or_stress,TURM_DUP_0158,train,42,07e7b8bd735fc315330706c282368918211f1667629ef50da2f7ec2ee1d3f167,1000,1000
TURM_04434,DATASET/Turmeric Plant Disease Dataset Advancing AI for Agricultural Sustainability.zip#Turmeric Plant Disease Dataset Advancing AI for Agricultural Sustainability/Turmeric Plant Disease.zip#Turmeric Plant Disease/Dry Leaf/Dry Leaf00073.JPG,Turmeric Plant Disease Dataset Advancing AI (Original),Dry Leaf,Dry Leaf,deficiency_or_stress,TURM_DUP_0073,train,42,2ace82e204cbe9bb9faf747b8bf2aacd8105a44d0250f55caf1e1f6bdccff113,1000,1000
TURM_04389,DATASET/Turmeric Plant Disease Dataset Advancing AI for Agricultural Sustainability.zip#Turmeric Plant Disease Dataset Advancing AI for Agricultural Sustainability/Turmeric Plant Disease.zip#Turmeric Plant Disease/Dry Leaf/Dry Leaf00028.JPG,Turmeric Plant Disease Dataset Advancing AI (Original),Dry Leaf,Dry Leaf,deficiency_or_stress,TURM_DUP_0028,train,42,41676632da3910ba41f2a032a1adc49475dd702bd821d6c90fad16c4bb6c6d7f,1000,1000
TURM_04548,DATASET/Turmeric Plant Disease Dataset Advancing AI for Agricultural Sustainability.zip#Turmeric Plant Disease Dataset Advancing AI for Agricultural Sustainability/Turmeric Plant Disease.zip#Turmeric Plant Disease/Dry Leaf/Dry Leaf00187.JPG,Turmeric Plant Disease Dataset Advancing AI (Original),Dry Leaf,Dry Leaf,deficiency_or_stress,TURM_DUP_0187,train,42,20eca7f46627dd94289e0584532916ae8529b77572d610ddd9635393d45f65fe,1000,1000
TURM_04514,DATASET/Turmeric Plant Disease Dataset Advancing AI for Agricultural Sustainability.zip#Turmeric Plant Disease Dataset Advancing AI for Agricultural Sustainability/Turmeric Plant Disease.zip#Turmeric Plant Disease/Dry Leaf/Dry Leaf00153.JPG,Turmeric Plant Disease Dataset Advancing AI (Original),Dry Leaf,Dry Leaf,deficiency_or_stress,TURM_DUP_0153,train,42,0d20fc9edf679df4b5be89add0fac673d46cc1217eac81933aa7e1752207ac69,1000,1000
TURM_04413,DATASET/Turmeric Plant Disease Dataset Advancing AI for Agricultural Sustainability.zip#Turmeric Plant Disease Dataset Advancing AI for Agricultural Sustainability/Turmeric Plant Disease.zip#Turmeric Plant Disease/Dry Leaf/Dry Leaf00052.JPG,Turmeric Plant Disease Dataset Advancing AI (Original),Dry Leaf,Dry Leaf,deficiency_or_stress,TURM_DUP_0052,train,42,41a012d5f8efc72d19e5870c87fa4319e5bf8245cf33a3f6b8d3c2527ba9efbb,1000,1000
TURM_04530,DATASET/Turmeric Plant Disease Dataset Advancing AI for Agricultural Sustainability.zip#Turmeric Plant Disease Dataset Advancing AI for Agricultural Sustainability/Turmeric Plant Disease.zip#Turmeric Plant Disease/Dry Leaf/Dry Leaf00169.JPG,Turmeric Plant Disease Dataset Advancing AI (Original),Dry Leaf,Dry Leaf,deficiency_or_stress,TURM_DUP_0169,train,42,63ac2c08c304e908651f01338e6c7b3a143cd38d89622c5aa80d7df73266a5c4,1000,1000
TURM_04465,DATASET/Turmeric Plant Disease Dataset Advancing AI for Agricultural Sustainability.zip#Turmeric Plant Disease Dataset Advancing AI for Agricultural Sustainability/Turmeric Plant Disease.zip#Turmeric Plant Disease/Dry Leaf/Dry Leaf00104.JPG,Turmeric Plant Disease Dataset Advancing AI (Original),Dry Leaf,Dry Leaf,deficiency_or_stress,TURM_DUP_0104,train,42,5603c1d12bd807aa46f2e16120634bfe2d83fb5598971cfa9ba7665902dc7a1d,1000,1000
TURM_04366,DATASET/Turmeric Plant Disease Dataset Advancing AI for Agricultural Sustainability.zip#Turmeric Plant Disease Dataset Advancing AI for Agricultural Sustainability/Turmeric Plant Disease.zip#Turmeric Plant Disease/Dry Leaf/Dry Leaf00005.JPG,Turmeric Plant Disease Dataset Advancing AI (Original),Dry Leaf,Dry Leaf,deficiency_or_stress,TURM_DUP_0005,train,42,567a5b56c67ab0820a09da70d1674f0af096985e81b9ad87c47b931b64025cb7,1000,1000
TURM_04467,DATASET/Turmeric Plant Disease Dataset Advancing AI for Agricultural Sustainability.zip#Turmeric Plant Disease Dataset Advancing AI for Agricultural Sustainability/Turmeric Plant Disease.zip#Turmeric Plant Disease/Dry Leaf/Dry Leaf00106.JPG,Turmeric Plant Disease Dataset Advancing AI (Original),Dry Leaf,Dry Leaf,deficiency_or_stress,TURM_DUP_0106,train,42,bf51d86e769f79565126a609d7663982a5939e707036279be63053b07f71726b,1000,1000
TURM_04391,DATASET/Turmeric Plant Disease Dataset Advancing AI for Agricultural Sustainability.zip#Turmeric Plant Disease Dataset Advancing AI for Agricultural Sustainability/Turmeric Plant Disease.zip#Turmeric Plant Disease/Dry Leaf/Dry Leaf00030.JPG,Turmeric Plant Disease Dataset Advancing AI (Original),Dry Leaf,Dry Leaf,deficiency_or_stress,TURM_DUP_0030,train,42,886c56a8f23a5f3632a407e116e67d98c2f90de59de7d559d428fa971544a98e,1000,1000
TURM_04547,DATASET/Turmeric Plant Disease Dataset Advancing AI for Agricultural Sustainability.zip#Turmeric Plant Disease Dataset Advancing AI for Agricultural Sustainability/Turmeric Plant Disease.zip#Turmeric Plant Disease/Dry Leaf/Dry Leaf00186.JPG,Turmeric Plant Disease Dataset Advancing AI (Original),Dry Leaf,Dry Leaf,deficiency_or_stress,TURM_DUP_0186,train,42,f7ff3986460c1694283f9f5df110eb4d17743cc6c3da6aa4cd1a791dd9817260,1000,1000
TURM_04461,DATASET/Turmeric Plant Disease Dataset Advancing AI for Agricultural Sustainability.zip#Turmeric Plant Disease Dataset Advancing AI for Agricultural Sustainability/Turmeric Plant Disease.zip#Turmeric Plant Disease/Dry Leaf/Dry Leaf00100.JPG,Turmeric Plant Disease Dataset Advancing AI (Original),Dry Leaf,Dry Leaf,deficiency_or_stress,TURM_DUP_0100,train,42,b59ac801dc168808d912a67b0bef41184f32dbaf6a28275e3499663538cb2fb2,1000,1000
TURM_04460,DATASET/Turmeric Plant Disease Dataset Advancing AI for Agricultural Sustainability.zip#Turmeric Plant Disease Dataset Advancing AI for Agricultural Sustainability/Turmeric Plant Disease.zip#Turmeric Plant Disease/Dry Leaf/Dry Leaf00099.JPG,Turmeric Plant Disease Dataset Advancing AI (Original),Dry Leaf,Dry Leaf,deficiency_or_stress,TURM_DUP_0099,train,42,90f2bf2684a759f96385d1e421eed88e187915a5a7a6cd2ed7e1daec095fca4b,1000,1000
TURM_04536,DATASET/Turmeric Plant Disease Dataset Advancing AI for Agricultural Sustainability.zip#Turmeric Plant Disease Dataset Advancing AI for Agricultural Sustainability/Turmeric Plant Disease.zip#Turmeric Plant Disease/Dry Leaf/Dry Leaf00175.JPG,Turmeric Plant Disease Dataset Advancing AI (Original),Dry Leaf,Dry Leaf,deficiency_or_stress,TURM_DUP_0175,train,42,b0d18bb9a7031ac0f32a7a05b458e6a7905e4269371e2249f6f44c1ed5361649,1000,1000
TURM_04494,DATASET/Turmeric Plant Disease Dataset Advancing AI for Agricultural Sustainability.zip#Turmeric Plant Disease Dataset Advancing AI for Agricultural Sustainability/Turmeric Plant Disease.zip#Turmeric Plant Disease/Dry Leaf/Dry Leaf00133.JPG,Turmeric Plant Disease Dataset Advancing AI (Original),Dry Leaf,Dry Leaf,deficiency_or_stress,TURM_DUP_0133,train,42,4f45ab1a48b9e937a6a71905bb29ba22ab8d261b95b513140bcc7c8811b91be0,1000,1000
TURM_04538,DATASET/Turmeric Plant Disease Dataset Advancing AI for Agricultural Sustainability.zip#Turmeric Plant Disease Dataset Advancing AI for Agricultural Sustainability/Turmeric Plant Disease.zip#Turmeric Plant Disease/Dry Leaf/Dry Leaf00177.JPG,Turmeric Plant Disease Dataset Advancing AI (Original),Dry Leaf,Dry Leaf,deficiency_or_stress,TURM_DUP_0177,train,42,4ed045f4c2ba0d71793baa225ce8ad12ef80e540a0890f9be0ca911fcce3ba47,1000,1000
TURM_04563,DATASET/Turmeric Plant Disease Dataset Advancing AI for Agricultural Sustainability.zip#Turmeric Plant Disease Dataset Advancing AI for Agricultural Sustainability/Turmeric Plant Disease.zip#Turmeric Plant Disease/Dry Leaf/Dry Leaf00202.JPG,Turmeric Plant Disease Dataset Advancing AI (Original),Dry Leaf,Dry Leaf,deficiency_or_stress,TURM_DUP_0202,train,42,411a223bdfb5496cb5a0a954df542bf5abf96284579680b8650c41d8d9d80da3,1000,1000
TURM_04497,DATASET/Turmeric Plant Disease Dataset Advancing AI for Agricultural Sustainability.zip#Turmeric Plant Disease Dataset Advancing AI for Agricultural Sustainability/Turmeric Plant Disease.zip#Turmeric Plant Disease/Dry Leaf/Dry Leaf00136.JPG,Turmeric Plant Disease Dataset Advancing AI (Original),Dry Leaf,Dry Leaf,deficiency_or_stress,TURM_DUP_0136,train,42,a883398f84117102ccab5d46d2113f627522b99a4147fde0bc503b104ab976f7,1000,1000
TURM_04518,DATASET/Turmeric Plant Disease Dataset Advancing AI for Agricultural Sustainability.zip#Turmeric Plant Disease Dataset Advancing AI for Agricultural Sustainability/Turmeric Plant Disease.zip#Turmeric Plant Disease/Dry Leaf/Dry Leaf00157.JPG,Turmeric Plant Disease Dataset Advancing AI (Original),Dry Leaf,Dry Leaf,deficiency_or_stress,TURM_DUP_0157,train,42,1f0a416a7994aae28380969cf68a4fbe6ff7bac6385b71345df7c660cbb6ce95,1000,1000
TURM_04487,DATASET/Turmeric Plant Disease Dataset Advancing AI for Agricultural Sustainability.zip#Turmeric Plant Disease Dataset Advancing AI for Agricultural Sustainability/Turmeric Plant Disease.zip#Turmeric Plant Disease/Dry Leaf/Dry Leaf00126.JPG,Turmeric Plant Disease Dataset Advancing AI (Original),Dry Leaf,Dry Leaf,deficiency_or_stress,TURM_DUP_0126,train,42,1e257216d3238ee65694117a8abd669434f2845b17e04dd3c27a4ff048c37425,1000,1000
TURM_04396,DATASET/Turmeric Plant Disease Dataset Advancing AI for Agricultural Sustainability.zip#Turmeric Plant Disease Dataset Advancing AI for Agricultural Sustainability/Turmeric Plant Disease.zip#Turmeric Plant Disease/Dry Leaf/Dry Leaf00035.JPG,Turmeric Plant Disease Dataset Advancing AI (Original),Dry Leaf,Dry Leaf,deficiency_or_stress,TURM_DUP_0035,train,42,3caa2b9b0f46c1540a322f1db3ab17ae58a15db8e1bb8312730ec49e0eae0634,1000,1000
TURM_04410,DATASET/Turmeric Plant Disease Dataset Advancing AI for Agricultural Sustainability.zip#Turmeric Plant Disease Dataset Advancing AI for Agricultural Sustainability/Turmeric Plant Disease.zip#Turmeric Plant Disease/Dry Leaf/Dry Leaf00049.JPG,Turmeric Plant Disease Dataset Advancing AI (Original),Dry Leaf,Dry Leaf,deficiency_or_stress,TURM_DUP_0049,train,42,319d981af9df48246c86314c43f6489c9b8020dccdf45288eeeeef33f9cce8ad,1000,1000
TURM_04500,DATASET/Turmeric Plant Disease Dataset Advancing AI for Agricultural Sustainability.zip#Turmeric Plant Disease Dataset Advancing AI for Agricultural Sustainability/Turmeric Plant Disease.zip#Turmeric Plant Disease/Dry Leaf/Dry Leaf00139.JPG,Turmeric Plant Disease Dataset Advancing AI (Original),Dry Leaf,Dry Leaf,deficiency_or_stress,TURM_DUP_0139,train,42,586945eaa6211201d7f654f360ebf0212b6dc7a62ce1176f0c28aaf0aa123341,1000,1000
TURM_04537,DATASET/Turmeric Plant Disease Dataset Advancing AI for Agricultural Sustainability.zip#Turmeric Plant Disease Dataset Advancing AI for Agricultural Sustainability/Turmeric Plant Disease.zip#Turmeric Plant Disease/Dry Leaf/Dry Leaf00176.JPG,Turmeric Plant Disease Dataset Advancing AI (Original),Dry Leaf,Dry Leaf,deficiency_or_stress,TURM_DUP_0176,train,42,e2798921e1d022ec827d83afeaa8b32bf3a19d63efd6b1748ab33eb8fb11054b,1000,1000
TURM_04533,DATASET/Turmeric Plant Disease Dataset Advancing AI for Agricultural Sustainability.zip#Turmeric Plant Disease Dataset Advancing AI for Agricultural Sustainability/Turmeric Plant Disease.zip#Turmeric Plant Disease/Dry Leaf/Dry Leaf00172.JPG,Turmeric Plant Disease Dataset Advancing AI (Original),Dry Leaf,Dry Leaf,deficiency_or_stress,TURM_DUP_0172,train,42,a0f65781a3f572a5a8749d02b971c9266219483f833c7864dfd8aee6a2c3ef19,1000,1000
TURM_04495,DATASET/Turmeric Plant Disease Dataset Advancing AI for Agricultural Sustainability.zip#Turmeric Plant Disease Dataset Advancing AI for Agricultural Sustainability/Turmeric Plant Disease.zip#Turmeric Plant Disease/Dry Leaf/Dry Leaf00134.JPG,Turmeric Plant Disease Dataset Advancing AI (Original),Dry Leaf,Dry Leaf,deficiency_or_stress,TURM_DUP_0134,train,42,95ef0297187290544356c06d4c0b01bb917c0d26a6a3b7c8ea77987d522046a5,1000,1000
TURM_04490,DATASET/Turmeric Plant Disease Dataset Advancing AI for Agricultural Sustainability.zip#Turmeric Plant Disease Dataset Advancing AI for Agricultural Sustainability/Turmeric Plant Disease.zip#Turmeric Plant Disease/Dry Leaf/Dry Leaf00129.JPG,Turmeric Plant Disease Dataset Advancing AI (Original),Dry Leaf,Dry Leaf,deficiency_or_stress,TURM_DUP_0129,train,42,014848c567f10d0f43c791b47c0c37b5ca533db7d381b21c4be92d38a8f710de,1000,1000
TURM_04383,DATASET/Turmeric Plant Disease Dataset Advancing AI for Agricultural Sustainability.zip#Turmeric Plant Disease Dataset Advancing AI for Agricultural Sustainability/Turmeric Plant Disease.zip#Turmeric Plant Disease/Dry Leaf/Dry Leaf00022.JPG,Turmeric Plant Disease Dataset Advancing AI (Original),Dry Leaf,Dry Leaf,deficiency_or_stress,TURM_DUP_0022,train,42,4633a3bf729d969e35a50238e5377ebbe1e2bb6e0d808db6abb9b1ac71f8e4f0,1000,1000
TURM_04443,DATASET/Turmeric Plant Disease Dataset Advancing AI for Agricultural Sustainability.zip#Turmeric Plant Disease Dataset Advancing AI for Agricultural Sustainability/Turmeric Plant Disease.zip#Turmeric Plant Disease/Dry Leaf/Dry Leaf00082.JPG,Turmeric Plant Disease Dataset Advancing AI (Original),Dry Leaf,Dry Leaf,deficiency_or_stress,TURM_DUP_0082,train,42,0fef36b29f2c7149a46f1781d1a4edbd110d22d5b39a80b27eba7248551a7943,1000,1000
TURM_04439,DATASET/Turmeric Plant Disease Dataset Advancing AI for Agricultural Sustainability.zip#Turmeric Plant Disease Dataset Advancing AI for Agricultural Sustainability/Turmeric Plant Disease.zip#Turmeric Plant Disease/Dry Leaf/Dry Leaf00078.JPG,Turmeric Plant Disease Dataset Advancing AI (Original),Dry Leaf,Dry Leaf,deficiency_or_stress,TURM_DUP_0078,train,42,da391945faa9b3d1b01ebc40e3a09cad2a51ce681755427cce6a4f4c947538ff,1000,1000
TURM_04380,DATASET/Turmeric Plant Disease Dataset Advancing AI for Agricultural Sustainability.zip#Turmeric Plant Disease Dataset Advancing AI for Agricultural Sustainability/Turmeric Plant Disease.zip#Turmeric Plant Disease/Dry Leaf/Dry Leaf00019.JPG,Turmeric Plant Disease Dataset Advancing AI (Original),Dry Leaf,Dry Leaf,deficiency_or_stress,TURM_DUP_0019,train,42,8689c51d396962722efb39c23f5211fe7b8a5fdf01e853ab6ccf69dfb8ad930c,1000,1000
TURM_04430,DATASET/Turmeric Plant Disease Dataset Advancing AI for Agricultural Sustainability.zip#Turmeric Plant Disease Dataset Advancing AI for Agricultural Sustainability/Turmeric Plant Disease.zip#Turmeric Plant Disease/Dry Leaf/Dry Leaf00069.JPG,Turmeric Plant Disease Dataset Advancing AI (Original),Dry Leaf,Dry Leaf,deficiency_or_stress,TURM_DUP_0069,train,42,2ce30e64702d095a5ab84ba8a7303045d24a1b4be4d4f6374ca0c7dfaf0f62da,1000,1000
TURM_04415,DATASET/Turmeric Plant Disease Dataset Advancing AI for Agricultural Sustainability.zip#Turmeric Plant Disease Dataset Advancing AI for Agricultural Sustainability/Turmeric Plant Disease.zip#Turmeric Plant Disease/Dry Leaf/Dry Leaf00054.JPG,Turmeric Plant Disease Dataset Advancing AI (Original),Dry Leaf,Dry Leaf,deficiency_or_stress,TURM_DUP_0054,train,42,8a235e83d832cc47cfc220265871d65b756f5891a0e1411c86b1781532072683,1000,1000
TURM_04452,DATASET/Turmeric Plant Disease Dataset Advancing AI for Agricultural Sustainability.zip#Turmeric Plant Disease Dataset Advancing AI for Agricultural Sustainability/Turmeric Plant Disease.zip#Turmeric Plant Disease/Dry Leaf/Dry Leaf00091.JPG,Turmeric Plant Disease Dataset Advancing AI (Original),Dry Leaf,Dry Leaf,deficiency_or_stress,TURM_DUP_0091,train,42,a2152f2967b974d5700b5ba31c0ccfd831e9d23ec967e85defcc37d73c88f3bb,1000,1000
TURM_04456,DATASET/Turmeric Plant Disease Dataset Advancing AI for Agricultural Sustainability.zip#Turmeric Plant Disease Dataset Advancing AI for Agricultural Sustainability/Turmeric Plant Disease.zip#Turmeric Plant Disease/Dry Leaf/Dry Leaf00095.JPG,Turmeric Plant Disease Dataset Advancing AI (Original),Dry Leaf,Dry Leaf,deficiency_or_stress,TURM_DUP_0095,train,42,32797dc9e1652dd994245c66ada8d17b1a327517264386f58089b50c95c27411,1000,1000
TURM_04403,DATASET/Turmeric Plant Disease Dataset Advancing AI for Agricultural Sustainability.zip#Turmeric Plant Disease Dataset Advancing AI for Agricultural Sustainability/Turmeric Plant Disease.zip#Turmeric Plant Disease/Dry Leaf/Dry Leaf00042.JPG,Turmeric Plant Disease Dataset Advancing AI (Original),Dry Leaf,Dry Leaf,deficiency_or_stress,TURM_DUP_0042,train,42,6a06a08ef37666473942aa22d6034784644e704534e4aa21695fcba49d8db053,1000,1000
TURM_04455,DATASET/Turmeric Plant Disease Dataset Advancing AI for Agricultural Sustainability.zip#Turmeric Plant Disease Dataset Advancing AI for Agricultural Sustainability/Turmeric Plant Disease.zip#Turmeric Plant Disease/Dry Leaf/Dry Leaf00094.JPG,Turmeric Plant Disease Dataset Advancing AI (Original),Dry Leaf,Dry Leaf,deficiency_or_stress,TURM_DUP_0094,train,42,5484bb963cfd146f8c8585481f23ffd98743e7196e9aebe30aa7dd7fe26edfc2,1000,1000
TURM_04478,DATASET/Turmeric Plant Disease Dataset Advancing AI for Agricultural Sustainability.zip#Turmeric Plant Disease Dataset Advancing AI for Agricultural Sustainability/Turmeric Plant Disease.zip#Turmeric Plant Disease/Dry Leaf/Dry Leaf00117.JPG,Turmeric Plant Disease Dataset Advancing AI (Original),Dry Leaf,Dry Leaf,deficiency_or_stress,TURM_DUP_0117,train,42,7d7c08c8ce3bb85a3f022a884cadde1b30b3eaba8c7f14c0dc035a9743828cdb,1000,1000
TURM_04527,DATASET/Turmeric Plant Disease Dataset Advancing AI for Agricultural Sustainability.zip#Turmeric Plant Disease Dataset Advancing AI for Agricultural Sustainability/Turmeric Plant Disease.zip#Turmeric Plant Disease/Dry Leaf/Dry Leaf00166.JPG,Turmeric Plant Disease Dataset Advancing AI (Original),Dry Leaf,Dry Leaf,deficiency_or_stress,TURM_DUP_0166,train,42,341e4a4b2a7b5c4078cf6a0572b646c20b9ff7c3f84cebb8f4ac7c43a462eff0,1000,1000
TURM_04521,DATASET/Turmeric Plant Disease Dataset Advancing AI for Agricultural Sustainability.zip#Turmeric Plant Disease Dataset Advancing AI for Agricultural Sustainability/Turmeric Plant Disease.zip#Turmeric Plant Disease/Dry Leaf/Dry Leaf00160.JPG,Turmeric Plant Disease Dataset Advancing AI (Original),Dry Leaf,Dry Leaf,deficiency_or_stress,TURM_DUP_0160,train,42,0bb309fe86de16825a78cc235a76ed3c7146fbe293e4d8e8d658b452bfc2530e,1000,1000
TURM_04387,DATASET/Turmeric Plant Disease Dataset Advancing AI for Agricultural Sustainability.zip#Turmeric Plant Disease Dataset Advancing AI for Agricultural Sustainability/Turmeric Plant Disease.zip#Turmeric Plant Disease/Dry Leaf/Dry Leaf00026.JPG,Turmeric Plant Disease Dataset Advancing AI (Original),Dry Leaf,Dry Leaf,deficiency_or_stress,TURM_DUP_0026,train,42,67204ade266c7b09ba68ebadf730ab929a5ca0efc4a204253e1b1e860779f077,1000,1000
TURM_04544,DATASET/Turmeric Plant Disease Dataset Advancing AI for Agricultural Sustainability.zip#Turmeric Plant Disease Dataset Advancing AI for Agricultural Sustainability/Turmeric Plant Disease.zip#Turmeric Plant Disease/Dry Leaf/Dry Leaf00183.JPG,Turmeric Plant Disease Dataset Advancing AI (Original),Dry Leaf,Dry Leaf,deficiency_or_stress,TURM_DUP_0183,train,42,6c977e13b65a6bd5c7bedbf38061458669ae4c4c1095f287f17fa0c76c892336,1000,1000
TURM_04510,DATASET/Turmeric Plant Disease Dataset Advancing AI for Agricultural Sustainability.zip#Turmeric Plant Disease Dataset Advancing AI for Agricultural Sustainability/Turmeric Plant Disease.zip#Turmeric Plant Disease/Dry Leaf/Dry Leaf00149.JPG,Turmeric Plant Disease Dataset Advancing AI (Original),Dry Leaf,Dry Leaf,deficiency_or_stress,TURM_DUP_0149,train,42,84af6acb90806bb01fab8aeb8d42f962298b8e63e748924df57b46bce65c820f,1000,1000
TURM_04436,DATASET/Turmeric Plant Disease Dataset Advancing AI for Agricultural Sustainability.zip#Turmeric Plant Disease Dataset Advancing AI for Agricultural Sustainability/Turmeric Plant Disease.zip#Turmeric Plant Disease/Dry Leaf/Dry Leaf00075.JPG,Turmeric Plant Disease Dataset Advancing AI (Original),Dry Leaf,Dry Leaf,deficiency_or_stress,TURM_DUP_0075,train,42,fcdfb5cb3986449a64559adaa336b2a2b289d96ef5b40ac809060719cdd1e7e7,1000,1000
TURM_04420,DATASET/Turmeric Plant Disease Dataset Advancing AI for Agricultural Sustainability.zip#Turmeric Plant Disease Dataset Advancing AI for Agricultural Sustainability/Turmeric Plant Disease.zip#Turmeric Plant Disease/Dry Leaf/Dry Leaf00059.JPG,Turmeric Plant Disease Dataset Advancing AI (Original),Dry Leaf,Dry Leaf,deficiency_or_stress,TURM_DUP_0059,train,42,6d9f56802bf5b2f629aa58c970f8b8edc6614fc38d9cbfd1b0dd36cf5ee8a0c8,1000,1000
TURM_04149,DATASET/Image Dataset for Turmeric Plant Leaf Disease Detection.zip#Image Dataset for Turmeric Plant Leaf Disease Detection/Original DataSet/Healthy_Leaf/healthy_(81).jpg,Image Dataset for Turmeric Plant Leaf Disease Detection,Healthy_Leaf,Healthy,healthy,None,train,42,ed57ace3258e4401d630f6091ec234b965070ea7758dd377eac9ea8b078980bd,4000,3000
TURM_04085,DATASET/Image Dataset for Turmeric Plant Leaf Disease Detection.zip#Image Dataset for Turmeric Plant Leaf Disease Detection/Original DataSet/Healthy_Leaf/healthy_(24).jpg,Image Dataset for Turmeric Plant Leaf Disease Detection,Healthy_Leaf,Healthy,healthy,None,train,42,6fe2ef08a378ce30d2d10ca42a31863e04d399d8091472060178e475c3861576,4000,3000
TURM_04062,DATASET/Image Dataset for Turmeric Plant Leaf Disease Detection.zip#Image Dataset for Turmeric Plant Leaf Disease Detection/Original DataSet/Healthy_Leaf/healthy_(195).jpg,Image Dataset for Turmeric Plant Leaf Disease Detection,Healthy_Leaf,Healthy,healthy,None,train,42,56b12b38c828067e470624f550cbf983c92d399afdcac7b97062bad6353734af,4000,3000
TURM_04033,DATASET/Image Dataset for Turmeric Plant Leaf Disease Detection.zip#Image Dataset for Turmeric Plant Leaf Disease Detection/Original DataSet/Healthy_Leaf/healthy_(169).jpg,Image Dataset for Turmeric Plant Leaf Disease Detection,Healthy_Leaf,Healthy,healthy,None,train,42,19051cc5d4b5b0031763e03295b404edcda2ae17cc6f2c880b1110315fb8d8ec,4000,3000
TURM_03967,DATASET/Image Dataset for Turmeric Plant Leaf Disease Detection.zip#Image Dataset for Turmeric Plant Leaf Disease Detection/Original DataSet/Healthy_Leaf/healthy_(109).jpg,Image Dataset for Turmeric Plant Leaf Disease Detection,Healthy_Leaf,Healthy,healthy,None,train,42,f6d02ca46ad1b55c5f8e4b0c294ba29edf34318e994e7a4befc07b2d7807c013,4000,3000
TURM_03958,DATASET/Image Dataset for Turmeric Plant Leaf Disease Detection.zip#Image Dataset for Turmeric Plant Leaf Disease Detection/Original DataSet/Healthy_Leaf/healthy_(101).jpg,Image Dataset for Turmeric Plant Leaf Disease Detection,Healthy_Leaf,Healthy,healthy,None,train,42,2eab14647c7acbe6a743a509872a49e1558d10ba048f8e00c1a15f26c98e1537,4000,3000
TURM_04067,DATASET/Image Dataset for Turmeric Plant Leaf Disease Detection.zip#Image Dataset for Turmeric Plant Leaf Disease Detection/Original DataSet/Healthy_Leaf/healthy_(20).jpg,Image Dataset for Turmeric Plant Leaf Disease Detection,Healthy_Leaf,Healthy,healthy,None,train,42,65927a98a2df3bc0f6c164bd87c83098ad550c312be77a5989d975d50477770d,4000,3000
TURM_04095,DATASET/Image Dataset for Turmeric Plant Leaf Disease Detection.zip#Image Dataset for Turmeric Plant Leaf Disease Detection/Original DataSet/Healthy_Leaf/healthy_(32).jpg,Image Dataset for Turmeric Plant Leaf Disease Detection,Healthy_Leaf,Healthy,healthy,None,train,42,60d0c0ed4a8ef1c0d324ff1c2ab79969b582ee8bff80b95db7a908430d86b750,4000,3000
TURM_04152,DATASET/Image Dataset for Turmeric Plant Leaf Disease Detection.zip#Image Dataset for Turmeric Plant Leaf Disease Detection/Original DataSet/Healthy_Leaf/healthy_(85).jpg,Image Dataset for Turmeric Plant Leaf Disease Detection,Healthy_Leaf,Healthy,healthy,None,train,42,b22d37131c84c28350787ddba45d1aeef55affed452d3340c383620224692234,4000,3000
TURM_04129,DATASET/Image Dataset for Turmeric Plant Leaf Disease Detection.zip#Image Dataset for Turmeric Plant Leaf Disease Detection/Original DataSet/Healthy_Leaf/healthy_(63).jpg,Image Dataset for Turmeric Plant Leaf Disease Detection,Healthy_Leaf,Healthy,healthy,None,train,42,15149af2cfbafc0d4ffb76a79565cb0264c18d5cdcb1955f78596abcf4452ccf,4000,3000
TURM_04150,DATASET/Image Dataset for Turmeric Plant Leaf Disease Detection.zip#Image Dataset for Turmeric Plant Leaf Disease Detection/Original DataSet/Healthy_Leaf/healthy_(82).jpg,Image Dataset for Turmeric Plant Leaf Disease Detection,Healthy_Leaf,Healthy,healthy,None,train,42,1533285c8eed7d036f4885dc563cf783000ba6dc22cf33b90eb9a9329daff940,4000,3000
TURM_04148,DATASET/Image Dataset for Turmeric Plant Leaf Disease Detection.zip#Image Dataset for Turmeric Plant Leaf Disease Detection/Original DataSet/Healthy_Leaf/healthy_(80).jpg,Image Dataset for Turmeric Plant Leaf Disease Detection,Healthy_Leaf,Healthy,healthy,None,train,42,4d19cebf94ba8a6634c8fadf1e89a943caa78e4c96ba8913a1308069360af924,4000,3000
TURM_04073,DATASET/Image Dataset for Turmeric Plant Leaf Disease Detection.zip#Image Dataset for Turmeric Plant Leaf Disease Detection/Original DataSet/Healthy_Leaf/healthy_(202).jpg,Image Dataset for Turmeric Plant Leaf Disease Detection,Healthy_Leaf,Healthy,healthy,None,train,42,c46b8c3693333ac1b845c77bf54c6c297036652be835eb3a8be911682e24ef9d,4000,3000
TURM_04120,DATASET/Image Dataset for Turmeric Plant Leaf Disease Detection.zip#Image Dataset for Turmeric Plant Leaf Disease Detection/Original DataSet/Healthy_Leaf/healthy_(55).jpg,Image Dataset for Turmeric Plant Leaf Disease Detection,Healthy_Leaf,Healthy,healthy,None,train,42,26458b362ac8521bf4c4a9b5f2483b9d9f850c8eab309be4bd0cbd9ff0d5243b,4000,3000
TURM_03970,DATASET/Image Dataset for Turmeric Plant Leaf Disease Detection.zip#Image Dataset for Turmeric Plant Leaf Disease Detection/Original DataSet/Healthy_Leaf/healthy_(111).jpg,Image Dataset for Turmeric Plant Leaf Disease Detection,Healthy_Leaf,Healthy,healthy,None,train,42,1805c921f3169d46166512b7d4d94775b1932491637ad9bb0040eee97c9a43d6,4000,3000
TURM_04083,DATASET/Image Dataset for Turmeric Plant Leaf Disease Detection.zip#Image Dataset for Turmeric Plant Leaf Disease Detection/Original DataSet/Healthy_Leaf/healthy_(212).jpg,Image Dataset for Turmeric Plant Leaf Disease Detection,Healthy_Leaf,Healthy,healthy,None,train,42,7300df35951e4e4f38978655c243af722645af812fdcfb06f70c723b3aa9a91f,4000,3000
TURM_04000,DATASET/Image Dataset for Turmeric Plant Leaf Disease Detection.zip#Image Dataset for Turmeric Plant Leaf Disease Detection/Original DataSet/Healthy_Leaf/healthy_(138).jpg,Image Dataset for Turmeric Plant Leaf Disease Detection,Healthy_Leaf,Healthy,healthy,None,train,42,81741eb6a8b5c631cc7846d049f656fc3b8498b95715d38a8d86d432afd3af83,4000,3000
TURM_04036,DATASET/Image Dataset for Turmeric Plant Leaf Disease Detection.zip#Image Dataset for Turmeric Plant Leaf Disease Detection/Original DataSet/Healthy_Leaf/healthy_(171).jpg,Image Dataset for Turmeric Plant Leaf Disease Detection,Healthy_Leaf,Healthy,healthy,None,train,42,5e30594761ddbd8e5c0e8abdbdaab912c34d8a222cd7cf48664a9d9e90ad9e06,4000,3000
TURM_04104,DATASET/Image Dataset for Turmeric Plant Leaf Disease Detection.zip#Image Dataset for Turmeric Plant Leaf Disease Detection/Original DataSet/Healthy_Leaf/healthy_(4).jpg,Image Dataset for Turmeric Plant Leaf Disease Detection,Healthy_Leaf,Healthy,healthy,None,train,42,ab5eba9cb2b657c98dd29dfd474bcbf4a527e27be2629156b0fd1ebf62462bdb,4000,3000
TURM_03977,DATASET/Image Dataset for Turmeric Plant Leaf Disease Detection.zip#Image Dataset for Turmeric Plant Leaf Disease Detection/Original DataSet/Healthy_Leaf/healthy_(118).jpg,Image Dataset for Turmeric Plant Leaf Disease Detection,Healthy_Leaf,Healthy,healthy,None,train,42,9b06debf211feae1dd25248be575be68f68e4622822ff36a8674214dec110f48,4000,3000
TURM_03997,DATASET/Image Dataset for Turmeric Plant Leaf Disease Detection.zip#Image Dataset for Turmeric Plant Leaf Disease Detection/Original DataSet/Healthy_Leaf/healthy_(136).jpg,Image Dataset for Turmeric Plant Leaf Disease Detection,Healthy_Leaf,Healthy,healthy,None,train,42,f899e5d50bc3b9c85a4671311cc3362bbefe5e232c17e28e08f20642d5b8b1bd,4000,3000
TURM_04063,DATASET/Image Dataset for Turmeric Plant Leaf Disease Detection.zip#Image Dataset for Turmeric Plant Leaf Disease Detection/Original DataSet/Healthy_Leaf/healthy_(196).jpg,Image Dataset for Turmeric Plant Leaf Disease Detection,Healthy_Leaf,Healthy,healthy,None,train,42,5ff2cd138f135f770119871c1d9aeae2deff632d7ffb397f36baebfdc7a46263,4000,3000
TURM_04011,DATASET/Image Dataset for Turmeric Plant Leaf Disease Detection.zip#Image Dataset for Turmeric Plant Leaf Disease Detection/Original DataSet/Healthy_Leaf/healthy_(147).jpg,Image Dataset for Turmeric Plant Leaf Disease Detection,Healthy_Leaf,Healthy,healthy,None,train,42,0cb81c4dab02e3187bff8a32d22fd512071a228f552b626d3b6ac2bd9869387d,4000,3000
TURM_03965,DATASET/Image Dataset for Turmeric Plant Leaf Disease Detection.zip#Image Dataset for Turmeric Plant Leaf Disease Detection/Original DataSet/Healthy_Leaf/healthy_(106).jpg,Image Dataset for Turmeric Plant Leaf Disease Detection,Healthy_Leaf,Healthy,healthy,None,train,42,995f59225aa2d60a32daf42132a7b36d393aa2bfb7f191d3f257cf54284295f4,4000,3000
TURM_04161,DATASET/Image Dataset for Turmeric Plant Leaf Disease Detection.zip#Image Dataset for Turmeric Plant Leaf Disease Detection/Original DataSet/Healthy_Leaf/healthy_(92).jpg,Image Dataset for Turmeric Plant Leaf Disease Detection,Healthy_Leaf,Healthy,healthy,None,train,42,c5b4c73c8981a2629a3d58faf6d9e4188634b2227561162dd895c76fcda35bdd,4000,3000
TURM_04001,DATASET/Image Dataset for Turmeric Plant Leaf Disease Detection.zip#Image Dataset for Turmeric Plant Leaf Disease Detection/Original DataSet/Healthy_Leaf/healthy_(139).jpg,Image Dataset for Turmeric Plant Leaf Disease Detection,Healthy_Leaf,Healthy,healthy,None,train,42,b297d271b5073f94ac4b04d481496aff50ce1ca78d2d3bc21c5c912f24faefdd,4000,3000
TURM_04142,DATASET/Image Dataset for Turmeric Plant Leaf Disease Detection.zip#Image Dataset for Turmeric Plant Leaf Disease Detection/Original DataSet/Healthy_Leaf/healthy_(78).jpg,Image Dataset for Turmeric Plant Leaf Disease Detection,Healthy_Leaf,Healthy,healthy,None,train,42,93f1fca6023123cbcb4e0716d1a1492e0a008f03960724325af78c695bbba312,4000,3000
TURM_03999,DATASET/Image Dataset for Turmeric Plant Leaf Disease Detection.zip#Image Dataset for Turmeric Plant Leaf Disease Detection/Original DataSet/Healthy_Leaf/healthy_(14).jpg,Image Dataset for Turmeric Plant Leaf Disease Detection,Healthy_Leaf,Healthy,healthy,None,train,42,2c6d076e10f35f9b002867f5d9f3b72f004981777f885922343be24245b276c9,4000,3000
TURM_04160,DATASET/Image Dataset for Turmeric Plant Leaf Disease Detection.zip#Image Dataset for Turmeric Plant Leaf Disease Detection/Original DataSet/Healthy_Leaf/healthy_(91).jpg,Image Dataset for Turmeric Plant Leaf Disease Detection,Healthy_Leaf,Healthy,healthy,None,train,42,0e7183ec5ea00850d193dd171cedc93b920b403bb71440c08e6ac9b42b2dbcb2,4000,3000
TURM_04024,DATASET/Image Dataset for Turmeric Plant Leaf Disease Detection.zip#Image Dataset for Turmeric Plant Leaf Disease Detection/Original DataSet/Healthy_Leaf/healthy_(160).jpg,Image Dataset for Turmeric Plant Leaf Disease Detection,Healthy_Leaf,Healthy,healthy,None,train,42,5bf1e45fd6c41f5f7563fb57e32d2bda0b28a51c83ad2dddeb31f10c6f5eba5c,4000,3000
TURM_04107,DATASET/Image Dataset for Turmeric Plant Leaf Disease Detection.zip#Image Dataset for Turmeric Plant Leaf Disease Detection/Original DataSet/Healthy_Leaf/healthy_(43).jpg,Image Dataset for Turmeric Plant Leaf Disease Detection,Healthy_Leaf,Healthy,healthy,None,train,42,43adffe4df7f9591a3624f52b60d9e7c4e392b741bfb4b1c6e42aa4c524b5ac8,4000,3000
TURM_04091,DATASET/Image Dataset for Turmeric Plant Leaf Disease Detection.zip#Image Dataset for Turmeric Plant Leaf Disease Detection/Original DataSet/Healthy_Leaf/healthy_(29).jpg,Image Dataset for Turmeric Plant Leaf Disease Detection,Healthy_Leaf,Healthy,healthy,None,train,42,32951e510541c778a7d3b5e3276350f5bf12fa2ddc838f98ab57e45305a9b03e,4000,3000
TURM_04003,DATASET/Image Dataset for Turmeric Plant Leaf Disease Detection.zip#Image Dataset for Turmeric Plant Leaf Disease Detection/Original DataSet/Healthy_Leaf/healthy_(140).jpg,Image Dataset for Turmeric Plant Leaf Disease Detection,Healthy_Leaf,Healthy,healthy,None,train,42,0a5ee44f6ca7e450cdffd7f1d898ced9cc890738e7e7fd2c1fc98e84b82197df,4000,3000
TURM_04031,DATASET/Image Dataset for Turmeric Plant Leaf Disease Detection.zip#Image Dataset for Turmeric Plant Leaf Disease Detection/Original DataSet/Healthy_Leaf/healthy_(168).jpg,Image Dataset for Turmeric Plant Leaf Disease Detection,Healthy_Leaf,Healthy,healthy,None,train,42,cf135bf3b8b4d08e97d0414a4e5061087e7bcc41cb06dd23df51f486dbc0b81d,4000,3000
TURM_04100,DATASET/Image Dataset for Turmeric Plant Leaf Disease Detection.zip#Image Dataset for Turmeric Plant Leaf Disease Detection/Original DataSet/Healthy_Leaf/healthy_(37).jpg,Image Dataset for Turmeric Plant Leaf Disease Detection,Healthy_Leaf,Healthy,healthy,None,train,42,3133f686306cf084a7ce72d93e70bc7038e5526a481242e06195788de848a3d9,4000,3000
TURM_04105,DATASET/Image Dataset for Turmeric Plant Leaf Disease Detection.zip#Image Dataset for Turmeric Plant Leaf Disease Detection/Original DataSet/Healthy_Leaf/healthy_(41).jpg,Image Dataset for Turmeric Plant Leaf Disease Detection,Healthy_Leaf,Healthy,healthy,None,train,42,b6573cf3454ba91776279ef47ee78286d3282e4d59e77860877ca73a5d50216d,4000,3000
TURM_04157,DATASET/Image Dataset for Turmeric Plant Leaf Disease Detection.zip#Image Dataset for Turmeric Plant Leaf Disease Detection/Original DataSet/Healthy_Leaf/healthy_(89).jpg,Image Dataset for Turmeric Plant Leaf Disease Detection,Healthy_Leaf,Healthy,healthy,None,train,42,46e6db88ee9a059acb8288289eedae880eeee7ee844982134de71bb8f6ce3d5b,4000,3000
TURM_04029,DATASET/Image Dataset for Turmeric Plant Leaf Disease Detection.zip#Image Dataset for Turmeric Plant Leaf Disease Detection/Original DataSet/Healthy_Leaf/healthy_(165).jpg,Image Dataset for Turmeric Plant Leaf Disease Detection,Healthy_Leaf,Healthy,healthy,None,train,42,a532de22c415a84f3a7823ac94aecf451b21c45292649703ad5e736bdef4b9db,4000,3000
TURM_04065,DATASET/Image Dataset for Turmeric Plant Leaf Disease Detection.zip#Image Dataset for Turmeric Plant Leaf Disease Detection/Original DataSet/Healthy_Leaf/healthy_(198).jpg,Image Dataset for Turmeric Plant Leaf Disease Detection,Healthy_Leaf,Healthy,healthy,None,train,42,7b71b44e5bde06589820bd49044124b39d1334f39a0e01ae494ce1ff6b04e320,4000,3000
TURM_04039,DATASET/Image Dataset for Turmeric Plant Leaf Disease Detection.zip#Image Dataset for Turmeric Plant Leaf Disease Detection/Original DataSet/Healthy_Leaf/healthy_(174).jpg,Image Dataset for Turmeric Plant Leaf Disease Detection,Healthy_Leaf,Healthy,healthy,None,train,42,64dbfdafecaaed134c20e93600c15e03642d7e0948a9cc3a6552e18584c05b27,4000,3000
TURM_03984,DATASET/Image Dataset for Turmeric Plant Leaf Disease Detection.zip#Image Dataset for Turmeric Plant Leaf Disease Detection/Original DataSet/Healthy_Leaf/healthy_(124).jpg,Image Dataset for Turmeric Plant Leaf Disease Detection,Healthy_Leaf,Healthy,healthy,None,train,42,12d6751e3a3ce3c096d3a266dc6bdfd8dace0283d60e062d0f559f9501764b5e,4000,3000
TURM_04034,DATASET/Image Dataset for Turmeric Plant Leaf Disease Detection.zip#Image Dataset for Turmeric Plant Leaf Disease Detection/Original DataSet/Healthy_Leaf/healthy_(17).jpg,Image Dataset for Turmeric Plant Leaf Disease Detection,Healthy_Leaf,Healthy,healthy,None,train,42,a2ed143dcf611ac8a371f0e7bea83cf989095928a50563ff0b6d0bbd874e6a00,4000,3000
TURM_04139,DATASET/Image Dataset for Turmeric Plant Leaf Disease Detection.zip#Image Dataset for Turmeric Plant Leaf Disease Detection/Original DataSet/Healthy_Leaf/healthy_(72).jpg,Image Dataset for Turmeric Plant Leaf Disease Detection,Healthy_Leaf,Healthy,healthy,None,train,42,ba4ac7e43a436d4035a9851bf93b7396b5be659d690aef9f89df7c891e0b04ee,4000,3000
TURM_04044,DATASET/Image Dataset for Turmeric Plant Leaf Disease Detection.zip#Image Dataset for Turmeric Plant Leaf Disease Detection/Original DataSet/Healthy_Leaf/healthy_(179).jpg,Image Dataset for Turmeric Plant Leaf Disease Detection,Healthy_Leaf,Healthy,healthy,None,train,42,613f69bb92adba95f3d20697f85e6898a84db36cff5ef9c360f6efc6f374011b,4000,3000
TURM_04038,DATASET/Image Dataset for Turmeric Plant Leaf Disease Detection.zip#Image Dataset for Turmeric Plant Leaf Disease Detection/Original DataSet/Healthy_Leaf/healthy_(173).jpg,Image Dataset for Turmeric Plant Leaf Disease Detection,Healthy_Leaf,Healthy,healthy,None,train,42,3bbfc37aa06280cfeac6e56d22a8b0a1f9a38b2f63af9f5164ad31809f8c98ec,4000,3000
TURM_04008,DATASET/Image Dataset for Turmeric Plant Leaf Disease Detection.zip#Image Dataset for Turmeric Plant Leaf Disease Detection/Original DataSet/Healthy_Leaf/healthy_(146).jpg,Image Dataset for Turmeric Plant Leaf Disease Detection,Healthy_Leaf,Healthy,healthy,None,train,42,325211c2e5da3ca2680842376e6cae4af6f3eb58b364d3ef62fd87c14c22f6fe,4000,3000
TURM_03978,DATASET/Image Dataset for Turmeric Plant Leaf Disease Detection.zip#Image Dataset for Turmeric Plant Leaf Disease Detection/Original DataSet/Healthy_Leaf/healthy_(119).jpg,Image Dataset for Turmeric Plant Leaf Disease Detection,Healthy_Leaf,Healthy,healthy,None,train,42,64faa2c8f08063f49c2c9e66f59f2f73c4a5f697d8711aa9db29ff0263c03c87,4000,3000
TURM_04041,DATASET/Image Dataset for Turmeric Plant Leaf Disease Detection.zip#Image Dataset for Turmeric Plant Leaf Disease Detection/Original DataSet/Healthy_Leaf/healthy_(176).jpg,Image Dataset for Turmeric Plant Leaf Disease Detection,Healthy_Leaf,Healthy,healthy,None,train,42,be8d08e380551bd610e04bc939d44891170dd08e9f1660b44677bd3231cecb3a,4000,3000
TURM_04113,DATASET/Image Dataset for Turmeric Plant Leaf Disease Detection.zip#Image Dataset for Turmeric Plant Leaf Disease Detection/Original DataSet/Healthy_Leaf/healthy_(5).jpg,Image Dataset for Turmeric Plant Leaf Disease Detection,Healthy_Leaf,Healthy,healthy,None,train,42,f083c46db390275cefce1372102a93924b1a95f46edd938165ad0d3fb8488db0,4000,3000
TURM_03988,DATASET/Image Dataset for Turmeric Plant Leaf Disease Detection.zip#Image Dataset for Turmeric Plant Leaf Disease Detection/Original DataSet/Healthy_Leaf/healthy_(128).jpg,Image Dataset for Turmeric Plant Leaf Disease Detection,Healthy_Leaf,Healthy,healthy,None,train,42,dbe1db8feff41ece3cddfc4ac04e1f5e9ad2e6dc3cccef30a2552e938855becf,4000,3000
TURM_04116,DATASET/Image Dataset for Turmeric Plant Leaf Disease Detection.zip#Image Dataset for Turmeric Plant Leaf Disease Detection/Original DataSet/Healthy_Leaf/healthy_(51).jpg,Image Dataset for Turmeric Plant Leaf Disease Detection,Healthy_Leaf,Healthy,healthy,None,train,42,964fa82a7dd770c22904358a23f33b786797361a74d0116e0937a3c374bb8a48,4000,3000
TURM_03990,DATASET/Image Dataset for Turmeric Plant Leaf Disease Detection.zip#Image Dataset for Turmeric Plant Leaf Disease Detection/Original DataSet/Healthy_Leaf/healthy_(129).jpg,Image Dataset for Turmeric Plant Leaf Disease Detection,Healthy_Leaf,Healthy,healthy,None,train,42,27b6a9fa905137c7111b51e4b568f9231a8946f28f024766728b49b89b65f5e7,4000,3000
TURM_04145,DATASET/Image Dataset for Turmeric Plant Leaf Disease Detection.zip#Image Dataset for Turmeric Plant Leaf Disease Detection/Original DataSet/Healthy_Leaf/healthy_(77).jpg,Image Dataset for Turmeric Plant Leaf Disease Detection,Healthy_Leaf,Healthy,healthy,None,train,42,cf6b91956b219dc1785ee62cefb072e9a00dce09cc7ebd5e9a82608becd0cf07,4000,3000
TURM_04053,DATASET/Image Dataset for Turmeric Plant Leaf Disease Detection.zip#Image Dataset for Turmeric Plant Leaf Disease Detection/Original DataSet/Healthy_Leaf/healthy_(187).jpg,Image Dataset for Turmeric Plant Leaf Disease Detection,Healthy_Leaf,Healthy,healthy,None,train,42,eb0f59301d3d1663fc414c535c6f85437f293aab702884598238c55dfea6e917,4000,3000
TURM_04078,DATASET/Image Dataset for Turmeric Plant Leaf Disease Detection.zip#Image Dataset for Turmeric Plant Leaf Disease Detection/Original DataSet/Healthy_Leaf/healthy_(209).jpg,Image Dataset for Turmeric Plant Leaf Disease Detection,Healthy_Leaf,Healthy,healthy,None,train,42,96ad5ea1f2a7de00a35690c45782ac1a991afbe69b31743f1f41bc79177c84e8,4000,3000
TURM_03995,DATASET/Image Dataset for Turmeric Plant Leaf Disease Detection.zip#Image Dataset for Turmeric Plant Leaf Disease Detection/Original DataSet/Healthy_Leaf/healthy_(133).jpg,Image Dataset for Turmeric Plant Leaf Disease Detection,Healthy_Leaf,Healthy,healthy,None,train,42,570c7aa4e7cbb00998c87bc0b1b04a7f5b457e3791d509ff23b4f20a138b0722,4000,3000
TURM_04121,DATASET/Image Dataset for Turmeric Plant Leaf Disease Detection.zip#Image Dataset for Turmeric Plant Leaf Disease Detection/Original DataSet/Healthy_Leaf/healthy_(56).jpg,Image Dataset for Turmeric Plant Leaf Disease Detection,Healthy_Leaf,Healthy,healthy,None,train,42,e9a5fabb80e078cc3f0b07ef04f62552f18f116861d1b340c005412e5ef95534,4000,3000
TURM_04081,DATASET/Image Dataset for Turmeric Plant Leaf Disease Detection.zip#Image Dataset for Turmeric Plant Leaf Disease Detection/Original DataSet/Healthy_Leaf/healthy_(211).jpg,Image Dataset for Turmeric Plant Leaf Disease Detection,Healthy_Leaf,Healthy,healthy,None,train,42,53ec0fe670631e3687b596fa0c0d867b6ea38c1c8fa7928af6e5ecec4a3f1687,4000,3000
TURM_03960,DATASET/Image Dataset for Turmeric Plant Leaf Disease Detection.zip#Image Dataset for Turmeric Plant Leaf Disease Detection/Original DataSet/Healthy_Leaf/healthy_(103).jpg,Image Dataset for Turmeric Plant Leaf Disease Detection,Healthy_Leaf,Healthy,healthy,None,train,42,a0935ce7ee8335ddd85e77a0f79c37420d9e6152f317fb2d18fbabe8eab59958,4000,3000
TURM_04082,DATASET/Image Dataset for Turmeric Plant Leaf Disease Detection.zip#Image Dataset for Turmeric Plant Leaf Disease Detection/Original DataSet/Healthy_Leaf/healthy_(213).jpg,Image Dataset for Turmeric Plant Leaf Disease Detection,Healthy_Leaf,Healthy,healthy,None,train,42,eb5b39033228fd5385d44faf25ee4a39856b073456d873e160118d5ea218806f,4000,3000
TURM_04015,DATASET/Image Dataset for Turmeric Plant Leaf Disease Detection.zip#Image Dataset for Turmeric Plant Leaf Disease Detection/Original DataSet/Healthy_Leaf/healthy_(153).jpg,Image Dataset for Turmeric Plant Leaf Disease Detection,Healthy_Leaf,Healthy,healthy,None,train,42,f88b7086b85e418e5b900bc43d7e7bc1f22d09ba4d34a12a734567c6df854610,4000,3000
TURM_04048,DATASET/Image Dataset for Turmeric Plant Leaf Disease Detection.zip#Image Dataset for Turmeric Plant Leaf Disease Detection/Original DataSet/Healthy_Leaf/healthy_(182).jpg,Image Dataset for Turmeric Plant Leaf Disease Detection,Healthy_Leaf,Healthy,healthy,None,train,42,f1bce603e48aba147e90fa2dfd658119373a33304d086513c2ed20757b28ea75,4000,3000
TURM_03985,DATASET/Image Dataset for Turmeric Plant Leaf Disease Detection.zip#Image Dataset for Turmeric Plant Leaf Disease Detection/Original DataSet/Healthy_Leaf/healthy_(125).jpg,Image Dataset for Turmeric Plant Leaf Disease Detection,Healthy_Leaf,Healthy,healthy,None,train,42,af5d1b416cd6738923b261e5ddb279c4b0ee62de49c323a94750ca1efc2a0dd6,4000,3000
TURM_03994,DATASET/Image Dataset for Turmeric Plant Leaf Disease Detection.zip#Image Dataset for Turmeric Plant Leaf Disease Detection/Original DataSet/Healthy_Leaf/healthy_(135).jpg,Image Dataset for Turmeric Plant Leaf Disease Detection,Healthy_Leaf,Healthy,healthy,None,train,42,223af929f2b70f1ddd2ae9fa421e3184db69e3f0f75b48784103e0023c46e458,4000,3000
TURM_04156,DATASET/Image Dataset for Turmeric Plant Leaf Disease Detection.zip#Image Dataset for Turmeric Plant Leaf Disease Detection/Original DataSet/Healthy_Leaf/healthy_(88).jpg,Image Dataset for Turmeric Plant Leaf Disease Detection,Healthy_Leaf,Healthy,healthy,None,train,42,8618c3308494accba1b5d863bf1deb7d0584fdd77cb6347599b0c888998da3b0,4000,3000
TURM_04006,DATASET/Image Dataset for Turmeric Plant Leaf Disease Detection.zip#Image Dataset for Turmeric Plant Leaf Disease Detection/Original DataSet/Healthy_Leaf/healthy_(144).jpg,Image Dataset for Turmeric Plant Leaf Disease Detection,Healthy_Leaf,Healthy,healthy,None,train,42,15c921a9e16fb61865eccf0e1b5de209fb1a1ae37b0d6c938f0da238974cefc0,4000,3000
TURM_04026,DATASET/Image Dataset for Turmeric Plant Leaf Disease Detection.zip#Image Dataset for Turmeric Plant Leaf Disease Detection/Original DataSet/Healthy_Leaf/healthy_(161).jpg,Image Dataset for Turmeric Plant Leaf Disease Detection,Healthy_Leaf,Healthy,healthy,None,train,42,99a4bfb91291507475732c0276949b8f0e8429e41c44ad2d97b48d4fe8664f8d,4000,3000
TURM_04162,DATASET/Image Dataset for Turmeric Plant Leaf Disease Detection.zip#Image Dataset for Turmeric Plant Leaf Disease Detection/Original DataSet/Healthy_Leaf/healthy_(93).jpg,Image Dataset for Turmeric Plant Leaf Disease Detection,Healthy_Leaf,Healthy,healthy,None,train,42,39d8e300c616e6d5c55d6c3b3304be01472da1d65183275839ae29c4c6faf0e2,4000,3000
TURM_04098,DATASET/Image Dataset for Turmeric Plant Leaf Disease Detection.zip#Image Dataset for Turmeric Plant Leaf Disease Detection/Original DataSet/Healthy_Leaf/healthy_(36).jpg,Image Dataset for Turmeric Plant Leaf Disease Detection,Healthy_Leaf,Healthy,healthy,None,train,42,791053696efcc85a7d06627be9dd3993ca4765ef5ec81f054f867e3acd343d35,4000,3000
TURM_03982,DATASET/Image Dataset for Turmeric Plant Leaf Disease Detection.zip#Image Dataset for Turmeric Plant Leaf Disease Detection/Original DataSet/Healthy_Leaf/healthy_(122).jpg,Image Dataset for Turmeric Plant Leaf Disease Detection,Healthy_Leaf,Healthy,healthy,None,train,42,cd9298588e79f3efe3c7158f94b13d843f84ee3a15cbb551ed39734ee407077b,4000,3000
TURM_04168,DATASET/Image Dataset for Turmeric Plant Leaf Disease Detection.zip#Image Dataset for Turmeric Plant Leaf Disease Detection/Original DataSet/Healthy_Leaf/healthy_(99).jpg,Image Dataset for Turmeric Plant Leaf Disease Detection,Healthy_Leaf,Healthy,healthy,None,train,42,fdc2bd4543571d88755b489581da495ad82ee060d84d542281d909c56c188c73,4000,3000
TURM_04055,DATASET/Image Dataset for Turmeric Plant Leaf Disease Detection.zip#Image Dataset for Turmeric Plant Leaf Disease Detection/Original DataSet/Healthy_Leaf/healthy_(19).jpg,Image Dataset for Turmeric Plant Leaf Disease Detection,Healthy_Leaf,Healthy,healthy,None,train,42,46fb766adea91584dc811392137b8de7c6262e36396fcbcfa3557af95f4c4785,4000,3000
TURM_04022,DATASET/Image Dataset for Turmeric Plant Leaf Disease Detection.zip#Image Dataset for Turmeric Plant Leaf Disease Detection/Original DataSet/Healthy_Leaf/healthy_(158).jpg,Image Dataset for Turmeric Plant Leaf Disease Detection,Healthy_Leaf,Healthy,healthy,None,train,42,3da59b319efc612265ac440cb3b4493fe47d78f5e486dfd076eb261a7dfb0a45,4000,3000
TURM_04037,DATASET/Image Dataset for Turmeric Plant Leaf Disease Detection.zip#Image Dataset for Turmeric Plant Leaf Disease Detection/Original DataSet/Healthy_Leaf/healthy_(172).jpg,Image Dataset for Turmeric Plant Leaf Disease Detection,Healthy_Leaf,Healthy,healthy,None,train,42,e12e88853611ae6dbeef9f7e671928a25ffbc7e403b6e413c7e916b580d0c8d5,4000,3000
TURM_04167,DATASET/Image Dataset for Turmeric Plant Leaf Disease Detection.zip#Image Dataset for Turmeric Plant Leaf Disease Detection/Original DataSet/Healthy_Leaf/healthy_(95).jpg,Image Dataset for Turmeric Plant Leaf Disease Detection,Healthy_Leaf,Healthy,healthy,None,train,42,f7486871317a681c31a2f4c548b6fbb7cbfb5541428b60ea90d037523b129de9,4000,3000
TURM_04009,DATASET/Image Dataset for Turmeric Plant Leaf Disease Detection.zip#Image Dataset for Turmeric Plant Leaf Disease Detection/Original DataSet/Healthy_Leaf/healthy_(148).jpg,Image Dataset for Turmeric Plant Leaf Disease Detection,Healthy_Leaf,Healthy,healthy,None,train,42,d28990343fefd1c4fed9fb50d3afca044d1ddfa7ea63b4c632d76edda075d347,4000,3000
TURM_04072,DATASET/Image Dataset for Turmeric Plant Leaf Disease Detection.zip#Image Dataset for Turmeric Plant Leaf Disease Detection/Original DataSet/Healthy_Leaf/healthy_(203).jpg,Image Dataset for Turmeric Plant Leaf Disease Detection,Healthy_Leaf,Healthy,healthy,None,train,42,21d5e0de9e8df1216c3e02ad4563eb7d1a06e4d412e673a442202b42a088ce47,4000,3000
TURM_04154,DATASET/Image Dataset for Turmeric Plant Leaf Disease Detection.zip#Image Dataset for Turmeric Plant Leaf Disease Detection/Original DataSet/Healthy_Leaf/healthy_(86).jpg,Image Dataset for Turmeric Plant Leaf Disease Detection,Healthy_Leaf,Healthy,healthy,None,train,42,1254d0fff4c1dc58bbc04ab9b599def1ca066a866f525ad023a099efcc2ccb06,4000,3000
TURM_04112,DATASET/Image Dataset for Turmeric Plant Leaf Disease Detection.zip#Image Dataset for Turmeric Plant Leaf Disease Detection/Original DataSet/Healthy_Leaf/healthy_(49).jpg,Image Dataset for Turmeric Plant Leaf Disease Detection,Healthy_Leaf,Healthy,healthy,None,train,42,b83d909adb4893f60173e2d2bc85e9d22b00eedca807bb3a56a8e61ce39e833a,4000,3000
TURM_04052,DATASET/Image Dataset for Turmeric Plant Leaf Disease Detection.zip#Image Dataset for Turmeric Plant Leaf Disease Detection/Original DataSet/Healthy_Leaf/healthy_(186).jpg,Image Dataset for Turmeric Plant Leaf Disease Detection,Healthy_Leaf,Healthy,healthy,None,train,42,fb8d83903f3437c0a727526757501efdc48501686c0ab162d586d07da2dd37a2,4000,3000
TURM_03987,DATASET/Image Dataset for Turmeric Plant Leaf Disease Detection.zip#Image Dataset for Turmeric Plant Leaf Disease Detection/Original DataSet/Healthy_Leaf/healthy_(127).jpg,Image Dataset for Turmeric Plant Leaf Disease Detection,Healthy_Leaf,Healthy,healthy,None,train,42,950eeb23765b0fee321cfc1085327e62518e2fc745a447fdc85f7e01f60a1cb0,4000,3000
TURM_04028,DATASET/Image Dataset for Turmeric Plant Leaf Disease Detection.zip#Image Dataset for Turmeric Plant Leaf Disease Detection/Original DataSet/Healthy_Leaf/healthy_(164).jpg,Image Dataset for Turmeric Plant Leaf Disease Detection,Healthy_Leaf,Healthy,healthy,None,train,42,f3b602da6d5f513822688ee444c026b2c882a9028a0cb24baa20056a8f2890db,4000,3000
TURM_04084,DATASET/Image Dataset for Turmeric Plant Leaf Disease Detection.zip#Image Dataset for Turmeric Plant Leaf Disease Detection/Original DataSet/Healthy_Leaf/healthy_(22).jpg,Image Dataset for Turmeric Plant Leaf Disease Detection,Healthy_Leaf,Healthy,healthy,None,train,42,8e46e935fd2707e60b73420609ada90a46c1aafef776b0c9841256e6b49ef308,4000,3000
TURM_04007,DATASET/Image Dataset for Turmeric Plant Leaf Disease Detection.zip#Image Dataset for Turmeric Plant Leaf Disease Detection/Original DataSet/Healthy_Leaf/healthy_(142).jpg,Image Dataset for Turmeric Plant Leaf Disease Detection,Healthy_Leaf,Healthy,healthy,None,train,42,2892b571d4a04c34ef36dfdc1277229dba3829be1076ffbf7afc6859b2cade39,4000,3000
TURM_04159,DATASET/Image Dataset for Turmeric Plant Leaf Disease Detection.zip#Image Dataset for Turmeric Plant Leaf Disease Detection/Original DataSet/Healthy_Leaf/healthy_(90).jpg,Image Dataset for Turmeric Plant Leaf Disease Detection,Healthy_Leaf,Healthy,healthy,None,train,42,c506ea0cbae3472eb9bdf782155cd8727a9a078c974adc12a5c91b10e7f6bdd8,4000,3000
TURM_04043,DATASET/Image Dataset for Turmeric Plant Leaf Disease Detection.zip#Image Dataset for Turmeric Plant Leaf Disease Detection/Original DataSet/Healthy_Leaf/healthy_(178).jpg,Image Dataset for Turmeric Plant Leaf Disease Detection,Healthy_Leaf,Healthy,healthy,None,train,42,28bf82643dc38c2eb1c8f959114cb8da1c3c6f7b271c20c426ff312bbd4cc023,4000,3000
TURM_04032,DATASET/Image Dataset for Turmeric Plant Leaf Disease Detection.zip#Image Dataset for Turmeric Plant Leaf Disease Detection/Original DataSet/Healthy_Leaf/healthy_(167).jpg,Image Dataset for Turmeric Plant Leaf Disease Detection,Healthy_Leaf,Healthy,healthy,None,train,42,b96e4fccf04e76a4b6f53fa56b28e9196933c8bcae7775098cea77bd6b149c09,4000,3000
TURM_04141,DATASET/Image Dataset for Turmeric Plant Leaf Disease Detection.zip#Image Dataset for Turmeric Plant Leaf Disease Detection/Original DataSet/Healthy_Leaf/healthy_(74).jpg,Image Dataset for Turmeric Plant Leaf Disease Detection,Healthy_Leaf,Healthy,healthy,None,train,42,3b149304cd80c5d7336284fa7d38c1bcf361524c1fdb416e4228ee805d814d9d,4000,3000
TURM_04092,DATASET/Image Dataset for Turmeric Plant Leaf Disease Detection.zip#Image Dataset for Turmeric Plant Leaf Disease Detection/Original DataSet/Healthy_Leaf/healthy_(30).jpg,Image Dataset for Turmeric Plant Leaf Disease Detection,Healthy_Leaf,Healthy,healthy,None,train,42,dd6c3df837cebc7b5e88b6565bbead0b47aba4d6a31b2ea275a15acb476263be,4000,3000
TURM_03966,DATASET/Image Dataset for Turmeric Plant Leaf Disease Detection.zip#Image Dataset for Turmeric Plant Leaf Disease Detection/Original DataSet/Healthy_Leaf/healthy_(108).jpg,Image Dataset for Turmeric Plant Leaf Disease Detection,Healthy_Leaf,Healthy,healthy,None,train,42,80c34c628cd96aec690659a080d79bd5d401e3fbe2184ddcf7f1f3e56cedfc73,4000,3000
TURM_04021,DATASET/Image Dataset for Turmeric Plant Leaf Disease Detection.zip#Image Dataset for Turmeric Plant Leaf Disease Detection/Original DataSet/Healthy_Leaf/healthy_(157).jpg,Image Dataset for Turmeric Plant Leaf Disease Detection,Healthy_Leaf,Healthy,healthy,None,train,42,e1f4f2fbfbd41b35476b1b7d77dda1f9301fe501d772ea25cac636732f31f126,4000,3000
TURM_04054,DATASET/Image Dataset for Turmeric Plant Leaf Disease Detection.zip#Image Dataset for Turmeric Plant Leaf Disease Detection/Original DataSet/Healthy_Leaf/healthy_(188).jpg,Image Dataset for Turmeric Plant Leaf Disease Detection,Healthy_Leaf,Healthy,healthy,None,train,42,f75cbe2cd44da07cc68eaaebaffb922a1335524c5554862ef4732a048388002c,4000,3000
TURM_03976,DATASET/Image Dataset for Turmeric Plant Leaf Disease Detection.zip#Image Dataset for Turmeric Plant Leaf Disease Detection/Original DataSet/Healthy_Leaf/healthy_(117).jpg,Image Dataset for Turmeric Plant Leaf Disease Detection,Healthy_Leaf,Healthy,healthy,None,train,42,e0ec93a229e93c28d85dbfb9d73029775ac4e117e96b9a9a24137a8b5553b15e,4000,3000
TURM_04023,DATASET/Image Dataset for Turmeric Plant Leaf Disease Detection.zip#Image Dataset for Turmeric Plant Leaf Disease Detection/Original DataSet/Healthy_Leaf/healthy_(159).jpg,Image Dataset for Turmeric Plant Leaf Disease Detection,Healthy_Leaf,Healthy,healthy,None,train,42,b5500c265b6890c3375337c000ae000f23a5590064362023ee1d445c9c18999a,4000,3000
TURM_04020,DATASET/Image Dataset for Turmeric Plant Leaf Disease Detection.zip#Image Dataset for Turmeric Plant Leaf Disease Detection/Original DataSet/Healthy_Leaf/healthy_(16).jpg,Image Dataset for Turmeric Plant Leaf Disease Detection,Healthy_Leaf,Healthy,healthy,None,train,42,76ab8daf58d8db48149c3f6c4acaa48dd1f008532d5ce2e554e216b10ad580f2,4000,3000
TURM_04017,DATASET/Image Dataset for Turmeric Plant Leaf Disease Detection.zip#Image Dataset for Turmeric Plant Leaf Disease Detection/Original DataSet/Healthy_Leaf/healthy_(152).jpg,Image Dataset for Turmeric Plant Leaf Disease Detection,Healthy_Leaf,Healthy,healthy,None,train,42,231d77d88b18ff9cd98193a762bc1651435662e6c6aa15f0f53b7853e248bac8,4000,3000
TURM_04089,DATASET/Image Dataset for Turmeric Plant Leaf Disease Detection.zip#Image Dataset for Turmeric Plant Leaf Disease Detection/Original DataSet/Healthy_Leaf/healthy_(26).jpg,Image Dataset for Turmeric Plant Leaf Disease Detection,Healthy_Leaf,Healthy,healthy,None,train,42,43f46a61c0c3c1535ae84232fcce131b126db132cedece5d182e15a370f85f82,4000,3000
TURM_03962,DATASET/Image Dataset for Turmeric Plant Leaf Disease Detection.zip#Image Dataset for Turmeric Plant Leaf Disease Detection/Original DataSet/Healthy_Leaf/healthy_(104).jpg,Image Dataset for Turmeric Plant Leaf Disease Detection,Healthy_Leaf,Healthy,healthy,None,train,42,da1f337c9c4e1d05411eb97faa3710d715886badc9b7a6c3fcc10d583592f451,4000,3000
TURM_04057,DATASET/Image Dataset for Turmeric Plant Leaf Disease Detection.zip#Image Dataset for Turmeric Plant Leaf Disease Detection/Original DataSet/Healthy_Leaf/healthy_(191).jpg,Image Dataset for Turmeric Plant Leaf Disease Detection,Healthy_Leaf,Healthy,healthy,None,train,42,7dcf8e75e1309424dc4cd790495accd1eb505ebc1c016e94ef4649607e3d52d3,4000,3000
TURM_03996,DATASET/Image Dataset for Turmeric Plant Leaf Disease Detection.zip#Image Dataset for Turmeric Plant Leaf Disease Detection/Original DataSet/Healthy_Leaf/healthy_(134).jpg,Image Dataset for Turmeric Plant Leaf Disease Detection,Healthy_Leaf,Healthy,healthy,None,train,42,eb13c3c1e8e734e1bf36aa35b27dda0a0a59d1bbc91c8e0b99b402dcf59fe67a,4000,3000
TURM_04163,DATASET/Image Dataset for Turmeric Plant Leaf Disease Detection.zip#Image Dataset for Turmeric Plant Leaf Disease Detection/Original DataSet/Healthy_Leaf/healthy_(94).jpg,Image Dataset for Turmeric Plant Leaf Disease Detection,Healthy_Leaf,Healthy,healthy,None,train,42,9b12f1cee2617cf1d596abf78f9a22ed54b7576afd55b34055590043309a5b85,4000,3000
TURM_04118,DATASET/Image Dataset for Turmeric Plant Leaf Disease Detection.zip#Image Dataset for Turmeric Plant Leaf Disease Detection/Original DataSet/Healthy_Leaf/healthy_(53).jpg,Image Dataset for Turmeric Plant Leaf Disease Detection,Healthy_Leaf,Healthy,healthy,None,train,42,d0144525b86430b395b503cbe7b73cb317ea2504a8ca09b403ffdbf0a9233826,4000,3000
TURM_04025,DATASET/Image Dataset for Turmeric Plant Leaf Disease Detection.zip#Image Dataset for Turmeric Plant Leaf Disease Detection/Original DataSet/Healthy_Leaf/healthy_(163).jpg,Image Dataset for Turmeric Plant Leaf Disease Detection,Healthy_Leaf,Healthy,healthy,None,train,42,d9e04904265e86ae3a632c2c258e2703d0df4e7a8770c9e0b455cca7b86033a0,4000,3000
TURM_04050,DATASET/Image Dataset for Turmeric Plant Leaf Disease Detection.zip#Image Dataset for Turmeric Plant Leaf Disease Detection/Original DataSet/Healthy_Leaf/healthy_(184).jpg,Image Dataset for Turmeric Plant Leaf Disease Detection,Healthy_Leaf,Healthy,healthy,None,train,42,aaa4cc90ac0f45534a91ab980807dac6c3a9a2b8463898ab7dce91719ac8db92,4000,3000
TURM_04030,DATASET/Image Dataset for Turmeric Plant Leaf Disease Detection.zip#Image Dataset for Turmeric Plant Leaf Disease Detection/Original DataSet/Healthy_Leaf/healthy_(166).jpg,Image Dataset for Turmeric Plant Leaf Disease Detection,Healthy_Leaf,Healthy,healthy,None,train,42,7d9aa4ca3956350040cbaa63940ed17f502ec5944c76a4c9096093e87a55b06d,4000,3000
TURM_03963,DATASET/Image Dataset for Turmeric Plant Leaf Disease Detection.zip#Image Dataset for Turmeric Plant Leaf Disease Detection/Original DataSet/Healthy_Leaf/healthy_(105).jpg,Image Dataset for Turmeric Plant Leaf Disease Detection,Healthy_Leaf,Healthy,healthy,None,train,42,b799d927d03d85d753013cff288770e568008f0dd241a9bebb4d9f1fe13470fe,4000,3000
TURM_04111,DATASET/Image Dataset for Turmeric Plant Leaf Disease Detection.zip#Image Dataset for Turmeric Plant Leaf Disease Detection/Original DataSet/Healthy_Leaf/healthy_(47).jpg,Image Dataset for Turmeric Plant Leaf Disease Detection,Healthy_Leaf,Healthy,healthy,None,train,42,e3c06f0b0c0f8e9cfe3e43c85e1c9627f827614114ad6a43cd3439460ddbd819,4000,3000
TURM_03993,DATASET/Image Dataset for Turmeric Plant Leaf Disease Detection.zip#Image Dataset for Turmeric Plant Leaf Disease Detection/Original DataSet/Healthy_Leaf/healthy_(132).jpg,Image Dataset for Turmeric Plant Leaf Disease Detection,Healthy_Leaf,Healthy,healthy,None,train,42,3cafa0407dc40d9495211617359496804ff3e819c19e79e1ef7027fe2782cda3,4000,3000
TURM_04164,DATASET/Image Dataset for Turmeric Plant Leaf Disease Detection.zip#Image Dataset for Turmeric Plant Leaf Disease Detection/Original DataSet/Healthy_Leaf/healthy_(96).jpg,Image Dataset for Turmeric Plant Leaf Disease Detection,Healthy_Leaf,Healthy,healthy,None,train,42,557aab98c5a14022190d2ee033abaedad700f8253a13d514182c0ea2caf43726,4000,3000
TURM_04099,DATASET/Image Dataset for Turmeric Plant Leaf Disease Detection.zip#Image Dataset for Turmeric Plant Leaf Disease Detection/Original DataSet/Healthy_Leaf/healthy_(35).jpg,Image Dataset for Turmeric Plant Leaf Disease Detection,Healthy_Leaf,Healthy,healthy,None,train,42,9051f2084dfb66577e646a8702b0c1aaf7f8a9cc54a364c2ad39bd4b2ddec3f0,4000,3000
TURM_04135,DATASET/Image Dataset for Turmeric Plant Leaf Disease Detection.zip#Image Dataset for Turmeric Plant Leaf Disease Detection/Original DataSet/Healthy_Leaf/healthy_(68).jpg,Image Dataset for Turmeric Plant Leaf Disease Detection,Healthy_Leaf,Healthy,healthy,None,train,42,e39d5fde583a389698d50942dcdc6564874a4349460d431079a308920e96c7c5,4000,3000
TURM_04047,DATASET/Image Dataset for Turmeric Plant Leaf Disease Detection.zip#Image Dataset for Turmeric Plant Leaf Disease Detection/Original DataSet/Healthy_Leaf/healthy_(181).jpg,Image Dataset for Turmeric Plant Leaf Disease Detection,Healthy_Leaf,Healthy,healthy,None,train,42,3c36558b38f2a417dfc4c87d0965c1d338a4827f12d52bc0bcad64dfcd2776a1,4000,3000
TURM_04140,DATASET/Image Dataset for Turmeric Plant Leaf Disease Detection.zip#Image Dataset for Turmeric Plant Leaf Disease Detection/Original DataSet/Healthy_Leaf/healthy_(73).jpg,Image Dataset for Turmeric Plant Leaf Disease Detection,Healthy_Leaf,Healthy,healthy,None,train,42,482cffeef5097fcde3289874270ea4bb258174f83944b281ed6785acd434b0da,4000,3000
TURM_04130,DATASET/Image Dataset for Turmeric Plant Leaf Disease Detection.zip#Image Dataset for Turmeric Plant Leaf Disease Detection/Original DataSet/Healthy_Leaf/healthy_(62).jpg,Image Dataset for Turmeric Plant Leaf Disease Detection,Healthy_Leaf,Healthy,healthy,None,train,42,6af419e5e2ad11a3bf09b09a1259f0f740bc8ded1b26ac4c6c3156dce3023a7d,4000,3000
TURM_04076,DATASET/Image Dataset for Turmeric Plant Leaf Disease Detection.zip#Image Dataset for Turmeric Plant Leaf Disease Detection/Original DataSet/Healthy_Leaf/healthy_(207).jpg,Image Dataset for Turmeric Plant Leaf Disease Detection,Healthy_Leaf,Healthy,healthy,None,train,42,5e4ad2213455f74acacc52fb2d4609677e6a9398b4d983bd6ab5d90a0daaa014,4000,3000
TURM_04049,DATASET/Image Dataset for Turmeric Plant Leaf Disease Detection.zip#Image Dataset for Turmeric Plant Leaf Disease Detection/Original DataSet/Healthy_Leaf/healthy_(183).jpg,Image Dataset for Turmeric Plant Leaf Disease Detection,Healthy_Leaf,Healthy,healthy,None,train,42,3cd3d064741aa4b7cc8bb71d7585970c844c8b0de65b548aabe328a38d80f4b9,4000,3000
TURM_04045,DATASET/Image Dataset for Turmeric Plant Leaf Disease Detection.zip#Image Dataset for Turmeric Plant Leaf Disease Detection/Original DataSet/Healthy_Leaf/healthy_(18).jpg,Image Dataset for Turmeric Plant Leaf Disease Detection,Healthy_Leaf,Healthy,healthy,None,train,42,9ccd3b660cb91a23c441189c30aa731f19950b38302708112184e74269506199,4000,3000
TURM_04086,DATASET/Image Dataset for Turmeric Plant Leaf Disease Detection.zip#Image Dataset for Turmeric Plant Leaf Disease Detection/Original DataSet/Healthy_Leaf/healthy_(23).jpg,Image Dataset for Turmeric Plant Leaf Disease Detection,Healthy_Leaf,Healthy,healthy,None,train,42,cffaad842758d74115460894985f9cb8a38f33469d4539c0a7454e1da523d6ab,4000,3000
TURM_03992,DATASET/Image Dataset for Turmeric Plant Leaf Disease Detection.zip#Image Dataset for Turmeric Plant Leaf Disease Detection/Original DataSet/Healthy_Leaf/healthy_(131).jpg,Image Dataset for Turmeric Plant Leaf Disease Detection,Healthy_Leaf,Healthy,healthy,None,train,42,9ffa83e6c3fcff64511e23769cf0eb9b90ffcfa0bc886e449421bdabfbf8c291,4000,3000
TURM_04143,DATASET/Image Dataset for Turmeric Plant Leaf Disease Detection.zip#Image Dataset for Turmeric Plant Leaf Disease Detection/Original DataSet/Healthy_Leaf/healthy_(75).jpg,Image Dataset for Turmeric Plant Leaf Disease Detection,Healthy_Leaf,Healthy,healthy,None,train,42,5c270e93f9ccd6b509e9d9e8ef66fc5e81c2c15f642fd2d05de09f143d57a126,4000,3000
TURM_04126,DATASET/Image Dataset for Turmeric Plant Leaf Disease Detection.zip#Image Dataset for Turmeric Plant Leaf Disease Detection/Original DataSet/Healthy_Leaf/healthy_(60).jpg,Image Dataset for Turmeric Plant Leaf Disease Detection,Healthy_Leaf,Healthy,healthy,None,train,42,532450abf7734dad4db519b57ef419a26242aeefd1c64e595dd9bf4c9ee4cfe8,4000,3000
TURM_04056,DATASET/Image Dataset for Turmeric Plant Leaf Disease Detection.zip#Image Dataset for Turmeric Plant Leaf Disease Detection/Original DataSet/Healthy_Leaf/healthy_(189).jpg,Image Dataset for Turmeric Plant Leaf Disease Detection,Healthy_Leaf,Healthy,healthy,None,train,42,fb4957a52f59047853717e801915d1647e5373882742b06d4a5e59931cc494b6,4000,3000
TURM_04101,DATASET/Image Dataset for Turmeric Plant Leaf Disease Detection.zip#Image Dataset for Turmeric Plant Leaf Disease Detection/Original DataSet/Healthy_Leaf/healthy_(38).jpg,Image Dataset for Turmeric Plant Leaf Disease Detection,Healthy_Leaf,Healthy,healthy,None,train,42,ae92ee8f30815ff5e7b4ca4e8446498c607592a6f6f2c7390e957f54fe7bf44b,4000,3000
TURM_04131,DATASET/Image Dataset for Turmeric Plant Leaf Disease Detection.zip#Image Dataset for Turmeric Plant Leaf Disease Detection/Original DataSet/Healthy_Leaf/healthy_(65).jpg,Image Dataset for Turmeric Plant Leaf Disease Detection,Healthy_Leaf,Healthy,healthy,None,train,42,49794f01b400988a0c03cd3a1299e17bb623dff1cb508d07ed68b21181c7e0ea,4000,3000
TURM_04109,DATASET/Image Dataset for Turmeric Plant Leaf Disease Detection.zip#Image Dataset for Turmeric Plant Leaf Disease Detection/Original DataSet/Healthy_Leaf/healthy_(45).jpg,Image Dataset for Turmeric Plant Leaf Disease Detection,Healthy_Leaf,Healthy,healthy,None,train,42,d3e978bf533938c1073fa91956678bbb1eea90e90f6d258f099b69c04cd3655c,4000,3000
TURM_03956,DATASET/Image Dataset for Turmeric Plant Leaf Disease Detection.zip#Image Dataset for Turmeric Plant Leaf Disease Detection/Original DataSet/Healthy_Leaf/healthy_(1).jpg,Image Dataset for Turmeric Plant Leaf Disease Detection,Healthy_Leaf,Healthy,healthy,None,train,42,7695925806b45988bb4215f41d30aeac52b4aa6e4638da48817e91ff476e4ba0,4000,3000
TURM_04108,DATASET/Image Dataset for Turmeric Plant Leaf Disease Detection.zip#Image Dataset for Turmeric Plant Leaf Disease Detection/Original DataSet/Healthy_Leaf/healthy_(44).jpg,Image Dataset for Turmeric Plant Leaf Disease Detection,Healthy_Leaf,Healthy,healthy,None,train,42,2d4fe7b225fc166e456e5ddf36764fa1f4e0fd76313805bd549a3eaadbd76b6b,4000,3000
TURM_04090,DATASET/Image Dataset for Turmeric Plant Leaf Disease Detection.zip#Image Dataset for Turmeric Plant Leaf Disease Detection/Original DataSet/Healthy_Leaf/healthy_(28).jpg,Image Dataset for Turmeric Plant Leaf Disease Detection,Healthy_Leaf,Healthy,healthy,None,train,42,92366457c6767e9d4209cd56dd7dac18c28c4bb4a001ea261a062d7b8ce0579b,4000,3000
TURM_04114,DATASET/Image Dataset for Turmeric Plant Leaf Disease Detection.zip#Image Dataset for Turmeric Plant Leaf Disease Detection/Original DataSet/Healthy_Leaf/healthy_(48).jpg,Image Dataset for Turmeric Plant Leaf Disease Detection,Healthy_Leaf,Healthy,healthy,None,train,42,ef4e355a9fb1d779acdf29622ec6b9b1a86917250f91fa1f64e7e63bba8980cb,4000,3000
TURM_04166,DATASET/Image Dataset for Turmeric Plant Leaf Disease Detection.zip#Image Dataset for Turmeric Plant Leaf Disease Detection/Original DataSet/Healthy_Leaf/healthy_(98).jpg,Image Dataset for Turmeric Plant Leaf Disease Detection,Healthy_Leaf,Healthy,healthy,None,train,42,e1ca994acd4f38902c70a4a1276b5282fe58947d522fb25b97647b3bd09e18c0,4000,3000
TURM_04133,DATASET/Image Dataset for Turmeric Plant Leaf Disease Detection.zip#Image Dataset for Turmeric Plant Leaf Disease Detection/Original DataSet/Healthy_Leaf/healthy_(69).jpg,Image Dataset for Turmeric Plant Leaf Disease Detection,Healthy_Leaf,Healthy,healthy,None,train,42,bc0f48a36a2da56bc1a970c80bae2a635aa35178b8f853cddae3ca15114e3f45,4000,3000
TURM_04079,DATASET/Image Dataset for Turmeric Plant Leaf Disease Detection.zip#Image Dataset for Turmeric Plant Leaf Disease Detection/Original DataSet/Healthy_Leaf/healthy_(208).jpg,Image Dataset for Turmeric Plant Leaf Disease Detection,Healthy_Leaf,Healthy,healthy,None,train,42,f7eefee9b5b02ca0d4925fbc154f1c16eecf368830c2bee127f92644606e1e1e,4000,3000
TURM_04134,DATASET/Image Dataset for Turmeric Plant Leaf Disease Detection.zip#Image Dataset for Turmeric Plant Leaf Disease Detection/Original DataSet/Healthy_Leaf/healthy_(67).jpg,Image Dataset for Turmeric Plant Leaf Disease Detection,Healthy_Leaf,Healthy,healthy,None,train,42,36179f0859af58efa6c486c3ff76bd70c5096e0dc46740c657cc8b329cae1e9d,4000,3000
TURM_04125,DATASET/Image Dataset for Turmeric Plant Leaf Disease Detection.zip#Image Dataset for Turmeric Plant Leaf Disease Detection/Original DataSet/Healthy_Leaf/healthy_(59).jpg,Image Dataset for Turmeric Plant Leaf Disease Detection,Healthy_Leaf,Healthy,healthy,None,train,42,956e8dd39793dfe8fac396bffbf6c1b1163f67f7351c9d01a7bc006af6182471,4000,3000
TURM_03998,DATASET/Image Dataset for Turmeric Plant Leaf Disease Detection.zip#Image Dataset for Turmeric Plant Leaf Disease Detection/Original DataSet/Healthy_Leaf/healthy_(137).jpg,Image Dataset for Turmeric Plant Leaf Disease Detection,Healthy_Leaf,Healthy,healthy,None,train,42,dd2eeb72064a5fab320a5c6565d23e551009dcfb04bacf5a93ca01ce1e29d843,4000,3000
TURM_04146,DATASET/Image Dataset for Turmeric Plant Leaf Disease Detection.zip#Image Dataset for Turmeric Plant Leaf Disease Detection/Original DataSet/Healthy_Leaf/healthy_(79).jpg,Image Dataset for Turmeric Plant Leaf Disease Detection,Healthy_Leaf,Healthy,healthy,None,train,42,5836ea8c2194d0d2cdd7862f41eeef4a7677f604aa7b6ad5d2e6484a60284b99,4000,3000
TURM_03979,DATASET/Image Dataset for Turmeric Plant Leaf Disease Detection.zip#Image Dataset for Turmeric Plant Leaf Disease Detection/Original DataSet/Healthy_Leaf/healthy_(12).jpg,Image Dataset for Turmeric Plant Leaf Disease Detection,Healthy_Leaf,Healthy,healthy,None,train,42,e051048ac4432d0024ccbf8b1c7c5f49498ab9a7250a9da1003b966d26a8a7d3,4000,3000
TURM_03959,DATASET/Image Dataset for Turmeric Plant Leaf Disease Detection.zip#Image Dataset for Turmeric Plant Leaf Disease Detection/Original DataSet/Healthy_Leaf/healthy_(100).jpg,Image Dataset for Turmeric Plant Leaf Disease Detection,Healthy_Leaf,Healthy,healthy,None,train,42,d34b544c317965dd9004ee41956f68ef8733004a4dfdef20279fbc1fb3925e50,4000,3000
TURM_04132,DATASET/Image Dataset for Turmeric Plant Leaf Disease Detection.zip#Image Dataset for Turmeric Plant Leaf Disease Detection/Original DataSet/Healthy_Leaf/healthy_(66).jpg,Image Dataset for Turmeric Plant Leaf Disease Detection,Healthy_Leaf,Healthy,healthy,None,train,42,7222b4d0c1ed1e6179b7a1813648c8351889e782898ce92fc1886260a2343b0d,4000,3000
TURM_03968,DATASET/Image Dataset for Turmeric Plant Leaf Disease Detection.zip#Image Dataset for Turmeric Plant Leaf Disease Detection/Original DataSet/Healthy_Leaf/healthy_(11).jpg,Image Dataset for Turmeric Plant Leaf Disease Detection,Healthy_Leaf,Healthy,healthy,None,train,42,53097517be6a312358a9b71f2a62aea0d7d9fccef0e4389043df8d2e793062b4,4000,3000
TURM_04115,DATASET/Image Dataset for Turmeric Plant Leaf Disease Detection.zip#Image Dataset for Turmeric Plant Leaf Disease Detection/Original DataSet/Healthy_Leaf/healthy_(50).jpg,Image Dataset for Turmeric Plant Leaf Disease Detection,Healthy_Leaf,Healthy,healthy,None,train,42,4dd89fc736c92317ffbe01d3e14bdf6b2ad7035abfb89e6fdf2fe86422799444,4000,3000
TURM_04096,DATASET/Image Dataset for Turmeric Plant Leaf Disease Detection.zip#Image Dataset for Turmeric Plant Leaf Disease Detection/Original DataSet/Healthy_Leaf/healthy_(33).jpg,Image Dataset for Turmeric Plant Leaf Disease Detection,Healthy_Leaf,Healthy,healthy,None,train,42,fa9423f931838f2f37855fb0483b436cd62b1a0b41c3d793c1fb268fe7f2d05c,4000,3000
TURM_04069,DATASET/Image Dataset for Turmeric Plant Leaf Disease Detection.zip#Image Dataset for Turmeric Plant Leaf Disease Detection/Original DataSet/Healthy_Leaf/healthy_(2).jpg,Image Dataset for Turmeric Plant Leaf Disease Detection,Healthy_Leaf,Healthy,healthy,None,train,42,f08ae5fce20787b276ae05316982648aabffe469044e4092e6587a7bb00f0304,4000,3000
TURM_03975,DATASET/Image Dataset for Turmeric Plant Leaf Disease Detection.zip#Image Dataset for Turmeric Plant Leaf Disease Detection/Original DataSet/Healthy_Leaf/healthy_(116).jpg,Image Dataset for Turmeric Plant Leaf Disease Detection,Healthy_Leaf,Healthy,healthy,None,train,42,cc10a9707c7c4169a5737b850cea674b1e7a8b25d4e4e6da3cb25ec472b73c6a,4000,3000
TURM_04110,DATASET/Image Dataset for Turmeric Plant Leaf Disease Detection.zip#Image Dataset for Turmeric Plant Leaf Disease Detection/Original DataSet/Healthy_Leaf/healthy_(46).jpg,Image Dataset for Turmeric Plant Leaf Disease Detection,Healthy_Leaf,Healthy,healthy,None,train,42,56b38767971f7042ac943f6947ec258962bd09796c5027eb15f25396336d8c71,4000,3000
TURM_04074,DATASET/Image Dataset for Turmeric Plant Leaf Disease Detection.zip#Image Dataset for Turmeric Plant Leaf Disease Detection/Original DataSet/Healthy_Leaf/healthy_(205).jpg,Image Dataset for Turmeric Plant Leaf Disease Detection,Healthy_Leaf,Healthy,healthy,None,train,42,59183d1e156a064143e7198210aea858233c8ed54e0b99b1557920470d52c102,4000,3000
TURM_04136,DATASET/Image Dataset for Turmeric Plant Leaf Disease Detection.zip#Image Dataset for Turmeric Plant Leaf Disease Detection/Original DataSet/Healthy_Leaf/healthy_(7).jpg,Image Dataset for Turmeric Plant Leaf Disease Detection,Healthy_Leaf,Healthy,healthy,None,train,42,9cd5754ef9a1d8ca907509d43220b040722f21fed52b21b9c8bae2bcf35c6a68,4000,3000
TURM_04002,DATASET/Image Dataset for Turmeric Plant Leaf Disease Detection.zip#Image Dataset for Turmeric Plant Leaf Disease Detection/Original DataSet/Healthy_Leaf/healthy_(141).jpg,Image Dataset for Turmeric Plant Leaf Disease Detection,Healthy_Leaf,Healthy,healthy,None,train,42,2194ea06c736187a9dc2fb4a1e413a0f48e520b97ea06f049a4332bc00de314e,4000,3000
TURM_04119,DATASET/Image Dataset for Turmeric Plant Leaf Disease Detection.zip#Image Dataset for Turmeric Plant Leaf Disease Detection/Original DataSet/Healthy_Leaf/healthy_(54).jpg,Image Dataset for Turmeric Plant Leaf Disease Detection,Healthy_Leaf,Healthy,healthy,None,train,42,203f62388236489f6b40fb013e3b638d8abf1f04ea6bfa1d6c2200980da2d965,4000,3000
TURM_04719,DATASET/Turmeric Plant Disease Dataset Advancing AI for Agricultural Sustainability.zip#Turmeric Plant Disease Dataset Advancing AI for Agricultural Sustainability/Turmeric Plant Disease.zip#Turmeric Plant Disease/Healthy Leaf/Healthy Leaf00155.JPG,Turmeric Plant Disease Dataset Advancing AI (Original),Healthy Leaf,Healthy,healthy,TURM_DUP_0358,train,42,7f539fa50b708f5c7da581079272a7cbb1f3d25e401afa2725c28f20594e3915,1000,1000
TURM_04576,DATASET/Turmeric Plant Disease Dataset Advancing AI for Agricultural Sustainability.zip#Turmeric Plant Disease Dataset Advancing AI for Agricultural Sustainability/Turmeric Plant Disease.zip#Turmeric Plant Disease/Healthy Leaf/Healthy Leaf00012.JPG,Turmeric Plant Disease Dataset Advancing AI (Original),Healthy Leaf,Healthy,healthy,TURM_DUP_0215,train,42,93ebe01589bca6176d08bb1f425751b11fe06ead8669dc5f829d2edfcfd19892,1000,1000
TURM_04693,DATASET/Turmeric Plant Disease Dataset Advancing AI for Agricultural Sustainability.zip#Turmeric Plant Disease Dataset Advancing AI for Agricultural Sustainability/Turmeric Plant Disease.zip#Turmeric Plant Disease/Healthy Leaf/Healthy Leaf00129.JPG,Turmeric Plant Disease Dataset Advancing AI (Original),Healthy Leaf,Healthy,healthy,TURM_DUP_0332,train,42,a86787c114d3e40bfcfdbdc85d9f209ca103b80e0da1858f1e646bdc1e89dc69,1000,1000
TURM_04680,DATASET/Turmeric Plant Disease Dataset Advancing AI for Agricultural Sustainability.zip#Turmeric Plant Disease Dataset Advancing AI for Agricultural Sustainability/Turmeric Plant Disease.zip#Turmeric Plant Disease/Healthy Leaf/Healthy Leaf00116.JPG,Turmeric Plant Disease Dataset Advancing AI (Original),Healthy Leaf,Healthy,healthy,TURM_DUP_0319,train,42,7d07e0c8734d710606543987ddba40bfe37d41c934f777ad905768d068c5cc51,1000,1000
TURM_04687,DATASET/Turmeric Plant Disease Dataset Advancing AI for Agricultural Sustainability.zip#Turmeric Plant Disease Dataset Advancing AI for Agricultural Sustainability/Turmeric Plant Disease.zip#Turmeric Plant Disease/Healthy Leaf/Healthy Leaf00123.JPG,Turmeric Plant Disease Dataset Advancing AI (Original),Healthy Leaf,Healthy,healthy,TURM_DUP_0326,train,42,e35c027ed1b063f294a30b013aefd35df865ea71c35265d83df29bf682322d90,1000,1000
TURM_04722,DATASET/Turmeric Plant Disease Dataset Advancing AI for Agricultural Sustainability.zip#Turmeric Plant Disease Dataset Advancing AI for Agricultural Sustainability/Turmeric Plant Disease.zip#Turmeric Plant Disease/Healthy Leaf/Healthy Leaf00158.JPG,Turmeric Plant Disease Dataset Advancing AI (Original),Healthy Leaf,Healthy,healthy,TURM_DUP_0361,train,42,2e19995b74ead7dc4dd1d1fe9ef1b484a754387429155b6e19bf79c20267106f,1000,1000
TURM_04734,DATASET/Turmeric Plant Disease Dataset Advancing AI for Agricultural Sustainability.zip#Turmeric Plant Disease Dataset Advancing AI for Agricultural Sustainability/Turmeric Plant Disease.zip#Turmeric Plant Disease/Healthy Leaf/Healthy Leaf00170.JPG,Turmeric Plant Disease Dataset Advancing AI (Original),Healthy Leaf,Healthy,healthy,TURM_DUP_0373,train,42,19a8bb29f442f665831e61fccba1993b8fe3515d9d8b6e3ccfb572e75e640e30,1000,1000
TURM_04703,DATASET/Turmeric Plant Disease Dataset Advancing AI for Agricultural Sustainability.zip#Turmeric Plant Disease Dataset Advancing AI for Agricultural Sustainability/Turmeric Plant Disease.zip#Turmeric Plant Disease/Healthy Leaf/Healthy Leaf00139.JPG,Turmeric Plant Disease Dataset Advancing AI (Original),Healthy Leaf,Healthy,healthy,TURM_DUP_0342,train,42,10c1483af67b2e9cb813f0d4bb8648bfcad76301cbeb768d58cbfe2d78e5e43f,1000,1000
TURM_04619,DATASET/Turmeric Plant Disease Dataset Advancing AI for Agricultural Sustainability.zip#Turmeric Plant Disease Dataset Advancing AI for Agricultural Sustainability/Turmeric Plant Disease.zip#Turmeric Plant Disease/Healthy Leaf/Healthy Leaf00055.JPG,Turmeric Plant Disease Dataset Advancing AI (Original),Healthy Leaf,Healthy,healthy,TURM_DUP_0258,train,42,0c4f8d78ff2551c6357eab125318681623e900445f8f5f8c1b1a20cfe961b5ec,1000,1000
TURM_04647,DATASET/Turmeric Plant Disease Dataset Advancing AI for Agricultural Sustainability.zip#Turmeric Plant Disease Dataset Advancing AI for Agricultural Sustainability/Turmeric Plant Disease.zip#Turmeric Plant Disease/Healthy Leaf/Healthy Leaf00083.JPG,Turmeric Plant Disease Dataset Advancing AI (Original),Healthy Leaf,Healthy,healthy,TURM_DUP_0286,train,42,68781143a4ff7c1be5022170ccdcc4aa05e13696809c22c95854dbe6aabe87ea,1000,1000
TURM_04679,DATASET/Turmeric Plant Disease Dataset Advancing AI for Agricultural Sustainability.zip#Turmeric Plant Disease Dataset Advancing AI for Agricultural Sustainability/Turmeric Plant Disease.zip#Turmeric Plant Disease/Healthy Leaf/Healthy Leaf00115.JPG,Turmeric Plant Disease Dataset Advancing AI (Original),Healthy Leaf,Healthy,healthy,TURM_DUP_0318,train,42,da819f1f68685664b2eb646d5b1f56fb2b0aa9b19b6b5e1a7918ee17782f59b9,1000,1000
TURM_04640,DATASET/Turmeric Plant Disease Dataset Advancing AI for Agricultural Sustainability.zip#Turmeric Plant Disease Dataset Advancing AI for Agricultural Sustainability/Turmeric Plant Disease.zip#Turmeric Plant Disease/Healthy Leaf/Healthy Leaf00076.JPG,Turmeric Plant Disease Dataset Advancing AI (Original),Healthy Leaf,Healthy,healthy,TURM_DUP_0279,train,42,c8e6d9644fd85f34fdc4684204f5235be6f5ba2d7f0f11dce303194bf2a734b5,1000,1000
TURM_04588,DATASET/Turmeric Plant Disease Dataset Advancing AI for Agricultural Sustainability.zip#Turmeric Plant Disease Dataset Advancing AI for Agricultural Sustainability/Turmeric Plant Disease.zip#Turmeric Plant Disease/Healthy Leaf/Healthy Leaf00024.JPG,Turmeric Plant Disease Dataset Advancing AI (Original),Healthy Leaf,Healthy,healthy,TURM_DUP_0227,train,42,7f7813d557368feb80c6f43321c23de41ed1c9db84644f55f64fb5b84b470cee,1000,1000
TURM_04661,DATASET/Turmeric Plant Disease Dataset Advancing AI for Agricultural Sustainability.zip#Turmeric Plant Disease Dataset Advancing AI for Agricultural Sustainability/Turmeric Plant Disease.zip#Turmeric Plant Disease/Healthy Leaf/Healthy Leaf00097.JPG,Turmeric Plant Disease Dataset Advancing AI (Original),Healthy Leaf,Healthy,healthy,TURM_DUP_0300,train,42,4c4a35df04ea92b70679ab16eb77a556eb3aa832f2f22673f6bf153dafd8dbed,1000,1000
TURM_04663,DATASET/Turmeric Plant Disease Dataset Advancing AI for Agricultural Sustainability.zip#Turmeric Plant Disease Dataset Advancing AI for Agricultural Sustainability/Turmeric Plant Disease.zip#Turmeric Plant Disease/Healthy Leaf/Healthy Leaf00099.JPG,Turmeric Plant Disease Dataset Advancing AI (Original),Healthy Leaf,Healthy,healthy,TURM_DUP_0302,train,42,32fde7274d7d884a47def236e436e677e2a485f8c2751ba3209ada4148042c8c,1000,1000
TURM_04672,DATASET/Turmeric Plant Disease Dataset Advancing AI for Agricultural Sustainability.zip#Turmeric Plant Disease Dataset Advancing AI for Agricultural Sustainability/Turmeric Plant Disease.zip#Turmeric Plant Disease/Healthy Leaf/Healthy Leaf00108.JPG,Turmeric Plant Disease Dataset Advancing AI (Original),Healthy Leaf,Healthy,healthy,TURM_DUP_0311,train,42,bcbc5c254b0923c374a1f02371427c186229418f88258d477567fe1d8e110447,1000,1000
TURM_04645,DATASET/Turmeric Plant Disease Dataset Advancing AI for Agricultural Sustainability.zip#Turmeric Plant Disease Dataset Advancing AI for Agricultural Sustainability/Turmeric Plant Disease.zip#Turmeric Plant Disease/Healthy Leaf/Healthy Leaf00081.JPG,Turmeric Plant Disease Dataset Advancing AI (Original),Healthy Leaf,Healthy,healthy,TURM_DUP_0284,train,42,9e1244874cbe832d2ca40855ca21b6a94ec9e9bf51165fe5127547968beaae0a,1000,1000
TURM_04694,DATASET/Turmeric Plant Disease Dataset Advancing AI for Agricultural Sustainability.zip#Turmeric Plant Disease Dataset Advancing AI for Agricultural Sustainability/Turmeric Plant Disease.zip#Turmeric Plant Disease/Healthy Leaf/Healthy Leaf00130.JPG,Turmeric Plant Disease Dataset Advancing AI (Original),Healthy Leaf,Healthy,healthy,TURM_DUP_0333,train,42,8dd15d6d930de2e7c23cf855742b0974f0f64fb82a49cbb5dc9515cb77bf6833,1000,1000
TURM_04664,DATASET/Turmeric Plant Disease Dataset Advancing AI for Agricultural Sustainability.zip#Turmeric Plant Disease Dataset Advancing AI for Agricultural Sustainability/Turmeric Plant Disease.zip#Turmeric Plant Disease/Healthy Leaf/Healthy Leaf00100.JPG,Turmeric Plant Disease Dataset Advancing AI (Original),Healthy Leaf,Healthy,healthy,TURM_DUP_0303,train,42,d02f8e8d1e0fe553b562a4b06151b0e4679edb9666a028458d43a6192985ea05,1000,1000
TURM_04626,DATASET/Turmeric Plant Disease Dataset Advancing AI for Agricultural Sustainability.zip#Turmeric Plant Disease Dataset Advancing AI for Agricultural Sustainability/Turmeric Plant Disease.zip#Turmeric Plant Disease/Healthy Leaf/Healthy Leaf00062.JPG,Turmeric Plant Disease Dataset Advancing AI (Original),Healthy Leaf,Healthy,healthy,TURM_DUP_0265,train,42,da9b7bf8ee9feb043dbcd21aa46e72e49c7e8b16af7cd1e68627c10ad68f6f46,1000,1000
TURM_04568,DATASET/Turmeric Plant Disease Dataset Advancing AI for Agricultural Sustainability.zip#Turmeric Plant Disease Dataset Advancing AI for Agricultural Sustainability/Turmeric Plant Disease.zip#Turmeric Plant Disease/Healthy Leaf/Healthy Leaf00004.JPG,Turmeric Plant Disease Dataset Advancing AI (Original),Healthy Leaf,Healthy,healthy,TURM_DUP_0207,train,42,cbad9f50e4b0e29f1db4a08a0552a3d09b47c8e1719bf2f91f5e8a2c743072d6,1000,1000
TURM_04702,DATASET/Turmeric Plant Disease Dataset Advancing AI for Agricultural Sustainability.zip#Turmeric Plant Disease Dataset Advancing AI for Agricultural Sustainability/Turmeric Plant Disease.zip#Turmeric Plant Disease/Healthy Leaf/Healthy Leaf00138.JPG,Turmeric Plant Disease Dataset Advancing AI (Original),Healthy Leaf,Healthy,healthy,TURM_DUP_0341,train,42,90a31ba85df54f4e87cb542dd9d6385a46ef326d403f763c38d937eeb7ec0cf0,1000,1000
TURM_04598,DATASET/Turmeric Plant Disease Dataset Advancing AI for Agricultural Sustainability.zip#Turmeric Plant Disease Dataset Advancing AI for Agricultural Sustainability/Turmeric Plant Disease.zip#Turmeric Plant Disease/Healthy Leaf/Healthy Leaf00034.JPG,Turmeric Plant Disease Dataset Advancing AI (Original),Healthy Leaf,Healthy,healthy,TURM_DUP_0237,train,42,7e694b2e38419945a41a65e92cdbb24b61ae2900e33ee957d6c87d7a16274c4a,1000,1000
TURM_04585,DATASET/Turmeric Plant Disease Dataset Advancing AI for Agricultural Sustainability.zip#Turmeric Plant Disease Dataset Advancing AI for Agricultural Sustainability/Turmeric Plant Disease.zip#Turmeric Plant Disease/Healthy Leaf/Healthy Leaf00021.JPG,Turmeric Plant Disease Dataset Advancing AI (Original),Healthy Leaf,Healthy,healthy,TURM_DUP_0224,train,42,a97c7dccc39ecf1ce9cc4768f2e003f95c3afa13e2077f418cf2945ba2e1738b,1000,1000
TURM_04599,DATASET/Turmeric Plant Disease Dataset Advancing AI for Agricultural Sustainability.zip#Turmeric Plant Disease Dataset Advancing AI for Agricultural Sustainability/Turmeric Plant Disease.zip#Turmeric Plant Disease/Healthy Leaf/Healthy Leaf00035.JPG,Turmeric Plant Disease Dataset Advancing AI (Original),Healthy Leaf,Healthy,healthy,TURM_DUP_0238,train,42,1974bf75da39103bca5411dee8bc12437a6d079bdd57a62f62843ed971e3b7df,1000,1000
TURM_04697,DATASET/Turmeric Plant Disease Dataset Advancing AI for Agricultural Sustainability.zip#Turmeric Plant Disease Dataset Advancing AI for Agricultural Sustainability/Turmeric Plant Disease.zip#Turmeric Plant Disease/Healthy Leaf/Healthy Leaf00133.JPG,Turmeric Plant Disease Dataset Advancing AI (Original),Healthy Leaf,Healthy,healthy,TURM_DUP_0336,train,42,abb5d5aee56e8839648b135a00c062b4f2d7f8d158960d6468d92f143ac71aef,1000,1000
TURM_04756,DATASET/Turmeric Plant Disease Dataset Advancing AI for Agricultural Sustainability.zip#Turmeric Plant Disease Dataset Advancing AI for Agricultural Sustainability/Turmeric Plant Disease.zip#Turmeric Plant Disease/Healthy Leaf/Healthy Leaf00192.JPG,Turmeric Plant Disease Dataset Advancing AI (Original),Healthy Leaf,Healthy,healthy,TURM_DUP_0395,train,42,1a0a3e8685920ce5061dfb53659769ffc85f2d2d10a75646c91e43cc1ab79263,1000,1000
TURM_04634,DATASET/Turmeric Plant Disease Dataset Advancing AI for Agricultural Sustainability.zip#Turmeric Plant Disease Dataset Advancing AI for Agricultural Sustainability/Turmeric Plant Disease.zip#Turmeric Plant Disease/Healthy Leaf/Healthy Leaf00070.JPG,Turmeric Plant Disease Dataset Advancing AI (Original),Healthy Leaf,Healthy,healthy,TURM_DUP_0273,train,42,e0014556d0607632037f69607b6d04ca2d80fb3f0ef898a83f5acbc4f0adc63c,1000,1000
TURM_04596,DATASET/Turmeric Plant Disease Dataset Advancing AI for Agricultural Sustainability.zip#Turmeric Plant Disease Dataset Advancing AI for Agricultural Sustainability/Turmeric Plant Disease.zip#Turmeric Plant Disease/Healthy Leaf/Healthy Leaf00032.JPG,Turmeric Plant Disease Dataset Advancing AI (Original),Healthy Leaf,Healthy,healthy,TURM_DUP_0235,train,42,85e16dcfec198f4e5cf0472005e99921bf752a1214bbbd68758cbf4cbe4858bd,1000,1000
TURM_04600,DATASET/Turmeric Plant Disease Dataset Advancing AI for Agricultural Sustainability.zip#Turmeric Plant Disease Dataset Advancing AI for Agricultural Sustainability/Turmeric Plant Disease.zip#Turmeric Plant Disease/Healthy Leaf/Healthy Leaf00036.JPG,Turmeric Plant Disease Dataset Advancing AI (Original),Healthy Leaf,Healthy,healthy,TURM_DUP_0239,train,42,88a823feee56be712e6633f2f25e51c9ca9c9b812bb5a385ae0aeab191777b3a,1000,1000
TURM_04690,DATASET/Turmeric Plant Disease Dataset Advancing AI for Agricultural Sustainability.zip#Turmeric Plant Disease Dataset Advancing AI for Agricultural Sustainability/Turmeric Plant Disease.zip#Turmeric Plant Disease/Healthy Leaf/Healthy Leaf00126.JPG,Turmeric Plant Disease Dataset Advancing AI (Original),Healthy Leaf,Healthy,healthy,TURM_DUP_0329,train,42,74dd7b6f398d76088b35768264ea6c157d594265f27e0ec313e6658e297ab00c,1000,1000
TURM_04683,DATASET/Turmeric Plant Disease Dataset Advancing AI for Agricultural Sustainability.zip#Turmeric Plant Disease Dataset Advancing AI for Agricultural Sustainability/Turmeric Plant Disease.zip#Turmeric Plant Disease/Healthy Leaf/Healthy Leaf00119.JPG,Turmeric Plant Disease Dataset Advancing AI (Original),Healthy Leaf,Healthy,healthy,TURM_DUP_0322,train,42,48d474dfd36d001f51548485f9ce5b7d0af5ff1905f5223da37e2ef794883c7d,1000,1000
TURM_04732,DATASET/Turmeric Plant Disease Dataset Advancing AI for Agricultural Sustainability.zip#Turmeric Plant Disease Dataset Advancing AI for Agricultural Sustainability/Turmeric Plant Disease.zip#Turmeric Plant Disease/Healthy Leaf/Healthy Leaf00168.JPG,Turmeric Plant Disease Dataset Advancing AI (Original),Healthy Leaf,Healthy,healthy,TURM_DUP_0371,train,42,d9d57532a1b2df9047c47e125c25d1b44745b3136e316abe12c2ed9480da1332,1000,1000
TURM_04696,DATASET/Turmeric Plant Disease Dataset Advancing AI for Agricultural Sustainability.zip#Turmeric Plant Disease Dataset Advancing AI for Agricultural Sustainability/Turmeric Plant Disease.zip#Turmeric Plant Disease/Healthy Leaf/Healthy Leaf00132.JPG,Turmeric Plant Disease Dataset Advancing AI (Original),Healthy Leaf,Healthy,healthy,TURM_DUP_0335,train,42,08b6ae4bf13741a09703b1bb032121399aa9a8c4292a06e991acb97e8b754238,1000,1000
TURM_04569,DATASET/Turmeric Plant Disease Dataset Advancing AI for Agricultural Sustainability.zip#Turmeric Plant Disease Dataset Advancing AI for Agricultural Sustainability/Turmeric Plant Disease.zip#Turmeric Plant Disease/Healthy Leaf/Healthy Leaf00005.JPG,Turmeric Plant Disease Dataset Advancing AI (Original),Healthy Leaf,Healthy,healthy,TURM_DUP_0208,train,42,c2b14063ef8a5dcdcd2830145b35111fac0b932df69dfc783a9e272144bc3840,1000,1000
TURM_04713,DATASET/Turmeric Plant Disease Dataset Advancing AI for Agricultural Sustainability.zip#Turmeric Plant Disease Dataset Advancing AI for Agricultural Sustainability/Turmeric Plant Disease.zip#Turmeric Plant Disease/Healthy Leaf/Healthy Leaf00149.JPG,Turmeric Plant Disease Dataset Advancing AI (Original),Healthy Leaf,Healthy,healthy,TURM_DUP_0352,train,42,bbe3c5c7414e38f1a8f51b30be80b8c96cdeaf34aa860335840ff5569a9a55b0,1000,1000
TURM_04688,DATASET/Turmeric Plant Disease Dataset Advancing AI for Agricultural Sustainability.zip#Turmeric Plant Disease Dataset Advancing AI for Agricultural Sustainability/Turmeric Plant Disease.zip#Turmeric Plant Disease/Healthy Leaf/Healthy Leaf00124.JPG,Turmeric Plant Disease Dataset Advancing AI (Original),Healthy Leaf,Healthy,healthy,TURM_DUP_0327,train,42,7b4e27b8b9de9808cd403d532f003b31de5d27fa83e20a2b1f3a41881bd0d039,1000,1000
TURM_04757,DATASET/Turmeric Plant Disease Dataset Advancing AI for Agricultural Sustainability.zip#Turmeric Plant Disease Dataset Advancing AI for Agricultural Sustainability/Turmeric Plant Disease.zip#Turmeric Plant Disease/Healthy Leaf/Healthy Leaf00193.JPG,Turmeric Plant Disease Dataset Advancing AI (Original),Healthy Leaf,Healthy,healthy,TURM_DUP_0396,train,42,806575fd24b5d99c5f735294c9605b7e46568fb2f7d65908c6b7aab2cd00b948,1000,1000
TURM_04566,DATASET/Turmeric Plant Disease Dataset Advancing AI for Agricultural Sustainability.zip#Turmeric Plant Disease Dataset Advancing AI for Agricultural Sustainability/Turmeric Plant Disease.zip#Turmeric Plant Disease/Healthy Leaf/Healthy Leaf00002.JPG,Turmeric Plant Disease Dataset Advancing AI (Original),Healthy Leaf,Healthy,healthy,TURM_DUP_0205,train,42,0c72da4da482ea7ac8444409c5eaa2c8ba050b03b16711c46cb4e0189bcdbce2,1000,1000
TURM_04692,DATASET/Turmeric Plant Disease Dataset Advancing AI for Agricultural Sustainability.zip#Turmeric Plant Disease Dataset Advancing AI for Agricultural Sustainability/Turmeric Plant Disease.zip#Turmeric Plant Disease/Healthy Leaf/Healthy Leaf00128.JPG,Turmeric Plant Disease Dataset Advancing AI (Original),Healthy Leaf,Healthy,healthy,TURM_DUP_0331,train,42,b95bf50ce34146f0e4263e19a6909b45fd0f0cecec7543dbc7702cf6b3edc8fd,1000,1000
TURM_04577,DATASET/Turmeric Plant Disease Dataset Advancing AI for Agricultural Sustainability.zip#Turmeric Plant Disease Dataset Advancing AI for Agricultural Sustainability/Turmeric Plant Disease.zip#Turmeric Plant Disease/Healthy Leaf/Healthy Leaf00013.JPG,Turmeric Plant Disease Dataset Advancing AI (Original),Healthy Leaf,Healthy,healthy,TURM_DUP_0216,train,42,9cd0c10d0afe2a4f2b5f654c49645f01e43462bd47149f5934a8a9cc6489cc8c,1000,1000
TURM_04681,DATASET/Turmeric Plant Disease Dataset Advancing AI for Agricultural Sustainability.zip#Turmeric Plant Disease Dataset Advancing AI for Agricultural Sustainability/Turmeric Plant Disease.zip#Turmeric Plant Disease/Healthy Leaf/Healthy Leaf00117.JPG,Turmeric Plant Disease Dataset Advancing AI (Original),Healthy Leaf,Healthy,healthy,TURM_DUP_0320,train,42,b03cae5456b9492d297c67b52e4096ee6d849bee3287a30c7b95bcb4f9dd0012,1000,1000
TURM_04755,DATASET/Turmeric Plant Disease Dataset Advancing AI for Agricultural Sustainability.zip#Turmeric Plant Disease Dataset Advancing AI for Agricultural Sustainability/Turmeric Plant Disease.zip#Turmeric Plant Disease/Healthy Leaf/Healthy Leaf00191.JPG,Turmeric Plant Disease Dataset Advancing AI (Original),Healthy Leaf,Healthy,healthy,TURM_DUP_0394,train,42,0efe4fbb35aee28b25c4e0f628308cd72f43ed3f42e0bb6dc922567c2c66da9f,1000,1000
TURM_04627,DATASET/Turmeric Plant Disease Dataset Advancing AI for Agricultural Sustainability.zip#Turmeric Plant Disease Dataset Advancing AI for Agricultural Sustainability/Turmeric Plant Disease.zip#Turmeric Plant Disease/Healthy Leaf/Healthy Leaf00063.JPG,Turmeric Plant Disease Dataset Advancing AI (Original),Healthy Leaf,Healthy,healthy,TURM_DUP_0266,train,42,df28a2075cec4fd2fb84761e4eccbc81b524c91b8b257704a88ce791da9a008c,1000,1000
TURM_04746,DATASET/Turmeric Plant Disease Dataset Advancing AI for Agricultural Sustainability.zip#Turmeric Plant Disease Dataset Advancing AI for Agricultural Sustainability/Turmeric Plant Disease.zip#Turmeric Plant Disease/Healthy Leaf/Healthy Leaf00182.JPG,Turmeric Plant Disease Dataset Advancing AI (Original),Healthy Leaf,Healthy,healthy,TURM_DUP_0385,train,42,8070f278d67596248b15f3ec854f407091a404ce93457aaa3e3cff9188825ba3,1000,1000
TURM_04651,DATASET/Turmeric Plant Disease Dataset Advancing AI for Agricultural Sustainability.zip#Turmeric Plant Disease Dataset Advancing AI for Agricultural Sustainability/Turmeric Plant Disease.zip#Turmeric Plant Disease/Healthy Leaf/Healthy Leaf00087.JPG,Turmeric Plant Disease Dataset Advancing AI (Original),Healthy Leaf,Healthy,healthy,TURM_DUP_0290,train,42,5b40a4027fe638f6364a7ff3e4181e5afdbbe8aced836b00912612605e81b46d,1000,1000
TURM_04586,DATASET/Turmeric Plant Disease Dataset Advancing AI for Agricultural Sustainability.zip#Turmeric Plant Disease Dataset Advancing AI for Agricultural Sustainability/Turmeric Plant Disease.zip#Turmeric Plant Disease/Healthy Leaf/Healthy Leaf00022.JPG,Turmeric Plant Disease Dataset Advancing AI (Original),Healthy Leaf,Healthy,healthy,TURM_DUP_0225,train,42,d8be99c09abc0e65ad83fb5cc68dfb69ac5474385fca7cc854ef8835a5b04f88,1000,1000
TURM_04733,DATASET/Turmeric Plant Disease Dataset Advancing AI for Agricultural Sustainability.zip#Turmeric Plant Disease Dataset Advancing AI for Agricultural Sustainability/Turmeric Plant Disease.zip#Turmeric Plant Disease/Healthy Leaf/Healthy Leaf00169.JPG,Turmeric Plant Disease Dataset Advancing AI (Original),Healthy Leaf,Healthy,healthy,TURM_DUP_0372,train,42,3700b4a0a8b549ce6ab0de6c01e420d7aa13dbdcf4f7a760940d189ff23e5612,1000,1000
TURM_04671,DATASET/Turmeric Plant Disease Dataset Advancing AI for Agricultural Sustainability.zip#Turmeric Plant Disease Dataset Advancing AI for Agricultural Sustainability/Turmeric Plant Disease.zip#Turmeric Plant Disease/Healthy Leaf/Healthy Leaf00107.JPG,Turmeric Plant Disease Dataset Advancing AI (Original),Healthy Leaf,Healthy,healthy,TURM_DUP_0310,train,42,ac0e2218e8f95c1b07de3e8282b7e9b63cb6489ecfce1390c91ef672d8edc356,1000,1000
TURM_04711,DATASET/Turmeric Plant Disease Dataset Advancing AI for Agricultural Sustainability.zip#Turmeric Plant Disease Dataset Advancing AI for Agricultural Sustainability/Turmeric Plant Disease.zip#Turmeric Plant Disease/Healthy Leaf/Healthy Leaf00147.JPG,Turmeric Plant Disease Dataset Advancing AI (Original),Healthy Leaf,Healthy,healthy,TURM_DUP_0350,train,42,bac2e91a010f4862c87bf38be18f08a4a7d3e92272e5dbfe7c0c186225cb7499,1000,1000
TURM_04730,DATASET/Turmeric Plant Disease Dataset Advancing AI for Agricultural Sustainability.zip#Turmeric Plant Disease Dataset Advancing AI for Agricultural Sustainability/Turmeric Plant Disease.zip#Turmeric Plant Disease/Healthy Leaf/Healthy Leaf00166.JPG,Turmeric Plant Disease Dataset Advancing AI (Original),Healthy Leaf,Healthy,healthy,TURM_DUP_0369,train,42,6d1e1fe998a45bb497cdeec8a93be200981b96018ef174c430a115bff15c127f,1000,1000
TURM_04583,DATASET/Turmeric Plant Disease Dataset Advancing AI for Agricultural Sustainability.zip#Turmeric Plant Disease Dataset Advancing AI for Agricultural Sustainability/Turmeric Plant Disease.zip#Turmeric Plant Disease/Healthy Leaf/Healthy Leaf00019.JPG,Turmeric Plant Disease Dataset Advancing AI (Original),Healthy Leaf,Healthy,healthy,TURM_DUP_0222,train,42,8aeca68e9142e36a895d75741909671c3bcfca735e182dce14853d52173b4259,1000,1000
TURM_04676,DATASET/Turmeric Plant Disease Dataset Advancing AI for Agricultural Sustainability.zip#Turmeric Plant Disease Dataset Advancing AI for Agricultural Sustainability/Turmeric Plant Disease.zip#Turmeric Plant Disease/Healthy Leaf/Healthy Leaf00112.JPG,Turmeric Plant Disease Dataset Advancing AI (Original),Healthy Leaf,Healthy,healthy,TURM_DUP_0315,train,42,e659ca0b222a9a5185b0b08bf4cd07ea2954f796f2e34fd199e66cffeb9c9f87,1000,1000
TURM_04666,DATASET/Turmeric Plant Disease Dataset Advancing AI for Agricultural Sustainability.zip#Turmeric Plant Disease Dataset Advancing AI for Agricultural Sustainability/Turmeric Plant Disease.zip#Turmeric Plant Disease/Healthy Leaf/Healthy Leaf00102.JPG,Turmeric Plant Disease Dataset Advancing AI (Original),Healthy Leaf,Healthy,healthy,TURM_DUP_0305,train,42,1b7ffcfd1de997754f73b9dde2948c75a213f5c292cb3d28f024963f924466f0,1000,1000
TURM_04754,DATASET/Turmeric Plant Disease Dataset Advancing AI for Agricultural Sustainability.zip#Turmeric Plant Disease Dataset Advancing AI for Agricultural Sustainability/Turmeric Plant Disease.zip#Turmeric Plant Disease/Healthy Leaf/Healthy Leaf00190.JPG,Turmeric Plant Disease Dataset Advancing AI (Original),Healthy Leaf,Healthy,healthy,TURM_DUP_0393,train,42,8a866425623c4ec988fbf022c908394f566cc8d4bd2d8ef7244d5cdde6a10a4a,1000,1000
TURM_04612,DATASET/Turmeric Plant Disease Dataset Advancing AI for Agricultural Sustainability.zip#Turmeric Plant Disease Dataset Advancing AI for Agricultural Sustainability/Turmeric Plant Disease.zip#Turmeric Plant Disease/Healthy Leaf/Healthy Leaf00048.JPG,Turmeric Plant Disease Dataset Advancing AI (Original),Healthy Leaf,Healthy,healthy,TURM_DUP_0251,train,42,4f823dd226f0d10e97e7225c3c8419ccb4c26e0256e80fc77598755eb8d2a4fc,1000,1000
TURM_04710,DATASET/Turmeric Plant Disease Dataset Advancing AI for Agricultural Sustainability.zip#Turmeric Plant Disease Dataset Advancing AI for Agricultural Sustainability/Turmeric Plant Disease.zip#Turmeric Plant Disease/Healthy Leaf/Healthy Leaf00146.JPG,Turmeric Plant Disease Dataset Advancing AI (Original),Healthy Leaf,Healthy,healthy,TURM_DUP_0349,train,42,86d6d517c1974df9057443d24f05b999bdf6503dff745c289b86768e20cef20e,1000,1000
TURM_04709,DATASET/Turmeric Plant Disease Dataset Advancing AI for Agricultural Sustainability.zip#Turmeric Plant Disease Dataset Advancing AI for Agricultural Sustainability/Turmeric Plant Disease.zip#Turmeric Plant Disease/Healthy Leaf/Healthy Leaf00145.JPG,Turmeric Plant Disease Dataset Advancing AI (Original),Healthy Leaf,Healthy,healthy,TURM_DUP_0348,train,42,b040ab94a192522214645127f22d58d018640851e6fda0469fb4a418d57df1e3,1000,1000
TURM_04615,DATASET/Turmeric Plant Disease Dataset Advancing AI for Agricultural Sustainability.zip#Turmeric Plant Disease Dataset Advancing AI for Agricultural Sustainability/Turmeric Plant Disease.zip#Turmeric Plant Disease/Healthy Leaf/Healthy Leaf00051.JPG,Turmeric Plant Disease Dataset Advancing AI (Original),Healthy Leaf,Healthy,healthy,TURM_DUP_0254,train,42,dcb47c80d49a8db7d8684f0ff2f229aad2dfec41803f7d77ae330e4429d90a73,1000,1000
TURM_04595,DATASET/Turmeric Plant Disease Dataset Advancing AI for Agricultural Sustainability.zip#Turmeric Plant Disease Dataset Advancing AI for Agricultural Sustainability/Turmeric Plant Disease.zip#Turmeric Plant Disease/Healthy Leaf/Healthy Leaf00031.JPG,Turmeric Plant Disease Dataset Advancing AI (Original),Healthy Leaf,Healthy,healthy,TURM_DUP_0234,train,42,73f877857db7c608c4e53f3137965d569891c9858a95deb259a4e52aacc7ce1d,1000,1000
TURM_04677,DATASET/Turmeric Plant Disease Dataset Advancing AI for Agricultural Sustainability.zip#Turmeric Plant Disease Dataset Advancing AI for Agricultural Sustainability/Turmeric Plant Disease.zip#Turmeric Plant Disease/Healthy Leaf/Healthy Leaf00113.JPG,Turmeric Plant Disease Dataset Advancing AI (Original),Healthy Leaf,Healthy,healthy,TURM_DUP_0316,train,42,7f02fb94ff820bdf7d7de571e1ec2c29d6516a690aafa780fd160bb4485a446b,1000,1000
TURM_04691,DATASET/Turmeric Plant Disease Dataset Advancing AI for Agricultural Sustainability.zip#Turmeric Plant Disease Dataset Advancing AI for Agricultural Sustainability/Turmeric Plant Disease.zip#Turmeric Plant Disease/Healthy Leaf/Healthy Leaf00127.JPG,Turmeric Plant Disease Dataset Advancing AI (Original),Healthy Leaf,Healthy,healthy,TURM_DUP_0330,train,42,a3490879802b5cc00d6a74f12f1f5949d31bd805857a9d407523bfe3e143123c,1000,1000
TURM_04608,DATASET/Turmeric Plant Disease Dataset Advancing AI for Agricultural Sustainability.zip#Turmeric Plant Disease Dataset Advancing AI for Agricultural Sustainability/Turmeric Plant Disease.zip#Turmeric Plant Disease/Healthy Leaf/Healthy Leaf00044.JPG,Turmeric Plant Disease Dataset Advancing AI (Original),Healthy Leaf,Healthy,healthy,TURM_DUP_0247,train,42,85f359b6d7ed3fe975c1b2572dded0dd7488db031a8711141188079fa9fd9314,1000,1000
TURM_04653,DATASET/Turmeric Plant Disease Dataset Advancing AI for Agricultural Sustainability.zip#Turmeric Plant Disease Dataset Advancing AI for Agricultural Sustainability/Turmeric Plant Disease.zip#Turmeric Plant Disease/Healthy Leaf/Healthy Leaf00089.JPG,Turmeric Plant Disease Dataset Advancing AI (Original),Healthy Leaf,Healthy,healthy,TURM_DUP_0292,train,42,0d58a534d6e9aa8e41110b6415fcf5ceff617adb831b7c732eca66f53388e311,1000,1000
TURM_04715,DATASET/Turmeric Plant Disease Dataset Advancing AI for Agricultural Sustainability.zip#Turmeric Plant Disease Dataset Advancing AI for Agricultural Sustainability/Turmeric Plant Disease.zip#Turmeric Plant Disease/Healthy Leaf/Healthy Leaf00151.JPG,Turmeric Plant Disease Dataset Advancing AI (Original),Healthy Leaf,Healthy,healthy,TURM_DUP_0354,train,42,463c175453c4b8a3911530febe9a954b887588b44c262e0912ba0261bbd0e71c,1000,1000
TURM_04624,DATASET/Turmeric Plant Disease Dataset Advancing AI for Agricultural Sustainability.zip#Turmeric Plant Disease Dataset Advancing AI for Agricultural Sustainability/Turmeric Plant Disease.zip#Turmeric Plant Disease/Healthy Leaf/Healthy Leaf00060.JPG,Turmeric Plant Disease Dataset Advancing AI (Original),Healthy Leaf,Healthy,healthy,TURM_DUP_0263,train,42,538525e5007c46216d3d0acc8d0d3c13d1ae8364ef537a4eff6c5df55438e8f1,1000,1000
TURM_04740,DATASET/Turmeric Plant Disease Dataset Advancing AI for Agricultural Sustainability.zip#Turmeric Plant Disease Dataset Advancing AI for Agricultural Sustainability/Turmeric Plant Disease.zip#Turmeric Plant Disease/Healthy Leaf/Healthy Leaf00176.JPG,Turmeric Plant Disease Dataset Advancing AI (Original),Healthy Leaf,Healthy,healthy,TURM_DUP_0379,train,42,855c4c3465a1398bf1ae78aee05119b80a5f9c9314dec58ecfd6394103c5e894,1000,1000
TURM_04718,DATASET/Turmeric Plant Disease Dataset Advancing AI for Agricultural Sustainability.zip#Turmeric Plant Disease Dataset Advancing AI for Agricultural Sustainability/Turmeric Plant Disease.zip#Turmeric Plant Disease/Healthy Leaf/Healthy Leaf00154.JPG,Turmeric Plant Disease Dataset Advancing AI (Original),Healthy Leaf,Healthy,healthy,TURM_DUP_0357,train,42,4dadb85db320b2bd1e45de7ad94eeb566a099701bd18ac4b949f65d8b770fc9b,1000,1000
TURM_04736,DATASET/Turmeric Plant Disease Dataset Advancing AI for Agricultural Sustainability.zip#Turmeric Plant Disease Dataset Advancing AI for Agricultural Sustainability/Turmeric Plant Disease.zip#Turmeric Plant Disease/Healthy Leaf/Healthy Leaf00172.JPG,Turmeric Plant Disease Dataset Advancing AI (Original),Healthy Leaf,Healthy,healthy,TURM_DUP_0375,train,42,ccd04d73ce9b4698114e8a7f9d2d93adf868531a54057970ba85e711bf4d9848,1000,1000
TURM_04601,DATASET/Turmeric Plant Disease Dataset Advancing AI for Agricultural Sustainability.zip#Turmeric Plant Disease Dataset Advancing AI for Agricultural Sustainability/Turmeric Plant Disease.zip#Turmeric Plant Disease/Healthy Leaf/Healthy Leaf00037.JPG,Turmeric Plant Disease Dataset Advancing AI (Original),Healthy Leaf,Healthy,healthy,TURM_DUP_0240,train,42,3726452319678ce5aa26b40cf5a2fcf1f67c10ec74d2f9e344ab83b6299f5951,1000,1000
TURM_04639,DATASET/Turmeric Plant Disease Dataset Advancing AI for Agricultural Sustainability.zip#Turmeric Plant Disease Dataset Advancing AI for Agricultural Sustainability/Turmeric Plant Disease.zip#Turmeric Plant Disease/Healthy Leaf/Healthy Leaf00075.JPG,Turmeric Plant Disease Dataset Advancing AI (Original),Healthy Leaf,Healthy,healthy,TURM_DUP_0278,train,42,33047152f07a7cdc1837672e4f0aae721b0c7355101c79ac9eb853cffaf0ac9f,1000,1000
TURM_04673,DATASET/Turmeric Plant Disease Dataset Advancing AI for Agricultural Sustainability.zip#Turmeric Plant Disease Dataset Advancing AI for Agricultural Sustainability/Turmeric Plant Disease.zip#Turmeric Plant Disease/Healthy Leaf/Healthy Leaf00109.JPG,Turmeric Plant Disease Dataset Advancing AI (Original),Healthy Leaf,Healthy,healthy,TURM_DUP_0312,train,42,74f97c16a8b80f52d6281d8a65a2f0973d84eec204558c9fe305758a0173cf37,1000,1000
TURM_04646,DATASET/Turmeric Plant Disease Dataset Advancing AI for Agricultural Sustainability.zip#Turmeric Plant Disease Dataset Advancing AI for Agricultural Sustainability/Turmeric Plant Disease.zip#Turmeric Plant Disease/Healthy Leaf/Healthy Leaf00082.JPG,Turmeric Plant Disease Dataset Advancing AI (Original),Healthy Leaf,Healthy,healthy,TURM_DUP_0285,train,42,f0b41d7405f1f4070a967b3fec9002e7c31ef7bc63fed47b59092120d9fcfbdc,1000,1000
TURM_04648,DATASET/Turmeric Plant Disease Dataset Advancing AI for Agricultural Sustainability.zip#Turmeric Plant Disease Dataset Advancing AI for Agricultural Sustainability/Turmeric Plant Disease.zip#Turmeric Plant Disease/Healthy Leaf/Healthy Leaf00084.JPG,Turmeric Plant Disease Dataset Advancing AI (Original),Healthy Leaf,Healthy,healthy,TURM_DUP_0287,train,42,8fa1e17c75994fd2645dfa71b481a8fbad5805cd0fd75064eef770b7463674ea,1000,1000
TURM_04701,DATASET/Turmeric Plant Disease Dataset Advancing AI for Agricultural Sustainability.zip#Turmeric Plant Disease Dataset Advancing AI for Agricultural Sustainability/Turmeric Plant Disease.zip#Turmeric Plant Disease/Healthy Leaf/Healthy Leaf00137.JPG,Turmeric Plant Disease Dataset Advancing AI (Original),Healthy Leaf,Healthy,healthy,TURM_DUP_0340,train,42,c06254e0be781bc96ff4e6c3ffaee7e3a8c9221c7ca0b2cde1b8e190ee148487,1000,1000
TURM_04637,DATASET/Turmeric Plant Disease Dataset Advancing AI for Agricultural Sustainability.zip#Turmeric Plant Disease Dataset Advancing AI for Agricultural Sustainability/Turmeric Plant Disease.zip#Turmeric Plant Disease/Healthy Leaf/Healthy Leaf00073.JPG,Turmeric Plant Disease Dataset Advancing AI (Original),Healthy Leaf,Healthy,healthy,TURM_DUP_0276,train,42,14099ddcc85f0e8888a5a126d064d51875b1dacabb180459313850a260a8ff37,1000,1000
TURM_04587,DATASET/Turmeric Plant Disease Dataset Advancing AI for Agricultural Sustainability.zip#Turmeric Plant Disease Dataset Advancing AI for Agricultural Sustainability/Turmeric Plant Disease.zip#Turmeric Plant Disease/Healthy Leaf/Healthy Leaf00023.JPG,Turmeric Plant Disease Dataset Advancing AI (Original),Healthy Leaf,Healthy,healthy,TURM_DUP_0226,train,42,e455eba3137898952b9b16bdea152813466208c163d3fd73b31021da37dabe41,1000,1000
TURM_04613,DATASET/Turmeric Plant Disease Dataset Advancing AI for Agricultural Sustainability.zip#Turmeric Plant Disease Dataset Advancing AI for Agricultural Sustainability/Turmeric Plant Disease.zip#Turmeric Plant Disease/Healthy Leaf/Healthy Leaf00049.JPG,Turmeric Plant Disease Dataset Advancing AI (Original),Healthy Leaf,Healthy,healthy,TURM_DUP_0252,train,42,367051355e273d263978d95b1a892e6fc82a34223c3fde65e7424a058cf089b2,1000,1000
TURM_04739,DATASET/Turmeric Plant Disease Dataset Advancing AI for Agricultural Sustainability.zip#Turmeric Plant Disease Dataset Advancing AI for Agricultural Sustainability/Turmeric Plant Disease.zip#Turmeric Plant Disease/Healthy Leaf/Healthy Leaf00175.JPG,Turmeric Plant Disease Dataset Advancing AI (Original),Healthy Leaf,Healthy,healthy,TURM_DUP_0378,train,42,0ea3bc6bd87326c40792eb1ecb8587f4a8f54fbb9192104c089931bd9445a866,1000,1000
TURM_04678,DATASET/Turmeric Plant Disease Dataset Advancing AI for Agricultural Sustainability.zip#Turmeric Plant Disease Dataset Advancing AI for Agricultural Sustainability/Turmeric Plant Disease.zip#Turmeric Plant Disease/Healthy Leaf/Healthy Leaf00114.JPG,Turmeric Plant Disease Dataset Advancing AI (Original),Healthy Leaf,Healthy,healthy,TURM_DUP_0317,train,42,f9c72dd9720d05ba0abdcc7c780a8fc8b42572223d3cfdcebc341afe28f42619,1000,1000
TURM_04581,DATASET/Turmeric Plant Disease Dataset Advancing AI for Agricultural Sustainability.zip#Turmeric Plant Disease Dataset Advancing AI for Agricultural Sustainability/Turmeric Plant Disease.zip#Turmeric Plant Disease/Healthy Leaf/Healthy Leaf00017.JPG,Turmeric Plant Disease Dataset Advancing AI (Original),Healthy Leaf,Healthy,healthy,TURM_DUP_0220,train,42,42ea70402ce8baa081f350b22d22e8214b2f6ec398228d4f8a330137dc405a03,1000,1000
TURM_04635,DATASET/Turmeric Plant Disease Dataset Advancing AI for Agricultural Sustainability.zip#Turmeric Plant Disease Dataset Advancing AI for Agricultural Sustainability/Turmeric Plant Disease.zip#Turmeric Plant Disease/Healthy Leaf/Healthy Leaf00071.JPG,Turmeric Plant Disease Dataset Advancing AI (Original),Healthy Leaf,Healthy,healthy,TURM_DUP_0274,train,42,766a346fc9aa82851b945f26fdd80c229669b791cfa8bc95b0679677270c3a95,1000,1000
TURM_04747,DATASET/Turmeric Plant Disease Dataset Advancing AI for Agricultural Sustainability.zip#Turmeric Plant Disease Dataset Advancing AI for Agricultural Sustainability/Turmeric Plant Disease.zip#Turmeric Plant Disease/Healthy Leaf/Healthy Leaf00183.JPG,Turmeric Plant Disease Dataset Advancing AI (Original),Healthy Leaf,Healthy,healthy,TURM_DUP_0386,train,42,3125c61105e4edfd1101bfbc4b4f61be38696f43ba8d43d1211f48cc1905f111,1000,1000
TURM_04749,DATASET/Turmeric Plant Disease Dataset Advancing AI for Agricultural Sustainability.zip#Turmeric Plant Disease Dataset Advancing AI for Agricultural Sustainability/Turmeric Plant Disease.zip#Turmeric Plant Disease/Healthy Leaf/Healthy Leaf00185.JPG,Turmeric Plant Disease Dataset Advancing AI (Original),Healthy Leaf,Healthy,healthy,TURM_DUP_0388,train,42,c7f69a05bbfc8092ea86c3bbe585c246f329f5e320ae01840b286803e060f9d2,1000,1000
TURM_04729,DATASET/Turmeric Plant Disease Dataset Advancing AI for Agricultural Sustainability.zip#Turmeric Plant Disease Dataset Advancing AI for Agricultural Sustainability/Turmeric Plant Disease.zip#Turmeric Plant Disease/Healthy Leaf/Healthy Leaf00165.JPG,Turmeric Plant Disease Dataset Advancing AI (Original),Healthy Leaf,Healthy,healthy,TURM_DUP_0368,train,42,dfc684fb3147f753755ef9bfc827b25355660635c75d44816b4c4f8660518f18,1000,1000
TURM_04617,DATASET/Turmeric Plant Disease Dataset Advancing AI for Agricultural Sustainability.zip#Turmeric Plant Disease Dataset Advancing AI for Agricultural Sustainability/Turmeric Plant Disease.zip#Turmeric Plant Disease/Healthy Leaf/Healthy Leaf00053.JPG,Turmeric Plant Disease Dataset Advancing AI (Original),Healthy Leaf,Healthy,healthy,TURM_DUP_0256,train,42,c1ad898fd743063d6e55a89b03e01bec6808277172183c613774f7eb5c0b0b0d,1000,1000
TURM_04660,DATASET/Turmeric Plant Disease Dataset Advancing AI for Agricultural Sustainability.zip#Turmeric Plant Disease Dataset Advancing AI for Agricultural Sustainability/Turmeric Plant Disease.zip#Turmeric Plant Disease/Healthy Leaf/Healthy Leaf00096.JPG,Turmeric Plant Disease Dataset Advancing AI (Original),Healthy Leaf,Healthy,healthy,TURM_DUP_0299,train,42,66abd4947fb0ca1fbd124585f7c282d8677fec72c934e0bf90024bfefa83eaf5,1000,1000
TURM_04731,DATASET/Turmeric Plant Disease Dataset Advancing AI for Agricultural Sustainability.zip#Turmeric Plant Disease Dataset Advancing AI for Agricultural Sustainability/Turmeric Plant Disease.zip#Turmeric Plant Disease/Healthy Leaf/Healthy Leaf00167.JPG,Turmeric Plant Disease Dataset Advancing AI (Original),Healthy Leaf,Healthy,healthy,TURM_DUP_0370,train,42,7af150c7b86c01bff48aef75ca222264bb625316d03cd001e3422baa46dbb346,1000,1000
TURM_04629,DATASET/Turmeric Plant Disease Dataset Advancing AI for Agricultural Sustainability.zip#Turmeric Plant Disease Dataset Advancing AI for Agricultural Sustainability/Turmeric Plant Disease.zip#Turmeric Plant Disease/Healthy Leaf/Healthy Leaf00065.JPG,Turmeric Plant Disease Dataset Advancing AI (Original),Healthy Leaf,Healthy,healthy,TURM_DUP_0268,train,42,28236f024f18074ce9cd21ff34cb3390f7f45494be25ceda51a0cbe3aa151dda,1000,1000
TURM_04753,DATASET/Turmeric Plant Disease Dataset Advancing AI for Agricultural Sustainability.zip#Turmeric Plant Disease Dataset Advancing AI for Agricultural Sustainability/Turmeric Plant Disease.zip#Turmeric Plant Disease/Healthy Leaf/Healthy Leaf00189.JPG,Turmeric Plant Disease Dataset Advancing AI (Original),Healthy Leaf,Healthy,healthy,TURM_DUP_0392,train,42,52e7724cc6315b99dc14b207212ecc182fc57433d78843ed3fa4d15935933902,1000,1000
TURM_04580,DATASET/Turmeric Plant Disease Dataset Advancing AI for Agricultural Sustainability.zip#Turmeric Plant Disease Dataset Advancing AI for Agricultural Sustainability/Turmeric Plant Disease.zip#Turmeric Plant Disease/Healthy Leaf/Healthy Leaf00016.JPG,Turmeric Plant Disease Dataset Advancing AI (Original),Healthy Leaf,Healthy,healthy,TURM_DUP_0219,train,42,7e6e5d6d5d4bcd303c2f9fc44408040bb4f4f28dd972a5fee2aa932bf01daa90,1000,1000
TURM_04698,DATASET/Turmeric Plant Disease Dataset Advancing AI for Agricultural Sustainability.zip#Turmeric Plant Disease Dataset Advancing AI for Agricultural Sustainability/Turmeric Plant Disease.zip#Turmeric Plant Disease/Healthy Leaf/Healthy Leaf00134.JPG,Turmeric Plant Disease Dataset Advancing AI (Original),Healthy Leaf,Healthy,healthy,TURM_DUP_0337,train,42,0e0052501aebbbef135ca2ea4fa1b80b9fc0d68f46efbb24436905078d8b00d2,1000,1000
TURM_04716,DATASET/Turmeric Plant Disease Dataset Advancing AI for Agricultural Sustainability.zip#Turmeric Plant Disease Dataset Advancing AI for Agricultural Sustainability/Turmeric Plant Disease.zip#Turmeric Plant Disease/Healthy Leaf/Healthy Leaf00152.JPG,Turmeric Plant Disease Dataset Advancing AI (Original),Healthy Leaf,Healthy,healthy,TURM_DUP_0355,train,42,fb977fb7b8a5a579af023bd858a8dce146cf1b0112918f4c9b2410a1a4d7158e,1000,1000
TURM_04644,DATASET/Turmeric Plant Disease Dataset Advancing AI for Agricultural Sustainability.zip#Turmeric Plant Disease Dataset Advancing AI for Agricultural Sustainability/Turmeric Plant Disease.zip#Turmeric Plant Disease/Healthy Leaf/Healthy Leaf00080.JPG,Turmeric Plant Disease Dataset Advancing AI (Original),Healthy Leaf,Healthy,healthy,TURM_DUP_0283,train,42,735305a804c6fc2a7174e6c6cf4877732198c0b6544bd458bb6194e2813b7faa,1000,1000
TURM_04607,DATASET/Turmeric Plant Disease Dataset Advancing AI for Agricultural Sustainability.zip#Turmeric Plant Disease Dataset Advancing AI for Agricultural Sustainability/Turmeric Plant Disease.zip#Turmeric Plant Disease/Healthy Leaf/Healthy Leaf00043.JPG,Turmeric Plant Disease Dataset Advancing AI (Original),Healthy Leaf,Healthy,healthy,TURM_DUP_0246,train,42,01b924648879702faef6dafa75d03cc9f67d63971593690b97008e1d9d961901,1000,1000
TURM_04686,DATASET/Turmeric Plant Disease Dataset Advancing AI for Agricultural Sustainability.zip#Turmeric Plant Disease Dataset Advancing AI for Agricultural Sustainability/Turmeric Plant Disease.zip#Turmeric Plant Disease/Healthy Leaf/Healthy Leaf00122.JPG,Turmeric Plant Disease Dataset Advancing AI (Original),Healthy Leaf,Healthy,healthy,TURM_DUP_0325,train,42,fabf7441b7c4a18721f6de53dab4ac6d52d8f2fd507d00b181520c07a5e4d7a8,1000,1000
TURM_04573,DATASET/Turmeric Plant Disease Dataset Advancing AI for Agricultural Sustainability.zip#Turmeric Plant Disease Dataset Advancing AI for Agricultural Sustainability/Turmeric Plant Disease.zip#Turmeric Plant Disease/Healthy Leaf/Healthy Leaf00009.JPG,Turmeric Plant Disease Dataset Advancing AI (Original),Healthy Leaf,Healthy,healthy,TURM_DUP_0212,train,42,d9253cd57b3365609f81c605a8e461e60369e9567609b2ab266f06edb8cef4e6,1000,1000
TURM_04759,DATASET/Turmeric Plant Disease Dataset Advancing AI for Agricultural Sustainability.zip#Turmeric Plant Disease Dataset Advancing AI for Agricultural Sustainability/Turmeric Plant Disease.zip#Turmeric Plant Disease/Healthy Leaf/Healthy Leaf00195.JPG,Turmeric Plant Disease Dataset Advancing AI (Original),Healthy Leaf,Healthy,healthy,TURM_DUP_0398,train,42,7ab3a513ea46fffd38c55f8762b1497d567ababf6e827c6ec0063ccce2f618c4,1000,1000
TURM_04611,DATASET/Turmeric Plant Disease Dataset Advancing AI for Agricultural Sustainability.zip#Turmeric Plant Disease Dataset Advancing AI for Agricultural Sustainability/Turmeric Plant Disease.zip#Turmeric Plant Disease/Healthy Leaf/Healthy Leaf00047.JPG,Turmeric Plant Disease Dataset Advancing AI (Original),Healthy Leaf,Healthy,healthy,TURM_DUP_0250,train,42,2b4430c17b50df39bf750d0db71dd67d2206470ba9da55ea33dd5c8d8e2f35de,1000,1000
TURM_04590,DATASET/Turmeric Plant Disease Dataset Advancing AI for Agricultural Sustainability.zip#Turmeric Plant Disease Dataset Advancing AI for Agricultural Sustainability/Turmeric Plant Disease.zip#Turmeric Plant Disease/Healthy Leaf/Healthy Leaf00026.JPG,Turmeric Plant Disease Dataset Advancing AI (Original),Healthy Leaf,Healthy,healthy,TURM_DUP_0229,train,42,abf102b69f51caff9934a5149b1a162fd5f12ad08f705d297f2e7bdb77bc4b98,1000,1000
TURM_04724,DATASET/Turmeric Plant Disease Dataset Advancing AI for Agricultural Sustainability.zip#Turmeric Plant Disease Dataset Advancing AI for Agricultural Sustainability/Turmeric Plant Disease.zip#Turmeric Plant Disease/Healthy Leaf/Healthy Leaf00160.JPG,Turmeric Plant Disease Dataset Advancing AI (Original),Healthy Leaf,Healthy,healthy,TURM_DUP_0363,train,42,bff8dc11cb51766bf2b698b67297e13d091b705ccdda46aa28956135ef458994,1000,1000
TURM_04699,DATASET/Turmeric Plant Disease Dataset Advancing AI for Agricultural Sustainability.zip#Turmeric Plant Disease Dataset Advancing AI for Agricultural Sustainability/Turmeric Plant Disease.zip#Turmeric Plant Disease/Healthy Leaf/Healthy Leaf00135.JPG,Turmeric Plant Disease Dataset Advancing AI (Original),Healthy Leaf,Healthy,healthy,TURM_DUP_0338,train,42,57663e7e65c24becd4aa3372d928debff39f68257d36c0f532f6438cf0109a3b,1000,1000
TURM_04750,DATASET/Turmeric Plant Disease Dataset Advancing AI for Agricultural Sustainability.zip#Turmeric Plant Disease Dataset Advancing AI for Agricultural Sustainability/Turmeric Plant Disease.zip#Turmeric Plant Disease/Healthy Leaf/Healthy Leaf00186.JPG,Turmeric Plant Disease Dataset Advancing AI (Original),Healthy Leaf,Healthy,healthy,TURM_DUP_0389,train,42,f99497e0754004956fa65209dc0aa94a753bdc8cccaf34066b1286dfb32c2e3a,1000,1000
TURM_04657,DATASET/Turmeric Plant Disease Dataset Advancing AI for Agricultural Sustainability.zip#Turmeric Plant Disease Dataset Advancing AI for Agricultural Sustainability/Turmeric Plant Disease.zip#Turmeric Plant Disease/Healthy Leaf/Healthy Leaf00093.JPG,Turmeric Plant Disease Dataset Advancing AI (Original),Healthy Leaf,Healthy,healthy,TURM_DUP_0296,train,42,2cc783eba96f1e7768172923aed1d0a936fe05b8393b01805c90f4a12b61dcb1,1000,1000
TURM_04652,DATASET/Turmeric Plant Disease Dataset Advancing AI for Agricultural Sustainability.zip#Turmeric Plant Disease Dataset Advancing AI for Agricultural Sustainability/Turmeric Plant Disease.zip#Turmeric Plant Disease/Healthy Leaf/Healthy Leaf00088.JPG,Turmeric Plant Disease Dataset Advancing AI (Original),Healthy Leaf,Healthy,healthy,TURM_DUP_0291,train,42,37e28f046ee66bf67eceb1b673823601e187f655db1ab4f81b3a1feb3da59d5f,1000,1000
TURM_04721,DATASET/Turmeric Plant Disease Dataset Advancing AI for Agricultural Sustainability.zip#Turmeric Plant Disease Dataset Advancing AI for Agricultural Sustainability/Turmeric Plant Disease.zip#Turmeric Plant Disease/Healthy Leaf/Healthy Leaf00157.JPG,Turmeric Plant Disease Dataset Advancing AI (Original),Healthy Leaf,Healthy,healthy,TURM_DUP_0360,train,42,51bc9513c92adef09a26547e4f48a502d2395bc03c50cb5377c8ad208593f622,1000,1000
TURM_04668,DATASET/Turmeric Plant Disease Dataset Advancing AI for Agricultural Sustainability.zip#Turmeric Plant Disease Dataset Advancing AI for Agricultural Sustainability/Turmeric Plant Disease.zip#Turmeric Plant Disease/Healthy Leaf/Healthy Leaf00104.JPG,Turmeric Plant Disease Dataset Advancing AI (Original),Healthy Leaf,Healthy,healthy,TURM_DUP_0307,train,42,f5af1d01bb558dc8d0d3adc891e30fb3fe2177160be3620267a3a2526d08d20a,1000,1000
TURM_04700,DATASET/Turmeric Plant Disease Dataset Advancing AI for Agricultural Sustainability.zip#Turmeric Plant Disease Dataset Advancing AI for Agricultural Sustainability/Turmeric Plant Disease.zip#Turmeric Plant Disease/Healthy Leaf/Healthy Leaf00136.JPG,Turmeric Plant Disease Dataset Advancing AI (Original),Healthy Leaf,Healthy,healthy,TURM_DUP_0339,train,42,3d7520ea27034299eefb46496879972227dc5dd6071c5f426dd12a076b90de1e,1000,1000
TURM_04565,DATASET/Turmeric Plant Disease Dataset Advancing AI for Agricultural Sustainability.zip#Turmeric Plant Disease Dataset Advancing AI for Agricultural Sustainability/Turmeric Plant Disease.zip#Turmeric Plant Disease/Healthy Leaf/Healthy Leaf00001.JPG,Turmeric Plant Disease Dataset Advancing AI (Original),Healthy Leaf,Healthy,healthy,TURM_DUP_0204,train,42,deb5ffe72b5f7747673a6c496d7804c5b494f4dae802379b174cdf981c45463e,1000,1000
TURM_04684,DATASET/Turmeric Plant Disease Dataset Advancing AI for Agricultural Sustainability.zip#Turmeric Plant Disease Dataset Advancing AI for Agricultural Sustainability/Turmeric Plant Disease.zip#Turmeric Plant Disease/Healthy Leaf/Healthy Leaf00120.JPG,Turmeric Plant Disease Dataset Advancing AI (Original),Healthy Leaf,Healthy,healthy,TURM_DUP_0323,train,42,0b7fff6b750031f4f477a515b6cdada968725a8aebcf66c5dd6023ebca49ff15,1000,1000
TURM_04737,DATASET/Turmeric Plant Disease Dataset Advancing AI for Agricultural Sustainability.zip#Turmeric Plant Disease Dataset Advancing AI for Agricultural Sustainability/Turmeric Plant Disease.zip#Turmeric Plant Disease/Healthy Leaf/Healthy Leaf00173.JPG,Turmeric Plant Disease Dataset Advancing AI (Original),Healthy Leaf,Healthy,healthy,TURM_DUP_0376,train,42,df742f9f9364798f0126f9efea032e6fc844e2db652423f0ea87f45ef6de6340,1000,1000
TURM_04570,DATASET/Turmeric Plant Disease Dataset Advancing AI for Agricultural Sustainability.zip#Turmeric Plant Disease Dataset Advancing AI for Agricultural Sustainability/Turmeric Plant Disease.zip#Turmeric Plant Disease/Healthy Leaf/Healthy Leaf00006.JPG,Turmeric Plant Disease Dataset Advancing AI (Original),Healthy Leaf,Healthy,healthy,TURM_DUP_0209,train,42,1c6c5713eb7c20c7fac820ca9a00976b592d746f6a08c72a802f80a672196d53,1000,1000
TURM_04760,DATASET/Turmeric Plant Disease Dataset Advancing AI for Agricultural Sustainability.zip#Turmeric Plant Disease Dataset Advancing AI for Agricultural Sustainability/Turmeric Plant Disease.zip#Turmeric Plant Disease/Healthy Leaf/Healthy Leaf00196.JPG,Turmeric Plant Disease Dataset Advancing AI (Original),Healthy Leaf,Healthy,healthy,TURM_DUP_0399,train,42,0ef444b259671689171babae3539be5d584ccab222901163edfa08bb219bb73c,1000,1000
TURM_04589,DATASET/Turmeric Plant Disease Dataset Advancing AI for Agricultural Sustainability.zip#Turmeric Plant Disease Dataset Advancing AI for Agricultural Sustainability/Turmeric Plant Disease.zip#Turmeric Plant Disease/Healthy Leaf/Healthy Leaf00025.JPG,Turmeric Plant Disease Dataset Advancing AI (Original),Healthy Leaf,Healthy,healthy,TURM_DUP_0228,train,42,b7b3b733d437d6fce55d78ddd08005d7340862c5c2e8b926bffbe45bde7eb138,1000,1000
TURM_04638,DATASET/Turmeric Plant Disease Dataset Advancing AI for Agricultural Sustainability.zip#Turmeric Plant Disease Dataset Advancing AI for Agricultural Sustainability/Turmeric Plant Disease.zip#Turmeric Plant Disease/Healthy Leaf/Healthy Leaf00074.JPG,Turmeric Plant Disease Dataset Advancing AI (Original),Healthy Leaf,Healthy,healthy,TURM_DUP_0277,train,42,dffd8eaaf4273071be751994e13c546f169b6260b53ded182a0bf6fcdf194077,1000,1000
TURM_04707,DATASET/Turmeric Plant Disease Dataset Advancing AI for Agricultural Sustainability.zip#Turmeric Plant Disease Dataset Advancing AI for Agricultural Sustainability/Turmeric Plant Disease.zip#Turmeric Plant Disease/Healthy Leaf/Healthy Leaf00143.JPG,Turmeric Plant Disease Dataset Advancing AI (Original),Healthy Leaf,Healthy,healthy,TURM_DUP_0346,train,42,e15edd0294ed7ed7eebb538cfbf097b86f09859250ef7dec2f27f16290212bc7,1000,1000
TURM_04579,DATASET/Turmeric Plant Disease Dataset Advancing AI for Agricultural Sustainability.zip#Turmeric Plant Disease Dataset Advancing AI for Agricultural Sustainability/Turmeric Plant Disease.zip#Turmeric Plant Disease/Healthy Leaf/Healthy Leaf00015.JPG,Turmeric Plant Disease Dataset Advancing AI (Original),Healthy Leaf,Healthy,healthy,TURM_DUP_0218,train,42,eb33b9662dfd83b6a732a050c545b3b316ed7ea30fa7afafb53af6bf9134e3b4,1000,1000
TURM_04630,DATASET/Turmeric Plant Disease Dataset Advancing AI for Agricultural Sustainability.zip#Turmeric Plant Disease Dataset Advancing AI for Agricultural Sustainability/Turmeric Plant Disease.zip#Turmeric Plant Disease/Healthy Leaf/Healthy Leaf00066.JPG,Turmeric Plant Disease Dataset Advancing AI (Original),Healthy Leaf,Healthy,healthy,TURM_DUP_0269,train,42,88de6690ff409fe80f6d9961273ae423a5e3a332daa171dfdcf4a766cb8c0d47,1000,1000
TURM_04642,DATASET/Turmeric Plant Disease Dataset Advancing AI for Agricultural Sustainability.zip#Turmeric Plant Disease Dataset Advancing AI for Agricultural Sustainability/Turmeric Plant Disease.zip#Turmeric Plant Disease/Healthy Leaf/Healthy Leaf00078.JPG,Turmeric Plant Disease Dataset Advancing AI (Original),Healthy Leaf,Healthy,healthy,TURM_DUP_0281,train,42,05eacdddf5bd3a725773f24603576b32812e6527df43f57dbb4837b56c0c0598,1000,1000
TURM_04689,DATASET/Turmeric Plant Disease Dataset Advancing AI for Agricultural Sustainability.zip#Turmeric Plant Disease Dataset Advancing AI for Agricultural Sustainability/Turmeric Plant Disease.zip#Turmeric Plant Disease/Healthy Leaf/Healthy Leaf00125.JPG,Turmeric Plant Disease Dataset Advancing AI (Original),Healthy Leaf,Healthy,healthy,TURM_DUP_0328,train,42,af2ff45b90da1f2419a952e3cf49178502654e5270cdf628fabb4b7e752da2cf,1000,1000
TURM_04720,DATASET/Turmeric Plant Disease Dataset Advancing AI for Agricultural Sustainability.zip#Turmeric Plant Disease Dataset Advancing AI for Agricultural Sustainability/Turmeric Plant Disease.zip#Turmeric Plant Disease/Healthy Leaf/Healthy Leaf00156.JPG,Turmeric Plant Disease Dataset Advancing AI (Original),Healthy Leaf,Healthy,healthy,TURM_DUP_0359,train,42,1af3cf76d62b2f32adc8ae51fb3679dd30e7ab7e7b85d08791c3947767058837,1000,1000
TURM_04665,DATASET/Turmeric Plant Disease Dataset Advancing AI for Agricultural Sustainability.zip#Turmeric Plant Disease Dataset Advancing AI for Agricultural Sustainability/Turmeric Plant Disease.zip#Turmeric Plant Disease/Healthy Leaf/Healthy Leaf00101.JPG,Turmeric Plant Disease Dataset Advancing AI (Original),Healthy Leaf,Healthy,healthy,TURM_DUP_0304,train,42,66f5876988111b0ef31a9386c3b8472080e6e64819feeb34596bd3a511e0dd04,1000,1000
TURM_04742,DATASET/Turmeric Plant Disease Dataset Advancing AI for Agricultural Sustainability.zip#Turmeric Plant Disease Dataset Advancing AI for Agricultural Sustainability/Turmeric Plant Disease.zip#Turmeric Plant Disease/Healthy Leaf/Healthy Leaf00178.JPG,Turmeric Plant Disease Dataset Advancing AI (Original),Healthy Leaf,Healthy,healthy,TURM_DUP_0381,train,42,d6922b5d1d19dc210568afb3f368f1516dd9a0964544e35d9f7246df03bcf120,1000,1000
TURM_04609,DATASET/Turmeric Plant Disease Dataset Advancing AI for Agricultural Sustainability.zip#Turmeric Plant Disease Dataset Advancing AI for Agricultural Sustainability/Turmeric Plant Disease.zip#Turmeric Plant Disease/Healthy Leaf/Healthy Leaf00045.JPG,Turmeric Plant Disease Dataset Advancing AI (Original),Healthy Leaf,Healthy,healthy,TURM_DUP_0248,train,42,f74d40d200c75118a7faa14c4495759fb690b796c941c2c02659f852db711ec3,1000,1000
TURM_04620,DATASET/Turmeric Plant Disease Dataset Advancing AI for Agricultural Sustainability.zip#Turmeric Plant Disease Dataset Advancing AI for Agricultural Sustainability/Turmeric Plant Disease.zip#Turmeric Plant Disease/Healthy Leaf/Healthy Leaf00056.JPG,Turmeric Plant Disease Dataset Advancing AI (Original),Healthy Leaf,Healthy,healthy,TURM_DUP_0259,train,42,3591b52609c109e0d3ae42b3c0446d0c4becafb3f37fbbb0c4860c52120e4662,1000,1000
TURM_04641,DATASET/Turmeric Plant Disease Dataset Advancing AI for Agricultural Sustainability.zip#Turmeric Plant Disease Dataset Advancing AI for Agricultural Sustainability/Turmeric Plant Disease.zip#Turmeric Plant Disease/Healthy Leaf/Healthy Leaf00077.JPG,Turmeric Plant Disease Dataset Advancing AI (Original),Healthy Leaf,Healthy,healthy,TURM_DUP_0280,train,42,2db8de0f451d385de55863bc523973b351986e3a76d39264a828f7f8e06ebea9,1000,1000
TURM_04578,DATASET/Turmeric Plant Disease Dataset Advancing AI for Agricultural Sustainability.zip#Turmeric Plant Disease Dataset Advancing AI for Agricultural Sustainability/Turmeric Plant Disease.zip#Turmeric Plant Disease/Healthy Leaf/Healthy Leaf00014.JPG,Turmeric Plant Disease Dataset Advancing AI (Original),Healthy Leaf,Healthy,healthy,TURM_DUP_0217,train,42,aa09aa61c02b929288ffce169ddf70442036d5b519e10e4004bf01673753efac,1000,1000
TURM_04717,DATASET/Turmeric Plant Disease Dataset Advancing AI for Agricultural Sustainability.zip#Turmeric Plant Disease Dataset Advancing AI for Agricultural Sustainability/Turmeric Plant Disease.zip#Turmeric Plant Disease/Healthy Leaf/Healthy Leaf00153.JPG,Turmeric Plant Disease Dataset Advancing AI (Original),Healthy Leaf,Healthy,healthy,TURM_DUP_0356,train,42,e30cafa8067053e190603ca6200aeddedb30ee6b02657ed92d0980085490e35f,1000,1000
TURM_04632,DATASET/Turmeric Plant Disease Dataset Advancing AI for Agricultural Sustainability.zip#Turmeric Plant Disease Dataset Advancing AI for Agricultural Sustainability/Turmeric Plant Disease.zip#Turmeric Plant Disease/Healthy Leaf/Healthy Leaf00068.JPG,Turmeric Plant Disease Dataset Advancing AI (Original),Healthy Leaf,Healthy,healthy,TURM_DUP_0271,train,42,c2595b902b026d240f64cbfdeb8314dfe89a6e853cd7eeee1d429001147a24c4,1000,1000
TURM_04725,DATASET/Turmeric Plant Disease Dataset Advancing AI for Agricultural Sustainability.zip#Turmeric Plant Disease Dataset Advancing AI for Agricultural Sustainability/Turmeric Plant Disease.zip#Turmeric Plant Disease/Healthy Leaf/Healthy Leaf00161.JPG,Turmeric Plant Disease Dataset Advancing AI (Original),Healthy Leaf,Healthy,healthy,TURM_DUP_0364,train,42,0329d0683bfaf05d52af9853a38018a4b45cce9a167e45f7d3a8cbdbfdd8eb49,1000,1000
TURM_04631,DATASET/Turmeric Plant Disease Dataset Advancing AI for Agricultural Sustainability.zip#Turmeric Plant Disease Dataset Advancing AI for Agricultural Sustainability/Turmeric Plant Disease.zip#Turmeric Plant Disease/Healthy Leaf/Healthy Leaf00067.JPG,Turmeric Plant Disease Dataset Advancing AI (Original),Healthy Leaf,Healthy,healthy,TURM_DUP_0270,train,42,7a5c85dccf73a0a8ebe8ac919f255c4f1c949883eb96485d1f650230a9d9cc63,1000,1000
TURM_04594,DATASET/Turmeric Plant Disease Dataset Advancing AI for Agricultural Sustainability.zip#Turmeric Plant Disease Dataset Advancing AI for Agricultural Sustainability/Turmeric Plant Disease.zip#Turmeric Plant Disease/Healthy Leaf/Healthy Leaf00030.JPG,Turmeric Plant Disease Dataset Advancing AI (Original),Healthy Leaf,Healthy,healthy,TURM_DUP_0233,train,42,ded93fa6fb05110bd3b538f87ef0e3203eb7739274e20014c7b150a47396f48e,1000,1000
TURM_04572,DATASET/Turmeric Plant Disease Dataset Advancing AI for Agricultural Sustainability.zip#Turmeric Plant Disease Dataset Advancing AI for Agricultural Sustainability/Turmeric Plant Disease.zip#Turmeric Plant Disease/Healthy Leaf/Healthy Leaf00008.JPG,Turmeric Plant Disease Dataset Advancing AI (Original),Healthy Leaf,Healthy,healthy,TURM_DUP_0211,train,42,f613809f89371f3d57af102881437c40afb942069da0f39b00a02ea4f6dfcadc,1000,1000
TURM_04705,DATASET/Turmeric Plant Disease Dataset Advancing AI for Agricultural Sustainability.zip#Turmeric Plant Disease Dataset Advancing AI for Agricultural Sustainability/Turmeric Plant Disease.zip#Turmeric Plant Disease/Healthy Leaf/Healthy Leaf00141.JPG,Turmeric Plant Disease Dataset Advancing AI (Original),Healthy Leaf,Healthy,healthy,TURM_DUP_0344,train,42,7b9f286b3ce0c0140f7768ae1e7bfd1e8148b87f7b19e28f62434f4c9226a37e,1000,1000
TURM_04748,DATASET/Turmeric Plant Disease Dataset Advancing AI for Agricultural Sustainability.zip#Turmeric Plant Disease Dataset Advancing AI for Agricultural Sustainability/Turmeric Plant Disease.zip#Turmeric Plant Disease/Healthy Leaf/Healthy Leaf00184.JPG,Turmeric Plant Disease Dataset Advancing AI (Original),Healthy Leaf,Healthy,healthy,TURM_DUP_0387,train,42,4f0db77d5090974c96fea248d081467d201862ba7d80265839e090fc927f09b1,1000,1000
TURM_04695,DATASET/Turmeric Plant Disease Dataset Advancing AI for Agricultural Sustainability.zip#Turmeric Plant Disease Dataset Advancing AI for Agricultural Sustainability/Turmeric Plant Disease.zip#Turmeric Plant Disease/Healthy Leaf/Healthy Leaf00131.JPG,Turmeric Plant Disease Dataset Advancing AI (Original),Healthy Leaf,Healthy,healthy,TURM_DUP_0334,train,42,c95e1680fc14b45af332fe7950fc707b4e649b682c28ea73ba6aabd31bd93890,1000,1000
TURM_04712,DATASET/Turmeric Plant Disease Dataset Advancing AI for Agricultural Sustainability.zip#Turmeric Plant Disease Dataset Advancing AI for Agricultural Sustainability/Turmeric Plant Disease.zip#Turmeric Plant Disease/Healthy Leaf/Healthy Leaf00148.JPG,Turmeric Plant Disease Dataset Advancing AI (Original),Healthy Leaf,Healthy,healthy,TURM_DUP_0351,train,42,5311e607d00c5a57018242b49e124c45db99fdf5c18b4a3a2ec9c1a331d6fe41,1000,1000
TURM_04752,DATASET/Turmeric Plant Disease Dataset Advancing AI for Agricultural Sustainability.zip#Turmeric Plant Disease Dataset Advancing AI for Agricultural Sustainability/Turmeric Plant Disease.zip#Turmeric Plant Disease/Healthy Leaf/Healthy Leaf00188.JPG,Turmeric Plant Disease Dataset Advancing AI (Original),Healthy Leaf,Healthy,healthy,TURM_DUP_0391,train,42,8441b8e2988d379f82e8e033aa76c62aa21e93bd2f9181e6c05d8f54c7f3c50c,1000,1000
TURM_03894,DATASET/Image Dataset for Turmeric Plant Leaf Disease Detection.zip#Image Dataset for Turmeric Plant Leaf Disease Detection/Original DataSet/Blotch/blotch_(43).jpg,Image Dataset for Turmeric Plant Leaf Disease Detection,Blotch,Leaf Blotch,disease,None,train,42,d7c80d71b94419837cae02adedb8e5675b07772646f95d1b70b14f8b530044c0,4000,3000
TURM_03759,DATASET/Image Dataset for Turmeric Plant Leaf Disease Detection.zip#Image Dataset for Turmeric Plant Leaf Disease Detection/Original DataSet/Blotch/blotch_(136).jpg,Image Dataset for Turmeric Plant Leaf Disease Detection,Blotch,Leaf Blotch,disease,None,train,42,524d0a58ab9a8f787bf20643daac01e1026b012a1f0081fd7cc6d41032a6bc7a,4000,3000
TURM_03828,DATASET/Image Dataset for Turmeric Plant Leaf Disease Detection.zip#Image Dataset for Turmeric Plant Leaf Disease Detection/Original DataSet/Blotch/blotch_(199).jpg,Image Dataset for Turmeric Plant Leaf Disease Detection,Blotch,Leaf Blotch,disease,None,train,42,fc68eebd5daee531a339d28be5370d382d636c00f945f965d5b07f132a726022,4000,3000
TURM_03849,DATASET/Image Dataset for Turmeric Plant Leaf Disease Detection.zip#Image Dataset for Turmeric Plant Leaf Disease Detection/Original DataSet/Blotch/blotch_(217).jpg,Image Dataset for Turmeric Plant Leaf Disease Detection,Blotch,Leaf Blotch,disease,None,train,42,6239776b565ac26ebe6a1b1d55d1b45d08b7d279c40915ceab9f1c469771529e,4000,3000
TURM_03736,DATASET/Image Dataset for Turmeric Plant Leaf Disease Detection.zip#Image Dataset for Turmeric Plant Leaf Disease Detection/Original DataSet/Blotch/blotch_(115).jpg,Image Dataset for Turmeric Plant Leaf Disease Detection,Blotch,Leaf Blotch,disease,None,train,42,6743a0f602b91dbe32f504c80b73c15995fb0b4d99973e5f606dbb207d5eb84e,4000,3000
TURM_03868,DATASET/Image Dataset for Turmeric Plant Leaf Disease Detection.zip#Image Dataset for Turmeric Plant Leaf Disease Detection/Original DataSet/Blotch/blotch_(234).jpg,Image Dataset for Turmeric Plant Leaf Disease Detection,Blotch,Leaf Blotch,disease,None,train,42,7a8c2af68fc7b293834b32c9ba9fd3e1206300da0833c4a4593ed18239026dc6,4000,3000
TURM_03810,DATASET/Image Dataset for Turmeric Plant Leaf Disease Detection.zip#Image Dataset for Turmeric Plant Leaf Disease Detection/Original DataSet/Blotch/blotch_(180).jpg,Image Dataset for Turmeric Plant Leaf Disease Detection,Blotch,Leaf Blotch,disease,None,train,42,64b83d1d8a37d83f21a12128f294a4a2571e7bdc46a774b9e5b81a80c625e9e6,4000,3000
TURM_03763,DATASET/Image Dataset for Turmeric Plant Leaf Disease Detection.zip#Image Dataset for Turmeric Plant Leaf Disease Detection/Original DataSet/Blotch/blotch_(139).jpg,Image Dataset for Turmeric Plant Leaf Disease Detection,Blotch,Leaf Blotch,disease,None,train,42,fac362c3b88019419b4e971502ede8c22596967d1ea5216f8dbace5af4780747,4000,3000
TURM_03902,DATASET/Image Dataset for Turmeric Plant Leaf Disease Detection.zip#Image Dataset for Turmeric Plant Leaf Disease Detection/Original DataSet/Blotch/blotch_(50).jpg,Image Dataset for Turmeric Plant Leaf Disease Detection,Blotch,Leaf Blotch,disease,None,train,42,2d189f3ca6cf2a796c1989fccfd5ba03bf545e821ac77c421e327254397be2bb,4000,3000
TURM_03751,DATASET/Image Dataset for Turmeric Plant Leaf Disease Detection.zip#Image Dataset for Turmeric Plant Leaf Disease Detection/Original DataSet/Blotch/blotch_(128).jpg,Image Dataset for Turmeric Plant Leaf Disease Detection,Blotch,Leaf Blotch,disease,None,train,42,da417db864053f498bc10a11f191968daff336397775c75a2e1c65d710aaf955,4000,3000
TURM_03812,DATASET/Image Dataset for Turmeric Plant Leaf Disease Detection.zip#Image Dataset for Turmeric Plant Leaf Disease Detection/Original DataSet/Blotch/blotch_(184).jpg,Image Dataset for Turmeric Plant Leaf Disease Detection,Blotch,Leaf Blotch,disease,None,train,42,8e89ab08446b6c7d0169b78fdea31f77dd2aa07d23fe878e6d9ae63d6d1d2eff,4000,3000
TURM_03860,DATASET/Image Dataset for Turmeric Plant Leaf Disease Detection.zip#Image Dataset for Turmeric Plant Leaf Disease Detection/Original DataSet/Blotch/blotch_(227).jpg,Image Dataset for Turmeric Plant Leaf Disease Detection,Blotch,Leaf Blotch,disease,None,train,42,74e102fb70c8a4247a14f9812dc7abebf722c8bd27443d81f9c80cc0eafd815f,4000,3000
TURM_03847,DATASET/Image Dataset for Turmeric Plant Leaf Disease Detection.zip#Image Dataset for Turmeric Plant Leaf Disease Detection/Original DataSet/Blotch/blotch_(216).jpg,Image Dataset for Turmeric Plant Leaf Disease Detection,Blotch,Leaf Blotch,disease,None,train,42,ecedb270df2b34fff42f9c0eab933dfe660dd2b158fabf0731281246139bfe1b,4000,3000
TURM_03880,DATASET/Image Dataset for Turmeric Plant Leaf Disease Detection.zip#Image Dataset for Turmeric Plant Leaf Disease Detection/Original DataSet/Blotch/blotch_(30).jpg,Image Dataset for Turmeric Plant Leaf Disease Detection,Blotch,Leaf Blotch,disease,None,train,42,a8707a255b99ffd4e803733a3407fd2b8937358361b46cf3d31dc5bfa0ccfcfb,4000,3000
TURM_03879,DATASET/Image Dataset for Turmeric Plant Leaf Disease Detection.zip#Image Dataset for Turmeric Plant Leaf Disease Detection/Original DataSet/Blotch/blotch_(31).jpg,Image Dataset for Turmeric Plant Leaf Disease Detection,Blotch,Leaf Blotch,disease,None,train,42,9f1b4f696b655c4166ec3cd1e5f08360362c9e500af4ec2e6b1ad4e453bb0816,4000,3000
TURM_03744,DATASET/Image Dataset for Turmeric Plant Leaf Disease Detection.zip#Image Dataset for Turmeric Plant Leaf Disease Detection/Original DataSet/Blotch/blotch_(122).jpg,Image Dataset for Turmeric Plant Leaf Disease Detection,Blotch,Leaf Blotch,disease,None,train,42,11939e74ac1abc385de0141159215b317861a4a95b6a16375657e1d5be668837,4000,3000
TURM_03796,DATASET/Image Dataset for Turmeric Plant Leaf Disease Detection.zip#Image Dataset for Turmeric Plant Leaf Disease Detection/Original DataSet/Blotch/blotch_(170).jpg,Image Dataset for Turmeric Plant Leaf Disease Detection,Blotch,Leaf Blotch,disease,None,train,42,9f5a1ab1e1ceaa3829b2aff4a8d69ddb3ac70a659fa26fd653857d4a773ac906,4000,3000
TURM_03858,DATASET/Image Dataset for Turmeric Plant Leaf Disease Detection.zip#Image Dataset for Turmeric Plant Leaf Disease Detection/Original DataSet/Blotch/blotch_(225).jpg,Image Dataset for Turmeric Plant Leaf Disease Detection,Blotch,Leaf Blotch,disease,None,train,42,aaee8ee1637c0603cc79cb77370fbd9160cc1fb087bd09afc2ae800087d4cb22,4000,3000
TURM_03785,DATASET/Image Dataset for Turmeric Plant Leaf Disease Detection.zip#Image Dataset for Turmeric Plant Leaf Disease Detection/Original DataSet/Blotch/blotch_(16).jpg,Image Dataset for Turmeric Plant Leaf Disease Detection,Blotch,Leaf Blotch,disease,None,train,42,88480dd440e25bbed57537cd3ab3ee4979145d1e0ad844c7db99a7a49434fca9,4000,3000
TURM_03926,DATASET/Image Dataset for Turmeric Plant Leaf Disease Detection.zip#Image Dataset for Turmeric Plant Leaf Disease Detection/Original DataSet/Blotch/blotch_(71).jpg,Image Dataset for Turmeric Plant Leaf Disease Detection,Blotch,Leaf Blotch,disease,None,train,42,b8555c89922a2bd5c848739e8c1cbb632a396bb376ed38dea0979cac2170ed8c,4000,3000
TURM_03811,DATASET/Image Dataset for Turmeric Plant Leaf Disease Detection.zip#Image Dataset for Turmeric Plant Leaf Disease Detection/Original DataSet/Blotch/blotch_(185).jpg,Image Dataset for Turmeric Plant Leaf Disease Detection,Blotch,Leaf Blotch,disease,None,train,42,ba5817fbd863a5abda213ab29b8f90579158ac9cee064f9c6d60478ebaaa1c1b,4000,3000
TURM_03888,DATASET/Image Dataset for Turmeric Plant Leaf Disease Detection.zip#Image Dataset for Turmeric Plant Leaf Disease Detection/Original DataSet/Blotch/blotch_(38).jpg,Image Dataset for Turmeric Plant Leaf Disease Detection,Blotch,Leaf Blotch,disease,None,train,42,c3a7d87f0e7b1b1285a1038b275bc0d7c2d14ef9c1e1ca061475abd81a682d02,4000,3000
TURM_03767,DATASET/Image Dataset for Turmeric Plant Leaf Disease Detection.zip#Image Dataset for Turmeric Plant Leaf Disease Detection/Original DataSet/Blotch/blotch_(143).jpg,Image Dataset for Turmeric Plant Leaf Disease Detection,Blotch,Leaf Blotch,disease,None,train,42,d6b2e396ffac0dd0995ad279b22147f98c005cc5fcc3306a6b62af8498ba78e1,4000,3000
TURM_03835,DATASET/Image Dataset for Turmeric Plant Leaf Disease Detection.zip#Image Dataset for Turmeric Plant Leaf Disease Detection/Original DataSet/Blotch/blotch_(203).jpg,Image Dataset for Turmeric Plant Leaf Disease Detection,Blotch,Leaf Blotch,disease,None,train,42,ae1a7e428079f157148eafb89be70d336c6d0bae18c945d479b5200311a2faf9,4000,3000
TURM_03741,DATASET/Image Dataset for Turmeric Plant Leaf Disease Detection.zip#Image Dataset for Turmeric Plant Leaf Disease Detection/Original DataSet/Blotch/blotch_(12).jpg,Image Dataset for Turmeric Plant Leaf Disease Detection,Blotch,Leaf Blotch,disease,None,train,42,82171ff135454b54520e0a6b53f2373cd93b23210b74f17e6038dee4f03a08ac,4000,3000
TURM_03848,DATASET/Image Dataset for Turmeric Plant Leaf Disease Detection.zip#Image Dataset for Turmeric Plant Leaf Disease Detection/Original DataSet/Blotch/blotch_(211).jpg,Image Dataset for Turmeric Plant Leaf Disease Detection,Blotch,Leaf Blotch,disease,None,train,42,64b5044dc673b724231f538db7c2744eb6e6704d854ad739a19d0b29f4ecc620,4000,3000
TURM_03720,DATASET/Image Dataset for Turmeric Plant Leaf Disease Detection.zip#Image Dataset for Turmeric Plant Leaf Disease Detection/Original DataSet/Blotch/blotch_(1).jpg,Image Dataset for Turmeric Plant Leaf Disease Detection,Blotch,Leaf Blotch,disease,None,train,42,d0a26638fdc1355ac4e5767a5d4a42c965e2b4c5364a6c078342c3ee0cbb5f8a,4000,3000
TURM_03874,DATASET/Image Dataset for Turmeric Plant Leaf Disease Detection.zip#Image Dataset for Turmeric Plant Leaf Disease Detection/Original DataSet/Blotch/blotch_(25).jpg,Image Dataset for Turmeric Plant Leaf Disease Detection,Blotch,Leaf Blotch,disease,None,train,42,5ac1ce208b7aa74d180aed8bd537b818e5eb78b5cde296204c07af688f1cf25b,4000,3000
TURM_03951,DATASET/Image Dataset for Turmeric Plant Leaf Disease Detection.zip#Image Dataset for Turmeric Plant Leaf Disease Detection/Original DataSet/Blotch/blotch_(95).jpg,Image Dataset for Turmeric Plant Leaf Disease Detection,Blotch,Leaf Blotch,disease,None,train,42,a21b42f90513b2beb1b794a37786d7a75e62ababdf8711a499e48163451cfd73,4000,3000
TURM_03718,DATASET/Image Dataset for Turmeric Plant Leaf Disease Detection.zip#Image Dataset for Turmeric Plant Leaf Disease Detection/Original DataSet/Blotch/blotch_(10).jpg,Image Dataset for Turmeric Plant Leaf Disease Detection,Blotch,Leaf Blotch,disease,None,train,42,7a68b5abb7e0eda38dcc971bfec0396a6a680c995071a5aebc3e3dcc5134c0f5,4000,3000
TURM_03863,DATASET/Image Dataset for Turmeric Plant Leaf Disease Detection.zip#Image Dataset for Turmeric Plant Leaf Disease Detection/Original DataSet/Blotch/blotch_(23).jpg,Image Dataset for Turmeric Plant Leaf Disease Detection,Blotch,Leaf Blotch,disease,None,train,42,0bb74dfeb5c172c52dcf740da3272105db178d5267c8d3df8ebf999c5d6b199b,4000,3000
TURM_03950,DATASET/Image Dataset for Turmeric Plant Leaf Disease Detection.zip#Image Dataset for Turmeric Plant Leaf Disease Detection/Original DataSet/Blotch/blotch_(94).jpg,Image Dataset for Turmeric Plant Leaf Disease Detection,Blotch,Leaf Blotch,disease,None,train,42,3ebbe24b92f92aeff5472883d6695fc7dd895466f1f8d26b11b3e952bb29f394,4000,3000
TURM_03846,DATASET/Image Dataset for Turmeric Plant Leaf Disease Detection.zip#Image Dataset for Turmeric Plant Leaf Disease Detection/Original DataSet/Blotch/blotch_(214).jpg,Image Dataset for Turmeric Plant Leaf Disease Detection,Blotch,Leaf Blotch,disease,None,train,42,c6823b58adacf99c1d6326ebb1e6b539c401cade32c53a994907cf1a95a7c28c,4000,3000
TURM_03929,DATASET/Image Dataset for Turmeric Plant Leaf Disease Detection.zip#Image Dataset for Turmeric Plant Leaf Disease Detection/Original DataSet/Blotch/blotch_(75).jpg,Image Dataset for Turmeric Plant Leaf Disease Detection,Blotch,Leaf Blotch,disease,None,train,42,10b323f1d5a056d4e4b0b4c6b11939e2f67f14b5145138cf93999c961787f8bf,4000,3000
TURM_03841,DATASET/Image Dataset for Turmeric Plant Leaf Disease Detection.zip#Image Dataset for Turmeric Plant Leaf Disease Detection/Original DataSet/Blotch/blotch_(213).jpg,Image Dataset for Turmeric Plant Leaf Disease Detection,Blotch,Leaf Blotch,disease,None,train,42,f726852304fe4d5dd4e5ffbb06de410cf29942748f6d22e91bdd4801114ecfa1,4000,3000
TURM_03783,DATASET/Image Dataset for Turmeric Plant Leaf Disease Detection.zip#Image Dataset for Turmeric Plant Leaf Disease Detection/Original DataSet/Blotch/blotch_(158).jpg,Image Dataset for Turmeric Plant Leaf Disease Detection,Blotch,Leaf Blotch,disease,None,train,42,611f93c1acb4c54ba750c2b73ae774e881665d3b1c1e736646665d1c1abf0fdf,4000,3000
TURM_03859,DATASET/Image Dataset for Turmeric Plant Leaf Disease Detection.zip#Image Dataset for Turmeric Plant Leaf Disease Detection/Original DataSet/Blotch/blotch_(226).jpg,Image Dataset for Turmeric Plant Leaf Disease Detection,Blotch,Leaf Blotch,disease,None,train,42,60002cb2e3316d116b291a7e0ef7eae397be9cb4892b9768b86c68e624bb3750,4000,3000
TURM_03954,DATASET/Image Dataset for Turmeric Plant Leaf Disease Detection.zip#Image Dataset for Turmeric Plant Leaf Disease Detection/Original DataSet/Blotch/blotch_(98).jpg,Image Dataset for Turmeric Plant Leaf Disease Detection,Blotch,Leaf Blotch,disease,None,train,42,f4c79db4820feccbacf312caf6d0bf773a5a1f2d2365e8e078f65c77b9fb814b,4000,3000
TURM_03729,DATASET/Image Dataset for Turmeric Plant Leaf Disease Detection.zip#Image Dataset for Turmeric Plant Leaf Disease Detection/Original DataSet/Blotch/blotch_(108).jpg,Image Dataset for Turmeric Plant Leaf Disease Detection,Blotch,Leaf Blotch,disease,None,train,42,3fb4b5064dbab2f7d6376ea006a047cbd1757baa2e27eff0a5258b089a188038,4000,3000
TURM_03891,DATASET/Image Dataset for Turmeric Plant Leaf Disease Detection.zip#Image Dataset for Turmeric Plant Leaf Disease Detection/Original DataSet/Blotch/blotch_(40).jpg,Image Dataset for Turmeric Plant Leaf Disease Detection,Blotch,Leaf Blotch,disease,None,train,42,298b378b53a71ffeb44e60afc7a9362d474ed7bb84718aa9266ffed3ea677f97,4000,3000
TURM_03934,DATASET/Image Dataset for Turmeric Plant Leaf Disease Detection.zip#Image Dataset for Turmeric Plant Leaf Disease Detection/Original DataSet/Blotch/blotch_(81).jpg,Image Dataset for Turmeric Plant Leaf Disease Detection,Blotch,Leaf Blotch,disease,None,train,42,085af786a7e219a7f2244a51f66e26e71223c991b711677347293f5d84c6a48d,4000,3000
TURM_03819,DATASET/Image Dataset for Turmeric Plant Leaf Disease Detection.zip#Image Dataset for Turmeric Plant Leaf Disease Detection/Original DataSet/Blotch/blotch_(191).jpg,Image Dataset for Turmeric Plant Leaf Disease Detection,Blotch,Leaf Blotch,disease,None,train,42,1ab711fdb7912ff2fe307a17ae7d46ef739433216afefb73e8e2329205886457,4000,3000
TURM_03936,DATASET/Image Dataset for Turmeric Plant Leaf Disease Detection.zip#Image Dataset for Turmeric Plant Leaf Disease Detection/Original DataSet/Blotch/blotch_(8).jpg,Image Dataset for Turmeric Plant Leaf Disease Detection,Blotch,Leaf Blotch,disease,None,train,42,6880873d083ee19c8163f1017de15fb5983e62ba019408d8b9a8666b9cd2adbb,4000,3000
TURM_03742,DATASET/Image Dataset for Turmeric Plant Leaf Disease Detection.zip#Image Dataset for Turmeric Plant Leaf Disease Detection/Original DataSet/Blotch/blotch_(120).jpg,Image Dataset for Turmeric Plant Leaf Disease Detection,Blotch,Leaf Blotch,disease,None,train,42,bfbf0a3dc89fbf7c06752a5edf3f1fd1d39d32faf1243a0d0d6c2c0a4835b862,4000,3000
TURM_03883,DATASET/Image Dataset for Turmeric Plant Leaf Disease Detection.zip#Image Dataset for Turmeric Plant Leaf Disease Detection/Original DataSet/Blotch/blotch_(33).jpg,Image Dataset for Turmeric Plant Leaf Disease Detection,Blotch,Leaf Blotch,disease,None,train,42,bbba9a13d45b725987744627c4e72ab0dff7e329475ddcd7ce27f51a1bf2c0d6,4000,3000
TURM_03912,DATASET/Image Dataset for Turmeric Plant Leaf Disease Detection.zip#Image Dataset for Turmeric Plant Leaf Disease Detection/Original DataSet/Blotch/blotch_(6).jpg,Image Dataset for Turmeric Plant Leaf Disease Detection,Blotch,Leaf Blotch,disease,None,train,42,a4616ee4c7ecbc0517f1ef248dc5c7e478508a69cd1c1c1fec3650f3ba37694b,4000,3000
TURM_03754,DATASET/Image Dataset for Turmeric Plant Leaf Disease Detection.zip#Image Dataset for Turmeric Plant Leaf Disease Detection/Original DataSet/Blotch/blotch_(131).jpg,Image Dataset for Turmeric Plant Leaf Disease Detection,Blotch,Leaf Blotch,disease,None,train,42,f1110a91d11e33c53733ce8fcd88a5ecb8b39e4bda55169b632d4cafdf557815,4000,3000
TURM_03875,DATASET/Image Dataset for Turmeric Plant Leaf Disease Detection.zip#Image Dataset for Turmeric Plant Leaf Disease Detection/Original DataSet/Blotch/blotch_(26).jpg,Image Dataset for Turmeric Plant Leaf Disease Detection,Blotch,Leaf Blotch,disease,None,train,42,a27b492684fdde9623619f6e1de2672796b4ebab1ea01f254cc94b143eb61ba2,4000,3000
TURM_03814,DATASET/Image Dataset for Turmeric Plant Leaf Disease Detection.zip#Image Dataset for Turmeric Plant Leaf Disease Detection/Original DataSet/Blotch/blotch_(186).jpg,Image Dataset for Turmeric Plant Leaf Disease Detection,Blotch,Leaf Blotch,disease,None,train,42,f6448aacde8a7137e6c51365db7c6900a65796ea7be7b5392e06aa16ef2ff406,4000,3000
TURM_03907,DATASET/Image Dataset for Turmeric Plant Leaf Disease Detection.zip#Image Dataset for Turmeric Plant Leaf Disease Detection/Original DataSet/Blotch/blotch_(53).jpg,Image Dataset for Turmeric Plant Leaf Disease Detection,Blotch,Leaf Blotch,disease,None,train,42,717f3e8211a76ab2b57d5330bc966a1632816049d565c499666f6541bafe415c,4000,3000
TURM_03746,DATASET/Image Dataset for Turmeric Plant Leaf Disease Detection.zip#Image Dataset for Turmeric Plant Leaf Disease Detection/Original DataSet/Blotch/blotch_(124).jpg,Image Dataset for Turmeric Plant Leaf Disease Detection,Blotch,Leaf Blotch,disease,None,train,42,b6bf6ad693d3035a863eee833777bfeae72f36fb12eb221c8d4372eff08e38d2,4000,3000
TURM_03941,DATASET/Image Dataset for Turmeric Plant Leaf Disease Detection.zip#Image Dataset for Turmeric Plant Leaf Disease Detection/Original DataSet/Blotch/blotch_(86).jpg,Image Dataset for Turmeric Plant Leaf Disease Detection,Blotch,Leaf Blotch,disease,None,train,42,5acf8844379d03f6e98b2c68b642060f7c35ba0fb787deb56ee6bde38a90690b,4000,3000
TURM_03800,DATASET/Image Dataset for Turmeric Plant Leaf Disease Detection.zip#Image Dataset for Turmeric Plant Leaf Disease Detection/Original DataSet/Blotch/blotch_(172).jpg,Image Dataset for Turmeric Plant Leaf Disease Detection,Blotch,Leaf Blotch,disease,None,train,42,adb6d82bca822ae0ac8802e6987a60cb770ff5f3395897a918cc767bebfb0504,4000,3000
TURM_03832,DATASET/Image Dataset for Turmeric Plant Leaf Disease Detection.zip#Image Dataset for Turmeric Plant Leaf Disease Detection/Original DataSet/Blotch/blotch_(200).jpg,Image Dataset for Turmeric Plant Leaf Disease Detection,Blotch,Leaf Blotch,disease,None,train,42,61dbce0f9a8b4c6b62c4dabede2bda89416a5729c4fbc435c21a12f44e9715a2,4000,3000
TURM_03915,DATASET/Image Dataset for Turmeric Plant Leaf Disease Detection.zip#Image Dataset for Turmeric Plant Leaf Disease Detection/Original DataSet/Blotch/blotch_(61).jpg,Image Dataset for Turmeric Plant Leaf Disease Detection,Blotch,Leaf Blotch,disease,None,train,42,76d54f4ba6bd6da593789246687e187b0d9e1e9f3481b63b52dc36501be30190,4000,3000
TURM_03844,DATASET/Image Dataset for Turmeric Plant Leaf Disease Detection.zip#Image Dataset for Turmeric Plant Leaf Disease Detection/Original DataSet/Blotch/blotch_(215).jpg,Image Dataset for Turmeric Plant Leaf Disease Detection,Blotch,Leaf Blotch,disease,None,train,42,c80591b65048c7ac160fd8743de7b822fde78b66fc446f76b03b61c4cae9c75c,4000,3000
TURM_03823,DATASET/Image Dataset for Turmeric Plant Leaf Disease Detection.zip#Image Dataset for Turmeric Plant Leaf Disease Detection/Original DataSet/Blotch/blotch_(192).jpg,Image Dataset for Turmeric Plant Leaf Disease Detection,Blotch,Leaf Blotch,disease,None,train,42,57a8436058aab0f6fc4e74c2f0e50374c3dc538170511e7a964d8923f1edb363,4000,3000
TURM_03850,DATASET/Image Dataset for Turmeric Plant Leaf Disease Detection.zip#Image Dataset for Turmeric Plant Leaf Disease Detection/Original DataSet/Blotch/blotch_(218).jpg,Image Dataset for Turmeric Plant Leaf Disease Detection,Blotch,Leaf Blotch,disease,None,train,42,3c3e720c960c12046cd743bef3d2fec5eb571bfdc3f800f1c3b9e5672f52670a,4000,3000
TURM_03755,DATASET/Image Dataset for Turmeric Plant Leaf Disease Detection.zip#Image Dataset for Turmeric Plant Leaf Disease Detection/Original DataSet/Blotch/blotch_(133).jpg,Image Dataset for Turmeric Plant Leaf Disease Detection,Blotch,Leaf Blotch,disease,None,train,42,fc221247d9a2007aac7eb575656e170507031aef4654c89a448fec214c3b166a,4000,3000
TURM_03890,DATASET/Image Dataset for Turmeric Plant Leaf Disease Detection.zip#Image Dataset for Turmeric Plant Leaf Disease Detection/Original DataSet/Blotch/blotch_(4).jpg,Image Dataset for Turmeric Plant Leaf Disease Detection,Blotch,Leaf Blotch,disease,None,train,42,24dea5a100c05e987c66498553b8d4ab73b9d8733faa3fd0152151ebf904613f,4000,3000
TURM_03948,DATASET/Image Dataset for Turmeric Plant Leaf Disease Detection.zip#Image Dataset for Turmeric Plant Leaf Disease Detection/Original DataSet/Blotch/blotch_(92).jpg,Image Dataset for Turmeric Plant Leaf Disease Detection,Blotch,Leaf Blotch,disease,None,train,42,dff1d7a06952d2c5432f617f4fc77ac97cc4c299c0c5f23268afdb2355abcc42,4000,3000
TURM_03870,DATASET/Image Dataset for Turmeric Plant Leaf Disease Detection.zip#Image Dataset for Turmeric Plant Leaf Disease Detection/Original DataSet/Blotch/blotch_(237).jpg,Image Dataset for Turmeric Plant Leaf Disease Detection,Blotch,Leaf Blotch,disease,None,train,42,96dc635b4fe86711f67172b9d2fee94196a3723af175389b37c82a61de6d90ec,4000,3000
TURM_03747,DATASET/Image Dataset for Turmeric Plant Leaf Disease Detection.zip#Image Dataset for Turmeric Plant Leaf Disease Detection/Original DataSet/Blotch/blotch_(125).jpg,Image Dataset for Turmeric Plant Leaf Disease Detection,Blotch,Leaf Blotch,disease,None,train,42,2c8eb406dd286df6ea240ff6e44ea20fb2d13441c711a98c652e52bf9e542045,4000,3000
TURM_03952,DATASET/Image Dataset for Turmeric Plant Leaf Disease Detection.zip#Image Dataset for Turmeric Plant Leaf Disease Detection/Original DataSet/Blotch/blotch_(96).jpg,Image Dataset for Turmeric Plant Leaf Disease Detection,Blotch,Leaf Blotch,disease,None,train,42,e2255816ed22b46800a8cbb026a68f04182fe2eb759505f9fa354da529941213,4000,3000
TURM_03871,DATASET/Image Dataset for Turmeric Plant Leaf Disease Detection.zip#Image Dataset for Turmeric Plant Leaf Disease Detection/Original DataSet/Blotch/blotch_(235).jpg,Image Dataset for Turmeric Plant Leaf Disease Detection,Blotch,Leaf Blotch,disease,None,train,42,17a041c24c463899f6384b906326899cb51f7a0945bbc96276ec6da564264141,4000,3000
TURM_03740,DATASET/Image Dataset for Turmeric Plant Leaf Disease Detection.zip#Image Dataset for Turmeric Plant Leaf Disease Detection/Original DataSet/Blotch/blotch_(118).jpg,Image Dataset for Turmeric Plant Leaf Disease Detection,Blotch,Leaf Blotch,disease,None,train,42,96ac2d26216f11d98f0534417ee9e2ac0b6bc21635eb1e6b208abfeae6c84634,4000,3000
TURM_03937,DATASET/Image Dataset for Turmeric Plant Leaf Disease Detection.zip#Image Dataset for Turmeric Plant Leaf Disease Detection/Original DataSet/Blotch/blotch_(82).jpg,Image Dataset for Turmeric Plant Leaf Disease Detection,Blotch,Leaf Blotch,disease,None,train,42,f97fbb4a4bbdad192c3e51a13451a0690deefc7ee4e30547899571968157b15a,4000,3000
TURM_03843,DATASET/Image Dataset for Turmeric Plant Leaf Disease Detection.zip#Image Dataset for Turmeric Plant Leaf Disease Detection/Original DataSet/Blotch/blotch_(21).jpg,Image Dataset for Turmeric Plant Leaf Disease Detection,Blotch,Leaf Blotch,disease,None,train,42,0a062440a99ce9eda0e57559fe0086b95f288bb5db869a6bdd8f18aa9c5fee9c,4000,3000
TURM_03776,DATASET/Image Dataset for Turmeric Plant Leaf Disease Detection.zip#Image Dataset for Turmeric Plant Leaf Disease Detection/Original DataSet/Blotch/blotch_(153).jpg,Image Dataset for Turmeric Plant Leaf Disease Detection,Blotch,Leaf Blotch,disease,None,train,42,2a86e3cc7e5143307fe667d1444cb0ccc25b3d39d1edd8d5285a1478598e0b64,4000,3000
TURM_03876,DATASET/Image Dataset for Turmeric Plant Leaf Disease Detection.zip#Image Dataset for Turmeric Plant Leaf Disease Detection/Original DataSet/Blotch/blotch_(28).jpg,Image Dataset for Turmeric Plant Leaf Disease Detection,Blotch,Leaf Blotch,disease,None,train,42,222f1e8f89f150f12e7eaa95316871ea7e198c993fec245462409c3140b599df,4000,3000
TURM_03773,DATASET/Image Dataset for Turmeric Plant Leaf Disease Detection.zip#Image Dataset for Turmeric Plant Leaf Disease Detection/Original DataSet/Blotch/blotch_(149).jpg,Image Dataset for Turmeric Plant Leaf Disease Detection,Blotch,Leaf Blotch,disease,None,train,42,7ad4b7b50bd3fb4c352fcd7ef756d84aff7e7a3e3dcea8a0db2f090754274683,4000,3000
TURM_03805,DATASET/Image Dataset for Turmeric Plant Leaf Disease Detection.zip#Image Dataset for Turmeric Plant Leaf Disease Detection/Original DataSet/Blotch/blotch_(178).jpg,Image Dataset for Turmeric Plant Leaf Disease Detection,Blotch,Leaf Blotch,disease,None,train,42,f9547782661a63acbce547bc7c85aaa970a013c585b2f81310888e60867c1a38,4000,3000
TURM_03780,DATASET/Image Dataset for Turmeric Plant Leaf Disease Detection.zip#Image Dataset for Turmeric Plant Leaf Disease Detection/Original DataSet/Blotch/blotch_(155).jpg,Image Dataset for Turmeric Plant Leaf Disease Detection,Blotch,Leaf Blotch,disease,None,train,42,8883b150f94d3cef5e273b77c961d3fb7e9a168e898fe79aaf985b58bd10fc9b,4000,3000
TURM_03771,DATASET/Image Dataset for Turmeric Plant Leaf Disease Detection.zip#Image Dataset for Turmeric Plant Leaf Disease Detection/Original DataSet/Blotch/blotch_(147).jpg,Image Dataset for Turmeric Plant Leaf Disease Detection,Blotch,Leaf Blotch,disease,None,train,42,1b6c1333858ffa12e109f9ab6f9e0f062e8a3720657c62ef25ad3f76508c61ee,4000,3000
TURM_03901,DATASET/Image Dataset for Turmeric Plant Leaf Disease Detection.zip#Image Dataset for Turmeric Plant Leaf Disease Detection/Original DataSet/Blotch/blotch_(49).jpg,Image Dataset for Turmeric Plant Leaf Disease Detection,Blotch,Leaf Blotch,disease,None,train,42,03e9c7896cbcfba2651a4b98e095608c6baa8e1839e262684c1726694b63c798,4000,3000
TURM_03761,DATASET/Image Dataset for Turmeric Plant Leaf Disease Detection.zip#Image Dataset for Turmeric Plant Leaf Disease Detection/Original DataSet/Blotch/blotch_(138).jpg,Image Dataset for Turmeric Plant Leaf Disease Detection,Blotch,Leaf Blotch,disease,None,train,42,87856d5cd77a46cc5ba03c3aa75209b794175fa3db22997a6d3a151736c809fd,4000,3000
TURM_03922,DATASET/Image Dataset for Turmeric Plant Leaf Disease Detection.zip#Image Dataset for Turmeric Plant Leaf Disease Detection/Original DataSet/Blotch/blotch_(69).jpg,Image Dataset for Turmeric Plant Leaf Disease Detection,Blotch,Leaf Blotch,disease,None,train,42,662d87aa35db90558f7c8fa4cf8a56f06e36500d1fd753ab34f555d6fd099c6e,4000,3000
TURM_03726,DATASET/Image Dataset for Turmeric Plant Leaf Disease Detection.zip#Image Dataset for Turmeric Plant Leaf Disease Detection/Original DataSet/Blotch/blotch_(106).jpg,Image Dataset for Turmeric Plant Leaf Disease Detection,Blotch,Leaf Blotch,disease,None,train,42,cc89a902e21acab337e34da2c07fb6a86facc0ea3712bb40b00691c3fa2666f3,4000,3000
TURM_03831,DATASET/Image Dataset for Turmeric Plant Leaf Disease Detection.zip#Image Dataset for Turmeric Plant Leaf Disease Detection/Original DataSet/Blotch/blotch_(201).jpg,Image Dataset for Turmeric Plant Leaf Disease Detection,Blotch,Leaf Blotch,disease,None,train,42,7eb5e47d9eedcf8e401015e70223600fb663bf9071143366ee043e684bf5a21e,4000,3000
TURM_03864,DATASET/Image Dataset for Turmeric Plant Leaf Disease Detection.zip#Image Dataset for Turmeric Plant Leaf Disease Detection/Original DataSet/Blotch/blotch_(232).jpg,Image Dataset for Turmeric Plant Leaf Disease Detection,Blotch,Leaf Blotch,disease,None,train,42,08c77d35cf636f04118187b777584fc95af9b503b0301027e238d58f2b67f6c4,4000,3000
TURM_03786,DATASET/Image Dataset for Turmeric Plant Leaf Disease Detection.zip#Image Dataset for Turmeric Plant Leaf Disease Detection/Original DataSet/Blotch/blotch_(164).jpg,Image Dataset for Turmeric Plant Leaf Disease Detection,Blotch,Leaf Blotch,disease,None,train,42,50a22b4fe8d71821a74656fd1e2502eb1461089b865866d67f7bf9fd936a8b59,4000,3000
TURM_03762,DATASET/Image Dataset for Turmeric Plant Leaf Disease Detection.zip#Image Dataset for Turmeric Plant Leaf Disease Detection/Original DataSet/Blotch/blotch_(14).jpg,Image Dataset for Turmeric Plant Leaf Disease Detection,Blotch,Leaf Blotch,disease,None,train,42,8c9bedebf5c57363e6cd308e662245d0d2b181807cb438056b1a3268aa4e1c55,4000,3000
TURM_03845,DATASET/Image Dataset for Turmeric Plant Leaf Disease Detection.zip#Image Dataset for Turmeric Plant Leaf Disease Detection/Original DataSet/Blotch/blotch_(212).jpg,Image Dataset for Turmeric Plant Leaf Disease Detection,Blotch,Leaf Blotch,disease,None,train,42,bdec7f02bf03e999637f6904a6ace739b7251faebc5beedc721d9c0471d995f7,4000,3000
TURM_03882,DATASET/Image Dataset for Turmeric Plant Leaf Disease Detection.zip#Image Dataset for Turmeric Plant Leaf Disease Detection/Original DataSet/Blotch/blotch_(3).jpg,Image Dataset for Turmeric Plant Leaf Disease Detection,Blotch,Leaf Blotch,disease,None,train,42,71c9bed779f1cfb752d402c0852866d98893466672757e41de2ffcd61cd30881,4000,3000
TURM_03911,DATASET/Image Dataset for Turmeric Plant Leaf Disease Detection.zip#Image Dataset for Turmeric Plant Leaf Disease Detection/Original DataSet/Blotch/blotch_(58).jpg,Image Dataset for Turmeric Plant Leaf Disease Detection,Blotch,Leaf Blotch,disease,None,train,42,ed07c1f491fa9887acf9ccc03b6f7d6341c7d325afae7eca7b60efcd300a3182,4000,3000
TURM_03899,DATASET/Image Dataset for Turmeric Plant Leaf Disease Detection.zip#Image Dataset for Turmeric Plant Leaf Disease Detection/Original DataSet/Blotch/blotch_(48).jpg,Image Dataset for Turmeric Plant Leaf Disease Detection,Blotch,Leaf Blotch,disease,None,train,42,348b1a04d3d75794afd9cfb0a58d01c185dd84ea680c8821989df7c57b8cf82c,4000,3000
TURM_03925,DATASET/Image Dataset for Turmeric Plant Leaf Disease Detection.zip#Image Dataset for Turmeric Plant Leaf Disease Detection/Original DataSet/Blotch/blotch_(72).jpg,Image Dataset for Turmeric Plant Leaf Disease Detection,Blotch,Leaf Blotch,disease,None,train,42,fd73285a4250a85c1d761c840da59379d7ca7dc87b70f392d61f877f8a0990e7,4000,3000
TURM_03820,DATASET/Image Dataset for Turmeric Plant Leaf Disease Detection.zip#Image Dataset for Turmeric Plant Leaf Disease Detection/Original DataSet/Blotch/blotch_(190).jpg,Image Dataset for Turmeric Plant Leaf Disease Detection,Blotch,Leaf Blotch,disease,None,train,42,248dd6863bb54ae1538b6f081428434ff7086c371ba272fee9a245668ad9c01e,4000,3000
TURM_03749,DATASET/Image Dataset for Turmeric Plant Leaf Disease Detection.zip#Image Dataset for Turmeric Plant Leaf Disease Detection/Original DataSet/Blotch/blotch_(127).jpg,Image Dataset for Turmeric Plant Leaf Disease Detection,Blotch,Leaf Blotch,disease,None,train,42,11b65651d4e85e933acfd959ded552242433c3bcb5757e0168c590a8fcd7c7cd,4000,3000
TURM_03798,DATASET/Image Dataset for Turmeric Plant Leaf Disease Detection.zip#Image Dataset for Turmeric Plant Leaf Disease Detection/Original DataSet/Blotch/blotch_(169).jpg,Image Dataset for Turmeric Plant Leaf Disease Detection,Blotch,Leaf Blotch,disease,None,train,42,ebc05b6770403bfef64a5f8fa7647192b571c29fbc3665909310312103cd4455,4000,3000
TURM_03806,DATASET/Image Dataset for Turmeric Plant Leaf Disease Detection.zip#Image Dataset for Turmeric Plant Leaf Disease Detection/Original DataSet/Blotch/blotch_(181).jpg,Image Dataset for Turmeric Plant Leaf Disease Detection,Blotch,Leaf Blotch,disease,None,train,42,146edf6b29a68140b112b5aa259cb844706d5a82e53b957ed3827ad46e53ff03,4000,3000
TURM_03793,DATASET/Image Dataset for Turmeric Plant Leaf Disease Detection.zip#Image Dataset for Turmeric Plant Leaf Disease Detection/Original DataSet/Blotch/blotch_(167).jpg,Image Dataset for Turmeric Plant Leaf Disease Detection,Blotch,Leaf Blotch,disease,None,train,42,76b4963a138231a3a2fd1524642b5eeece8c64c8f3ec0b913dd256491f3ba98e,4000,3000
TURM_03727,DATASET/Image Dataset for Turmeric Plant Leaf Disease Detection.zip#Image Dataset for Turmeric Plant Leaf Disease Detection/Original DataSet/Blotch/blotch_(107).jpg,Image Dataset for Turmeric Plant Leaf Disease Detection,Blotch,Leaf Blotch,disease,None,train,42,66cb2e514a12f2542447d7f04582af204a8456c415c3f0862f1c41c3f5464b1c,4000,3000
TURM_03743,DATASET/Image Dataset for Turmeric Plant Leaf Disease Detection.zip#Image Dataset for Turmeric Plant Leaf Disease Detection/Original DataSet/Blotch/blotch_(121).jpg,Image Dataset for Turmeric Plant Leaf Disease Detection,Blotch,Leaf Blotch,disease,None,train,42,32d9963714876dc957f00cac0f57d8a29186bd9ab984a584ad5af4548fddd818,4000,3000
TURM_03826,DATASET/Image Dataset for Turmeric Plant Leaf Disease Detection.zip#Image Dataset for Turmeric Plant Leaf Disease Detection/Original DataSet/Blotch/blotch_(197).jpg,Image Dataset for Turmeric Plant Leaf Disease Detection,Blotch,Leaf Blotch,disease,None,train,42,556e2017669e7263fac66e4cb48defaf16a4947d32513a5dabb470abc0b201eb,4000,3000
TURM_03768,DATASET/Image Dataset for Turmeric Plant Leaf Disease Detection.zip#Image Dataset for Turmeric Plant Leaf Disease Detection/Original DataSet/Blotch/blotch_(144).jpg,Image Dataset for Turmeric Plant Leaf Disease Detection,Blotch,Leaf Blotch,disease,None,train,42,0f95c4bc6503846008f1b6f419946a7a1f43b13d0ee524d7314ad5d930de06dd,4000,3000
TURM_03766,DATASET/Image Dataset for Turmeric Plant Leaf Disease Detection.zip#Image Dataset for Turmeric Plant Leaf Disease Detection/Original DataSet/Blotch/blotch_(142).jpg,Image Dataset for Turmeric Plant Leaf Disease Detection,Blotch,Leaf Blotch,disease,None,train,42,0c230be2d317b70ca5dd64db9722b6598817b413936fa6baaf527a995e3f66bd,4000,3000
TURM_03861,DATASET/Image Dataset for Turmeric Plant Leaf Disease Detection.zip#Image Dataset for Turmeric Plant Leaf Disease Detection/Original DataSet/Blotch/blotch_(228).jpg,Image Dataset for Turmeric Plant Leaf Disease Detection,Blotch,Leaf Blotch,disease,None,train,42,e9fadba7a6a9967c32d642d65987d1a4d4174636d34d91ab2cdccfc969491d8a,4000,3000
TURM_03946,DATASET/Image Dataset for Turmeric Plant Leaf Disease Detection.zip#Image Dataset for Turmeric Plant Leaf Disease Detection/Original DataSet/Blotch/blotch_(90).jpg,Image Dataset for Turmeric Plant Leaf Disease Detection,Blotch,Leaf Blotch,disease,None,train,42,86d08c9b631e2151efdcbb80027f1528e0584a86ba1bee08ca5cadc9c9a0e538,4000,3000
TURM_03884,DATASET/Image Dataset for Turmeric Plant Leaf Disease Detection.zip#Image Dataset for Turmeric Plant Leaf Disease Detection/Original DataSet/Blotch/blotch_(34).jpg,Image Dataset for Turmeric Plant Leaf Disease Detection,Blotch,Leaf Blotch,disease,None,train,42,087477ec869701fa2b093bb2337ed5d1ce889862ce7ed5353ad90211534a0da9,4000,3000
TURM_03721,DATASET/Image Dataset for Turmeric Plant Leaf Disease Detection.zip#Image Dataset for Turmeric Plant Leaf Disease Detection/Original DataSet/Blotch/blotch_(101).jpg,Image Dataset for Turmeric Plant Leaf Disease Detection,Blotch,Leaf Blotch,disease,None,train,42,5a9df51980ae3c562a1a15d81e702ad85d2a39ae1d6d60ac179143f6b47081fa,4000,3000
TURM_03792,DATASET/Image Dataset for Turmeric Plant Leaf Disease Detection.zip#Image Dataset for Turmeric Plant Leaf Disease Detection/Original DataSet/Blotch/blotch_(165).jpg,Image Dataset for Turmeric Plant Leaf Disease Detection,Blotch,Leaf Blotch,disease,None,train,42,2fa628011ce3ce4ed9095cab87af7221f9191158f2c87ae74f7dec18544868be,4000,3000
TURM_03853,DATASET/Image Dataset for Turmeric Plant Leaf Disease Detection.zip#Image Dataset for Turmeric Plant Leaf Disease Detection/Original DataSet/Blotch/blotch_(220).jpg,Image Dataset for Turmeric Plant Leaf Disease Detection,Blotch,Leaf Blotch,disease,None,train,42,bad9288c89300b00dea891b64013cf6b6f365ab5e1910204680a833e58e59a53,4000,3000
TURM_03921,DATASET/Image Dataset for Turmeric Plant Leaf Disease Detection.zip#Image Dataset for Turmeric Plant Leaf Disease Detection/Original DataSet/Blotch/blotch_(68).jpg,Image Dataset for Turmeric Plant Leaf Disease Detection,Blotch,Leaf Blotch,disease,None,train,42,e33b05288c719aa6022943f3622150d5eee85d723a384b5c2b26c86f2d0a7074,4000,3000
TURM_03943,DATASET/Image Dataset for Turmeric Plant Leaf Disease Detection.zip#Image Dataset for Turmeric Plant Leaf Disease Detection/Original DataSet/Blotch/blotch_(88).jpg,Image Dataset for Turmeric Plant Leaf Disease Detection,Blotch,Leaf Blotch,disease,None,train,42,1fb604da46fe78a2635292467408c79fd67b5fe0c575fbd78a3c35737e8416b0,4000,3000
TURM_03916,DATASET/Image Dataset for Turmeric Plant Leaf Disease Detection.zip#Image Dataset for Turmeric Plant Leaf Disease Detection/Original DataSet/Blotch/blotch_(63).jpg,Image Dataset for Turmeric Plant Leaf Disease Detection,Blotch,Leaf Blotch,disease,None,train,42,819bbfdb1531a5951221c226ca7fb5bcdce827a20eb71d28d2058279e3c69f4f,4000,3000
TURM_03886,DATASET/Image Dataset for Turmeric Plant Leaf Disease Detection.zip#Image Dataset for Turmeric Plant Leaf Disease Detection/Original DataSet/Blotch/blotch_(36).jpg,Image Dataset for Turmeric Plant Leaf Disease Detection,Blotch,Leaf Blotch,disease,None,train,42,d8d846fd504bf19ad11cdfc8f6b214370195887e2cc1e0db312228213aedbde0,4000,3000
TURM_03906,DATASET/Image Dataset for Turmeric Plant Leaf Disease Detection.zip#Image Dataset for Turmeric Plant Leaf Disease Detection/Original DataSet/Blotch/blotch_(55).jpg,Image Dataset for Turmeric Plant Leaf Disease Detection,Blotch,Leaf Blotch,disease,None,train,42,6026d4d49a204962525c245e19622ab5a90c727d6a108a3f7461135146997337,4000,3000
TURM_03809,DATASET/Image Dataset for Turmeric Plant Leaf Disease Detection.zip#Image Dataset for Turmeric Plant Leaf Disease Detection/Original DataSet/Blotch/blotch_(179).jpg,Image Dataset for Turmeric Plant Leaf Disease Detection,Blotch,Leaf Blotch,disease,None,train,42,c03d6cc5798e39792e393b5c93e7930c148806c24214face8537aa28bf9ca0a3,4000,3000
TURM_03813,DATASET/Image Dataset for Turmeric Plant Leaf Disease Detection.zip#Image Dataset for Turmeric Plant Leaf Disease Detection/Original DataSet/Blotch/blotch_(183).jpg,Image Dataset for Turmeric Plant Leaf Disease Detection,Blotch,Leaf Blotch,disease,None,train,42,de305da15743d29f5879176b02a2b926e3b06e650cceb17dcd137e10d5445d3c,4000,3000
TURM_03889,DATASET/Image Dataset for Turmeric Plant Leaf Disease Detection.zip#Image Dataset for Turmeric Plant Leaf Disease Detection/Original DataSet/Blotch/blotch_(39).jpg,Image Dataset for Turmeric Plant Leaf Disease Detection,Blotch,Leaf Blotch,disease,None,train,42,827dae6387d35cf55f3008f41dfc534d18468f59264f7d99dc86346cc6a5df68,4000,3000
TURM_03795,DATASET/Image Dataset for Turmeric Plant Leaf Disease Detection.zip#Image Dataset for Turmeric Plant Leaf Disease Detection/Original DataSet/Blotch/blotch_(168).jpg,Image Dataset for Turmeric Plant Leaf Disease Detection,Blotch,Leaf Blotch,disease,None,train,42,4433a2dc657f9e25d11077edf2ed53dd5825ab82df2b242ba71a879bb75f135a,4000,3000
TURM_03873,DATASET/Image Dataset for Turmeric Plant Leaf Disease Detection.zip#Image Dataset for Turmeric Plant Leaf Disease Detection/Original DataSet/Blotch/blotch_(24).jpg,Image Dataset for Turmeric Plant Leaf Disease Detection,Blotch,Leaf Blotch,disease,None,train,42,cbcbf405d7b7dac437c06a8d7fb5205d9b2391f735364d988bee67ae4687af3d,4000,3000
TURM_03765,DATASET/Image Dataset for Turmeric Plant Leaf Disease Detection.zip#Image Dataset for Turmeric Plant Leaf Disease Detection/Original DataSet/Blotch/blotch_(141).jpg,Image Dataset for Turmeric Plant Leaf Disease Detection,Blotch,Leaf Blotch,disease,None,train,42,a7e3f48e71f8c471773b3ad51ab70f2fcff222bf041e0b87df8c5015b957d77a,4000,3000
TURM_03923,DATASET/Image Dataset for Turmeric Plant Leaf Disease Detection.zip#Image Dataset for Turmeric Plant Leaf Disease Detection/Original DataSet/Blotch/blotch_(7).jpg,Image Dataset for Turmeric Plant Leaf Disease Detection,Blotch,Leaf Blotch,disease,None,train,42,4c6b9fe596184c058cd35b918007d0eee2db4a80a2e9b07a9b0085a5b1e0e424,4000,3000
TURM_03945,DATASET/Image Dataset for Turmeric Plant Leaf Disease Detection.zip#Image Dataset for Turmeric Plant Leaf Disease Detection/Original DataSet/Blotch/blotch_(9).jpg,Image Dataset for Turmeric Plant Leaf Disease Detection,Blotch,Leaf Blotch,disease,None,train,42,01bb35fd4c265df729a662a4994abfc5ec81b1204c1801e447cc9e1d97705a99,4000,3000
TURM_03852,DATASET/Image Dataset for Turmeric Plant Leaf Disease Detection.zip#Image Dataset for Turmeric Plant Leaf Disease Detection/Original DataSet/Blotch/blotch_(22).jpg,Image Dataset for Turmeric Plant Leaf Disease Detection,Blotch,Leaf Blotch,disease,None,train,42,1f0ed7305fdf25c57cd6842ae727e2964cdd96c76deb78cd09fad124a30df408,4000,3000
TURM_03924,DATASET/Image Dataset for Turmeric Plant Leaf Disease Detection.zip#Image Dataset for Turmeric Plant Leaf Disease Detection/Original DataSet/Blotch/blotch_(70).jpg,Image Dataset for Turmeric Plant Leaf Disease Detection,Blotch,Leaf Blotch,disease,None,train,42,d7cee48d1f727862cc0f605e7c6afdd8b9915e4990a1bead3dbc5d8927492ac8,4000,3000
TURM_03745,DATASET/Image Dataset for Turmeric Plant Leaf Disease Detection.zip#Image Dataset for Turmeric Plant Leaf Disease Detection/Original DataSet/Blotch/blotch_(123).jpg,Image Dataset for Turmeric Plant Leaf Disease Detection,Blotch,Leaf Blotch,disease,None,train,42,88849ca6200e67d7a077015094e9ddc61c558335a27edf1565c649ea8293700f,4000,3000
TURM_03790,DATASET/Image Dataset for Turmeric Plant Leaf Disease Detection.zip#Image Dataset for Turmeric Plant Leaf Disease Detection/Original DataSet/Blotch/blotch_(163).jpg,Image Dataset for Turmeric Plant Leaf Disease Detection,Blotch,Leaf Blotch,disease,None,train,42,508acc01415d551df7c18c1b52fab330548237770ec5c31d153210a998771f8a,4000,3000
TURM_03732,DATASET/Image Dataset for Turmeric Plant Leaf Disease Detection.zip#Image Dataset for Turmeric Plant Leaf Disease Detection/Original DataSet/Blotch/blotch_(111).jpg,Image Dataset for Turmeric Plant Leaf Disease Detection,Blotch,Leaf Blotch,disease,None,train,42,d44ef069db9f7bdcaac4eed6bf777b0a01e9b938206731b3e52acf941d9d6a34,4000,3000
TURM_03930,DATASET/Image Dataset for Turmeric Plant Leaf Disease Detection.zip#Image Dataset for Turmeric Plant Leaf Disease Detection/Original DataSet/Blotch/blotch_(76).jpg,Image Dataset for Turmeric Plant Leaf Disease Detection,Blotch,Leaf Blotch,disease,None,train,42,6678ca64dea9e8fdc2c72d5335c42dd91107d0e6787a5826360130090a46ba07,4000,3000
TURM_03932,DATASET/Image Dataset for Turmeric Plant Leaf Disease Detection.zip#Image Dataset for Turmeric Plant Leaf Disease Detection/Original DataSet/Blotch/blotch_(78).jpg,Image Dataset for Turmeric Plant Leaf Disease Detection,Blotch,Leaf Blotch,disease,None,train,42,5bab9af1dc1f30cda420e3eb570d55b030358e852fd73453214bc845781ccb13,4000,3000
TURM_03918,DATASET/Image Dataset for Turmeric Plant Leaf Disease Detection.zip#Image Dataset for Turmeric Plant Leaf Disease Detection/Original DataSet/Blotch/blotch_(65).jpg,Image Dataset for Turmeric Plant Leaf Disease Detection,Blotch,Leaf Blotch,disease,None,train,42,7deb168437099e826f04c232cf9d19b03e4e78164c25538a23cace035360e65c,4000,3000
TURM_03748,DATASET/Image Dataset for Turmeric Plant Leaf Disease Detection.zip#Image Dataset for Turmeric Plant Leaf Disease Detection/Original DataSet/Blotch/blotch_(126).jpg,Image Dataset for Turmeric Plant Leaf Disease Detection,Blotch,Leaf Blotch,disease,None,train,42,d787a50ec3e16167d9a10f596ae97b6478593b735ca4dd6766c87a8fdf6e685d,4000,3000
TURM_03935,DATASET/Image Dataset for Turmeric Plant Leaf Disease Detection.zip#Image Dataset for Turmeric Plant Leaf Disease Detection/Original DataSet/Blotch/blotch_(80).jpg,Image Dataset for Turmeric Plant Leaf Disease Detection,Blotch,Leaf Blotch,disease,None,train,42,ba3efa7966504f7f92c2efc806367f47b14bcd559301724897c7851078170141,4000,3000
TURM_03797,DATASET/Image Dataset for Turmeric Plant Leaf Disease Detection.zip#Image Dataset for Turmeric Plant Leaf Disease Detection/Original DataSet/Blotch/blotch_(17).jpg,Image Dataset for Turmeric Plant Leaf Disease Detection,Blotch,Leaf Blotch,disease,None,train,42,fbae6ea5d25138dcec9dad0d611e2d06a200eac4c5cbe414676750f17215ba25,4000,3000
TURM_03905,DATASET/Image Dataset for Turmeric Plant Leaf Disease Detection.zip#Image Dataset for Turmeric Plant Leaf Disease Detection/Original DataSet/Blotch/blotch_(54).jpg,Image Dataset for Turmeric Plant Leaf Disease Detection,Blotch,Leaf Blotch,disease,None,train,42,a9b789791125f342043143a232920798592a04cc0dc19b0653b73813153977f7,4000,3000
TURM_03769,DATASET/Image Dataset for Turmeric Plant Leaf Disease Detection.zip#Image Dataset for Turmeric Plant Leaf Disease Detection/Original DataSet/Blotch/blotch_(145).jpg,Image Dataset for Turmeric Plant Leaf Disease Detection,Blotch,Leaf Blotch,disease,None,train,42,615391520ca1a1d20571e7a30ddc7bad4e6a47c262586aa093d8fa30a3417b1f,4000,3000
TURM_03955,DATASET/Image Dataset for Turmeric Plant Leaf Disease Detection.zip#Image Dataset for Turmeric Plant Leaf Disease Detection/Original DataSet/Blotch/blotch_(99).jpg,Image Dataset for Turmeric Plant Leaf Disease Detection,Blotch,Leaf Blotch,disease,None,train,42,31b46f7e98e3691f1e8853c9973514054496a12c0803064ea441f84b0e00e346,4000,3000
TURM_03887,DATASET/Image Dataset for Turmeric Plant Leaf Disease Detection.zip#Image Dataset for Turmeric Plant Leaf Disease Detection/Original DataSet/Blotch/blotch_(37).jpg,Image Dataset for Turmeric Plant Leaf Disease Detection,Blotch,Leaf Blotch,disease,None,train,42,f677c89f73a26b288adc84134dbbca59324834d9c981bcd630b142aaa54ba3fb,4000,3000
TURM_03728,DATASET/Image Dataset for Turmeric Plant Leaf Disease Detection.zip#Image Dataset for Turmeric Plant Leaf Disease Detection/Original DataSet/Blotch/blotch_(109).jpg,Image Dataset for Turmeric Plant Leaf Disease Detection,Blotch,Leaf Blotch,disease,None,train,42,ba0259fbee93a2eeff0bc50fcb61acdcc20484bcff8f9985d9903779f93aadc3,4000,3000
TURM_03735,DATASET/Image Dataset for Turmeric Plant Leaf Disease Detection.zip#Image Dataset for Turmeric Plant Leaf Disease Detection/Original DataSet/Blotch/blotch_(114).jpg,Image Dataset for Turmeric Plant Leaf Disease Detection,Blotch,Leaf Blotch,disease,None,train,42,d43a53d9f3ebf93fa12c643631f1efcf57784c9038e1d3c17f05e015135f07a0,4000,3000
TURM_03775,DATASET/Image Dataset for Turmeric Plant Leaf Disease Detection.zip#Image Dataset for Turmeric Plant Leaf Disease Detection/Original DataSet/Blotch/blotch_(15).jpg,Image Dataset for Turmeric Plant Leaf Disease Detection,Blotch,Leaf Blotch,disease,None,train,42,af2f021920122630a313dcafd8db337ade9fd09d5a8f2da21247c181445455ce,4000,3000
TURM_03807,DATASET/Image Dataset for Turmeric Plant Leaf Disease Detection.zip#Image Dataset for Turmeric Plant Leaf Disease Detection/Original DataSet/Blotch/blotch_(182).jpg,Image Dataset for Turmeric Plant Leaf Disease Detection,Blotch,Leaf Blotch,disease,None,train,42,84b56779ceb4954a73f4145de8faf48921e82d603fe2727b05086916edd90d15,4000,3000
TURM_03731,DATASET/Image Dataset for Turmeric Plant Leaf Disease Detection.zip#Image Dataset for Turmeric Plant Leaf Disease Detection/Original DataSet/Blotch/blotch_(110).jpg,Image Dataset for Turmeric Plant Leaf Disease Detection,Blotch,Leaf Blotch,disease,None,train,42,8ef16b5c4a776db8e5849dba68da19d0e68ee9872b3012ea4f00ef6b5c3535ff,4000,3000
TURM_03722,DATASET/Image Dataset for Turmeric Plant Leaf Disease Detection.zip#Image Dataset for Turmeric Plant Leaf Disease Detection/Original DataSet/Blotch/blotch_(102).jpg,Image Dataset for Turmeric Plant Leaf Disease Detection,Blotch,Leaf Blotch,disease,None,train,42,61dc369c0fcede5ba2c94cd7a2912375b7245928ecfe944b3fe75fda5a4d0c59,4000,3000
TURM_03838,DATASET/Image Dataset for Turmeric Plant Leaf Disease Detection.zip#Image Dataset for Turmeric Plant Leaf Disease Detection/Original DataSet/Blotch/blotch_(207).jpg,Image Dataset for Turmeric Plant Leaf Disease Detection,Blotch,Leaf Blotch,disease,None,train,42,4b0079fbc2134c8466cb5773cab87813e42c1d117182acb9e3e1f194ac42c079,4000,3000
TURM_03927,DATASET/Image Dataset for Turmeric Plant Leaf Disease Detection.zip#Image Dataset for Turmeric Plant Leaf Disease Detection/Original DataSet/Blotch/blotch_(73).jpg,Image Dataset for Turmeric Plant Leaf Disease Detection,Blotch,Leaf Blotch,disease,None,train,42,e4ff0c0f9d52cf0566fb1934cb3306b291c29d593bb368eb4577372115cf267f,4000,3000
TURM_03782,DATASET/Image Dataset for Turmeric Plant Leaf Disease Detection.zip#Image Dataset for Turmeric Plant Leaf Disease Detection/Original DataSet/Blotch/blotch_(157).jpg,Image Dataset for Turmeric Plant Leaf Disease Detection,Blotch,Leaf Blotch,disease,None,train,42,994b1c437a2cef7e46ddaf5b12caf958a2f58bb309df8b545152df5c6015dabc,4000,3000
TURM_03897,DATASET/Image Dataset for Turmeric Plant Leaf Disease Detection.zip#Image Dataset for Turmeric Plant Leaf Disease Detection/Original DataSet/Blotch/blotch_(46).jpg,Image Dataset for Turmeric Plant Leaf Disease Detection,Blotch,Leaf Blotch,disease,None,train,42,16d6f576443030b0cb17e40872fb64bf52975016ca30f77d97f41c2aea16f12e,4000,3000
TURM_03789,DATASET/Image Dataset for Turmeric Plant Leaf Disease Detection.zip#Image Dataset for Turmeric Plant Leaf Disease Detection/Original DataSet/Blotch/blotch_(159).jpg,Image Dataset for Turmeric Plant Leaf Disease Detection,Blotch,Leaf Blotch,disease,None,train,42,19234d22229e48564a13c30cfa58e254244b60c8e6e56fb2479404c92c0e5f9e,4000,3000
TURM_03866,DATASET/Image Dataset for Turmeric Plant Leaf Disease Detection.zip#Image Dataset for Turmeric Plant Leaf Disease Detection/Original DataSet/Blotch/blotch_(233).jpg,Image Dataset for Turmeric Plant Leaf Disease Detection,Blotch,Leaf Blotch,disease,None,train,42,e06d77c209baeaa23ee844b7b239f7f64654a7eef3ef058ba375f3d2b98f92b8,4000,3000
TURM_03885,DATASET/Image Dataset for Turmeric Plant Leaf Disease Detection.zip#Image Dataset for Turmeric Plant Leaf Disease Detection/Original DataSet/Blotch/blotch_(35).jpg,Image Dataset for Turmeric Plant Leaf Disease Detection,Blotch,Leaf Blotch,disease,None,train,42,fcbfb5e81d1a8f019ea3dd0750715f4b512710ea070b1967ca48e452ba00fc09,4000,3000
TURM_03904,DATASET/Image Dataset for Turmeric Plant Leaf Disease Detection.zip#Image Dataset for Turmeric Plant Leaf Disease Detection/Original DataSet/Blotch/blotch_(52).jpg,Image Dataset for Turmeric Plant Leaf Disease Detection,Blotch,Leaf Blotch,disease,None,train,42,b277d5bb6e085c460c79f2a0dd8229d80cb6c0ef5739ee1b0003126384e51ec7,4000,3000
TURM_03834,DATASET/Image Dataset for Turmeric Plant Leaf Disease Detection.zip#Image Dataset for Turmeric Plant Leaf Disease Detection/Original DataSet/Blotch/blotch_(204).jpg,Image Dataset for Turmeric Plant Leaf Disease Detection,Blotch,Leaf Blotch,disease,None,train,42,8683da382292e51b043591c1310641f4edc564f92c98dcb1e32e00ae3272b2ca,4000,3000
TURM_03919,DATASET/Image Dataset for Turmeric Plant Leaf Disease Detection.zip#Image Dataset for Turmeric Plant Leaf Disease Detection/Original DataSet/Blotch/blotch_(66).jpg,Image Dataset for Turmeric Plant Leaf Disease Detection,Blotch,Leaf Blotch,disease,None,train,42,23aa75f58ac8ecab88d156f81a6b3098bf41a5832f4456f9af4a889dd8d10bdb,4000,3000
TURM_03801,DATASET/Image Dataset for Turmeric Plant Leaf Disease Detection.zip#Image Dataset for Turmeric Plant Leaf Disease Detection/Original DataSet/Blotch/blotch_(175).jpg,Image Dataset for Turmeric Plant Leaf Disease Detection,Blotch,Leaf Blotch,disease,None,train,42,ebaefd7a4255be811cd908216790604d872cd62b015b594aa8b890acb207ad18,4000,3000
TURM_03903,DATASET/Image Dataset for Turmeric Plant Leaf Disease Detection.zip#Image Dataset for Turmeric Plant Leaf Disease Detection/Original DataSet/Blotch/blotch_(51).jpg,Image Dataset for Turmeric Plant Leaf Disease Detection,Blotch,Leaf Blotch,disease,None,train,42,9d9117cf702bac19f1736373c04105f5cc28289214526a0a952beb5513de4660,4000,3000
TURM_03949,DATASET/Image Dataset for Turmeric Plant Leaf Disease Detection.zip#Image Dataset for Turmeric Plant Leaf Disease Detection/Original DataSet/Blotch/blotch_(93).jpg,Image Dataset for Turmeric Plant Leaf Disease Detection,Blotch,Leaf Blotch,disease,None,train,42,39d107de8b8b61926f87637ebbd89b5414b4a422efedbee6ba70fe0af80fdd36,4000,3000
TURM_03730,DATASET/Image Dataset for Turmeric Plant Leaf Disease Detection.zip#Image Dataset for Turmeric Plant Leaf Disease Detection/Original DataSet/Blotch/blotch_(11).jpg,Image Dataset for Turmeric Plant Leaf Disease Detection,Blotch,Leaf Blotch,disease,None,train,42,2aeaaafe8ab8bacbbe61a27abab10b8f231d5bcf8f81a9ba50c94c8aac7835b1,4000,3000
TURM_03764,DATASET/Image Dataset for Turmeric Plant Leaf Disease Detection.zip#Image Dataset for Turmeric Plant Leaf Disease Detection/Original DataSet/Blotch/blotch_(140).jpg,Image Dataset for Turmeric Plant Leaf Disease Detection,Blotch,Leaf Blotch,disease,None,train,42,6d6d1be43418b4ec56f2d58199ed98cb0052258dea396acc18569820198fa22f,4000,3000
TURM_03836,DATASET/Image Dataset for Turmeric Plant Leaf Disease Detection.zip#Image Dataset for Turmeric Plant Leaf Disease Detection/Original DataSet/Blotch/blotch_(205).jpg,Image Dataset for Turmeric Plant Leaf Disease Detection,Blotch,Leaf Blotch,disease,None,train,42,d2325b7cfa47b9b4546b0b3a3fd6c4cbc398c707a77abd584dc9d12ad7d6ff61,4000,3000
TURM_03752,DATASET/Image Dataset for Turmeric Plant Leaf Disease Detection.zip#Image Dataset for Turmeric Plant Leaf Disease Detection/Original DataSet/Blotch/blotch_(13).jpg,Image Dataset for Turmeric Plant Leaf Disease Detection,Blotch,Leaf Blotch,disease,None,train,42,fcd85ea5c39b922c9b5e21005a4c8d11510db3bbba83f5f15fcc455e7ff2a26e,4000,3000
TURM_03827,DATASET/Image Dataset for Turmeric Plant Leaf Disease Detection.zip#Image Dataset for Turmeric Plant Leaf Disease Detection/Original DataSet/Blotch/blotch_(198).jpg,Image Dataset for Turmeric Plant Leaf Disease Detection,Blotch,Leaf Blotch,disease,None,train,42,6d735d6b59809225a35b97f863d093eb98df529429ae26fb296fabdb6d4371f7,4000,3000
TURM_03739,DATASET/Image Dataset for Turmeric Plant Leaf Disease Detection.zip#Image Dataset for Turmeric Plant Leaf Disease Detection/Original DataSet/Blotch/blotch_(119).jpg,Image Dataset for Turmeric Plant Leaf Disease Detection,Blotch,Leaf Blotch,disease,None,train,42,3a0747b16ee7005359bc0947197fdbe3c881189693de0906cf5a0944e1557230,4000,3000
TURM_03939,DATASET/Image Dataset for Turmeric Plant Leaf Disease Detection.zip#Image Dataset for Turmeric Plant Leaf Disease Detection/Original DataSet/Blotch/blotch_(84).jpg,Image Dataset for Turmeric Plant Leaf Disease Detection,Blotch,Leaf Blotch,disease,None,train,42,29ada7b3473724825db3b93991a552c7bb85516914fc7d05dbabd7cc671dec0f,4000,3000
TURM_03862,DATASET/Image Dataset for Turmeric Plant Leaf Disease Detection.zip#Image Dataset for Turmeric Plant Leaf Disease Detection/Original DataSet/Blotch/blotch_(229).jpg,Image Dataset for Turmeric Plant Leaf Disease Detection,Blotch,Leaf Blotch,disease,None,train,42,597c641a75868b71371716a7e79a786f668003e0b09c142d6364482e309edac2,4000,3000
TURM_03869,DATASET/Image Dataset for Turmeric Plant Leaf Disease Detection.zip#Image Dataset for Turmeric Plant Leaf Disease Detection/Original DataSet/Blotch/blotch_(236).jpg,Image Dataset for Turmeric Plant Leaf Disease Detection,Blotch,Leaf Blotch,disease,None,train,42,53d8fa063f364a1a1ae3b6d6b3df2ae10fb8032ded46d09b997f86c5f59ad3df,4000,3000
TURM_03818,DATASET/Image Dataset for Turmeric Plant Leaf Disease Detection.zip#Image Dataset for Turmeric Plant Leaf Disease Detection/Original DataSet/Blotch/blotch_(19).jpg,Image Dataset for Turmeric Plant Leaf Disease Detection,Blotch,Leaf Blotch,disease,None,train,42,7dce9a7132ea4466fc38d706b3ab747b086c3a12ba9c0ba9b61dc4541086baf1,4000,3000
TURM_03724,DATASET/Image Dataset for Turmeric Plant Leaf Disease Detection.zip#Image Dataset for Turmeric Plant Leaf Disease Detection/Original DataSet/Blotch/blotch_(104).jpg,Image Dataset for Turmeric Plant Leaf Disease Detection,Blotch,Leaf Blotch,disease,None,train,42,b70e64553d4cfd52b4433b3a131b764ea249326ca92bc470a6387c6b360ef634,4000,3000
TURM_03854,DATASET/Image Dataset for Turmeric Plant Leaf Disease Detection.zip#Image Dataset for Turmeric Plant Leaf Disease Detection/Original DataSet/Blotch/blotch_(222).jpg,Image Dataset for Turmeric Plant Leaf Disease Detection,Blotch,Leaf Blotch,disease,None,train,42,6ca364653d24c134543583b7a32b2eef55028f4808f2a4996efe2a96b1e0ed7e,4000,3000
TURM_03877,DATASET/Image Dataset for Turmeric Plant Leaf Disease Detection.zip#Image Dataset for Turmeric Plant Leaf Disease Detection/Original DataSet/Blotch/blotch_(27).jpg,Image Dataset for Turmeric Plant Leaf Disease Detection,Blotch,Leaf Blotch,disease,None,train,42,c5d26e8a8b3b09c2fedb08b86acb2518ec0406f69d8fad03e86cbf69df347590,4000,3000
TURM_03750,DATASET/Image Dataset for Turmeric Plant Leaf Disease Detection.zip#Image Dataset for Turmeric Plant Leaf Disease Detection/Original DataSet/Blotch/blotch_(129).jpg,Image Dataset for Turmeric Plant Leaf Disease Detection,Blotch,Leaf Blotch,disease,None,train,42,722ab8ef03f1339d2271693ca22ba4d28c11769cc4b440d05176fc4e2e8bdf56,4000,3000
TURM_03913,DATASET/Image Dataset for Turmeric Plant Leaf Disease Detection.zip#Image Dataset for Turmeric Plant Leaf Disease Detection/Original DataSet/Blotch/blotch_(60).jpg,Image Dataset for Turmeric Plant Leaf Disease Detection,Blotch,Leaf Blotch,disease,None,train,42,9e7278cc65072a01bd84da40d779932b5840752a9f6a28f1fe14bbe9c30fbbb2,4000,3000
TURM_03760,DATASET/Image Dataset for Turmeric Plant Leaf Disease Detection.zip#Image Dataset for Turmeric Plant Leaf Disease Detection/Original DataSet/Blotch/blotch_(137).jpg,Image Dataset for Turmeric Plant Leaf Disease Detection,Blotch,Leaf Blotch,disease,None,train,42,b8b30d92cc32c50ccc5426daafd3e41c4d069f5cbcee41e26613ca22f6ee5f3a,4000,3000
TURM_03821,DATASET/Image Dataset for Turmeric Plant Leaf Disease Detection.zip#Image Dataset for Turmeric Plant Leaf Disease Detection/Original DataSet/Blotch/blotch_(193).jpg,Image Dataset for Turmeric Plant Leaf Disease Detection,Blotch,Leaf Blotch,disease,None,train,42,020249da7c42d3f3080b158bf7955a3429eaf8a4544956a7f9eccef02b50da9e,4000,3000
TURM_04786,DATASET/Turmeric Plant Disease Dataset Advancing AI for Agricultural Sustainability.zip#Turmeric Plant Disease Dataset Advancing AI for Agricultural Sustainability/Turmeric Plant Disease.zip#Turmeric Plant Disease/Leaf Blotch/Leaf Blotch00025.JPG,Turmeric Plant Disease Dataset Advancing AI (Original),Leaf Blotch,Leaf Blotch,disease,TURM_DUP_0425,train,42,d4e122a7dc9e733b78975cac733fb5a36ff14f457b158bbe09bd51fd6d54f376,1000,1000
TURM_04865,DATASET/Turmeric Plant Disease Dataset Advancing AI for Agricultural Sustainability.zip#Turmeric Plant Disease Dataset Advancing AI for Agricultural Sustainability/Turmeric Plant Disease.zip#Turmeric Plant Disease/Leaf Blotch/Leaf Blotch00104.JPG,Turmeric Plant Disease Dataset Advancing AI (Original),Leaf Blotch,Leaf Blotch,disease,TURM_DUP_0504,train,42,ec88b0255406196777a06e4bb3d731be645cebff70341c0b5d028141b7e6ac4c,1000,1000
TURM_04810,DATASET/Turmeric Plant Disease Dataset Advancing AI for Agricultural Sustainability.zip#Turmeric Plant Disease Dataset Advancing AI for Agricultural Sustainability/Turmeric Plant Disease.zip#Turmeric Plant Disease/Leaf Blotch/Leaf Blotch00049.JPG,Turmeric Plant Disease Dataset Advancing AI (Original),Leaf Blotch,Leaf Blotch,disease,TURM_DUP_0449,train,42,408e4c8dfccd34bc1919db73cf073bb0fbc7b80487bd7b74c649cfa6cdc5033c,1000,1000
TURM_04848,DATASET/Turmeric Plant Disease Dataset Advancing AI for Agricultural Sustainability.zip#Turmeric Plant Disease Dataset Advancing AI for Agricultural Sustainability/Turmeric Plant Disease.zip#Turmeric Plant Disease/Leaf Blotch/Leaf Blotch00087.JPG,Turmeric Plant Disease Dataset Advancing AI (Original),Leaf Blotch,Leaf Blotch,disease,TURM_DUP_0487,train,42,de4ec78f0cd90ef01103f3782403bdecbc276ab8a5a5529d1026eba7f023f468,1000,1000
TURM_04844,DATASET/Turmeric Plant Disease Dataset Advancing AI for Agricultural Sustainability.zip#Turmeric Plant Disease Dataset Advancing AI for Agricultural Sustainability/Turmeric Plant Disease.zip#Turmeric Plant Disease/Leaf Blotch/Leaf Blotch00083.JPG,Turmeric Plant Disease Dataset Advancing AI (Original),Leaf Blotch,Leaf Blotch,disease,TURM_DUP_0483,train,42,948d6e2d7d31ebcfa4bfb8ced4fa769fb06b0612161664c615fa4be8bfed303b,1000,1000
TURM_04923,DATASET/Turmeric Plant Disease Dataset Advancing AI for Agricultural Sustainability.zip#Turmeric Plant Disease Dataset Advancing AI for Agricultural Sustainability/Turmeric Plant Disease.zip#Turmeric Plant Disease/Leaf Blotch/Leaf Blotch00162.JPG,Turmeric Plant Disease Dataset Advancing AI (Original),Leaf Blotch,Leaf Blotch,disease,TURM_DUP_0562,train,42,fe2fe5b1061ac392da532368c205d8fa9519a04c4a85b2f0d5f956dc93592841,1000,1000
TURM_04806,DATASET/Turmeric Plant Disease Dataset Advancing AI for Agricultural Sustainability.zip#Turmeric Plant Disease Dataset Advancing AI for Agricultural Sustainability/Turmeric Plant Disease.zip#Turmeric Plant Disease/Leaf Blotch/Leaf Blotch00045.JPG,Turmeric Plant Disease Dataset Advancing AI (Original),Leaf Blotch,Leaf Blotch,disease,TURM_DUP_0445,train,42,68d0f0d4ed4354dd2a5b940f25a3328d55a113d365482061e1705dd0315d1d9f,1000,1000
TURM_04906,DATASET/Turmeric Plant Disease Dataset Advancing AI for Agricultural Sustainability.zip#Turmeric Plant Disease Dataset Advancing AI for Agricultural Sustainability/Turmeric Plant Disease.zip#Turmeric Plant Disease/Leaf Blotch/Leaf Blotch00145.JPG,Turmeric Plant Disease Dataset Advancing AI (Original),Leaf Blotch,Leaf Blotch,disease,TURM_DUP_0545,train,42,32da313315c2532a3d99fc950df9277da7f4dda48eb08a37ec548f20e7a0b426,1000,1000
TURM_04785,DATASET/Turmeric Plant Disease Dataset Advancing AI for Agricultural Sustainability.zip#Turmeric Plant Disease Dataset Advancing AI for Agricultural Sustainability/Turmeric Plant Disease.zip#Turmeric Plant Disease/Leaf Blotch/Leaf Blotch00024.JPG,Turmeric Plant Disease Dataset Advancing AI (Original),Leaf Blotch,Leaf Blotch,disease,TURM_DUP_0424,train,42,97add2a201d18baec7eb2c8735a7fd9c298d4c220e02e7e56c700609a5905632,1000,1000
TURM_04940,DATASET/Turmeric Plant Disease Dataset Advancing AI for Agricultural Sustainability.zip#Turmeric Plant Disease Dataset Advancing AI for Agricultural Sustainability/Turmeric Plant Disease.zip#Turmeric Plant Disease/Leaf Blotch/Leaf Blotch00179.JPG,Turmeric Plant Disease Dataset Advancing AI (Original),Leaf Blotch,Leaf Blotch,disease,TURM_DUP_0579,train,42,09f13771b6c7b56f0be9f8785b07260e34f9eeee7f72b9bc64e3eefeddf00481,1000,1000
TURM_04770,DATASET/Turmeric Plant Disease Dataset Advancing AI for Agricultural Sustainability.zip#Turmeric Plant Disease Dataset Advancing AI for Agricultural Sustainability/Turmeric Plant Disease.zip#Turmeric Plant Disease/Leaf Blotch/Leaf Blotch00009.JPG,Turmeric Plant Disease Dataset Advancing AI (Original),Leaf Blotch,Leaf Blotch,disease,TURM_DUP_0409,train,42,6417612c89998b4890d7795d1dd2a47a02a7faad0832d7c8e834d6462d4c6b09,1000,1000
TURM_04768,DATASET/Turmeric Plant Disease Dataset Advancing AI for Agricultural Sustainability.zip#Turmeric Plant Disease Dataset Advancing AI for Agricultural Sustainability/Turmeric Plant Disease.zip#Turmeric Plant Disease/Leaf Blotch/Leaf Blotch00007.JPG,Turmeric Plant Disease Dataset Advancing AI (Original),Leaf Blotch,Leaf Blotch,disease,TURM_DUP_0407,train,42,4250a8509a408c0c3583e12added93347b1f06a3295945af950d7fb5448e73af,1000,1000
TURM_04943,DATASET/Turmeric Plant Disease Dataset Advancing AI for Agricultural Sustainability.zip#Turmeric Plant Disease Dataset Advancing AI for Agricultural Sustainability/Turmeric Plant Disease.zip#Turmeric Plant Disease/Leaf Blotch/Leaf Blotch00182.JPG,Turmeric Plant Disease Dataset Advancing AI (Original),Leaf Blotch,Leaf Blotch,disease,TURM_DUP_0582,train,42,ba2375137e99fe440f9919cb1c949f76ec992fb9b8cb21a5ecda73fb8f57d251,1000,1000
TURM_04797,DATASET/Turmeric Plant Disease Dataset Advancing AI for Agricultural Sustainability.zip#Turmeric Plant Disease Dataset Advancing AI for Agricultural Sustainability/Turmeric Plant Disease.zip#Turmeric Plant Disease/Leaf Blotch/Leaf Blotch00036.JPG,Turmeric Plant Disease Dataset Advancing AI (Original),Leaf Blotch,Leaf Blotch,disease,TURM_DUP_0436,train,42,82817b84f7064f36a30ac0a0961fc4cbb29fd8bacf1c29d5ea90531da52aa181,1000,1000
TURM_04861,DATASET/Turmeric Plant Disease Dataset Advancing AI for Agricultural Sustainability.zip#Turmeric Plant Disease Dataset Advancing AI for Agricultural Sustainability/Turmeric Plant Disease.zip#Turmeric Plant Disease/Leaf Blotch/Leaf Blotch00100.JPG,Turmeric Plant Disease Dataset Advancing AI (Original),Leaf Blotch,Leaf Blotch,disease,TURM_DUP_0500,train,42,9a3ef5bb80ccb9a3234a33a85cfb691d65fc444bec4aecdd2c22f255c2790577,1000,1000
TURM_04847,DATASET/Turmeric Plant Disease Dataset Advancing AI for Agricultural Sustainability.zip#Turmeric Plant Disease Dataset Advancing AI for Agricultural Sustainability/Turmeric Plant Disease.zip#Turmeric Plant Disease/Leaf Blotch/Leaf Blotch00086.JPG,Turmeric Plant Disease Dataset Advancing AI (Original),Leaf Blotch,Leaf Blotch,disease,TURM_DUP_0486,train,42,19b3fd19f596f90b09ab78fbe7ec9f14970c8b5e979bab150016c6e87b9d6de7,1000,1000
TURM_04808,DATASET/Turmeric Plant Disease Dataset Advancing AI for Agricultural Sustainability.zip#Turmeric Plant Disease Dataset Advancing AI for Agricultural Sustainability/Turmeric Plant Disease.zip#Turmeric Plant Disease/Leaf Blotch/Leaf Blotch00047.JPG,Turmeric Plant Disease Dataset Advancing AI (Original),Leaf Blotch,Leaf Blotch,disease,TURM_DUP_0447,train,42,484a013ac457c7ef03dbf6a41552a8bf014d3e60c1b06721c42b92a5aec06628,1000,1000
TURM_04829,DATASET/Turmeric Plant Disease Dataset Advancing AI for Agricultural Sustainability.zip#Turmeric Plant Disease Dataset Advancing AI for Agricultural Sustainability/Turmeric Plant Disease.zip#Turmeric Plant Disease/Leaf Blotch/Leaf Blotch00068.JPG,Turmeric Plant Disease Dataset Advancing AI (Original),Leaf Blotch,Leaf Blotch,disease,TURM_DUP_0468,train,42,bfe1b7bb4cda4e4d5234182c220b2c5d0f9be1a8a34e2d8fd58ea3fbe145afe9,1000,1000
TURM_04866,DATASET/Turmeric Plant Disease Dataset Advancing AI for Agricultural Sustainability.zip#Turmeric Plant Disease Dataset Advancing AI for Agricultural Sustainability/Turmeric Plant Disease.zip#Turmeric Plant Disease/Leaf Blotch/Leaf Blotch00105.JPG,Turmeric Plant Disease Dataset Advancing AI (Original),Leaf Blotch,Leaf Blotch,disease,TURM_DUP_0505,train,42,6e09102ce1b0683d7a506212c4a0b5a3b174d1c95bf89b2c5320433079c9084e,1000,1000
TURM_04944,DATASET/Turmeric Plant Disease Dataset Advancing AI for Agricultural Sustainability.zip#Turmeric Plant Disease Dataset Advancing AI for Agricultural Sustainability/Turmeric Plant Disease.zip#Turmeric Plant Disease/Leaf Blotch/Leaf Blotch00183.JPG,Turmeric Plant Disease Dataset Advancing AI (Original),Leaf Blotch,Leaf Blotch,disease,TURM_DUP_0583,train,42,6e68a0a93000cc0f6603fcfaaf5801f00d06f0c52c5f41d6b4af63c458306b03,1000,1000
TURM_04916,DATASET/Turmeric Plant Disease Dataset Advancing AI for Agricultural Sustainability.zip#Turmeric Plant Disease Dataset Advancing AI for Agricultural Sustainability/Turmeric Plant Disease.zip#Turmeric Plant Disease/Leaf Blotch/Leaf Blotch00155.JPG,Turmeric Plant Disease Dataset Advancing AI (Original),Leaf Blotch,Leaf Blotch,disease,TURM_DUP_0555,train,42,ed10c897f8b56297bca7a2966207bd007fe3f453562b646f042fa919b6c06aeb,1000,1000
TURM_04900,DATASET/Turmeric Plant Disease Dataset Advancing AI for Agricultural Sustainability.zip#Turmeric Plant Disease Dataset Advancing AI for Agricultural Sustainability/Turmeric Plant Disease.zip#Turmeric Plant Disease/Leaf Blotch/Leaf Blotch00139.JPG,Turmeric Plant Disease Dataset Advancing AI (Original),Leaf Blotch,Leaf Blotch,disease,TURM_DUP_0539,train,42,bc2a87a1d4519345d1ba7a7272828156d790730289f2533fa78bb02d574b879f,1000,1000
TURM_04890,DATASET/Turmeric Plant Disease Dataset Advancing AI for Agricultural Sustainability.zip#Turmeric Plant Disease Dataset Advancing AI for Agricultural Sustainability/Turmeric Plant Disease.zip#Turmeric Plant Disease/Leaf Blotch/Leaf Blotch00129.JPG,Turmeric Plant Disease Dataset Advancing AI (Original),Leaf Blotch,Leaf Blotch,disease,TURM_DUP_0529,train,42,f05d2d202e62898de70aced61c3815bf8a133122f7c190e14a9b9c9f40ddb532,1000,1000
TURM_04922,DATASET/Turmeric Plant Disease Dataset Advancing AI for Agricultural Sustainability.zip#Turmeric Plant Disease Dataset Advancing AI for Agricultural Sustainability/Turmeric Plant Disease.zip#Turmeric Plant Disease/Leaf Blotch/Leaf Blotch00161.JPG,Turmeric Plant Disease Dataset Advancing AI (Original),Leaf Blotch,Leaf Blotch,disease,TURM_DUP_0561,train,42,fa30db576b15e7a6df54e58050f89f6a10e38890f937c2ad42249b3d8cfbdb5c,1000,1000
TURM_04924,DATASET/Turmeric Plant Disease Dataset Advancing AI for Agricultural Sustainability.zip#Turmeric Plant Disease Dataset Advancing AI for Agricultural Sustainability/Turmeric Plant Disease.zip#Turmeric Plant Disease/Leaf Blotch/Leaf Blotch00163.JPG,Turmeric Plant Disease Dataset Advancing AI (Original),Leaf Blotch,Leaf Blotch,disease,TURM_DUP_0563,train,42,9e129ae5e81ba3b0f4071ed77387f37ebf4654f6afc657bdf2def50a68fc48e2,1000,1000
TURM_04858,DATASET/Turmeric Plant Disease Dataset Advancing AI for Agricultural Sustainability.zip#Turmeric Plant Disease Dataset Advancing AI for Agricultural Sustainability/Turmeric Plant Disease.zip#Turmeric Plant Disease/Leaf Blotch/Leaf Blotch00097.JPG,Turmeric Plant Disease Dataset Advancing AI (Original),Leaf Blotch,Leaf Blotch,disease,TURM_DUP_0497,train,42,57927019ebbb1074ec27380a0c59152ab9d4567d002f045f2f02d9599ee02a6a,1000,1000
TURM_04828,DATASET/Turmeric Plant Disease Dataset Advancing AI for Agricultural Sustainability.zip#Turmeric Plant Disease Dataset Advancing AI for Agricultural Sustainability/Turmeric Plant Disease.zip#Turmeric Plant Disease/Leaf Blotch/Leaf Blotch00067.JPG,Turmeric Plant Disease Dataset Advancing AI (Original),Leaf Blotch,Leaf Blotch,disease,TURM_DUP_0467,train,42,c2dfa1f9fec4db254da35e6107f18d855e4cf6093ab9c12500ab4fc053f8a388,1000,1000
TURM_04919,DATASET/Turmeric Plant Disease Dataset Advancing AI for Agricultural Sustainability.zip#Turmeric Plant Disease Dataset Advancing AI for Agricultural Sustainability/Turmeric Plant Disease.zip#Turmeric Plant Disease/Leaf Blotch/Leaf Blotch00158.JPG,Turmeric Plant Disease Dataset Advancing AI (Original),Leaf Blotch,Leaf Blotch,disease,TURM_DUP_0558,train,42,27b7467514b9ef25ea3f49f6846d5594e228a534ae76741330743c9933c7d82a,1000,1000
TURM_04853,DATASET/Turmeric Plant Disease Dataset Advancing AI for Agricultural Sustainability.zip#Turmeric Plant Disease Dataset Advancing AI for Agricultural Sustainability/Turmeric Plant Disease.zip#Turmeric Plant Disease/Leaf Blotch/Leaf Blotch00092.JPG,Turmeric Plant Disease Dataset Advancing AI (Original),Leaf Blotch,Leaf Blotch,disease,TURM_DUP_0492,train,42,d55847a7088382db6fff3dcc371e59629db8f8040d08c085c4db102a50704790,1000,1000
TURM_04802,DATASET/Turmeric Plant Disease Dataset Advancing AI for Agricultural Sustainability.zip#Turmeric Plant Disease Dataset Advancing AI for Agricultural Sustainability/Turmeric Plant Disease.zip#Turmeric Plant Disease/Leaf Blotch/Leaf Blotch00041.JPG,Turmeric Plant Disease Dataset Advancing AI (Original),Leaf Blotch,Leaf Blotch,disease,TURM_DUP_0441,train,42,7387958ff139f404b6bfb8287310e93a6adb9dba34fdcc59818dbace800ce02c,1000,1000
TURM_04892,DATASET/Turmeric Plant Disease Dataset Advancing AI for Agricultural Sustainability.zip#Turmeric Plant Disease Dataset Advancing AI for Agricultural Sustainability/Turmeric Plant Disease.zip#Turmeric Plant Disease/Leaf Blotch/Leaf Blotch00131.JPG,Turmeric Plant Disease Dataset Advancing AI (Original),Leaf Blotch,Leaf Blotch,disease,TURM_DUP_0531,train,42,b7f8572fb283ef294a9cbf1948f81d54b532b54b5f1b9480ea7e64ec5a01e502,1000,1000
TURM_04880,DATASET/Turmeric Plant Disease Dataset Advancing AI for Agricultural Sustainability.zip#Turmeric Plant Disease Dataset Advancing AI for Agricultural Sustainability/Turmeric Plant Disease.zip#Turmeric Plant Disease/Leaf Blotch/Leaf Blotch00119.JPG,Turmeric Plant Disease Dataset Advancing AI (Original),Leaf Blotch,Leaf Blotch,disease,TURM_DUP_0519,train,42,9088c7e92ca062fa1981856a2270ec55fda931b5cf252106bd65692c9269c3b1,1000,1000
TURM_04872,DATASET/Turmeric Plant Disease Dataset Advancing AI for Agricultural Sustainability.zip#Turmeric Plant Disease Dataset Advancing AI for Agricultural Sustainability/Turmeric Plant Disease.zip#Turmeric Plant Disease/Leaf Blotch/Leaf Blotch00111.JPG,Turmeric Plant Disease Dataset Advancing AI (Original),Leaf Blotch,Leaf Blotch,disease,TURM_DUP_0511,train,42,292f1987ec3417395b85963f3d562eed2d138c3201d7374a5d24bed63b5a0493,1000,1000
TURM_04803,DATASET/Turmeric Plant Disease Dataset Advancing AI for Agricultural Sustainability.zip#Turmeric Plant Disease Dataset Advancing AI for Agricultural Sustainability/Turmeric Plant Disease.zip#Turmeric Plant Disease/Leaf Blotch/Leaf Blotch00042.JPG,Turmeric Plant Disease Dataset Advancing AI (Original),Leaf Blotch,Leaf Blotch,disease,TURM_DUP_0442,train,42,9e7dd4d68052ee13632eb955fa92b87da97604a60964ca4de96901839a3a9f32,1000,1000
TURM_04867,DATASET/Turmeric Plant Disease Dataset Advancing AI for Agricultural Sustainability.zip#Turmeric Plant Disease Dataset Advancing AI for Agricultural Sustainability/Turmeric Plant Disease.zip#Turmeric Plant Disease/Leaf Blotch/Leaf Blotch00106.JPG,Turmeric Plant Disease Dataset Advancing AI (Original),Leaf Blotch,Leaf Blotch,disease,TURM_DUP_0506,train,42,03bb7b66458cf0e4e398873c5b43e4ff45b99ca82aa8429637202e455c506c32,1000,1000
TURM_04793,DATASET/Turmeric Plant Disease Dataset Advancing AI for Agricultural Sustainability.zip#Turmeric Plant Disease Dataset Advancing AI for Agricultural Sustainability/Turmeric Plant Disease.zip#Turmeric Plant Disease/Leaf Blotch/Leaf Blotch00032.JPG,Turmeric Plant Disease Dataset Advancing AI (Original),Leaf Blotch,Leaf Blotch,disease,TURM_DUP_0432,train,42,4919055a278ec9c01d26123fad90acac772e2ee5978757f92c9a486ad1573fef,1000,1000
TURM_04855,DATASET/Turmeric Plant Disease Dataset Advancing AI for Agricultural Sustainability.zip#Turmeric Plant Disease Dataset Advancing AI for Agricultural Sustainability/Turmeric Plant Disease.zip#Turmeric Plant Disease/Leaf Blotch/Leaf Blotch00094.JPG,Turmeric Plant Disease Dataset Advancing AI (Original),Leaf Blotch,Leaf Blotch,disease,TURM_DUP_0494,train,42,0685c07897b2b8252fe65cb0a71865cfbef2653e62741a493c449394cad7a0e1,1000,1000
TURM_04804,DATASET/Turmeric Plant Disease Dataset Advancing AI for Agricultural Sustainability.zip#Turmeric Plant Disease Dataset Advancing AI for Agricultural Sustainability/Turmeric Plant Disease.zip#Turmeric Plant Disease/Leaf Blotch/Leaf Blotch00043.JPG,Turmeric Plant Disease Dataset Advancing AI (Original),Leaf Blotch,Leaf Blotch,disease,TURM_DUP_0443,train,42,e3baafc950c63fef8c8d011425b81b9ec580e3ac8f654139956ed43db0d9ba79,1000,1000
TURM_04932,DATASET/Turmeric Plant Disease Dataset Advancing AI for Agricultural Sustainability.zip#Turmeric Plant Disease Dataset Advancing AI for Agricultural Sustainability/Turmeric Plant Disease.zip#Turmeric Plant Disease/Leaf Blotch/Leaf Blotch00171.JPG,Turmeric Plant Disease Dataset Advancing AI (Original),Leaf Blotch,Leaf Blotch,disease,TURM_DUP_0571,train,42,a33288881aadef02734513755e3e8d13f8219151a8a79b24d84072dc8458f4a2,1000,1000
TURM_04843,DATASET/Turmeric Plant Disease Dataset Advancing AI for Agricultural Sustainability.zip#Turmeric Plant Disease Dataset Advancing AI for Agricultural Sustainability/Turmeric Plant Disease.zip#Turmeric Plant Disease/Leaf Blotch/Leaf Blotch00082.JPG,Turmeric Plant Disease Dataset Advancing AI (Original),Leaf Blotch,Leaf Blotch,disease,TURM_DUP_0482,train,42,b1db8dc4d58f5c6851a6ce518b4876808234ebd414fa229648055927aa4f1a3a,1000,1000
TURM_04883,DATASET/Turmeric Plant Disease Dataset Advancing AI for Agricultural Sustainability.zip#Turmeric Plant Disease Dataset Advancing AI for Agricultural Sustainability/Turmeric Plant Disease.zip#Turmeric Plant Disease/Leaf Blotch/Leaf Blotch00122.JPG,Turmeric Plant Disease Dataset Advancing AI (Original),Leaf Blotch,Leaf Blotch,disease,TURM_DUP_0522,train,42,41bcc50eee35b9ccb6d862e1259110773b583822be6302f82fe3af4eb524ea7a,1000,1000
TURM_04873,DATASET/Turmeric Plant Disease Dataset Advancing AI for Agricultural Sustainability.zip#Turmeric Plant Disease Dataset Advancing AI for Agricultural Sustainability/Turmeric Plant Disease.zip#Turmeric Plant Disease/Leaf Blotch/Leaf Blotch00112.JPG,Turmeric Plant Disease Dataset Advancing AI (Original),Leaf Blotch,Leaf Blotch,disease,TURM_DUP_0512,train,42,e7f6d4cc212cad9af7525e0ead176f9418a74cbe091c19eeb9a3121d87cc7186,1000,1000
TURM_04926,DATASET/Turmeric Plant Disease Dataset Advancing AI for Agricultural Sustainability.zip#Turmeric Plant Disease Dataset Advancing AI for Agricultural Sustainability/Turmeric Plant Disease.zip#Turmeric Plant Disease/Leaf Blotch/Leaf Blotch00165.JPG,Turmeric Plant Disease Dataset Advancing AI (Original),Leaf Blotch,Leaf Blotch,disease,TURM_DUP_0565,train,42,b90e2d4539e4f6ca5682a07e95cc592520536b3f732759289318d066ca58f893,1000,1000
TURM_04863,DATASET/Turmeric Plant Disease Dataset Advancing AI for Agricultural Sustainability.zip#Turmeric Plant Disease Dataset Advancing AI for Agricultural Sustainability/Turmeric Plant Disease.zip#Turmeric Plant Disease/Leaf Blotch/Leaf Blotch00102.JPG,Turmeric Plant Disease Dataset Advancing AI (Original),Leaf Blotch,Leaf Blotch,disease,TURM_DUP_0502,train,42,55d82269b5dffbca909429841052bb9829a18ac4348a3339da46d4c2ed8be6ab,1000,1000
TURM_04936,DATASET/Turmeric Plant Disease Dataset Advancing AI for Agricultural Sustainability.zip#Turmeric Plant Disease Dataset Advancing AI for Agricultural Sustainability/Turmeric Plant Disease.zip#Turmeric Plant Disease/Leaf Blotch/Leaf Blotch00175.JPG,Turmeric Plant Disease Dataset Advancing AI (Original),Leaf Blotch,Leaf Blotch,disease,TURM_DUP_0575,train,42,e5c00ee4eba6919ab42de9ecbb7f261ad0656698a57a8223a756e4955dc1a0dd,1000,1000
TURM_04779,DATASET/Turmeric Plant Disease Dataset Advancing AI for Agricultural Sustainability.zip#Turmeric Plant Disease Dataset Advancing AI for Agricultural Sustainability/Turmeric Plant Disease.zip#Turmeric Plant Disease/Leaf Blotch/Leaf Blotch00018.JPG,Turmeric Plant Disease Dataset Advancing AI (Original),Leaf Blotch,Leaf Blotch,disease,TURM_DUP_0418,train,42,147498a246d4d104ad783e82ac2ded12559e0812a0b7cca8898c026e5f720934,1000,1000
TURM_04812,DATASET/Turmeric Plant Disease Dataset Advancing AI for Agricultural Sustainability.zip#Turmeric Plant Disease Dataset Advancing AI for Agricultural Sustainability/Turmeric Plant Disease.zip#Turmeric Plant Disease/Leaf Blotch/Leaf Blotch00051.JPG,Turmeric Plant Disease Dataset Advancing AI (Original),Leaf Blotch,Leaf Blotch,disease,TURM_DUP_0451,train,42,882226acf811a2e4ba413ccf01d806aaa0f1c610fce8891cf7841aa51e9e6c8c,1000,1000
TURM_04815,DATASET/Turmeric Plant Disease Dataset Advancing AI for Agricultural Sustainability.zip#Turmeric Plant Disease Dataset Advancing AI for Agricultural Sustainability/Turmeric Plant Disease.zip#Turmeric Plant Disease/Leaf Blotch/Leaf Blotch00054.JPG,Turmeric Plant Disease Dataset Advancing AI (Original),Leaf Blotch,Leaf Blotch,disease,TURM_DUP_0454,train,42,0f02ad4605d1945e3757092370e41144b2e1cf8a457454a3c58fb4ac4b1510b1,1000,1000
TURM_04862,DATASET/Turmeric Plant Disease Dataset Advancing AI for Agricultural Sustainability.zip#Turmeric Plant Disease Dataset Advancing AI for Agricultural Sustainability/Turmeric Plant Disease.zip#Turmeric Plant Disease/Leaf Blotch/Leaf Blotch00101.JPG,Turmeric Plant Disease Dataset Advancing AI (Original),Leaf Blotch,Leaf Blotch,disease,TURM_DUP_0501,train,42,eaf05ffd7c73246e2ddb6abb0f7a3f84a4e23e521a4c9e787da5ca93c57f8cd0,1000,1000
TURM_04835,DATASET/Turmeric Plant Disease Dataset Advancing AI for Agricultural Sustainability.zip#Turmeric Plant Disease Dataset Advancing AI for Agricultural Sustainability/Turmeric Plant Disease.zip#Turmeric Plant Disease/Leaf Blotch/Leaf Blotch00074.JPG,Turmeric Plant Disease Dataset Advancing AI (Original),Leaf Blotch,Leaf Blotch,disease,TURM_DUP_0474,train,42,0ad88a93b5528f96f8ceed9b57b3aa144550c7aef4f151ee9f57a43d09641323,1000,1000
TURM_04805,DATASET/Turmeric Plant Disease Dataset Advancing AI for Agricultural Sustainability.zip#Turmeric Plant Disease Dataset Advancing AI for Agricultural Sustainability/Turmeric Plant Disease.zip#Turmeric Plant Disease/Leaf Blotch/Leaf Blotch00044.JPG,Turmeric Plant Disease Dataset Advancing AI (Original),Leaf Blotch,Leaf Blotch,disease,TURM_DUP_0444,train,42,8f2a265fa7995a2d91214baa708b07c82e25505cebf99249d4e1a747e8ffe16d,1000,1000
TURM_04845,DATASET/Turmeric Plant Disease Dataset Advancing AI for Agricultural Sustainability.zip#Turmeric Plant Disease Dataset Advancing AI for Agricultural Sustainability/Turmeric Plant Disease.zip#Turmeric Plant Disease/Leaf Blotch/Leaf Blotch00084.JPG,Turmeric Plant Disease Dataset Advancing AI (Original),Leaf Blotch,Leaf Blotch,disease,TURM_DUP_0484,train,42,abae3626d5df64c4d0c7e7004f1a287a144731ce2a0f74651a702b22485095b4,1000,1000
TURM_04824,DATASET/Turmeric Plant Disease Dataset Advancing AI for Agricultural Sustainability.zip#Turmeric Plant Disease Dataset Advancing AI for Agricultural Sustainability/Turmeric Plant Disease.zip#Turmeric Plant Disease/Leaf Blotch/Leaf Blotch00063.JPG,Turmeric Plant Disease Dataset Advancing AI (Original),Leaf Blotch,Leaf Blotch,disease,TURM_DUP_0463,train,42,1fdc09a6af4603fc0dc2d3f175af7bc38024a7477531ad51a4c92bbf7c37a14a,1000,1000
TURM_04763,DATASET/Turmeric Plant Disease Dataset Advancing AI for Agricultural Sustainability.zip#Turmeric Plant Disease Dataset Advancing AI for Agricultural Sustainability/Turmeric Plant Disease.zip#Turmeric Plant Disease/Leaf Blotch/Leaf Blotch00002.JPG,Turmeric Plant Disease Dataset Advancing AI (Original),Leaf Blotch,Leaf Blotch,disease,TURM_DUP_0402,train,42,71ce948db8d342cc0af26ecb685c3b2ee6253249e67d0dcbc0d3fc4765b3f89a,1000,1000
TURM_04907,DATASET/Turmeric Plant Disease Dataset Advancing AI for Agricultural Sustainability.zip#Turmeric Plant Disease Dataset Advancing AI for Agricultural Sustainability/Turmeric Plant Disease.zip#Turmeric Plant Disease/Leaf Blotch/Leaf Blotch00146.JPG,Turmeric Plant Disease Dataset Advancing AI (Original),Leaf Blotch,Leaf Blotch,disease,TURM_DUP_0546,train,42,661251924aa37a1366573b0e34f9c88f1249bb60e35472d08b31c4034cedba17,1000,1000
TURM_04823,DATASET/Turmeric Plant Disease Dataset Advancing AI for Agricultural Sustainability.zip#Turmeric Plant Disease Dataset Advancing AI for Agricultural Sustainability/Turmeric Plant Disease.zip#Turmeric Plant Disease/Leaf Blotch/Leaf Blotch00062.JPG,Turmeric Plant Disease Dataset Advancing AI (Original),Leaf Blotch,Leaf Blotch,disease,TURM_DUP_0462,train,42,118d4364bdae2fd6a984dd2c6aedde438cf6d31f14bd8bbbbfe2581670d702ac,1000,1000
TURM_04869,DATASET/Turmeric Plant Disease Dataset Advancing AI for Agricultural Sustainability.zip#Turmeric Plant Disease Dataset Advancing AI for Agricultural Sustainability/Turmeric Plant Disease.zip#Turmeric Plant Disease/Leaf Blotch/Leaf Blotch00108.JPG,Turmeric Plant Disease Dataset Advancing AI (Original),Leaf Blotch,Leaf Blotch,disease,TURM_DUP_0508,train,42,a01d79736fa9e337667c221f0dc05f540bfec492764b1ed162d4a230701b5ba3,1000,1000
TURM_04959,DATASET/Turmeric Plant Disease Dataset Advancing AI for Agricultural Sustainability.zip#Turmeric Plant Disease Dataset Advancing AI for Agricultural Sustainability/Turmeric Plant Disease.zip#Turmeric Plant Disease/Leaf Blotch/Leaf Blotch00198.JPG,Turmeric Plant Disease Dataset Advancing AI (Original),Leaf Blotch,Leaf Blotch,disease,TURM_DUP_0598,train,42,373fd1627e1ffb741aee9623977ed0d0c51dec87f0ff810199b3c04b156e1cae,1000,1000
TURM_04958,DATASET/Turmeric Plant Disease Dataset Advancing AI for Agricultural Sustainability.zip#Turmeric Plant Disease Dataset Advancing AI for Agricultural Sustainability/Turmeric Plant Disease.zip#Turmeric Plant Disease/Leaf Blotch/Leaf Blotch00197.JPG,Turmeric Plant Disease Dataset Advancing AI (Original),Leaf Blotch,Leaf Blotch,disease,TURM_DUP_0597,train,42,b0aa511b70f63cd8717ecdf01acf6d6d1f34f4023ab597cd696aba8e3def2915,1000,1000
TURM_04827,DATASET/Turmeric Plant Disease Dataset Advancing AI for Agricultural Sustainability.zip#Turmeric Plant Disease Dataset Advancing AI for Agricultural Sustainability/Turmeric Plant Disease.zip#Turmeric Plant Disease/Leaf Blotch/Leaf Blotch00066.JPG,Turmeric Plant Disease Dataset Advancing AI (Original),Leaf Blotch,Leaf Blotch,disease,TURM_DUP_0466,train,42,4358b3e411446759e5d35e3d93d6aae4e9b7c1ded77c66242292277b23418564,1000,1000
TURM_04764,DATASET/Turmeric Plant Disease Dataset Advancing AI for Agricultural Sustainability.zip#Turmeric Plant Disease Dataset Advancing AI for Agricultural Sustainability/Turmeric Plant Disease.zip#Turmeric Plant Disease/Leaf Blotch/Leaf Blotch00003.JPG,Turmeric Plant Disease Dataset Advancing AI (Original),Leaf Blotch,Leaf Blotch,disease,TURM_DUP_0403,train,42,b32906700713e8eab661f5adedfcf256fcb2c9633d8d27425b9d24eb2350640e,1000,1000
TURM_04830,DATASET/Turmeric Plant Disease Dataset Advancing AI for Agricultural Sustainability.zip#Turmeric Plant Disease Dataset Advancing AI for Agricultural Sustainability/Turmeric Plant Disease.zip#Turmeric Plant Disease/Leaf Blotch/Leaf Blotch00069.JPG,Turmeric Plant Disease Dataset Advancing AI (Original),Leaf Blotch,Leaf Blotch,disease,TURM_DUP_0469,train,42,b2fabf313777ee5321b4828ec573257ca13da00c438da07bf79bfb374f6ab9d9,1000,1000
TURM_04767,DATASET/Turmeric Plant Disease Dataset Advancing AI for Agricultural Sustainability.zip#Turmeric Plant Disease Dataset Advancing AI for Agricultural Sustainability/Turmeric Plant Disease.zip#Turmeric Plant Disease/Leaf Blotch/Leaf Blotch00006.JPG,Turmeric Plant Disease Dataset Advancing AI (Original),Leaf Blotch,Leaf Blotch,disease,TURM_DUP_0406,train,42,b0975277450bc6f9f338542e47055ab8a8947999d4a87cd8e2097f23af27f392,1000,1000
TURM_04833,DATASET/Turmeric Plant Disease Dataset Advancing AI for Agricultural Sustainability.zip#Turmeric Plant Disease Dataset Advancing AI for Agricultural Sustainability/Turmeric Plant Disease.zip#Turmeric Plant Disease/Leaf Blotch/Leaf Blotch00072.JPG,Turmeric Plant Disease Dataset Advancing AI (Original),Leaf Blotch,Leaf Blotch,disease,TURM_DUP_0472,train,42,4d708ddd1deb61eb7c1e0bc6a65680f6e107371dfb40492a7dae0608214eacc2,1000,1000
TURM_04929,DATASET/Turmeric Plant Disease Dataset Advancing AI for Agricultural Sustainability.zip#Turmeric Plant Disease Dataset Advancing AI for Agricultural Sustainability/Turmeric Plant Disease.zip#Turmeric Plant Disease/Leaf Blotch/Leaf Blotch00168.JPG,Turmeric Plant Disease Dataset Advancing AI (Original),Leaf Blotch,Leaf Blotch,disease,TURM_DUP_0568,train,42,a8da7a7b27b31525a1d5db973137aa18ff43e5cb5e190c64b208cbb18252b472,1000,1000
TURM_04910,DATASET/Turmeric Plant Disease Dataset Advancing AI for Agricultural Sustainability.zip#Turmeric Plant Disease Dataset Advancing AI for Agricultural Sustainability/Turmeric Plant Disease.zip#Turmeric Plant Disease/Leaf Blotch/Leaf Blotch00149.JPG,Turmeric Plant Disease Dataset Advancing AI (Original),Leaf Blotch,Leaf Blotch,disease,TURM_DUP_0549,train,42,3bccbe4d7bd1ea6d4bab858a879703d725689575df6a9b413e7574167579bab1,1000,1000
TURM_04905,DATASET/Turmeric Plant Disease Dataset Advancing AI for Agricultural Sustainability.zip#Turmeric Plant Disease Dataset Advancing AI for Agricultural Sustainability/Turmeric Plant Disease.zip#Turmeric Plant Disease/Leaf Blotch/Leaf Blotch00144.JPG,Turmeric Plant Disease Dataset Advancing AI (Original),Leaf Blotch,Leaf Blotch,disease,TURM_DUP_0544,train,42,a36147074dcdc475fc13648a9786c8a91b025bf27f23813194f38d347bc1a890,1000,1000
TURM_04813,DATASET/Turmeric Plant Disease Dataset Advancing AI for Agricultural Sustainability.zip#Turmeric Plant Disease Dataset Advancing AI for Agricultural Sustainability/Turmeric Plant Disease.zip#Turmeric Plant Disease/Leaf Blotch/Leaf Blotch00052.JPG,Turmeric Plant Disease Dataset Advancing AI (Original),Leaf Blotch,Leaf Blotch,disease,TURM_DUP_0452,train,42,fb4624fac282734aba4fcb5aebf337290b8e6cf2f987325757a245553207bff5,1000,1000
TURM_04901,DATASET/Turmeric Plant Disease Dataset Advancing AI for Agricultural Sustainability.zip#Turmeric Plant Disease Dataset Advancing AI for Agricultural Sustainability/Turmeric Plant Disease.zip#Turmeric Plant Disease/Leaf Blotch/Leaf Blotch00140.JPG,Turmeric Plant Disease Dataset Advancing AI (Original),Leaf Blotch,Leaf Blotch,disease,TURM_DUP_0540,train,42,2bf6ff5f4666e585d6090bc11882b786c5c37f0d1384ff8a3fa132fe15393c02,1000,1000
TURM_04954,DATASET/Turmeric Plant Disease Dataset Advancing AI for Agricultural Sustainability.zip#Turmeric Plant Disease Dataset Advancing AI for Agricultural Sustainability/Turmeric Plant Disease.zip#Turmeric Plant Disease/Leaf Blotch/Leaf Blotch00193.JPG,Turmeric Plant Disease Dataset Advancing AI (Original),Leaf Blotch,Leaf Blotch,disease,TURM_DUP_0593,train,42,de380ab07d2966c1ad65dc283e45421c40d05621ba16826d5274c1491097ae4b,1000,1000
TURM_04777,DATASET/Turmeric Plant Disease Dataset Advancing AI for Agricultural Sustainability.zip#Turmeric Plant Disease Dataset Advancing AI for Agricultural Sustainability/Turmeric Plant Disease.zip#Turmeric Plant Disease/Leaf Blotch/Leaf Blotch00016.JPG,Turmeric Plant Disease Dataset Advancing AI (Original),Leaf Blotch,Leaf Blotch,disease,TURM_DUP_0416,train,42,5b02a8663118e9253acb4d130fde00232026748791cee4312ac00af5c7d11b28,1000,1000
TURM_04818,DATASET/Turmeric Plant Disease Dataset Advancing AI for Agricultural Sustainability.zip#Turmeric Plant Disease Dataset Advancing AI for Agricultural Sustainability/Turmeric Plant Disease.zip#Turmeric Plant Disease/Leaf Blotch/Leaf Blotch00057.JPG,Turmeric Plant Disease Dataset Advancing AI (Original),Leaf Blotch,Leaf Blotch,disease,TURM_DUP_0457,train,42,ce4a60bc603f9981811853f01fd945f3eec9692d9e6adf766f7d4fe9e843e6e0,1000,1000
TURM_04857,DATASET/Turmeric Plant Disease Dataset Advancing AI for Agricultural Sustainability.zip#Turmeric Plant Disease Dataset Advancing AI for Agricultural Sustainability/Turmeric Plant Disease.zip#Turmeric Plant Disease/Leaf Blotch/Leaf Blotch00096.JPG,Turmeric Plant Disease Dataset Advancing AI (Original),Leaf Blotch,Leaf Blotch,disease,TURM_DUP_0496,train,42,8db7df612cad64d4f22985a8361a4d1ff7a80500f983327e37d6ee7ac8d24c77,1000,1000
TURM_04888,DATASET/Turmeric Plant Disease Dataset Advancing AI for Agricultural Sustainability.zip#Turmeric Plant Disease Dataset Advancing AI for Agricultural Sustainability/Turmeric Plant Disease.zip#Turmeric Plant Disease/Leaf Blotch/Leaf Blotch00127.JPG,Turmeric Plant Disease Dataset Advancing AI (Original),Leaf Blotch,Leaf Blotch,disease,TURM_DUP_0527,train,42,191c493d67a6ff5871921c7e8fad646fc68bd4950189cb6b95e066fbf277660d,1000,1000
TURM_04801,DATASET/Turmeric Plant Disease Dataset Advancing AI for Agricultural Sustainability.zip#Turmeric Plant Disease Dataset Advancing AI for Agricultural Sustainability/Turmeric Plant Disease.zip#Turmeric Plant Disease/Leaf Blotch/Leaf Blotch00040.JPG,Turmeric Plant Disease Dataset Advancing AI (Original),Leaf Blotch,Leaf Blotch,disease,TURM_DUP_0440,train,42,09ce7d6a5cfa91a3193a92483fba579e221ac749bdc0444122a88c257a58df78,1000,1000
TURM_04948,DATASET/Turmeric Plant Disease Dataset Advancing AI for Agricultural Sustainability.zip#Turmeric Plant Disease Dataset Advancing AI for Agricultural Sustainability/Turmeric Plant Disease.zip#Turmeric Plant Disease/Leaf Blotch/Leaf Blotch00187.JPG,Turmeric Plant Disease Dataset Advancing AI (Original),Leaf Blotch,Leaf Blotch,disease,TURM_DUP_0587,train,42,05248aded2d49d43bc72283d7589202074ca5f7e0508f0c4482d829b0f6dd18d,1000,1000
TURM_04886,DATASET/Turmeric Plant Disease Dataset Advancing AI for Agricultural Sustainability.zip#Turmeric Plant Disease Dataset Advancing AI for Agricultural Sustainability/Turmeric Plant Disease.zip#Turmeric Plant Disease/Leaf Blotch/Leaf Blotch00125.JPG,Turmeric Plant Disease Dataset Advancing AI (Original),Leaf Blotch,Leaf Blotch,disease,TURM_DUP_0525,train,42,eb6ff4e6e57a554a981e90134eb72f131adc454c2397e865da07485536bb0e57,1000,1000
TURM_04933,DATASET/Turmeric Plant Disease Dataset Advancing AI for Agricultural Sustainability.zip#Turmeric Plant Disease Dataset Advancing AI for Agricultural Sustainability/Turmeric Plant Disease.zip#Turmeric Plant Disease/Leaf Blotch/Leaf Blotch00172.JPG,Turmeric Plant Disease Dataset Advancing AI (Original),Leaf Blotch,Leaf Blotch,disease,TURM_DUP_0572,train,42,320ac7cd97de6c9f2ff37cf981c9bad1d7436b6f70f5251c3837ac590a2df2fb,1000,1000
TURM_04904,DATASET/Turmeric Plant Disease Dataset Advancing AI for Agricultural Sustainability.zip#Turmeric Plant Disease Dataset Advancing AI for Agricultural Sustainability/Turmeric Plant Disease.zip#Turmeric Plant Disease/Leaf Blotch/Leaf Blotch00143.JPG,Turmeric Plant Disease Dataset Advancing AI (Original),Leaf Blotch,Leaf Blotch,disease,TURM_DUP_0543,train,42,34bef6fa4e732258e6661925a6c391bb0adee81ad6362236aa3cd2605488b3e9,1000,1000
TURM_04796,DATASET/Turmeric Plant Disease Dataset Advancing AI for Agricultural Sustainability.zip#Turmeric Plant Disease Dataset Advancing AI for Agricultural Sustainability/Turmeric Plant Disease.zip#Turmeric Plant Disease/Leaf Blotch/Leaf Blotch00035.JPG,Turmeric Plant Disease Dataset Advancing AI (Original),Leaf Blotch,Leaf Blotch,disease,TURM_DUP_0435,train,42,4ade127b37d487158e1cad776ff69a1ca5bc17f147d1478d15fd11e0eb94b864,1000,1000
TURM_04781,DATASET/Turmeric Plant Disease Dataset Advancing AI for Agricultural Sustainability.zip#Turmeric Plant Disease Dataset Advancing AI for Agricultural Sustainability/Turmeric Plant Disease.zip#Turmeric Plant Disease/Leaf Blotch/Leaf Blotch00020.JPG,Turmeric Plant Disease Dataset Advancing AI (Original),Leaf Blotch,Leaf Blotch,disease,TURM_DUP_0420,train,42,4deaf3b322ba031a9441f7bc0e825a0221674121afac282d056d220c9b5c10b8,1000,1000
TURM_04790,DATASET/Turmeric Plant Disease Dataset Advancing AI for Agricultural Sustainability.zip#Turmeric Plant Disease Dataset Advancing AI for Agricultural Sustainability/Turmeric Plant Disease.zip#Turmeric Plant Disease/Leaf Blotch/Leaf Blotch00029.JPG,Turmeric Plant Disease Dataset Advancing AI (Original),Leaf Blotch,Leaf Blotch,disease,TURM_DUP_0429,train,42,9084a3ec7dec67d5ebcbb05899246fd6e666c3d10065b70b3eaa20d64f1144db,1000,1000
TURM_04957,DATASET/Turmeric Plant Disease Dataset Advancing AI for Agricultural Sustainability.zip#Turmeric Plant Disease Dataset Advancing AI for Agricultural Sustainability/Turmeric Plant Disease.zip#Turmeric Plant Disease/Leaf Blotch/Leaf Blotch00196.JPG,Turmeric Plant Disease Dataset Advancing AI (Original),Leaf Blotch,Leaf Blotch,disease,TURM_DUP_0596,train,42,ce7d399d0b4b0fa5856c2c54f46d778be7605964627c89642ab70c0c2034e8e0,1000,1000
TURM_04776,DATASET/Turmeric Plant Disease Dataset Advancing AI for Agricultural Sustainability.zip#Turmeric Plant Disease Dataset Advancing AI for Agricultural Sustainability/Turmeric Plant Disease.zip#Turmeric Plant Disease/Leaf Blotch/Leaf Blotch00015.JPG,Turmeric Plant Disease Dataset Advancing AI (Original),Leaf Blotch,Leaf Blotch,disease,TURM_DUP_0415,train,42,4535af09eab55207483d728a2ab8c24ef31f1416940c682d071c8fbbbb57f450,1000,1000
TURM_04816,DATASET/Turmeric Plant Disease Dataset Advancing AI for Agricultural Sustainability.zip#Turmeric Plant Disease Dataset Advancing AI for Agricultural Sustainability/Turmeric Plant Disease.zip#Turmeric Plant Disease/Leaf Blotch/Leaf Blotch00055.JPG,Turmeric Plant Disease Dataset Advancing AI (Original),Leaf Blotch,Leaf Blotch,disease,TURM_DUP_0455,train,42,c6bebb88a796a012056d9b45746afc5e75a2562d5b5c7fd9addf3b3ae8a37341,1000,1000
TURM_04937,DATASET/Turmeric Plant Disease Dataset Advancing AI for Agricultural Sustainability.zip#Turmeric Plant Disease Dataset Advancing AI for Agricultural Sustainability/Turmeric Plant Disease.zip#Turmeric Plant Disease/Leaf Blotch/Leaf Blotch00176.JPG,Turmeric Plant Disease Dataset Advancing AI (Original),Leaf Blotch,Leaf Blotch,disease,TURM_DUP_0576,train,42,6144ea6ee73edeaec6eef36fdd72600d3f8f23a39734a2d1535bfe3dca1d9a35,1000,1000
TURM_04876,DATASET/Turmeric Plant Disease Dataset Advancing AI for Agricultural Sustainability.zip#Turmeric Plant Disease Dataset Advancing AI for Agricultural Sustainability/Turmeric Plant Disease.zip#Turmeric Plant Disease/Leaf Blotch/Leaf Blotch00115.JPG,Turmeric Plant Disease Dataset Advancing AI (Original),Leaf Blotch,Leaf Blotch,disease,TURM_DUP_0515,train,42,777dcb47becf92ad58bd9802c3823bb6a5e8685779287f95aaf2f7f9991347a1,1000,1000
TURM_04935,DATASET/Turmeric Plant Disease Dataset Advancing AI for Agricultural Sustainability.zip#Turmeric Plant Disease Dataset Advancing AI for Agricultural Sustainability/Turmeric Plant Disease.zip#Turmeric Plant Disease/Leaf Blotch/Leaf Blotch00174.JPG,Turmeric Plant Disease Dataset Advancing AI (Original),Leaf Blotch,Leaf Blotch,disease,TURM_DUP_0574,train,42,c430878f49784808b7a43b423bc79c614e74073f36a699c07536d22bcafca277,1000,1000
TURM_04879,DATASET/Turmeric Plant Disease Dataset Advancing AI for Agricultural Sustainability.zip#Turmeric Plant Disease Dataset Advancing AI for Agricultural Sustainability/Turmeric Plant Disease.zip#Turmeric Plant Disease/Leaf Blotch/Leaf Blotch00118.JPG,Turmeric Plant Disease Dataset Advancing AI (Original),Leaf Blotch,Leaf Blotch,disease,TURM_DUP_0518,train,42,567d3c101b676bd9517be964e160761ca94319cbb469729647e775d8f291fce0,1000,1000
TURM_04893,DATASET/Turmeric Plant Disease Dataset Advancing AI for Agricultural Sustainability.zip#Turmeric Plant Disease Dataset Advancing AI for Agricultural Sustainability/Turmeric Plant Disease.zip#Turmeric Plant Disease/Leaf Blotch/Leaf Blotch00132.JPG,Turmeric Plant Disease Dataset Advancing AI (Original),Leaf Blotch,Leaf Blotch,disease,TURM_DUP_0532,train,42,4dba15fe28ae359a085528bff21b9d1e799929a0e34dd5d5d3cd7216f528cf77,1000,1000
TURM_04860,DATASET/Turmeric Plant Disease Dataset Advancing AI for Agricultural Sustainability.zip#Turmeric Plant Disease Dataset Advancing AI for Agricultural Sustainability/Turmeric Plant Disease.zip#Turmeric Plant Disease/Leaf Blotch/Leaf Blotch00099.JPG,Turmeric Plant Disease Dataset Advancing AI (Original),Leaf Blotch,Leaf Blotch,disease,TURM_DUP_0499,train,42,fb781c4a7f808456b8bffcd9ef37c1fe677d671ed26b4d6df4bd4dec235b52d1,1000,1000
TURM_04913,DATASET/Turmeric Plant Disease Dataset Advancing AI for Agricultural Sustainability.zip#Turmeric Plant Disease Dataset Advancing AI for Agricultural Sustainability/Turmeric Plant Disease.zip#Turmeric Plant Disease/Leaf Blotch/Leaf Blotch00152.JPG,Turmeric Plant Disease Dataset Advancing AI (Original),Leaf Blotch,Leaf Blotch,disease,TURM_DUP_0552,train,42,fb992f8a313904a2054b7e3e910b85b0df55e37da3b851963a202a83d5d7a4be,1000,1000
TURM_04870,DATASET/Turmeric Plant Disease Dataset Advancing AI for Agricultural Sustainability.zip#Turmeric Plant Disease Dataset Advancing AI for Agricultural Sustainability/Turmeric Plant Disease.zip#Turmeric Plant Disease/Leaf Blotch/Leaf Blotch00109.JPG,Turmeric Plant Disease Dataset Advancing AI (Original),Leaf Blotch,Leaf Blotch,disease,TURM_DUP_0509,train,42,3b3f1d3aa2462a9c1edfa1632b43628c97ad06cf5f0c4e48185cd152b7cf3015,1000,1000
TURM_04934,DATASET/Turmeric Plant Disease Dataset Advancing AI for Agricultural Sustainability.zip#Turmeric Plant Disease Dataset Advancing AI for Agricultural Sustainability/Turmeric Plant Disease.zip#Turmeric Plant Disease/Leaf Blotch/Leaf Blotch00173.JPG,Turmeric Plant Disease Dataset Advancing AI (Original),Leaf Blotch,Leaf Blotch,disease,TURM_DUP_0573,train,42,6e55a9d2bda699e6e75b8f11fdc0be81ac77fce69bc52124abf9a73188e86961,1000,1000
TURM_04851,DATASET/Turmeric Plant Disease Dataset Advancing AI for Agricultural Sustainability.zip#Turmeric Plant Disease Dataset Advancing AI for Agricultural Sustainability/Turmeric Plant Disease.zip#Turmeric Plant Disease/Leaf Blotch/Leaf Blotch00090.JPG,Turmeric Plant Disease Dataset Advancing AI (Original),Leaf Blotch,Leaf Blotch,disease,TURM_DUP_0490,train,42,8bda12e03798c99c0f9340c8e12b9560670ff8d83cac8f889bc274ba58f41318,1000,1000
TURM_04881,DATASET/Turmeric Plant Disease Dataset Advancing AI for Agricultural Sustainability.zip#Turmeric Plant Disease Dataset Advancing AI for Agricultural Sustainability/Turmeric Plant Disease.zip#Turmeric Plant Disease/Leaf Blotch/Leaf Blotch00120.JPG,Turmeric Plant Disease Dataset Advancing AI (Original),Leaf Blotch,Leaf Blotch,disease,TURM_DUP_0520,train,42,b5b79e93a56ffeb0c1908db5c5c687cf0812314e622b89859de60f8e19ae1096,1000,1000
TURM_04960,DATASET/Turmeric Plant Disease Dataset Advancing AI for Agricultural Sustainability.zip#Turmeric Plant Disease Dataset Advancing AI for Agricultural Sustainability/Turmeric Plant Disease.zip#Turmeric Plant Disease/Leaf Blotch/Leaf Blotch00199.JPG,Turmeric Plant Disease Dataset Advancing AI (Original),Leaf Blotch,Leaf Blotch,disease,TURM_DUP_0599,train,42,8c5e5999bf9f13e92c79a401c96bd97e22b0ba1260d2a64c184f374166542cc6,1000,1000
TURM_04798,DATASET/Turmeric Plant Disease Dataset Advancing AI for Agricultural Sustainability.zip#Turmeric Plant Disease Dataset Advancing AI for Agricultural Sustainability/Turmeric Plant Disease.zip#Turmeric Plant Disease/Leaf Blotch/Leaf Blotch00037.JPG,Turmeric Plant Disease Dataset Advancing AI (Original),Leaf Blotch,Leaf Blotch,disease,TURM_DUP_0437,train,42,0f91ed7859af82f56f44b98f524ab1a08880e08fcdb44184db8e2627cf2897cd,1000,1000
TURM_04918,DATASET/Turmeric Plant Disease Dataset Advancing AI for Agricultural Sustainability.zip#Turmeric Plant Disease Dataset Advancing AI for Agricultural Sustainability/Turmeric Plant Disease.zip#Turmeric Plant Disease/Leaf Blotch/Leaf Blotch00157.JPG,Turmeric Plant Disease Dataset Advancing AI (Original),Leaf Blotch,Leaf Blotch,disease,TURM_DUP_0557,train,42,f2f384ebf7bc41d0637d4b587044dc201b94df43d53eaf173c252ad4901213ed,1000,1000
TURM_04766,DATASET/Turmeric Plant Disease Dataset Advancing AI for Agricultural Sustainability.zip#Turmeric Plant Disease Dataset Advancing AI for Agricultural Sustainability/Turmeric Plant Disease.zip#Turmeric Plant Disease/Leaf Blotch/Leaf Blotch00005.JPG,Turmeric Plant Disease Dataset Advancing AI (Original),Leaf Blotch,Leaf Blotch,disease,TURM_DUP_0405,train,42,b5226d7c1649a14108ea4d4cb07f7891e66ce892f3f25536e7c1e20665c8d718,1000,1000
TURM_04799,DATASET/Turmeric Plant Disease Dataset Advancing AI for Agricultural Sustainability.zip#Turmeric Plant Disease Dataset Advancing AI for Agricultural Sustainability/Turmeric Plant Disease.zip#Turmeric Plant Disease/Leaf Blotch/Leaf Blotch00038.JPG,Turmeric Plant Disease Dataset Advancing AI (Original),Leaf Blotch,Leaf Blotch,disease,TURM_DUP_0438,train,42,47d071975fbd13b57c6336b6591d0daa163eb440d3f5c66c938e6190e997b492,1000,1000
TURM_04822,DATASET/Turmeric Plant Disease Dataset Advancing AI for Agricultural Sustainability.zip#Turmeric Plant Disease Dataset Advancing AI for Agricultural Sustainability/Turmeric Plant Disease.zip#Turmeric Plant Disease/Leaf Blotch/Leaf Blotch00061.JPG,Turmeric Plant Disease Dataset Advancing AI (Original),Leaf Blotch,Leaf Blotch,disease,TURM_DUP_0461,train,42,d4aa7e2898d5936a128380acf6b80f378e4699cbd7601bc276327762d5d4c804,1000,1000
TURM_04891,DATASET/Turmeric Plant Disease Dataset Advancing AI for Agricultural Sustainability.zip#Turmeric Plant Disease Dataset Advancing AI for Agricultural Sustainability/Turmeric Plant Disease.zip#Turmeric Plant Disease/Leaf Blotch/Leaf Blotch00130.JPG,Turmeric Plant Disease Dataset Advancing AI (Original),Leaf Blotch,Leaf Blotch,disease,TURM_DUP_0530,train,42,a3ca176ba567a845f29049f129a1f8a1db317787e2f2e816ff72e86aa22cfb30,1000,1000
TURM_04850,DATASET/Turmeric Plant Disease Dataset Advancing AI for Agricultural Sustainability.zip#Turmeric Plant Disease Dataset Advancing AI for Agricultural Sustainability/Turmeric Plant Disease.zip#Turmeric Plant Disease/Leaf Blotch/Leaf Blotch00089.JPG,Turmeric Plant Disease Dataset Advancing AI (Original),Leaf Blotch,Leaf Blotch,disease,TURM_DUP_0489,train,42,87e83a204f4470758a083c3b1efd64a783fd20559d3039d19c9dfd25ee9b6881,1000,1000
TURM_04895,DATASET/Turmeric Plant Disease Dataset Advancing AI for Agricultural Sustainability.zip#Turmeric Plant Disease Dataset Advancing AI for Agricultural Sustainability/Turmeric Plant Disease.zip#Turmeric Plant Disease/Leaf Blotch/Leaf Blotch00134.JPG,Turmeric Plant Disease Dataset Advancing AI (Original),Leaf Blotch,Leaf Blotch,disease,TURM_DUP_0534,train,42,cccf9f66f5132266271fd976b9517fe3cbfb790dcfb506c037d7365b286e86d0,1000,1000
TURM_04814,DATASET/Turmeric Plant Disease Dataset Advancing AI for Agricultural Sustainability.zip#Turmeric Plant Disease Dataset Advancing AI for Agricultural Sustainability/Turmeric Plant Disease.zip#Turmeric Plant Disease/Leaf Blotch/Leaf Blotch00053.JPG,Turmeric Plant Disease Dataset Advancing AI (Original),Leaf Blotch,Leaf Blotch,disease,TURM_DUP_0453,train,42,a2efb806fd3d1278c734f67a1f6c0221ad6ccaf89b3b9fad1516352badb9e996,1000,1000
TURM_04762,DATASET/Turmeric Plant Disease Dataset Advancing AI for Agricultural Sustainability.zip#Turmeric Plant Disease Dataset Advancing AI for Agricultural Sustainability/Turmeric Plant Disease.zip#Turmeric Plant Disease/Leaf Blotch/Leaf Blotch00001.JPG,Turmeric Plant Disease Dataset Advancing AI (Original),Leaf Blotch,Leaf Blotch,disease,TURM_DUP_0401,train,42,f461942049356cd766f3c3d99a694b69dc0861a87e650f004c6e580385152328,1000,1000
TURM_04939,DATASET/Turmeric Plant Disease Dataset Advancing AI for Agricultural Sustainability.zip#Turmeric Plant Disease Dataset Advancing AI for Agricultural Sustainability/Turmeric Plant Disease.zip#Turmeric Plant Disease/Leaf Blotch/Leaf Blotch00178.JPG,Turmeric Plant Disease Dataset Advancing AI (Original),Leaf Blotch,Leaf Blotch,disease,TURM_DUP_0578,train,42,66c6f9b9d83a9b9393b1ac6b5e3d6bcfb1334422d2314838dac0413e8519d5e3,1000,1000
TURM_04771,DATASET/Turmeric Plant Disease Dataset Advancing AI for Agricultural Sustainability.zip#Turmeric Plant Disease Dataset Advancing AI for Agricultural Sustainability/Turmeric Plant Disease.zip#Turmeric Plant Disease/Leaf Blotch/Leaf Blotch00010.JPG,Turmeric Plant Disease Dataset Advancing AI (Original),Leaf Blotch,Leaf Blotch,disease,TURM_DUP_0410,train,42,3197e2822de599021d133b9768cc32b77177d96d791f65244880d4b84c54b147,1000,1000
TURM_04927,DATASET/Turmeric Plant Disease Dataset Advancing AI for Agricultural Sustainability.zip#Turmeric Plant Disease Dataset Advancing AI for Agricultural Sustainability/Turmeric Plant Disease.zip#Turmeric Plant Disease/Leaf Blotch/Leaf Blotch00166.JPG,Turmeric Plant Disease Dataset Advancing AI (Original),Leaf Blotch,Leaf Blotch,disease,TURM_DUP_0566,train,42,cbf3d1e7abbbe373aff7d818c2772ccb6a0f1dc8576dce3a71625ecdfcdaa7cc,1000,1000
TURM_04784,DATASET/Turmeric Plant Disease Dataset Advancing AI for Agricultural Sustainability.zip#Turmeric Plant Disease Dataset Advancing AI for Agricultural Sustainability/Turmeric Plant Disease.zip#Turmeric Plant Disease/Leaf Blotch/Leaf Blotch00023.JPG,Turmeric Plant Disease Dataset Advancing AI (Original),Leaf Blotch,Leaf Blotch,disease,TURM_DUP_0423,train,42,088d109e2e6e0975cd20e6cdd899b01c565f6420bbe942e718f24ee32f169fe2,1000,1000
TURM_04897,DATASET/Turmeric Plant Disease Dataset Advancing AI for Agricultural Sustainability.zip#Turmeric Plant Disease Dataset Advancing AI for Agricultural Sustainability/Turmeric Plant Disease.zip#Turmeric Plant Disease/Leaf Blotch/Leaf Blotch00136.JPG,Turmeric Plant Disease Dataset Advancing AI (Original),Leaf Blotch,Leaf Blotch,disease,TURM_DUP_0536,train,42,f17764c13c4bc3b6252b0f7f8370efce193000d05b9f513737c7c56f8782ffa7,1000,1000
TURM_04782,DATASET/Turmeric Plant Disease Dataset Advancing AI for Agricultural Sustainability.zip#Turmeric Plant Disease Dataset Advancing AI for Agricultural Sustainability/Turmeric Plant Disease.zip#Turmeric Plant Disease/Leaf Blotch/Leaf Blotch00021.JPG,Turmeric Plant Disease Dataset Advancing AI (Original),Leaf Blotch,Leaf Blotch,disease,TURM_DUP_0421,train,42,ee49b74450ba10a92af6077cc1323c1b67ed4be8d473a62c90124c945b6e5ae2,1000,1000
TURM_04772,DATASET/Turmeric Plant Disease Dataset Advancing AI for Agricultural Sustainability.zip#Turmeric Plant Disease Dataset Advancing AI for Agricultural Sustainability/Turmeric Plant Disease.zip#Turmeric Plant Disease/Leaf Blotch/Leaf Blotch00011.JPG,Turmeric Plant Disease Dataset Advancing AI (Original),Leaf Blotch,Leaf Blotch,disease,TURM_DUP_0411,train,42,eb7a12979ed145ac65973d93bb68efb106fa425b3fffce4aaac857552e900cb6,1000,1000
TURM_04846,DATASET/Turmeric Plant Disease Dataset Advancing AI for Agricultural Sustainability.zip#Turmeric Plant Disease Dataset Advancing AI for Agricultural Sustainability/Turmeric Plant Disease.zip#Turmeric Plant Disease/Leaf Blotch/Leaf Blotch00085.JPG,Turmeric Plant Disease Dataset Advancing AI (Original),Leaf Blotch,Leaf Blotch,disease,TURM_DUP_0485,train,42,3e7df1bbd842d6aab4d53cbcb94edd47688006f3398d76418d9d92803b7b939e,1000,1000
TURM_04795,DATASET/Turmeric Plant Disease Dataset Advancing AI for Agricultural Sustainability.zip#Turmeric Plant Disease Dataset Advancing AI for Agricultural Sustainability/Turmeric Plant Disease.zip#Turmeric Plant Disease/Leaf Blotch/Leaf Blotch00034.JPG,Turmeric Plant Disease Dataset Advancing AI (Original),Leaf Blotch,Leaf Blotch,disease,TURM_DUP_0434,train,42,2d9bdbe4174fe29f962cc0598e595ea3ad64ee78af3eace3d8a921274f060543,1000,1000
TURM_04789,DATASET/Turmeric Plant Disease Dataset Advancing AI for Agricultural Sustainability.zip#Turmeric Plant Disease Dataset Advancing AI for Agricultural Sustainability/Turmeric Plant Disease.zip#Turmeric Plant Disease/Leaf Blotch/Leaf Blotch00028.JPG,Turmeric Plant Disease Dataset Advancing AI (Original),Leaf Blotch,Leaf Blotch,disease,TURM_DUP_0428,train,42,ad14a282c698d7a5807452302ae052e494fed8a3fde581f96787efc10d938525,1000,1000
TURM_04950,DATASET/Turmeric Plant Disease Dataset Advancing AI for Agricultural Sustainability.zip#Turmeric Plant Disease Dataset Advancing AI for Agricultural Sustainability/Turmeric Plant Disease.zip#Turmeric Plant Disease/Leaf Blotch/Leaf Blotch00189.JPG,Turmeric Plant Disease Dataset Advancing AI (Original),Leaf Blotch,Leaf Blotch,disease,TURM_DUP_0589,train,42,aea41f06bcaa33ee37e4b3f2b7b89c0317f77e686bdf4bf9a39a6b5eee35c469,1000,1000
TURM_04920,DATASET/Turmeric Plant Disease Dataset Advancing AI for Agricultural Sustainability.zip#Turmeric Plant Disease Dataset Advancing AI for Agricultural Sustainability/Turmeric Plant Disease.zip#Turmeric Plant Disease/Leaf Blotch/Leaf Blotch00159.JPG,Turmeric Plant Disease Dataset Advancing AI (Original),Leaf Blotch,Leaf Blotch,disease,TURM_DUP_0559,train,42,5af49a5fc6de167684ccbefd38eb36df78e929a7fb29984f9d5078a006edb452,1000,1000
TURM_04894,DATASET/Turmeric Plant Disease Dataset Advancing AI for Agricultural Sustainability.zip#Turmeric Plant Disease Dataset Advancing AI for Agricultural Sustainability/Turmeric Plant Disease.zip#Turmeric Plant Disease/Leaf Blotch/Leaf Blotch00133.JPG,Turmeric Plant Disease Dataset Advancing AI (Original),Leaf Blotch,Leaf Blotch,disease,TURM_DUP_0533,train,42,bff16fd319eb3d7c18927a318bf90dccc1625a9876520c49b98795ab8500aae4,1000,1000
TURM_04774,DATASET/Turmeric Plant Disease Dataset Advancing AI for Agricultural Sustainability.zip#Turmeric Plant Disease Dataset Advancing AI for Agricultural Sustainability/Turmeric Plant Disease.zip#Turmeric Plant Disease/Leaf Blotch/Leaf Blotch00013.JPG,Turmeric Plant Disease Dataset Advancing AI (Original),Leaf Blotch,Leaf Blotch,disease,TURM_DUP_0413,train,42,5797dd7111430f12a244313aad959d22d1dda33555606a6fb5db54f435e09ccc,1000,1000
TURM_04856,DATASET/Turmeric Plant Disease Dataset Advancing AI for Agricultural Sustainability.zip#Turmeric Plant Disease Dataset Advancing AI for Agricultural Sustainability/Turmeric Plant Disease.zip#Turmeric Plant Disease/Leaf Blotch/Leaf Blotch00095.JPG,Turmeric Plant Disease Dataset Advancing AI (Original),Leaf Blotch,Leaf Blotch,disease,TURM_DUP_0495,train,42,49a4576ed9b3b3c938f5cbc76fc2567963bfe0cbfbf374cc0d0cd63dee084524,1000,1000
TURM_04909,DATASET/Turmeric Plant Disease Dataset Advancing AI for Agricultural Sustainability.zip#Turmeric Plant Disease Dataset Advancing AI for Agricultural Sustainability/Turmeric Plant Disease.zip#Turmeric Plant Disease/Leaf Blotch/Leaf Blotch00148.JPG,Turmeric Plant Disease Dataset Advancing AI (Original),Leaf Blotch,Leaf Blotch,disease,TURM_DUP_0548,train,42,cc1434ed9d62d989a76d87f4181460a763b54dff151b213a1fe7c23a7a898a5f,1000,1000
TURM_04889,DATASET/Turmeric Plant Disease Dataset Advancing AI for Agricultural Sustainability.zip#Turmeric Plant Disease Dataset Advancing AI for Agricultural Sustainability/Turmeric Plant Disease.zip#Turmeric Plant Disease/Leaf Blotch/Leaf Blotch00128.JPG,Turmeric Plant Disease Dataset Advancing AI (Original),Leaf Blotch,Leaf Blotch,disease,TURM_DUP_0528,train,42,b82a4d3b17421bb3a0d4cb4db3ec72c8de1ce78906d72cd24e82361bce8cbaf1,1000,1000
TURM_04769,DATASET/Turmeric Plant Disease Dataset Advancing AI for Agricultural Sustainability.zip#Turmeric Plant Disease Dataset Advancing AI for Agricultural Sustainability/Turmeric Plant Disease.zip#Turmeric Plant Disease/Leaf Blotch/Leaf Blotch00008.JPG,Turmeric Plant Disease Dataset Advancing AI (Original),Leaf Blotch,Leaf Blotch,disease,TURM_DUP_0408,train,42,c8bc1c36431f8bba388e437313476fdb6e489866cef23a0f4993352654de43ea,1000,1000
TURM_04841,DATASET/Turmeric Plant Disease Dataset Advancing AI for Agricultural Sustainability.zip#Turmeric Plant Disease Dataset Advancing AI for Agricultural Sustainability/Turmeric Plant Disease.zip#Turmeric Plant Disease/Leaf Blotch/Leaf Blotch00080.JPG,Turmeric Plant Disease Dataset Advancing AI (Original),Leaf Blotch,Leaf Blotch,disease,TURM_DUP_0480,train,42,ea04f87e0e0ab634f03ca3070bba9fe5aec4d07c7681143140eb739f645a905a,1000,1000
TURM_04917,DATASET/Turmeric Plant Disease Dataset Advancing AI for Agricultural Sustainability.zip#Turmeric Plant Disease Dataset Advancing AI for Agricultural Sustainability/Turmeric Plant Disease.zip#Turmeric Plant Disease/Leaf Blotch/Leaf Blotch00156.JPG,Turmeric Plant Disease Dataset Advancing AI (Original),Leaf Blotch,Leaf Blotch,disease,TURM_DUP_0556,train,42,feb9e250a4fe0779624715019bc19b1a9b569d3af507b765ed105a6e61e26d0f,1000,1000
TURM_04956,DATASET/Turmeric Plant Disease Dataset Advancing AI for Agricultural Sustainability.zip#Turmeric Plant Disease Dataset Advancing AI for Agricultural Sustainability/Turmeric Plant Disease.zip#Turmeric Plant Disease/Leaf Blotch/Leaf Blotch00195.JPG,Turmeric Plant Disease Dataset Advancing AI (Original),Leaf Blotch,Leaf Blotch,disease,TURM_DUP_0595,train,42,0a6c95a4479715a03f0fd96968d9f387128650db42381c9ba29e147d1e4ad30a,1000,1000
TURM_04871,DATASET/Turmeric Plant Disease Dataset Advancing AI for Agricultural Sustainability.zip#Turmeric Plant Disease Dataset Advancing AI for Agricultural Sustainability/Turmeric Plant Disease.zip#Turmeric Plant Disease/Leaf Blotch/Leaf Blotch00110.JPG,Turmeric Plant Disease Dataset Advancing AI (Original),Leaf Blotch,Leaf Blotch,disease,TURM_DUP_0510,train,42,9da7afa81a3e61543855bee8fb4292b375d3283f5c19b01076cf61e0d5b15706,1000,1000
TURM_04838,DATASET/Turmeric Plant Disease Dataset Advancing AI for Agricultural Sustainability.zip#Turmeric Plant Disease Dataset Advancing AI for Agricultural Sustainability/Turmeric Plant Disease.zip#Turmeric Plant Disease/Leaf Blotch/Leaf Blotch00077.JPG,Turmeric Plant Disease Dataset Advancing AI (Original),Leaf Blotch,Leaf Blotch,disease,TURM_DUP_0477,train,42,beaaea23514a4480a4f80b8ef730748295df904ad75372b6772c6b83a56d6c39,1000,1000
TURM_04875,DATASET/Turmeric Plant Disease Dataset Advancing AI for Agricultural Sustainability.zip#Turmeric Plant Disease Dataset Advancing AI for Agricultural Sustainability/Turmeric Plant Disease.zip#Turmeric Plant Disease/Leaf Blotch/Leaf Blotch00114.JPG,Turmeric Plant Disease Dataset Advancing AI (Original),Leaf Blotch,Leaf Blotch,disease,TURM_DUP_0514,train,42,d56549548f975ba0486c79308c36f0bdda7a20620841958b6edd9b0558a9d52e,1000,1000
TURM_04877,DATASET/Turmeric Plant Disease Dataset Advancing AI for Agricultural Sustainability.zip#Turmeric Plant Disease Dataset Advancing AI for Agricultural Sustainability/Turmeric Plant Disease.zip#Turmeric Plant Disease/Leaf Blotch/Leaf Blotch00116.JPG,Turmeric Plant Disease Dataset Advancing AI (Original),Leaf Blotch,Leaf Blotch,disease,TURM_DUP_0516,train,42,72324b16cac44552b7e314bf019450edc14d888dd1bb157fc597c0438c5996c6,1000,1000
TURM_04859,DATASET/Turmeric Plant Disease Dataset Advancing AI for Agricultural Sustainability.zip#Turmeric Plant Disease Dataset Advancing AI for Agricultural Sustainability/Turmeric Plant Disease.zip#Turmeric Plant Disease/Leaf Blotch/Leaf Blotch00098.JPG,Turmeric Plant Disease Dataset Advancing AI (Original),Leaf Blotch,Leaf Blotch,disease,TURM_DUP_0498,train,42,34dba31d4cea848a72bf72503841cfc25b4a0e2cbfba7e33ff6d36e50df64767,1000,1000
TURM_04819,DATASET/Turmeric Plant Disease Dataset Advancing AI for Agricultural Sustainability.zip#Turmeric Plant Disease Dataset Advancing AI for Agricultural Sustainability/Turmeric Plant Disease.zip#Turmeric Plant Disease/Leaf Blotch/Leaf Blotch00058.JPG,Turmeric Plant Disease Dataset Advancing AI (Original),Leaf Blotch,Leaf Blotch,disease,TURM_DUP_0458,train,42,4e19f66734b56a588880731a0a9026bd71e174bfc4db5b13fb856a13efb8fb10,1000,1000
TURM_04868,DATASET/Turmeric Plant Disease Dataset Advancing AI for Agricultural Sustainability.zip#Turmeric Plant Disease Dataset Advancing AI for Agricultural Sustainability/Turmeric Plant Disease.zip#Turmeric Plant Disease/Leaf Blotch/Leaf Blotch00107.JPG,Turmeric Plant Disease Dataset Advancing AI (Original),Leaf Blotch,Leaf Blotch,disease,TURM_DUP_0507,train,42,3ba44c877cf26bf06d7f5c0b0b637f42ef3b2af5e32a9c4178d64b859baf673e,1000,1000
TURM_04949,DATASET/Turmeric Plant Disease Dataset Advancing AI for Agricultural Sustainability.zip#Turmeric Plant Disease Dataset Advancing AI for Agricultural Sustainability/Turmeric Plant Disease.zip#Turmeric Plant Disease/Leaf Blotch/Leaf Blotch00188.JPG,Turmeric Plant Disease Dataset Advancing AI (Original),Leaf Blotch,Leaf Blotch,disease,TURM_DUP_0588,train,42,6d119df8f558bcf9f38c2ca92a005b57488311f4e0f3d84edd020c3788b30de1,1000,1000
TURM_04825,DATASET/Turmeric Plant Disease Dataset Advancing AI for Agricultural Sustainability.zip#Turmeric Plant Disease Dataset Advancing AI for Agricultural Sustainability/Turmeric Plant Disease.zip#Turmeric Plant Disease/Leaf Blotch/Leaf Blotch00064.JPG,Turmeric Plant Disease Dataset Advancing AI (Original),Leaf Blotch,Leaf Blotch,disease,TURM_DUP_0464,train,42,7303deed50367356274fd2ceb9611f1e2c3c0513ce2f0cc2308c149ffa360143,1000,1000
TURM_04783,DATASET/Turmeric Plant Disease Dataset Advancing AI for Agricultural Sustainability.zip#Turmeric Plant Disease Dataset Advancing AI for Agricultural Sustainability/Turmeric Plant Disease.zip#Turmeric Plant Disease/Leaf Blotch/Leaf Blotch00022.JPG,Turmeric Plant Disease Dataset Advancing AI (Original),Leaf Blotch,Leaf Blotch,disease,TURM_DUP_0422,train,42,001bd1dd361041b1a13a02dc619cc01c0aa9ba15917e0c48935d9a822f918b39,1000,1000
TURM_04931,DATASET/Turmeric Plant Disease Dataset Advancing AI for Agricultural Sustainability.zip#Turmeric Plant Disease Dataset Advancing AI for Agricultural Sustainability/Turmeric Plant Disease.zip#Turmeric Plant Disease/Leaf Blotch/Leaf Blotch00170.JPG,Turmeric Plant Disease Dataset Advancing AI (Original),Leaf Blotch,Leaf Blotch,disease,TURM_DUP_0570,train,42,8a9337c0eb3e2388a9545b21b118143fdc89e1cb9d224ec066e9e9ecee69d166,1000,1000
TURM_04262,DATASET/Image Dataset for Turmeric Plant Leaf Disease Detection.zip#Image Dataset for Turmeric Plant Leaf Disease Detection/Original DataSet/Leaf_Spot/leaf_spot_(183).jpg,Image Dataset for Turmeric Plant Leaf Disease Detection,Leaf_Spot,Leaf Spot,disease,None,train,42,9e62929cad93ba0cef1ef3f7678a95adc3cc0fb5c6511decc1bea84b3de88a14,4000,3000
TURM_04349,DATASET/Image Dataset for Turmeric Plant Leaf Disease Detection.zip#Image Dataset for Turmeric Plant Leaf Disease Detection/Original DataSet/Leaf_Spot/leaf_spot_(9).jpg,Image Dataset for Turmeric Plant Leaf Disease Detection,Leaf_Spot,Leaf Spot,disease,None,train,42,311a667edf97beb3e140dafd297b8298ec66c7cf79d3b7ee60347996822b3244,4000,3000
TURM_04318,DATASET/Image Dataset for Turmeric Plant Leaf Disease Detection.zip#Image Dataset for Turmeric Plant Leaf Disease Detection/Original DataSet/Leaf_Spot/leaf_spot_(60).jpg,Image Dataset for Turmeric Plant Leaf Disease Detection,Leaf_Spot,Leaf Spot,disease,None,train,42,9ce5c88648c049b04125469117173a13c5915123838af0b2ae886552ad5f0634,4000,3000
TURM_04338,DATASET/Image Dataset for Turmeric Plant Leaf Disease Detection.zip#Image Dataset for Turmeric Plant Leaf Disease Detection/Original DataSet/Leaf_Spot/leaf_spot_(77).jpg,Image Dataset for Turmeric Plant Leaf Disease Detection,Leaf_Spot,Leaf Spot,disease,None,train,42,8b37878d52ff654c9cb7653da1558a577702cba5c8b3684d97a5c1dcb68741dd,4000,3000
TURM_04353,DATASET/Image Dataset for Turmeric Plant Leaf Disease Detection.zip#Image Dataset for Turmeric Plant Leaf Disease Detection/Original DataSet/Leaf_Spot/leaf_spot_(91).jpg,Image Dataset for Turmeric Plant Leaf Disease Detection,Leaf_Spot,Leaf Spot,disease,None,train,42,b6ffa309483ad714a108942bc532c9dad8093513ed95fc9cb52c1baf8164d834,4000,3000
TURM_04300,DATASET/Image Dataset for Turmeric Plant Leaf Disease Detection.zip#Image Dataset for Turmeric Plant Leaf Disease Detection/Original DataSet/Leaf_Spot/leaf_spot_(44).jpg,Image Dataset for Turmeric Plant Leaf Disease Detection,Leaf_Spot,Leaf Spot,disease,None,train,42,a5d959171e29dc06a53e3b56d78cd9251493192f4cb2212895bfa5467bd36073,4000,3000
TURM_04223,DATASET/Image Dataset for Turmeric Plant Leaf Disease Detection.zip#Image Dataset for Turmeric Plant Leaf Disease Detection/Original DataSet/Leaf_Spot/leaf_spot_(147).jpg,Image Dataset for Turmeric Plant Leaf Disease Detection,Leaf_Spot,Leaf Spot,disease,None,train,42,12026eb12b8ae6701d776e9cabb0fe34925cc532fd1028e84b8dc0f71b044dc5,4000,3000
TURM_04332,DATASET/Image Dataset for Turmeric Plant Leaf Disease Detection.zip#Image Dataset for Turmeric Plant Leaf Disease Detection/Original DataSet/Leaf_Spot/leaf_spot_(72).jpg,Image Dataset for Turmeric Plant Leaf Disease Detection,Leaf_Spot,Leaf Spot,disease,None,train,42,ceea04b51494c9b00db56cc4cbe1a4dc06d6764a8abcbdae748ba8cd9faa9cfc,4000,3000
TURM_04246,DATASET/Image Dataset for Turmeric Plant Leaf Disease Detection.zip#Image Dataset for Turmeric Plant Leaf Disease Detection/Original DataSet/Leaf_Spot/leaf_spot_(169).jpg,Image Dataset for Turmeric Plant Leaf Disease Detection,Leaf_Spot,Leaf Spot,disease,None,train,42,2de08dea5c23d6155edd20f5dbbc622608d5e2968603c1ba1d023b948b1e9da1,4000,3000
TURM_04194,DATASET/Image Dataset for Turmeric Plant Leaf Disease Detection.zip#Image Dataset for Turmeric Plant Leaf Disease Detection/Original DataSet/Leaf_Spot/leaf_spot_(121).jpg,Image Dataset for Turmeric Plant Leaf Disease Detection,Leaf_Spot,Leaf Spot,disease,None,train,42,376a0b9040f5bd30bbe294aa400198dae4dee26a7c7ab02213ac2ae6695a9705,4000,3000
TURM_04197,DATASET/Image Dataset for Turmeric Plant Leaf Disease Detection.zip#Image Dataset for Turmeric Plant Leaf Disease Detection/Original DataSet/Leaf_Spot/leaf_spot_(124).jpg,Image Dataset for Turmeric Plant Leaf Disease Detection,Leaf_Spot,Leaf Spot,disease,None,train,42,34a72791883b8c24f47ecee2cb01a15092eb4eb769f495cc8a761b12cdbe8c6f,4000,3000
TURM_04213,DATASET/Image Dataset for Turmeric Plant Leaf Disease Detection.zip#Image Dataset for Turmeric Plant Leaf Disease Detection/Original DataSet/Leaf_Spot/leaf_spot_(139).jpg,Image Dataset for Turmeric Plant Leaf Disease Detection,Leaf_Spot,Leaf Spot,disease,None,train,42,af5b01f17b15dee05169656d2263938707ea957b4c68015b2c27245da37f02bc,4000,3000
TURM_04201,DATASET/Image Dataset for Turmeric Plant Leaf Disease Detection.zip#Image Dataset for Turmeric Plant Leaf Disease Detection/Original DataSet/Leaf_Spot/leaf_spot_(127).jpg,Image Dataset for Turmeric Plant Leaf Disease Detection,Leaf_Spot,Leaf Spot,disease,None,train,42,02ca62b0600d60e2aabbc787e1b8818f1c5d490f5d041ecfde2e5a03bbba1593,4000,3000
TURM_04313,DATASET/Image Dataset for Turmeric Plant Leaf Disease Detection.zip#Image Dataset for Turmeric Plant Leaf Disease Detection/Original DataSet/Leaf_Spot/leaf_spot_(52).jpg,Image Dataset for Turmeric Plant Leaf Disease Detection,Leaf_Spot,Leaf Spot,disease,None,train,42,6a92144f74f33ea49e8d9a14a8e32f5d7d5924389deb74fc5980378b31479f3d,4000,3000
TURM_04297,DATASET/Image Dataset for Turmeric Plant Leaf Disease Detection.zip#Image Dataset for Turmeric Plant Leaf Disease Detection/Original DataSet/Leaf_Spot/leaf_spot_(40).jpg,Image Dataset for Turmeric Plant Leaf Disease Detection,Leaf_Spot,Leaf Spot,disease,None,train,42,e0f136f691dd82bf88f5d2cada5f30f866f9d4ae047eb28f31c977d8bd84c4e4,4000,3000
TURM_04306,DATASET/Image Dataset for Turmeric Plant Leaf Disease Detection.zip#Image Dataset for Turmeric Plant Leaf Disease Detection/Original DataSet/Leaf_Spot/leaf_spot_(49).jpg,Image Dataset for Turmeric Plant Leaf Disease Detection,Leaf_Spot,Leaf Spot,disease,None,train,42,2f49708dc9e0a1e4fdd4b58df85652fd64acd1c94741dc69d3703bc3b4e7b7b3,4000,3000
TURM_04247,DATASET/Image Dataset for Turmeric Plant Leaf Disease Detection.zip#Image Dataset for Turmeric Plant Leaf Disease Detection/Original DataSet/Leaf_Spot/leaf_spot_(17).jpg,Image Dataset for Turmeric Plant Leaf Disease Detection,Leaf_Spot,Leaf Spot,disease,None,train,42,b8190c4e5f058ee4aeb71097c79e8b82672891e32ed6f2733aceb888b8473fe4,4000,3000
TURM_04175,DATASET/Image Dataset for Turmeric Plant Leaf Disease Detection.zip#Image Dataset for Turmeric Plant Leaf Disease Detection/Original DataSet/Leaf_Spot/leaf_spot_(104).jpg,Image Dataset for Turmeric Plant Leaf Disease Detection,Leaf_Spot,Leaf Spot,disease,None,train,42,4f79d4e23f8d43618c75e80f6b6c82c5997a9345107224b5f89eaf6b5479abba,4000,3000
TURM_04308,DATASET/Image Dataset for Turmeric Plant Leaf Disease Detection.zip#Image Dataset for Turmeric Plant Leaf Disease Detection/Original DataSet/Leaf_Spot/leaf_spot_(50).jpg,Image Dataset for Turmeric Plant Leaf Disease Detection,Leaf_Spot,Leaf Spot,disease,None,train,42,4d6e90d2f64004a45f14c36ea1a8e831f4dae350c7c263fd447b0ad0e36ffa91,4000,3000
TURM_04222,DATASET/Image Dataset for Turmeric Plant Leaf Disease Detection.zip#Image Dataset for Turmeric Plant Leaf Disease Detection/Original DataSet/Leaf_Spot/leaf_spot_(148).jpg,Image Dataset for Turmeric Plant Leaf Disease Detection,Leaf_Spot,Leaf Spot,disease,None,train,42,75e79fbc58271b781f2b78e22e253bc9a82915dd302aa7816d3a94266ebd75ec,4000,3000
TURM_04356,DATASET/Image Dataset for Turmeric Plant Leaf Disease Detection.zip#Image Dataset for Turmeric Plant Leaf Disease Detection/Original DataSet/Leaf_Spot/leaf_spot_(94).jpg,Image Dataset for Turmeric Plant Leaf Disease Detection,Leaf_Spot,Leaf Spot,disease,None,train,42,5e74e29ff75950b9e20289300d9ae41b074da25948e3315c40517510edbf3e7b,4000,3000
TURM_04359,DATASET/Image Dataset for Turmeric Plant Leaf Disease Detection.zip#Image Dataset for Turmeric Plant Leaf Disease Detection/Original DataSet/Leaf_Spot/leaf_spot_(99).jpg,Image Dataset for Turmeric Plant Leaf Disease Detection,Leaf_Spot,Leaf Spot,disease,None,train,42,ecde4f90c3bb525dc0b7822e104f18a34ebd4b3289889365609732be7f6110e0,4000,3000
TURM_04189,DATASET/Image Dataset for Turmeric Plant Leaf Disease Detection.zip#Image Dataset for Turmeric Plant Leaf Disease Detection/Original DataSet/Leaf_Spot/leaf_spot_(117).jpg,Image Dataset for Turmeric Plant Leaf Disease Detection,Leaf_Spot,Leaf Spot,disease,None,train,42,602ade085712920ed8d89b58242a405eec3a33f36bedb72c8999afee6322761c,4000,3000
TURM_04220,DATASET/Image Dataset for Turmeric Plant Leaf Disease Detection.zip#Image Dataset for Turmeric Plant Leaf Disease Detection/Original DataSet/Leaf_Spot/leaf_spot_(145).jpg,Image Dataset for Turmeric Plant Leaf Disease Detection,Leaf_Spot,Leaf Spot,disease,None,train,42,03da1c916e369f220fa3b8be96108df68c1cb2e9aa0567945a50c7e1d9ec1d88,4000,3000
TURM_04295,DATASET/Image Dataset for Turmeric Plant Leaf Disease Detection.zip#Image Dataset for Turmeric Plant Leaf Disease Detection/Original DataSet/Leaf_Spot/leaf_spot_(39).jpg,Image Dataset for Turmeric Plant Leaf Disease Detection,Leaf_Spot,Leaf Spot,disease,None,train,42,335ce9fec27635da27eac9997464e52cbc5da34e103e2096fe682d14c21152ac,4000,3000
TURM_04216,DATASET/Image Dataset for Turmeric Plant Leaf Disease Detection.zip#Image Dataset for Turmeric Plant Leaf Disease Detection/Original DataSet/Leaf_Spot/leaf_spot_(141).jpg,Image Dataset for Turmeric Plant Leaf Disease Detection,Leaf_Spot,Leaf Spot,disease,None,train,42,39ccca52fede74b1f190ce7e1d385497e0a5eac559be0a2218b01184c44fd257,4000,3000
TURM_04235,DATASET/Image Dataset for Turmeric Plant Leaf Disease Detection.zip#Image Dataset for Turmeric Plant Leaf Disease Detection/Original DataSet/Leaf_Spot/leaf_spot_(156).jpg,Image Dataset for Turmeric Plant Leaf Disease Detection,Leaf_Spot,Leaf Spot,disease,None,train,42,a0b7aa94c50a6d3d6d84751f9bb28e386ba5987465cbcc479af5af06ebc5b932,4000,3000
TURM_04171,DATASET/Image Dataset for Turmeric Plant Leaf Disease Detection.zip#Image Dataset for Turmeric Plant Leaf Disease Detection/Original DataSet/Leaf_Spot/leaf_spot_(100).jpg,Image Dataset for Turmeric Plant Leaf Disease Detection,Leaf_Spot,Leaf Spot,disease,None,train,42,7e611a19588a8135d0b517eb8535816e8e6b60161a5bf6165bc13511a7c31bdd,4000,3000
TURM_04215,DATASET/Image Dataset for Turmeric Plant Leaf Disease Detection.zip#Image Dataset for Turmeric Plant Leaf Disease Detection/Original DataSet/Leaf_Spot/leaf_spot_(140).jpg,Image Dataset for Turmeric Plant Leaf Disease Detection,Leaf_Spot,Leaf Spot,disease,None,train,42,ed918efd9b47167cc749a4ea4040811b37c6e34a7abc249492b5982416a4f23e,4000,3000
TURM_04317,DATASET/Image Dataset for Turmeric Plant Leaf Disease Detection.zip#Image Dataset for Turmeric Plant Leaf Disease Detection/Original DataSet/Leaf_Spot/leaf_spot_(59).jpg,Image Dataset for Turmeric Plant Leaf Disease Detection,Leaf_Spot,Leaf Spot,disease,None,train,42,4519019366fb966d53c93e56368053e5e0711b1db062bf2cdf6349068df1c228,4000,3000
TURM_04269,DATASET/Image Dataset for Turmeric Plant Leaf Disease Detection.zip#Image Dataset for Turmeric Plant Leaf Disease Detection/Original DataSet/Leaf_Spot/leaf_spot_(19).jpg,Image Dataset for Turmeric Plant Leaf Disease Detection,Leaf_Spot,Leaf Spot,disease,None,train,42,7c6c2013c9287e5180dd1fa88be37a4ce629e2b8713137b7e0f3fdc0852f221e,4000,3000
TURM_04260,DATASET/Image Dataset for Turmeric Plant Leaf Disease Detection.zip#Image Dataset for Turmeric Plant Leaf Disease Detection/Original DataSet/Leaf_Spot/leaf_spot_(181).jpg,Image Dataset for Turmeric Plant Leaf Disease Detection,Leaf_Spot,Leaf Spot,disease,None,train,42,a0eea5bdd229caf015bc26a67c921336851443cd82df54f456393d672a049ae2,4000,3000
TURM_04204,DATASET/Image Dataset for Turmeric Plant Leaf Disease Detection.zip#Image Dataset for Turmeric Plant Leaf Disease Detection/Original DataSet/Leaf_Spot/leaf_spot_(130).jpg,Image Dataset for Turmeric Plant Leaf Disease Detection,Leaf_Spot,Leaf Spot,disease,None,train,42,5c63ece055b3dd20f446b13556e878761f313bd4742be6c1d006ae4b4ec866ad,4000,3000
TURM_04311,DATASET/Image Dataset for Turmeric Plant Leaf Disease Detection.zip#Image Dataset for Turmeric Plant Leaf Disease Detection/Original DataSet/Leaf_Spot/leaf_spot_(54).jpg,Image Dataset for Turmeric Plant Leaf Disease Detection,Leaf_Spot,Leaf Spot,disease,None,train,42,71735d4fd4fbc17d73cbb31e1a89eac30390221091ec7837d9c753e9e0fd3486,4000,3000
TURM_04290,DATASET/Image Dataset for Turmeric Plant Leaf Disease Detection.zip#Image Dataset for Turmeric Plant Leaf Disease Detection/Original DataSet/Leaf_Spot/leaf_spot_(33).jpg,Image Dataset for Turmeric Plant Leaf Disease Detection,Leaf_Spot,Leaf Spot,disease,None,train,42,116269e32d4148baa113998bba24230504f9ee6525dd1f8ec8ae96a6164b1d7a,4000,3000
TURM_04250,DATASET/Image Dataset for Turmeric Plant Leaf Disease Detection.zip#Image Dataset for Turmeric Plant Leaf Disease Detection/Original DataSet/Leaf_Spot/leaf_spot_(172).jpg,Image Dataset for Turmeric Plant Leaf Disease Detection,Leaf_Spot,Leaf Spot,disease,None,train,42,b18254072e0462c244f62396cae90320bf8f375f73ccfde803d2be0edb28cce4,4000,3000
TURM_04276,DATASET/Image Dataset for Turmeric Plant Leaf Disease Detection.zip#Image Dataset for Turmeric Plant Leaf Disease Detection/Original DataSet/Leaf_Spot/leaf_spot_(22).jpg,Image Dataset for Turmeric Plant Leaf Disease Detection,Leaf_Spot,Leaf Spot,disease,None,train,42,5e7d55bf31c48fbf9250dcfc880c726f1ea8f0e684032433e11471e1a0f0df0b,4000,3000
TURM_04354,DATASET/Image Dataset for Turmeric Plant Leaf Disease Detection.zip#Image Dataset for Turmeric Plant Leaf Disease Detection/Original DataSet/Leaf_Spot/leaf_spot_(92).jpg,Image Dataset for Turmeric Plant Leaf Disease Detection,Leaf_Spot,Leaf Spot,disease,None,train,42,e5749ed5d21ddaf8a70516c1b7fefb4072644ab25553e6023a34040038395605,4000,3000
TURM_04183,DATASET/Image Dataset for Turmeric Plant Leaf Disease Detection.zip#Image Dataset for Turmeric Plant Leaf Disease Detection/Original DataSet/Leaf_Spot/leaf_spot_(111).jpg,Image Dataset for Turmeric Plant Leaf Disease Detection,Leaf_Spot,Leaf Spot,disease,None,train,42,ebdeb290b0a2792c6666df840eb8a0d5a32c56d0620bb039643fb14451e3ae70,4000,3000
TURM_04255,DATASET/Image Dataset for Turmeric Plant Leaf Disease Detection.zip#Image Dataset for Turmeric Plant Leaf Disease Detection/Original DataSet/Leaf_Spot/leaf_spot_(177).jpg,Image Dataset for Turmeric Plant Leaf Disease Detection,Leaf_Spot,Leaf Spot,disease,None,train,42,f2977357a30522e36fc86363feed355cd1d3c8682fd2be92f6fd13fa0333ee67,4000,3000
TURM_04322,DATASET/Image Dataset for Turmeric Plant Leaf Disease Detection.zip#Image Dataset for Turmeric Plant Leaf Disease Detection/Original DataSet/Leaf_Spot/leaf_spot_(63).jpg,Image Dataset for Turmeric Plant Leaf Disease Detection,Leaf_Spot,Leaf Spot,disease,None,train,42,6477dd0d1ed7e144ac40921ceafbfabbde0f36c0b7e036d20d448fec8e2b84de,4000,3000
TURM_04350,DATASET/Image Dataset for Turmeric Plant Leaf Disease Detection.zip#Image Dataset for Turmeric Plant Leaf Disease Detection/Original DataSet/Leaf_Spot/leaf_spot_(88).jpg,Image Dataset for Turmeric Plant Leaf Disease Detection,Leaf_Spot,Leaf Spot,disease,None,train,42,916d285616873db86dbe48675ffb30f765e0194ad78ea3037a68a683f5c3948c,4000,3000
TURM_04240,DATASET/Image Dataset for Turmeric Plant Leaf Disease Detection.zip#Image Dataset for Turmeric Plant Leaf Disease Detection/Original DataSet/Leaf_Spot/leaf_spot_(162).jpg,Image Dataset for Turmeric Plant Leaf Disease Detection,Leaf_Spot,Leaf Spot,disease,None,train,42,6aea807094378846f0f913b95c4ab9a45751714f2539b5dcbd6832954f6f2e8c,4000,3000
TURM_04214,DATASET/Image Dataset for Turmeric Plant Leaf Disease Detection.zip#Image Dataset for Turmeric Plant Leaf Disease Detection/Original DataSet/Leaf_Spot/leaf_spot_(14).jpg,Image Dataset for Turmeric Plant Leaf Disease Detection,Leaf_Spot,Leaf Spot,disease,None,train,42,1866dca46dd4e663ef8d73449ae5337b43a19d8b6f8dcfea7f96081a03cca2ff,4000,3000
TURM_04193,DATASET/Image Dataset for Turmeric Plant Leaf Disease Detection.zip#Image Dataset for Turmeric Plant Leaf Disease Detection/Original DataSet/Leaf_Spot/leaf_spot_(120).jpg,Image Dataset for Turmeric Plant Leaf Disease Detection,Leaf_Spot,Leaf Spot,disease,None,train,42,8b4b291218193b406be9cf527f81f8e9396680ce1bc3f6173cd0c2b234797f6e,4000,3000
TURM_04333,DATASET/Image Dataset for Turmeric Plant Leaf Disease Detection.zip#Image Dataset for Turmeric Plant Leaf Disease Detection/Original DataSet/Leaf_Spot/leaf_spot_(73).jpg,Image Dataset for Turmeric Plant Leaf Disease Detection,Leaf_Spot,Leaf Spot,disease,None,train,42,9ac4e64d1c7493f47047c9c861ed74a373b94490f2a9dd3866a2aa5e5b58402d,4000,3000
TURM_04315,DATASET/Image Dataset for Turmeric Plant Leaf Disease Detection.zip#Image Dataset for Turmeric Plant Leaf Disease Detection/Original DataSet/Leaf_Spot/leaf_spot_(58).jpg,Image Dataset for Turmeric Plant Leaf Disease Detection,Leaf_Spot,Leaf Spot,disease,None,train,42,a9d49726d059c9fc910c525a49a2579517f3b018ba72c32492a2abd2483a477e,4000,3000
TURM_04284,DATASET/Image Dataset for Turmeric Plant Leaf Disease Detection.zip#Image Dataset for Turmeric Plant Leaf Disease Detection/Original DataSet/Leaf_Spot/leaf_spot_(29).jpg,Image Dataset for Turmeric Plant Leaf Disease Detection,Leaf_Spot,Leaf Spot,disease,None,train,42,8103107ab77c3b0d85a69570f5a0ca1381152b585d7ca1c026f0f030a17d81bf,4000,3000
TURM_04303,DATASET/Image Dataset for Turmeric Plant Leaf Disease Detection.zip#Image Dataset for Turmeric Plant Leaf Disease Detection/Original DataSet/Leaf_Spot/leaf_spot_(47).jpg,Image Dataset for Turmeric Plant Leaf Disease Detection,Leaf_Spot,Leaf Spot,disease,None,train,42,fdddbd13eda06fe5502394a72a700c684f51a66e4e78f143efa18609d2c8a256,4000,3000
TURM_04323,DATASET/Image Dataset for Turmeric Plant Leaf Disease Detection.zip#Image Dataset for Turmeric Plant Leaf Disease Detection/Original DataSet/Leaf_Spot/leaf_spot_(7).jpg,Image Dataset for Turmeric Plant Leaf Disease Detection,Leaf_Spot,Leaf Spot,disease,None,train,42,99918873f908112648bcd4c557366c9156253300324c1bc6b15bdd1f18ce2549,4000,3000
TURM_04304,DATASET/Image Dataset for Turmeric Plant Leaf Disease Detection.zip#Image Dataset for Turmeric Plant Leaf Disease Detection/Original DataSet/Leaf_Spot/leaf_spot_(46).jpg,Image Dataset for Turmeric Plant Leaf Disease Detection,Leaf_Spot,Leaf Spot,disease,None,train,42,a3850575610725413684131768493662782954bd3df1616dbd02f72a73a9dca1,4000,3000
TURM_04258,DATASET/Image Dataset for Turmeric Plant Leaf Disease Detection.zip#Image Dataset for Turmeric Plant Leaf Disease Detection/Original DataSet/Leaf_Spot/leaf_spot_(18).jpg,Image Dataset for Turmeric Plant Leaf Disease Detection,Leaf_Spot,Leaf Spot,disease,None,train,42,f80b4d4bc3cb27aeaf352728806be3a015d88a0c16210c53d2e302afc4a66d22,4000,3000
TURM_04331,DATASET/Image Dataset for Turmeric Plant Leaf Disease Detection.zip#Image Dataset for Turmeric Plant Leaf Disease Detection/Original DataSet/Leaf_Spot/leaf_spot_(71).jpg,Image Dataset for Turmeric Plant Leaf Disease Detection,Leaf_Spot,Leaf Spot,disease,None,train,42,41e314c43c24e023e890fa186f289bcfd394c7b91851a855d7322138621df3e9,4000,3000
TURM_04195,DATASET/Image Dataset for Turmeric Plant Leaf Disease Detection.zip#Image Dataset for Turmeric Plant Leaf Disease Detection/Original DataSet/Leaf_Spot/leaf_spot_(122).jpg,Image Dataset for Turmeric Plant Leaf Disease Detection,Leaf_Spot,Leaf Spot,disease,None,train,42,db38d460eb5f9bc0a0c6c81cfb1a5ef7ea3d278c5dcdd9eff749f093c992a0bd,4000,3000
TURM_04288,DATASET/Image Dataset for Turmeric Plant Leaf Disease Detection.zip#Image Dataset for Turmeric Plant Leaf Disease Detection/Original DataSet/Leaf_Spot/leaf_spot_(32).jpg,Image Dataset for Turmeric Plant Leaf Disease Detection,Leaf_Spot,Leaf Spot,disease,None,train,42,40e0b529a861e798533d68e07d91f5d943faaed952898077e90222540806c9bb,4000,3000
TURM_04184,DATASET/Image Dataset for Turmeric Plant Leaf Disease Detection.zip#Image Dataset for Turmeric Plant Leaf Disease Detection/Original DataSet/Leaf_Spot/leaf_spot_(112).jpg,Image Dataset for Turmeric Plant Leaf Disease Detection,Leaf_Spot,Leaf Spot,disease,None,train,42,8d8dc0804b93c1781cda3518e95c19fe0299df58899a2b92f60d2e4086f45d65,4000,3000
TURM_04266,DATASET/Image Dataset for Turmeric Plant Leaf Disease Detection.zip#Image Dataset for Turmeric Plant Leaf Disease Detection/Original DataSet/Leaf_Spot/leaf_spot_(186).jpg,Image Dataset for Turmeric Plant Leaf Disease Detection,Leaf_Spot,Leaf Spot,disease,None,train,42,8b3447031c5a9c159b3a6dd6d212b3a628449994a8836e85930068d6dc0bce4a,4000,3000
TURM_04196,DATASET/Image Dataset for Turmeric Plant Leaf Disease Detection.zip#Image Dataset for Turmeric Plant Leaf Disease Detection/Original DataSet/Leaf_Spot/leaf_spot_(123).jpg,Image Dataset for Turmeric Plant Leaf Disease Detection,Leaf_Spot,Leaf Spot,disease,None,train,42,7b5f10ab5c2e9044341bbd0e529aef9b6aeee088c5cffc5100d05246b336c94c,4000,3000
TURM_04339,DATASET/Image Dataset for Turmeric Plant Leaf Disease Detection.zip#Image Dataset for Turmeric Plant Leaf Disease Detection/Original DataSet/Leaf_Spot/leaf_spot_(79).jpg,Image Dataset for Turmeric Plant Leaf Disease Detection,Leaf_Spot,Leaf Spot,disease,None,train,42,cb8af5b255070a1009b307020657c239194d03b705262827f20ea86982cadd40,4000,3000
TURM_04191,DATASET/Image Dataset for Turmeric Plant Leaf Disease Detection.zip#Image Dataset for Turmeric Plant Leaf Disease Detection/Original DataSet/Leaf_Spot/leaf_spot_(119).jpg,Image Dataset for Turmeric Plant Leaf Disease Detection,Leaf_Spot,Leaf Spot,disease,None,train,42,1e1e9c8ab4a648ff3ce5873b8464f888b74cffb2946d3439b0fe4aad5eb96490,4000,3000
TURM_04302,DATASET/Image Dataset for Turmeric Plant Leaf Disease Detection.zip#Image Dataset for Turmeric Plant Leaf Disease Detection/Original DataSet/Leaf_Spot/leaf_spot_(45).jpg,Image Dataset for Turmeric Plant Leaf Disease Detection,Leaf_Spot,Leaf Spot,disease,None,train,42,ebf54512aaf1a05e298c682dda2a60fb2f287ebdaeb5377f30f0b2e770000eae,4000,3000
TURM_04234,DATASET/Image Dataset for Turmeric Plant Leaf Disease Detection.zip#Image Dataset for Turmeric Plant Leaf Disease Detection/Original DataSet/Leaf_Spot/leaf_spot_(159).jpg,Image Dataset for Turmeric Plant Leaf Disease Detection,Leaf_Spot,Leaf Spot,disease,None,train,42,57ede8b4c1fd6c157ca4ad22896505144f4ffbb3c83bf4146b04999c2f2b1f27,4000,3000
TURM_04314,DATASET/Image Dataset for Turmeric Plant Leaf Disease Detection.zip#Image Dataset for Turmeric Plant Leaf Disease Detection/Original DataSet/Leaf_Spot/leaf_spot_(51).jpg,Image Dataset for Turmeric Plant Leaf Disease Detection,Leaf_Spot,Leaf Spot,disease,None,train,42,2ed5014bf72754791262fd4d237e092270ee432951df863442b6559179981450,4000,3000
TURM_04210,DATASET/Image Dataset for Turmeric Plant Leaf Disease Detection.zip#Image Dataset for Turmeric Plant Leaf Disease Detection/Original DataSet/Leaf_Spot/leaf_spot_(136).jpg,Image Dataset for Turmeric Plant Leaf Disease Detection,Leaf_Spot,Leaf Spot,disease,None,train,42,4c1ef0d741574b1d306d1242c03b7a6e69a404427d89cff562a3765be9316f17,4000,3000
TURM_04305,DATASET/Image Dataset for Turmeric Plant Leaf Disease Detection.zip#Image Dataset for Turmeric Plant Leaf Disease Detection/Original DataSet/Leaf_Spot/leaf_spot_(48).jpg,Image Dataset for Turmeric Plant Leaf Disease Detection,Leaf_Spot,Leaf Spot,disease,None,train,42,f8e33b934293a9633bf19cbd9398683fcfc9ff201df07c3a677439659eabf58b,4000,3000
TURM_04342,DATASET/Image Dataset for Turmeric Plant Leaf Disease Detection.zip#Image Dataset for Turmeric Plant Leaf Disease Detection/Original DataSet/Leaf_Spot/leaf_spot_(81).jpg,Image Dataset for Turmeric Plant Leaf Disease Detection,Leaf_Spot,Leaf Spot,disease,None,train,42,b716398a681b04e12849acdff1c1c0dd995619860b88ac2fdd168311e64571f0,4000,3000
TURM_04307,DATASET/Image Dataset for Turmeric Plant Leaf Disease Detection.zip#Image Dataset for Turmeric Plant Leaf Disease Detection/Original DataSet/Leaf_Spot/leaf_spot_(5).jpg,Image Dataset for Turmeric Plant Leaf Disease Detection,Leaf_Spot,Leaf Spot,disease,None,train,42,4bbce3bb2a090398c01a621b84a0e8d569bd067d41358cf0e2f1c332939569c2,4000,3000
TURM_04190,DATASET/Image Dataset for Turmeric Plant Leaf Disease Detection.zip#Image Dataset for Turmeric Plant Leaf Disease Detection/Original DataSet/Leaf_Spot/leaf_spot_(118).jpg,Image Dataset for Turmeric Plant Leaf Disease Detection,Leaf_Spot,Leaf Spot,disease,None,train,42,3af18933377bd5b295801062485b40c4d9dca724d50a0f6482066725a0261c72,4000,3000
TURM_04271,DATASET/Image Dataset for Turmeric Plant Leaf Disease Detection.zip#Image Dataset for Turmeric Plant Leaf Disease Detection/Original DataSet/Leaf_Spot/leaf_spot_(191).jpg,Image Dataset for Turmeric Plant Leaf Disease Detection,Leaf_Spot,Leaf Spot,disease,None,train,42,7fcaaf373eba56bd749b9c579ac288a90abc06de023c2785ba1ca539b88656a3,4000,3000
TURM_04316,DATASET/Image Dataset for Turmeric Plant Leaf Disease Detection.zip#Image Dataset for Turmeric Plant Leaf Disease Detection/Original DataSet/Leaf_Spot/leaf_spot_(57).jpg,Image Dataset for Turmeric Plant Leaf Disease Detection,Leaf_Spot,Leaf Spot,disease,None,train,42,c02933998a8bf88e2eb60462ad794ab813ebafe840f3b7c36f65ac2ce684d24e,4000,3000
TURM_04360,DATASET/Image Dataset for Turmeric Plant Leaf Disease Detection.zip#Image Dataset for Turmeric Plant Leaf Disease Detection/Original DataSet/Leaf_Spot/leaf_spot_(98).jpg,Image Dataset for Turmeric Plant Leaf Disease Detection,Leaf_Spot,Leaf Spot,disease,None,train,42,02eae9c87d40a5adfef9929935628a76944d4ccfd5f0a41149e0d61b46de6c5c,4000,3000
TURM_04224,DATASET/Image Dataset for Turmeric Plant Leaf Disease Detection.zip#Image Dataset for Turmeric Plant Leaf Disease Detection/Original DataSet/Leaf_Spot/leaf_spot_(149).jpg,Image Dataset for Turmeric Plant Leaf Disease Detection,Leaf_Spot,Leaf Spot,disease,None,train,42,e7b2dffdb309a07423c39fb773e5ed9982bf3baed77fd323252a28905238eac4,4000,3000
TURM_04180,DATASET/Image Dataset for Turmeric Plant Leaf Disease Detection.zip#Image Dataset for Turmeric Plant Leaf Disease Detection/Original DataSet/Leaf_Spot/leaf_spot_(108).jpg,Image Dataset for Turmeric Plant Leaf Disease Detection,Leaf_Spot,Leaf Spot,disease,None,train,42,136f2d17628f1a3099e6355a7645ca66e0e5f4b2e6fa74662019dbd069fc8c94,4000,3000
TURM_04337,DATASET/Image Dataset for Turmeric Plant Leaf Disease Detection.zip#Image Dataset for Turmeric Plant Leaf Disease Detection/Original DataSet/Leaf_Spot/leaf_spot_(78).jpg,Image Dataset for Turmeric Plant Leaf Disease Detection,Leaf_Spot,Leaf Spot,disease,None,train,42,d3d8dfaef2d69d028ed05b1e589fec502408221302beb76e06a50dbe04a10498,4000,3000
TURM_04205,DATASET/Image Dataset for Turmeric Plant Leaf Disease Detection.zip#Image Dataset for Turmeric Plant Leaf Disease Detection/Original DataSet/Leaf_Spot/leaf_spot_(131).jpg,Image Dataset for Turmeric Plant Leaf Disease Detection,Leaf_Spot,Leaf Spot,disease,None,train,42,48695cff0a088bedd5fbcf1ec765ea5ab7a1ff8e6cbe3970e3ffb1ba705d75e3,4000,3000
TURM_04335,DATASET/Image Dataset for Turmeric Plant Leaf Disease Detection.zip#Image Dataset for Turmeric Plant Leaf Disease Detection/Original DataSet/Leaf_Spot/leaf_spot_(75).jpg,Image Dataset for Turmeric Plant Leaf Disease Detection,Leaf_Spot,Leaf Spot,disease,None,train,42,025ad6440ec0541b24c4ccd69f221713b17acbb802743360207aec225e6323ef,4000,3000
TURM_04177,DATASET/Image Dataset for Turmeric Plant Leaf Disease Detection.zip#Image Dataset for Turmeric Plant Leaf Disease Detection/Original DataSet/Leaf_Spot/leaf_spot_(105).jpg,Image Dataset for Turmeric Plant Leaf Disease Detection,Leaf_Spot,Leaf Spot,disease,None,train,42,337cf7f102685a6c4bba15982f3ae8306572aa65b472507564797c8d5e1d0dd5,4000,3000
TURM_04277,DATASET/Image Dataset for Turmeric Plant Leaf Disease Detection.zip#Image Dataset for Turmeric Plant Leaf Disease Detection/Original DataSet/Leaf_Spot/leaf_spot_(2).jpg,Image Dataset for Turmeric Plant Leaf Disease Detection,Leaf_Spot,Leaf Spot,disease,None,train,42,57b42ca5949f954ced1ba0d68db89b694c1e76329b00efe5590755bf221218e1,4000,3000
TURM_04361,DATASET/Image Dataset for Turmeric Plant Leaf Disease Detection.zip#Image Dataset for Turmeric Plant Leaf Disease Detection/Original DataSet/Leaf_Spot/leaf_spot_(97).jpg,Image Dataset for Turmeric Plant Leaf Disease Detection,Leaf_Spot,Leaf Spot,disease,None,train,42,bca0432352e2ca6db78d0866d7fb1c74d4f139a0a0684d244cdfdf0fe45e94db,4000,3000
TURM_04325,DATASET/Image Dataset for Turmeric Plant Leaf Disease Detection.zip#Image Dataset for Turmeric Plant Leaf Disease Detection/Original DataSet/Leaf_Spot/leaf_spot_(69).jpg,Image Dataset for Turmeric Plant Leaf Disease Detection,Leaf_Spot,Leaf Spot,disease,None,train,42,4a02bf0efa9fdb9f2d75a02d3dc051e0739129d78cfcd1fb118cd3a0cd021699,4000,3000
TURM_04249,DATASET/Image Dataset for Turmeric Plant Leaf Disease Detection.zip#Image Dataset for Turmeric Plant Leaf Disease Detection/Original DataSet/Leaf_Spot/leaf_spot_(171).jpg,Image Dataset for Turmeric Plant Leaf Disease Detection,Leaf_Spot,Leaf Spot,disease,None,train,42,bfe9bb5b9925d78f51a4743724b39b61f87edf0b29546cbe4808f79c0f284309,4000,3000
TURM_04291,DATASET/Image Dataset for Turmeric Plant Leaf Disease Detection.zip#Image Dataset for Turmeric Plant Leaf Disease Detection/Original DataSet/Leaf_Spot/leaf_spot_(36).jpg,Image Dataset for Turmeric Plant Leaf Disease Detection,Leaf_Spot,Leaf Spot,disease,None,train,42,217e138ece04738692ada5596437f4393e75cfab892bc11a90a96297e7ff7f74,4000,3000
TURM_04336,DATASET/Image Dataset for Turmeric Plant Leaf Disease Detection.zip#Image Dataset for Turmeric Plant Leaf Disease Detection/Original DataSet/Leaf_Spot/leaf_spot_(76).jpg,Image Dataset for Turmeric Plant Leaf Disease Detection,Leaf_Spot,Leaf Spot,disease,None,train,42,612a3a374365783954327ed95953b3c45ae7649cf2cc73cf262ab4ffd5f13c69,4000,3000
TURM_04312,DATASET/Image Dataset for Turmeric Plant Leaf Disease Detection.zip#Image Dataset for Turmeric Plant Leaf Disease Detection/Original DataSet/Leaf_Spot/leaf_spot_(53).jpg,Image Dataset for Turmeric Plant Leaf Disease Detection,Leaf_Spot,Leaf Spot,disease,None,train,42,44b1a324c5a8ea64b2862de2f2bc0f7054921e62f65e1aa59864a9a9f5472f4b,4000,3000
TURM_04340,DATASET/Image Dataset for Turmeric Plant Leaf Disease Detection.zip#Image Dataset for Turmeric Plant Leaf Disease Detection/Original DataSet/Leaf_Spot/leaf_spot_(8).jpg,Image Dataset for Turmeric Plant Leaf Disease Detection,Leaf_Spot,Leaf Spot,disease,None,train,42,453b88e7ff66883ecc12b70a4272a36aec4ebc6890ab757d239c58af6cac6039,4000,3000
TURM_04179,DATASET/Image Dataset for Turmeric Plant Leaf Disease Detection.zip#Image Dataset for Turmeric Plant Leaf Disease Detection/Original DataSet/Leaf_Spot/leaf_spot_(109).jpg,Image Dataset for Turmeric Plant Leaf Disease Detection,Leaf_Spot,Leaf Spot,disease,None,train,42,9cb3b13baa28246ca3ea5c07eee0e7a25164dbb342256156e89cc18094e51fdd,4000,3000
TURM_04263,DATASET/Image Dataset for Turmeric Plant Leaf Disease Detection.zip#Image Dataset for Turmeric Plant Leaf Disease Detection/Original DataSet/Leaf_Spot/leaf_spot_(185).jpg,Image Dataset for Turmeric Plant Leaf Disease Detection,Leaf_Spot,Leaf Spot,disease,None,train,42,328342c7f416ad77e2bbca6421600187dd3f2109a65cf3154a543a09ff406b25,4000,3000
TURM_04219,DATASET/Image Dataset for Turmeric Plant Leaf Disease Detection.zip#Image Dataset for Turmeric Plant Leaf Disease Detection/Original DataSet/Leaf_Spot/leaf_spot_(144).jpg,Image Dataset for Turmeric Plant Leaf Disease Detection,Leaf_Spot,Leaf Spot,disease,None,train,42,30aa6e512eade9798ff7668463fe961f4c60bc071fd4c3a5999c52d9efb05d33,4000,3000
TURM_04344,DATASET/Image Dataset for Turmeric Plant Leaf Disease Detection.zip#Image Dataset for Turmeric Plant Leaf Disease Detection/Original DataSet/Leaf_Spot/leaf_spot_(83).jpg,Image Dataset for Turmeric Plant Leaf Disease Detection,Leaf_Spot,Leaf Spot,disease,None,train,42,2ed9bc62fd7ed9dd77366cf767addbf0a27ec295a545ce4234c4dd6b4bfd01ce,4000,3000
TURM_04212,DATASET/Image Dataset for Turmeric Plant Leaf Disease Detection.zip#Image Dataset for Turmeric Plant Leaf Disease Detection/Original DataSet/Leaf_Spot/leaf_spot_(138).jpg,Image Dataset for Turmeric Plant Leaf Disease Detection,Leaf_Spot,Leaf Spot,disease,None,train,42,f9558ea6284bd345d6d19b2277905e5df5b00a5203ffe43c186282b1fdb77628,4000,3000
TURM_04355,DATASET/Image Dataset for Turmeric Plant Leaf Disease Detection.zip#Image Dataset for Turmeric Plant Leaf Disease Detection/Original DataSet/Leaf_Spot/leaf_spot_(93).jpg,Image Dataset for Turmeric Plant Leaf Disease Detection,Leaf_Spot,Leaf Spot,disease,None,train,42,67dded1cff99464eb91a2cb35f10c680b8abb5cb972cd0045237ac9a26637d9a,4000,3000
TURM_04326,DATASET/Image Dataset for Turmeric Plant Leaf Disease Detection.zip#Image Dataset for Turmeric Plant Leaf Disease Detection/Original DataSet/Leaf_Spot/leaf_spot_(68).jpg,Image Dataset for Turmeric Plant Leaf Disease Detection,Leaf_Spot,Leaf Spot,disease,None,train,42,2823bef80d4ca2caa45bebd0a713cce57cd227d1b3893b9039a8131b60ad834d,4000,3000
TURM_04178,DATASET/Image Dataset for Turmeric Plant Leaf Disease Detection.zip#Image Dataset for Turmeric Plant Leaf Disease Detection/Original DataSet/Leaf_Spot/leaf_spot_(107).jpg,Image Dataset for Turmeric Plant Leaf Disease Detection,Leaf_Spot,Leaf Spot,disease,None,train,42,8a4e9da21efee291c507c2204a5193852bc8437e90b5f39c7efefc0d7126276d,4000,3000
TURM_04279,DATASET/Image Dataset for Turmeric Plant Leaf Disease Detection.zip#Image Dataset for Turmeric Plant Leaf Disease Detection/Original DataSet/Leaf_Spot/leaf_spot_(25).jpg,Image Dataset for Turmeric Plant Leaf Disease Detection,Leaf_Spot,Leaf Spot,disease,None,train,42,debbe912ef47ba8c597a4f066da54982a6a946a9fc413956da0754c8a316f05c,4000,3000
TURM_04280,DATASET/Image Dataset for Turmeric Plant Leaf Disease Detection.zip#Image Dataset for Turmeric Plant Leaf Disease Detection/Original DataSet/Leaf_Spot/leaf_spot_(26).jpg,Image Dataset for Turmeric Plant Leaf Disease Detection,Leaf_Spot,Leaf Spot,disease,None,train,42,a78e289d466043bcc438583880693a4aefa2f494df46f5592d61c38e1231330c,4000,3000
TURM_04351,DATASET/Image Dataset for Turmeric Plant Leaf Disease Detection.zip#Image Dataset for Turmeric Plant Leaf Disease Detection/Original DataSet/Leaf_Spot/leaf_spot_(89).jpg,Image Dataset for Turmeric Plant Leaf Disease Detection,Leaf_Spot,Leaf Spot,disease,None,train,42,dfc005f9755e31c8f5d5401d9ffff742c6ec34eb2da52c1cb6525b4004e706ee,4000,3000
TURM_04187,DATASET/Image Dataset for Turmeric Plant Leaf Disease Detection.zip#Image Dataset for Turmeric Plant Leaf Disease Detection/Original DataSet/Leaf_Spot/leaf_spot_(115).jpg,Image Dataset for Turmeric Plant Leaf Disease Detection,Leaf_Spot,Leaf Spot,disease,None,train,42,b10a90cb5bba42aea873a440e461c886fa9ec5175df6850c09923ad96dd83424,4000,3000
TURM_04261,DATASET/Image Dataset for Turmeric Plant Leaf Disease Detection.zip#Image Dataset for Turmeric Plant Leaf Disease Detection/Original DataSet/Leaf_Spot/leaf_spot_(182).jpg,Image Dataset for Turmeric Plant Leaf Disease Detection,Leaf_Spot,Leaf Spot,disease,None,train,42,eee9a360a89231607173a7d2905d48d2998eefa00efb03b86ee0f26f2cdeff8f,4000,3000
TURM_04170,DATASET/Image Dataset for Turmeric Plant Leaf Disease Detection.zip#Image Dataset for Turmeric Plant Leaf Disease Detection/Original DataSet/Leaf_Spot/leaf_spot_(10).jpg,Image Dataset for Turmeric Plant Leaf Disease Detection,Leaf_Spot,Leaf Spot,disease,None,train,42,099d13a7aeb690bab808eb59eed1f75d90d03ca5352c0b31722f077d0949b5a2,4000,3000
TURM_04227,DATASET/Image Dataset for Turmeric Plant Leaf Disease Detection.zip#Image Dataset for Turmeric Plant Leaf Disease Detection/Original DataSet/Leaf_Spot/leaf_spot_(151).jpg,Image Dataset for Turmeric Plant Leaf Disease Detection,Leaf_Spot,Leaf Spot,disease,None,train,42,d56efa9a3e2ceba304b81c39b549beef4e965601cd319dcd30fbb1b2897db794,4000,3000
TURM_04236,DATASET/Image Dataset for Turmeric Plant Leaf Disease Detection.zip#Image Dataset for Turmeric Plant Leaf Disease Detection/Original DataSet/Leaf_Spot/leaf_spot_(16).jpg,Image Dataset for Turmeric Plant Leaf Disease Detection,Leaf_Spot,Leaf Spot,disease,None,train,42,300bba4059e3d5cd68b5d23894da6876b99bd252f52f2f4f5e9a3f18035a6972,4000,3000
TURM_04286,DATASET/Image Dataset for Turmeric Plant Leaf Disease Detection.zip#Image Dataset for Turmeric Plant Leaf Disease Detection/Original DataSet/Leaf_Spot/leaf_spot_(30).jpg,Image Dataset for Turmeric Plant Leaf Disease Detection,Leaf_Spot,Leaf Spot,disease,None,train,42,7a311bb91ed51406770a169053b8e5eb82a951edbb0f7b23a809a35607a4ab53,4000,3000
TURM_04225,DATASET/Image Dataset for Turmeric Plant Leaf Disease Detection.zip#Image Dataset for Turmeric Plant Leaf Disease Detection/Original DataSet/Leaf_Spot/leaf_spot_(15).jpg,Image Dataset for Turmeric Plant Leaf Disease Detection,Leaf_Spot,Leaf Spot,disease,None,train,42,218a91879462a38447aca9774d85776e76447b815701a683f1ad24f8a7be2cac,4000,3000
TURM_04181,DATASET/Image Dataset for Turmeric Plant Leaf Disease Detection.zip#Image Dataset for Turmeric Plant Leaf Disease Detection/Original DataSet/Leaf_Spot/leaf_spot_(11).jpg,Image Dataset for Turmeric Plant Leaf Disease Detection,Leaf_Spot,Leaf Spot,disease,None,train,42,63405e5375d0713c1a10758cc1746adff49c8aca4127ac5d2aa0b37a440d26a6,4000,3000
TURM_04211,DATASET/Image Dataset for Turmeric Plant Leaf Disease Detection.zip#Image Dataset for Turmeric Plant Leaf Disease Detection/Original DataSet/Leaf_Spot/leaf_spot_(137).jpg,Image Dataset for Turmeric Plant Leaf Disease Detection,Leaf_Spot,Leaf Spot,disease,None,train,42,a4211847c72bdbe5079a951b84d1a3e358b3410dc5a0b5af82fc0e4ecddd0c56,4000,3000
TURM_04244,DATASET/Image Dataset for Turmeric Plant Leaf Disease Detection.zip#Image Dataset for Turmeric Plant Leaf Disease Detection/Original DataSet/Leaf_Spot/leaf_spot_(166).jpg,Image Dataset for Turmeric Plant Leaf Disease Detection,Leaf_Spot,Leaf Spot,disease,None,train,42,0ce78151456ecbbf0d3f5da4c0f862bebe1dad9cb91f94f518c66ec9dd57c6cb,4000,3000
TURM_04233,DATASET/Image Dataset for Turmeric Plant Leaf Disease Detection.zip#Image Dataset for Turmeric Plant Leaf Disease Detection/Original DataSet/Leaf_Spot/leaf_spot_(157).jpg,Image Dataset for Turmeric Plant Leaf Disease Detection,Leaf_Spot,Leaf Spot,disease,None,train,42,5637c1e7030f0bf5c184109d4992699a6efb39d05cdb2eca3748c9a97f14b8ab,4000,3000
TURM_04185,DATASET/Image Dataset for Turmeric Plant Leaf Disease Detection.zip#Image Dataset for Turmeric Plant Leaf Disease Detection/Original DataSet/Leaf_Spot/leaf_spot_(113).jpg,Image Dataset for Turmeric Plant Leaf Disease Detection,Leaf_Spot,Leaf Spot,disease,None,train,42,2f93afaaa3912d225011afd65e03e257b5cb375a334fb8e5bc24906ff59ee783,4000,3000
TURM_04173,DATASET/Image Dataset for Turmeric Plant Leaf Disease Detection.zip#Image Dataset for Turmeric Plant Leaf Disease Detection/Original DataSet/Leaf_Spot/leaf_spot_(102).jpg,Image Dataset for Turmeric Plant Leaf Disease Detection,Leaf_Spot,Leaf Spot,disease,None,train,42,62cb42abaf27c590b3217d8462a2f330a5ba7a5b8449ce197765178c8d58d37e,4000,3000
TURM_04232,DATASET/Image Dataset for Turmeric Plant Leaf Disease Detection.zip#Image Dataset for Turmeric Plant Leaf Disease Detection/Original DataSet/Leaf_Spot/leaf_spot_(158).jpg,Image Dataset for Turmeric Plant Leaf Disease Detection,Leaf_Spot,Leaf Spot,disease,None,train,42,16df335fa212fb51372b936ee1c327511bb7185b2bf0342bf086ce22e56d708c,4000,3000
TURM_04188,DATASET/Image Dataset for Turmeric Plant Leaf Disease Detection.zip#Image Dataset for Turmeric Plant Leaf Disease Detection/Original DataSet/Leaf_Spot/leaf_spot_(116).jpg,Image Dataset for Turmeric Plant Leaf Disease Detection,Leaf_Spot,Leaf Spot,disease,None,train,42,6edb5fffab7e5e576bb5fd40efae623ef0624eceaa2638a0415a91158b495e77,4000,3000
TURM_04252,DATASET/Image Dataset for Turmeric Plant Leaf Disease Detection.zip#Image Dataset for Turmeric Plant Leaf Disease Detection/Original DataSet/Leaf_Spot/leaf_spot_(174).jpg,Image Dataset for Turmeric Plant Leaf Disease Detection,Leaf_Spot,Leaf Spot,disease,None,train,42,8212ffb491718a579ac3e77d21c55d9992ea3874ba55648870927333184a7203,4000,3000
TURM_04274,DATASET/Image Dataset for Turmeric Plant Leaf Disease Detection.zip#Image Dataset for Turmeric Plant Leaf Disease Detection/Original DataSet/Leaf_Spot/leaf_spot_(20).jpg,Image Dataset for Turmeric Plant Leaf Disease Detection,Leaf_Spot,Leaf Spot,disease,None,train,42,4fec354f1b9776e882bcff3f756fc965cd2eb072a27bde91be35973add4a3298,4000,3000
TURM_04270,DATASET/Image Dataset for Turmeric Plant Leaf Disease Detection.zip#Image Dataset for Turmeric Plant Leaf Disease Detection/Original DataSet/Leaf_Spot/leaf_spot_(190).jpg,Image Dataset for Turmeric Plant Leaf Disease Detection,Leaf_Spot,Leaf Spot,disease,None,train,42,9fd0184f2cf9aca189db1f2678890d1f04f9f1f865880a76e961fd40cedae12c,4000,3000
TURM_04253,DATASET/Image Dataset for Turmeric Plant Leaf Disease Detection.zip#Image Dataset for Turmeric Plant Leaf Disease Detection/Original DataSet/Leaf_Spot/leaf_spot_(179).jpg,Image Dataset for Turmeric Plant Leaf Disease Detection,Leaf_Spot,Leaf Spot,disease,None,train,42,9c856d4ba70e72e1770ff09e47722ef71aef44d61072e4bdb254faa3a61a9e16,4000,3000
TURM_04218,DATASET/Image Dataset for Turmeric Plant Leaf Disease Detection.zip#Image Dataset for Turmeric Plant Leaf Disease Detection/Original DataSet/Leaf_Spot/leaf_spot_(143).jpg,Image Dataset for Turmeric Plant Leaf Disease Detection,Leaf_Spot,Leaf Spot,disease,None,train,42,4219c0bb33579d572dfa4fd9b032ceff680312ef5607b966bd6595e8f9c711a3,4000,3000
TURM_04319,DATASET/Image Dataset for Turmeric Plant Leaf Disease Detection.zip#Image Dataset for Turmeric Plant Leaf Disease Detection/Original DataSet/Leaf_Spot/leaf_spot_(6).jpg,Image Dataset for Turmeric Plant Leaf Disease Detection,Leaf_Spot,Leaf Spot,disease,None,train,42,edb7ec2b8501d625b8adf58b4a5db761cf162abc6cc1f6f3e3f4480581cdf257,4000,3000
TURM_04272,DATASET/Image Dataset for Turmeric Plant Leaf Disease Detection.zip#Image Dataset for Turmeric Plant Leaf Disease Detection/Original DataSet/Leaf_Spot/leaf_spot_(192).jpg,Image Dataset for Turmeric Plant Leaf Disease Detection,Leaf_Spot,Leaf Spot,disease,None,train,42,e67293e29f22a84b1bf53184092d4cf3447f1eeba285a53eb311851852e2e1ef,4000,3000
TURM_04301,DATASET/Image Dataset for Turmeric Plant Leaf Disease Detection.zip#Image Dataset for Turmeric Plant Leaf Disease Detection/Original DataSet/Leaf_Spot/leaf_spot_(43).jpg,Image Dataset for Turmeric Plant Leaf Disease Detection,Leaf_Spot,Leaf Spot,disease,None,train,42,b5f123965df93f455648d74a6ba0246ecdb5ed73162c24fec1d6f7c51a4ac489,4000,3000
TURM_04259,DATASET/Image Dataset for Turmeric Plant Leaf Disease Detection.zip#Image Dataset for Turmeric Plant Leaf Disease Detection/Original DataSet/Leaf_Spot/leaf_spot_(180).jpg,Image Dataset for Turmeric Plant Leaf Disease Detection,Leaf_Spot,Leaf Spot,disease,None,train,42,c25cb0fd1bbcd8979066819788029a1008f590da3cc68aba2d92d9ca62c8d98f,4000,3000
TURM_04229,DATASET/Image Dataset for Turmeric Plant Leaf Disease Detection.zip#Image Dataset for Turmeric Plant Leaf Disease Detection/Original DataSet/Leaf_Spot/leaf_spot_(153).jpg,Image Dataset for Turmeric Plant Leaf Disease Detection,Leaf_Spot,Leaf Spot,disease,None,train,42,3b9740f750d183827546c149974fa87ccb3a439ce428dfdaf6fa487d1a6c4400,4000,3000
TURM_04264,DATASET/Image Dataset for Turmeric Plant Leaf Disease Detection.zip#Image Dataset for Turmeric Plant Leaf Disease Detection/Original DataSet/Leaf_Spot/leaf_spot_(184).jpg,Image Dataset for Turmeric Plant Leaf Disease Detection,Leaf_Spot,Leaf Spot,disease,None,train,42,5a8078270e3d6fc0c7f990e91cc7b6c51ddd09852a2d2ef92bf06ab2278cb41f,4000,3000
TURM_04345,DATASET/Image Dataset for Turmeric Plant Leaf Disease Detection.zip#Image Dataset for Turmeric Plant Leaf Disease Detection/Original DataSet/Leaf_Spot/leaf_spot_(84).jpg,Image Dataset for Turmeric Plant Leaf Disease Detection,Leaf_Spot,Leaf Spot,disease,None,train,42,6159829aa6f1e904e8921ef25312b7fbf8932efba8f0b25d1f3fd49718237eef,4000,3000
TURM_04174,DATASET/Image Dataset for Turmeric Plant Leaf Disease Detection.zip#Image Dataset for Turmeric Plant Leaf Disease Detection/Original DataSet/Leaf_Spot/leaf_spot_(103).jpg,Image Dataset for Turmeric Plant Leaf Disease Detection,Leaf_Spot,Leaf Spot,disease,None,train,42,b9adefb643979ded71251b973f3950dca639531eaebcbf3b80b15ee7b78b2147,4000,3000
TURM_04358,DATASET/Image Dataset for Turmeric Plant Leaf Disease Detection.zip#Image Dataset for Turmeric Plant Leaf Disease Detection/Original DataSet/Leaf_Spot/leaf_spot_(96).jpg,Image Dataset for Turmeric Plant Leaf Disease Detection,Leaf_Spot,Leaf Spot,disease,None,train,42,847fc225a961ae99fd8e4524d767d83c4c3c87488d3ca2f343cf7f838a002cc5,4000,3000
TURM_04268,DATASET/Image Dataset for Turmeric Plant Leaf Disease Detection.zip#Image Dataset for Turmeric Plant Leaf Disease Detection/Original DataSet/Leaf_Spot/leaf_spot_(189).jpg,Image Dataset for Turmeric Plant Leaf Disease Detection,Leaf_Spot,Leaf Spot,disease,None,train,42,4ec9b55878df780fc89d5a7587f67b1a5f6b715a8b4bdff32b5204f649633f2b,4000,3000
TURM_04278,DATASET/Image Dataset for Turmeric Plant Leaf Disease Detection.zip#Image Dataset for Turmeric Plant Leaf Disease Detection/Original DataSet/Leaf_Spot/leaf_spot_(23).jpg,Image Dataset for Turmeric Plant Leaf Disease Detection,Leaf_Spot,Leaf Spot,disease,None,train,42,42612bf106a00f9779a51cde41bcd170a4aea16af52b7fb1bf27b214b7537005,4000,3000
TURM_04228,DATASET/Image Dataset for Turmeric Plant Leaf Disease Detection.zip#Image Dataset for Turmeric Plant Leaf Disease Detection/Original DataSet/Leaf_Spot/leaf_spot_(152).jpg,Image Dataset for Turmeric Plant Leaf Disease Detection,Leaf_Spot,Leaf Spot,disease,None,train,42,849c03b269aeba22ce9382887768394f62343c6b92021b5cd606dbd19da712a5,4000,3000
TURM_04321,DATASET/Image Dataset for Turmeric Plant Leaf Disease Detection.zip#Image Dataset for Turmeric Plant Leaf Disease Detection/Original DataSet/Leaf_Spot/leaf_spot_(62).jpg,Image Dataset for Turmeric Plant Leaf Disease Detection,Leaf_Spot,Leaf Spot,disease,None,train,42,30a518703b8fdec668fb316ff275f4b3c2be74c2609fe33ae2180231b8f58abf,4000,3000
TURM_04346,DATASET/Image Dataset for Turmeric Plant Leaf Disease Detection.zip#Image Dataset for Turmeric Plant Leaf Disease Detection/Original DataSet/Leaf_Spot/leaf_spot_(85).jpg,Image Dataset for Turmeric Plant Leaf Disease Detection,Leaf_Spot,Leaf Spot,disease,None,train,42,06f00bfed2b22e4f12c4e36711189c698b96d6ce475bcc9548a1cf1df76e2f9e,4000,3000
TURM_04320,DATASET/Image Dataset for Turmeric Plant Leaf Disease Detection.zip#Image Dataset for Turmeric Plant Leaf Disease Detection/Original DataSet/Leaf_Spot/leaf_spot_(61).jpg,Image Dataset for Turmeric Plant Leaf Disease Detection,Leaf_Spot,Leaf Spot,disease,None,train,42,5e8c53804a059aad2f0032416873635efab167c987534c48c3cf807813fb37a4,4000,3000
TURM_04251,DATASET/Image Dataset for Turmeric Plant Leaf Disease Detection.zip#Image Dataset for Turmeric Plant Leaf Disease Detection/Original DataSet/Leaf_Spot/leaf_spot_(173).jpg,Image Dataset for Turmeric Plant Leaf Disease Detection,Leaf_Spot,Leaf Spot,disease,None,train,42,b800e3d21762ec04913da0050360af9d3a0f12f967ca7275d348e46f5f5b5b11,4000,3000
TURM_04352,DATASET/Image Dataset for Turmeric Plant Leaf Disease Detection.zip#Image Dataset for Turmeric Plant Leaf Disease Detection/Original DataSet/Leaf_Spot/leaf_spot_(90).jpg,Image Dataset for Turmeric Plant Leaf Disease Detection,Leaf_Spot,Leaf Spot,disease,None,train,42,d6a81e88dfc06aaa3acc53f9d4981a257d241f99591adb91cbfc6cb3f266dcd7,4000,3000
TURM_04265,DATASET/Image Dataset for Turmeric Plant Leaf Disease Detection.zip#Image Dataset for Turmeric Plant Leaf Disease Detection/Original DataSet/Leaf_Spot/leaf_spot_(187).jpg,Image Dataset for Turmeric Plant Leaf Disease Detection,Leaf_Spot,Leaf Spot,disease,None,train,42,8a7b3226beeaf06d6d97f96482d5cd97a79da23a46e97fb3e6c761aca265d962,4000,3000
TURM_04254,DATASET/Image Dataset for Turmeric Plant Leaf Disease Detection.zip#Image Dataset for Turmeric Plant Leaf Disease Detection/Original DataSet/Leaf_Spot/leaf_spot_(175).jpg,Image Dataset for Turmeric Plant Leaf Disease Detection,Leaf_Spot,Leaf Spot,disease,None,train,42,5f99e6411e5197c965a07980b39693fd734867ba0655c6f3bdb4a735d538598e,4000,3000
